=======================================================================
        5-TIER BIBLIOMETRIC DATA ENRICHMENT AUDIT & EXECUTION LOG
=======================================================================
Execution Timestamp: 2026-09-22 14:51:49 → 2026-09-22 17:56:14 (Duration: 3 hours 4 minutes 24 seconds)

[OVERALL DATASET CONTEXT & METRICS]
• Total Records in Memory Dataset: 9,993
• Total Records Evaluated for Enrichment: 9,993
• Records with Valid DOIs (Tier 1-4 Candidates): 9,709
• Records without DOIs (Tier 5 Fuzzy Title Search Candidates): 284
• Fully Enriched Records (Found 100% of requested fields): 7,063 (70.7%)
• Partially Enriched Records (Gained new data): 2,832 (28.3%)
• Unresolved Records (Gained NO data): 98 (1.0%)

Target Fields Requested (6 fields): ['Author', 'Title', 'Abstract', 'Article References', 'Times Cited', 'Publication Year']

--------------------------------------------------------------------------------
1. MEMORY CLUSTER & FILE PROVENANCE CONTEXT
--------------------------------------------------------------------------------
• Total Records in Memory Dataset: 9993
• Total Records Evaluated for Enrichment: 9993
• Cluster Source Files Breakdown (1 files):
    - Asano-original-simplified.csv: 10000 records

--------------------------------------------------------------------------------
2. TIER-BY-TIER METRICS & FIELD-LEVEL LINE POPULATION BREAKDOWN
--------------------------------------------------------------------------------
• TIER 1: OpenAlex Batch API (Bulk DOI Filtering)
    - DOIs Queried: 9709
    - Records Resolved: 9690 (99.8%)
    - Total Field Values Populated: 62883 lines
    - Field Breakdown: {'OpenAlex ID': 9690, 'Title': 9690, 'Author': 9619, 'Abstract': 6082, 'Article References': 8422, 'Publication Year': 9690, 'Times Cited': 9690}

• TIER 2: Crossref REST API (DOI Metadata Fallback)
    - Records Passed: 3649
    - Records Resolved: 3604
    - Total Field Values Populated: 10487 lines
    - Field Breakdown: {'Title': 3604, 'Publication Year': 3376, 'Author': 3493, 'Abstract': 14}

• TIER 3: PubMed eUtils API (Biomedical MeSH/Abstract Fallback)
    - Records Passed: 3900 (with valid PMID)
    - Records Resolved: 1790
    - Total Field Values Populated: 1790 lines
    - Field Breakdown: {'Abstract': 1790}

• TIER 4: Semantic Scholar API (Abstract & AI TLDR Fallback)
    - Records Passed: 2540
    - Records Resolved: 1778
    - Total Field Values Populated: 2445 lines
    - Field Breakdown: {'Title': 1778, 'Abstract': 667}

• TIER 5: OpenAlex Fuzzy Title Search (Legacy / Non-DOI Local Papers)
    - Records Passed: 284 (searched by Title)
    - Records Resolved: 74
    - Total Field Values Populated: 448 lines
    - Field Breakdown: {'OpenAlex ID': 74, 'Title': 74, 'Author': 73, 'Abstract': 43, 'Publication Year': 74, 'Times Cited': 74, 'DOI': 19, 'Article References': 17}

--------------------------------------------------------------------------------
3. UNRESOLVED RECORDS & SPECIFIC MISSING COLUMNS AUDIT
--------------------------------------------------------------------------------
Total Records with Remaining Missing Fields: 2930 / 9993

• [Row 12] Source: Asano-original-simplified.csv
  Title: 'Artificial Intelligence and Nursing Practice' | DOI: '10.1097/RNJ.0000000000000454'
  Status: Enriched 6 field(s) during run.
  ❌ FAILED / STILL MISSING COLUMNS (1): ['Abstract']

• [Row 13] Source: Asano-original-simplified.csv
  Title: 'Artificial Intelligence and Publication Ethics' | DOI: '10.1177/10783903241245423'
  Status: Enriched 6 field(s) during run.
  ❌ FAILED / STILL MISSING COLUMNS (1): ['Abstract']

• [Row 21] Source: Asano-original-simplified.csv
  Title: 'Artificial Intelligence: The Medium and The Message' | DOI: '10.1177/08465371221114590'
  Status: Enriched 6 field(s) during run.
  ❌ FAILED / STILL MISSING COLUMNS (1): ['Abstract']

• [Row 26] Source: Asano-original-simplified.csv
  Title: 'Artificial intelligence in health care: nothing about m' | DOI: '10.5694/mja2.52282'
  Status: Enriched 6 field(s) during run.
  ❌ FAILED / STILL MISSING COLUMNS (1): ['Abstract']

• [Row 27] Source: Asano-original-simplified.csv
  Title: 'Editorial: Artificial intelligence (AI) ethics in busin' | DOI: '10.3389/fpsyg.2023.1258721'
  Status: Enriched 6 field(s) during run.
  ❌ FAILED / STILL MISSING COLUMNS (1): ['Article References']

• [Row 29] Source: Asano-original-simplified.csv
  Title: 'Artificial intelligence in healthcare: the duty to info' | DOI: 'No DOI'
  Status: Enriched 6 field(s) during run.
  ❌ FAILED / STILL MISSING COLUMNS (1): ['Article References']

• [Row 31] Source: Asano-original-simplified.csv
  Title: 'Artificial intelligence for forecasting live donor kidn' | DOI: '10.1007/s40620-024-02040-4'
  Status: Enriched 6 field(s) during run.
  ❌ FAILED / STILL MISSING COLUMNS (1): ['Abstract']

• [Row 32] Source: Asano-original-simplified.csv
  Title: 'Artificial intelligence will make neuroradiology even m' | DOI: '10.1007/s00234-024-03428-6'
  Status: Enriched 6 field(s) during run.
  ❌ FAILED / STILL MISSING COLUMNS (1): ['Abstract']

• [Row 36] Source: Asano-original-simplified.csv
  Title: 'The Value of Artificial Intelligence for Healthcare Dec' | DOI: '10.1016/j.jval.2021.12.009'
  Status: Enriched 6 field(s) during run.
  ❌ FAILED / STILL MISSING COLUMNS (1): ['Abstract']

• [Row 41] Source: Asano-original-simplified.csv
  Title: 'The Future of Artificial Intelligence in Healthcare' | DOI: '10.33314/jnhrc.v22i03.5500'
  Status: Enriched 6 field(s) during run.
  ❌ FAILED / STILL MISSING COLUMNS (1): ['Article References']

• [Row 42] Source: Asano-original-simplified.csv
  Title: 'Artificial Intelligence Needs Clinical Intelligence to ' | DOI: '10.1016/j.jchf.2020.06.002'
  Status: Enriched 6 field(s) during run.
  ❌ FAILED / STILL MISSING COLUMNS (1): ['Abstract']

• [Row 43] Source: Asano-original-simplified.csv
  Title: 'Artificial intelligence for predicting pulmonary emboli' | DOI: '10.1016/j.thromres.2023.12.002'
  Status: Enriched 6 field(s) during run.
  ❌ FAILED / STILL MISSING COLUMNS (1): ['Abstract']

• [Row 46] Source: Asano-original-simplified.csv
  Title: 'Leveraging Artificial Intelligence to Revolutionize Ova' | DOI: '10.1016/j.acra.2024.04.032'
  Status: Enriched 6 field(s) during run.
  ❌ FAILED / STILL MISSING COLUMNS (1): ['Abstract']

• [Row 48] Source: Asano-original-simplified.csv
  Title: 'Artificial intelligence for high-risk plaque detection ' | DOI: '10.1016/j.atherosclerosis.2023.01.006'
  Status: Enriched 6 field(s) during run.
  ❌ FAILED / STILL MISSING COLUMNS (1): ['Abstract']

• [Row 50] Source: Asano-original-simplified.csv
  Title: 'Artificial Intelligence and Machine Learning in Cardiol' | DOI: '10.1016/j.jcin.2019.03.026'
  Status: Enriched 6 field(s) during run.
  ❌ FAILED / STILL MISSING COLUMNS (1): ['Abstract']

• [Row 52] Source: Asano-original-simplified.csv
  Title: 'Artificial Intelligence Applications in Decision-Making' | DOI: '10.18295/2075-0528.2855'
  Status: Enriched 6 field(s) during run.
  ❌ FAILED / STILL MISSING COLUMNS (1): ['Article References']

• [Row 55] Source: Asano-original-simplified.csv
  Title: 'Basic Artificial Intelligence Techniques: Evaluation of' | DOI: '10.1016/j.rcl.2021.06.005'
  Status: Enriched 6 field(s) during run.
  ❌ FAILED / STILL MISSING COLUMNS (1): ['Abstract']

• [Row 61] Source: Asano-original-simplified.csv
  Title: '[Artificial Intelligence and Brain Science: the Present' | DOI: '10.11477/mf.1416201337'
  Status: Enriched 6 field(s) during run.
  ❌ FAILED / STILL MISSING COLUMNS (1): ['Article References']

• [Row 62] Source: Asano-original-simplified.csv
  Title: 'Artificial intelligence in stress echocardiography' | DOI: '10.1016/j.asjsur.2023.10.035'
  Status: Enriched 6 field(s) during run.
  ❌ FAILED / STILL MISSING COLUMNS (1): ['Abstract']

• [Row 65] Source: Asano-original-simplified.csv
  Title: 'Artificial Intelligence: Challenges for Education and R' | DOI: '10.1177/08943184231172610'
  Status: Enriched 5 field(s) during run.
  ❌ FAILED / STILL MISSING COLUMNS (2): ['Abstract', 'Article References']

• [Row 68] Source: Asano-original-simplified.csv
  Title: 'Artificial intelligence in reproductive medicine: a fle' | DOI: '10.1016/j.fertnstert.2020.10.002'
  Status: Enriched 6 field(s) during run.
  ❌ FAILED / STILL MISSING COLUMNS (1): ['Article References']

• [Row 69] Source: Asano-original-simplified.csv
  Title: '[Application of Artificial Intelligence in Surgical Rob' | DOI: '10.12455/j.issn.1671-7104.240456'
  Status: Enriched 6 field(s) during run.
  ❌ FAILED / STILL MISSING COLUMNS (1): ['Article References']

• [Row 73] Source: Asano-original-simplified.csv
  Title: '[Artificial intelligence in medicine: history, current ' | DOI: '10.33029/1027-6661-2025-31-2-47-56'
  Status: Enriched 6 field(s) during run.
  ❌ FAILED / STILL MISSING COLUMNS (1): ['Article References']

• [Row 76] Source: Asano-original-simplified.csv
  Title: '[Artificial intelligence stomatology]' | DOI: '10.3760/cma.j.cn112144-20201110-00565'
  Status: Enriched 6 field(s) during run.
  ❌ FAILED / STILL MISSING COLUMNS (1): ['Article References']

• [Row 77] Source: Asano-original-simplified.csv
  Title: 'Artificial Intelligence and Machine Learning in Surgery' | DOI: '10.1177/00031348221117024'
  Status: Enriched 6 field(s) during run.
  ❌ FAILED / STILL MISSING COLUMNS (1): ['Article References']

• [Row 82] Source: Asano-original-simplified.csv
  Title: 'Anticipating artificial intelligence' | DOI: '10.1038/532413a'
  Status: Enriched 4 field(s) during run.
  ❌ FAILED / STILL MISSING COLUMNS (3): ['Author', 'Abstract', 'Article References']

• [Row 94] Source: Asano-original-simplified.csv
  Title: 'Artificial intelligence in healthcare: Is it beneficial' | DOI: '10.1016/j.jvn.2019.09.001'
  Status: Enriched 6 field(s) during run.
  ❌ FAILED / STILL MISSING COLUMNS (1): ['Author']

• [Row 100] Source: Asano-original-simplified.csv
  Title: 'Generative artificial intelligence tools in scientific ' | DOI: '10.1016/j.hjc.2024.05.014'
  Status: Enriched 6 field(s) during run.
  ❌ FAILED / STILL MISSING COLUMNS (1): ['Abstract']

• [Row 101] Source: Asano-original-simplified.csv
  Title: 'Artificial intelligence for COVID-19: saviour or sabote' | DOI: '10.1016/S2589-7500(20)30295-8'
  Status: Enriched 6 field(s) during run.
  ❌ FAILED / STILL MISSING COLUMNS (1): ['Article References']

• [Row 105] Source: Asano-original-simplified.csv
  Title: 'Artificial Intelligence and Machine Learning in Cardiol' | DOI: '10.1161/CIRCULATIONAHA.123.065469'
  Status: Enriched 6 field(s) during run.
  ❌ FAILED / STILL MISSING COLUMNS (1): ['Abstract']

• [Row 106] Source: Asano-original-simplified.csv
  Title: 'Artificial Intelligence and Ethical Frameworks in Pedia' | DOI: '10.1001/jamapediatrics.2024.0510'
  Status: Enriched 6 field(s) during run.
  ❌ FAILED / STILL MISSING COLUMNS (1): ['Abstract']

• [Row 108] Source: Asano-original-simplified.csv
  Title: 'The Promising Role of Artificial Intelligence in Nail D' | DOI: '10.4274/balkanmedj.galenos.2024.2024-010424'
  Status: Enriched 6 field(s) during run.
  ❌ FAILED / STILL MISSING COLUMNS (1): ['Abstract']

• [Row 111] Source: Asano-original-simplified.csv
  Title: 'Radiological education in the era of artificial intelli' | DOI: '10.1097/MD.0000000000038552'
  Status: Enriched 6 field(s) during run.
  ❌ FAILED / STILL MISSING COLUMNS (1): ['Author']

• [Row 112] Source: Asano-original-simplified.csv
  Title: 'The Emergence of Artificial Intelligence in Cardiology:' | DOI: '10.2174/1573403X17666211119102220'
  Status: Enriched 6 field(s) during run.
  ❌ FAILED / STILL MISSING COLUMNS (1): ['Article References']

• [Row 120] Source: Asano-original-simplified.csv
  Title: 'Correspondence: Generative artificial intelligence in h' | DOI: '10.1016/j.ijmedinf.2024.105498'
  Status: Enriched 6 field(s) during run.
  ❌ FAILED / STILL MISSING COLUMNS (1): ['Abstract']

• [Row 121] Source: Asano-original-simplified.csv
  Title: 'What every dentist needs to know about the use of artif' | DOI: 'No DOI'
  Status: Enriched 6 field(s) during run.
  ❌ FAILED / STILL MISSING COLUMNS (1): ['Article References']

• [Row 122] Source: Asano-original-simplified.csv
  Title: 'Artificial Intelligence Chatbots and Their Influence on' | DOI: '10.1001/jamapediatrics.2024.0314'
  Status: Enriched 6 field(s) during run.
  ❌ FAILED / STILL MISSING COLUMNS (1): ['Article References']

• [Row 127] Source: Asano-original-simplified.csv
  Title: 'Artificial Intelligence (AI) Psychotherapy: Coming Soon' | DOI: '10.1176/appi.psychotherapy.20230018'
  Status: Enriched 6 field(s) during run.
  ❌ FAILED / STILL MISSING COLUMNS (1): ['Abstract']

• [Row 130] Source: Asano-original-simplified.csv
  Title: '[Artificial Intelligence, the new scalpel of medicine. ' | DOI: 'No DOI'
  Status: Enriched 1 field(s) during run.
  ❌ FAILED / STILL MISSING COLUMNS (4): ['Author', 'Article References', 'Times Cited', 'Publication Year']

• [Row 131] Source: Asano-original-simplified.csv
  Title: 'Big Data and artificial intelligence: Will they change ' | DOI: '10.1016/j.jbspin.2019.09.001'
  Status: Enriched 6 field(s) during run.
  ❌ FAILED / STILL MISSING COLUMNS (1): ['Abstract']

• [Row 136] Source: Asano-original-simplified.csv
  Title: 'New kid on the block: Artificial intelligence just move' | DOI: '10.3233/PRM-230039'
  Status: Enriched 6 field(s) during run.
  ❌ FAILED / STILL MISSING COLUMNS (1): ['Article References']

• [Row 137] Source: Asano-original-simplified.csv
  Title: 'Artificial Intelligence and the Research and Reporting ' | DOI: '10.58929/jhd.2024.072.02.168'
  Status: Enriched 6 field(s) during run.
  ❌ FAILED / STILL MISSING COLUMNS (1): ['Article References']

• [Row 141] Source: Asano-original-simplified.csv
  Title: 'Artificial Intelligence - Futuristic Pediatric Healthca' | DOI: 'No DOI'
  Status: Enriched 5 field(s) during run.
  ❌ FAILED / STILL MISSING COLUMNS (2): ['Abstract', 'Article References']

• [Row 142] Source: Asano-original-simplified.csv
  Title: 'Artificial Intelligence in Radiology Education: A Longi' | DOI: '10.1016/j.acra.2021.08.022'
  Status: Enriched 6 field(s) during run.
  ❌ FAILED / STILL MISSING COLUMNS (1): ['Abstract']

• [Row 145] Source: Asano-original-simplified.csv
  Title: 'Artificial Intelligence Pipeline for Risk Prediction in' | DOI: '10.1161/CIRCIMAGING.120.010427'
  Status: Enriched 6 field(s) during run.
  ❌ FAILED / STILL MISSING COLUMNS (1): ['Abstract']

• [Row 146] Source: Asano-original-simplified.csv
  Title: 'Artificial Intelligence: Basics, Impact, and How Nurses' | DOI: '10.1188/23.CJON.595-601'
  Status: Enriched 6 field(s) during run.
  ❌ FAILED / STILL MISSING COLUMNS (1): ['Article References']

• [Row 147] Source: Asano-original-simplified.csv
  Title: 'Strap In for the Artificial Intelligence Revolution in ' | DOI: '10.1016/j.jcin.2019.05.039'
  Status: Enriched 6 field(s) during run.
  ❌ FAILED / STILL MISSING COLUMNS (1): ['Abstract']

• [Row 153] Source: Asano-original-simplified.csv
  Title: 'The Future of Urology: From Carbon Footprint to Artific' | DOI: '10.1097/JU.0000000000004061'
  Status: Enriched 6 field(s) during run.
  ❌ FAILED / STILL MISSING COLUMNS (1): ['Abstract']

• [Row 156] Source: Asano-original-simplified.csv
  Title: 'Applying Artificial Intelligence to Perioperative Nursi' | DOI: '10.1002/aorn.14156'
  Status: Enriched 6 field(s) during run.
  ❌ FAILED / STILL MISSING COLUMNS (1): ['Abstract']

• [Row 158] Source: Asano-original-simplified.csv
  Title: 'Artificial intelligence, the challenge of maintaining a' | DOI: '10.1016/j.jelectrocard.2024.07.001'
  Status: Enriched 6 field(s) during run.
  ❌ FAILED / STILL MISSING COLUMNS (1): ['Abstract']

• [Row 159] Source: Asano-original-simplified.csv
  Title: 'Artificial intelligence in medicine: The rise of machin' | DOI: '10.1111/1742-6723.14459'
  Status: Enriched 6 field(s) during run.
  ❌ FAILED / STILL MISSING COLUMNS (1): ['Abstract']

• [Row 161] Source: Asano-original-simplified.csv
  Title: 'Artificial intelligence in anesthesia: an uphill but in' | DOI: '10.1007/s12630-023-02565-5'
  Status: Enriched 6 field(s) during run.
  ❌ FAILED / STILL MISSING COLUMNS (1): ['Abstract']

• [Row 162] Source: Asano-original-simplified.csv
  Title: '[Artificial intelligence and the nursing profession]' | DOI: '10.1016/j.revinf.2019.04.011'
  Status: Enriched 6 field(s) during run.
  ❌ FAILED / STILL MISSING COLUMNS (1): ['Article References']

• [Row 173] Source: Asano-original-simplified.csv
  Title: 'Leveraging teleradiology with artificial intelligence' | DOI: '10.2471/BLT.25.020225'
  Status: Enriched 6 field(s) during run.
  ❌ FAILED / STILL MISSING COLUMNS (1): ['Article References']

• [Row 174] Source: Asano-original-simplified.csv
  Title: 'Establishing robust governance of clinical artificial i' | DOI: '10.1016/j.clinimag.2024.110163'
  Status: Enriched 6 field(s) during run.
  ❌ FAILED / STILL MISSING COLUMNS (1): ['Abstract']

• [Row 176] Source: Asano-original-simplified.csv
  Title: '[Ethical Issues in Artificial Intelligence and Neurosci' | DOI: '10.11477/mf.1416201343'
  Status: Enriched 6 field(s) during run.
  ❌ FAILED / STILL MISSING COLUMNS (1): ['Article References']

• [Row 177] Source: Asano-original-simplified.csv
  Title: 'The future of artificial intelligence-based remote moni' | DOI: '10.2217/fca-2021-0073'
  Status: Enriched 6 field(s) during run.
  ❌ FAILED / STILL MISSING COLUMNS (1): ['Abstract']

• [Row 181] Source: Asano-original-simplified.csv
  Title: 'Artificial intelligence: a new frontier for anaesthesio' | DOI: '10.1016/j.bja.2020.06.049'
  Status: Enriched 6 field(s) during run.
  ❌ FAILED / STILL MISSING COLUMNS (1): ['Abstract']

• [Row 186] Source: Asano-original-simplified.csv
  Title: 'Artificial intelligence in medical education: Potential' | DOI: '10.31128/AJGP-02-25-7559'
  Status: Enriched 6 field(s) during run.
  ❌ FAILED / STILL MISSING COLUMNS (1): ['Article References']

• [Row 192] Source: Asano-original-simplified.csv
  Title: 'Artificial intelligence in anesthesiology: What are the' | DOI: '10.1016/j.jclinane.2021.110219'
  Status: Enriched 6 field(s) during run.
  ❌ FAILED / STILL MISSING COLUMNS (1): ['Abstract']

• [Row 197] Source: Asano-original-simplified.csv
  Title: 'Artificial Intelligence for Oncology Nursing Authors: P' | DOI: '10.1188/23.ONF.276-277'
  Status: Enriched 6 field(s) during run.
  ❌ FAILED / STILL MISSING COLUMNS (1): ['Article References']

• [Row 198] Source: Asano-original-simplified.csv
  Title: 'Is Artificial Intelligence the Key to Reclaiming Relati' | DOI: 'No DOI'
  Status: Enriched 0 field(s) during run.
  ❌ FAILED / STILL MISSING COLUMNS (5): ['Author', 'Abstract', 'Article References', 'Times Cited', 'Publication Year']

• [Row 200] Source: Asano-original-simplified.csv
  Title: 'Will artificial intelligence change the job of the card' | DOI: '10.1016/j.acvd.2019.11.002'
  Status: Enriched 6 field(s) during run.
  ❌ FAILED / STILL MISSING COLUMNS (1): ['Abstract']

• [Row 202] Source: Asano-original-simplified.csv
  Title: 'The new reality of artificial intelligence in health ca' | DOI: '10.1016/j.jvsv.2025.102360'
  Status: Enriched 4 field(s) during run.
  ❌ FAILED / STILL MISSING COLUMNS (2): ['Article References', 'Times Cited']

• [Row 203] Source: Asano-original-simplified.csv
  Title: 'Applying Artificial Intelligence to ECG Analysis: Promi' | DOI: '10.1161/CIRCEP.120.009111'
  Status: Enriched 6 field(s) during run.
  ❌ FAILED / STILL MISSING COLUMNS (1): ['Abstract']

• [Row 204] Source: Asano-original-simplified.csv
  Title: 'Future applications of artificial intelligence in prima' | DOI: '10.1136/bmj.q1215'
  Status: Enriched 6 field(s) during run.
  ❌ FAILED / STILL MISSING COLUMNS (1): ['Abstract']

• [Row 206] Source: Asano-original-simplified.csv
  Title: 'Artificial Intelligence: Potential for the Future' | DOI: '10.1097/NCM.0000000000000790'
  Status: Enriched 6 field(s) during run.
  ❌ FAILED / STILL MISSING COLUMNS (1): ['Article References']

• [Row 209] Source: Asano-original-simplified.csv
  Title: 'Can artificial intelligence help for scientific illustr' | DOI: '10.1186/s13054-024-04970-8'
  Status: Enriched 6 field(s) during run.
  ❌ FAILED / STILL MISSING COLUMNS (1): ['Abstract']

• [Row 213] Source: Asano-original-simplified.csv
  Title: 'Role of artificial intelligence in neuromuscular and el' | DOI: '10.1002/mus.28074'
  Status: Enriched 6 field(s) during run.
  ❌ FAILED / STILL MISSING COLUMNS (1): ['Abstract']

• [Row 216] Source: Asano-original-simplified.csv
  Title: 'Ethics of artificial intelligence in supportive care in' | DOI: '10.5694/mja2.52297'
  Status: Enriched 6 field(s) during run.
  ❌ FAILED / STILL MISSING COLUMNS (1): ['Abstract']

• [Row 217] Source: Asano-original-simplified.csv
  Title: 'Artificial intelligence and anaesthesia examinations: e' | DOI: '10.1016/j.bja.2023.04.033'
  Status: Enriched 6 field(s) during run.
  ❌ FAILED / STILL MISSING COLUMNS (1): ['Abstract']

• [Row 221] Source: Asano-original-simplified.csv
  Title: 'Artificial intelligence, clinical science, and clinical' | DOI: '10.1177/09246479251381514'
  Status: Enriched 6 field(s) during run.
  ❌ FAILED / STILL MISSING COLUMNS (1): ['Abstract']

• [Row 222] Source: Asano-original-simplified.csv
  Title: 'Artificial Intelligence: Who Pays and How?' | DOI: '10.1016/j.jacr.2018.05.036'
  Status: Enriched 6 field(s) during run.
  ❌ FAILED / STILL MISSING COLUMNS (1): ['Abstract']

• [Row 226] Source: Asano-original-simplified.csv
  Title: 'Implementation and Equity Are the Keys for the Future o' | DOI: '10.1016/j.annemergmed.2024.04.001'
  Status: Enriched 6 field(s) during run.
  ❌ FAILED / STILL MISSING COLUMNS (1): ['Abstract']

• [Row 230] Source: Asano-original-simplified.csv
  Title: '[Application of digital orthopaedic technology with art' | DOI: '10.12200/j.issn.1003-0034.20240807'
  Status: Enriched 5 field(s) during run.
  ❌ FAILED / STILL MISSING COLUMNS (2): ['Abstract', 'Article References']

• [Row 231] Source: Asano-original-simplified.csv
  Title: '[Artificial intelligence and medicine: the revolution h' | DOI: 'No DOI'
  Status: Enriched 5 field(s) during run.
  ❌ FAILED / STILL MISSING COLUMNS (2): ['Abstract', 'Article References']

• [Row 233] Source: Asano-original-simplified.csv
  Title: 'New NIH Program for Artificial Intelligence in Research' | DOI: '10.1001/jama.2022.15483'
  Status: Enriched 5 field(s) during run.
  ❌ FAILED / STILL MISSING COLUMNS (2): ['Abstract', 'Article References']

• [Row 246] Source: Asano-original-simplified.csv
  Title: 'Transforming Aesthetic Medicine With Generative Artific' | DOI: '10.1111/jocd.70015'
  Status: Enriched 6 field(s) during run.
  ❌ FAILED / STILL MISSING COLUMNS (1): ['Abstract']

• [Row 247] Source: Asano-original-simplified.csv
  Title: 'Enhancing healthcare with ethical considerations in art' | DOI: '10.1038/s41440-024-01713-8'
  Status: Enriched 6 field(s) during run.
  ❌ FAILED / STILL MISSING COLUMNS (1): ['Abstract']

• [Row 248] Source: Asano-original-simplified.csv
  Title: 'The future of AI in critical care is augmented, not art' | DOI: '10.1186/s13054-020-03404-5'
  Status: Enriched 6 field(s) during run.
  ❌ FAILED / STILL MISSING COLUMNS (1): ['Abstract']

• [Row 249] Source: Asano-original-simplified.csv
  Title: 'Artificial intelligence laws in the US states are feeli' | DOI: '10.1038/d41586-024-02988-0'
  Status: Enriched 5 field(s) during run.
  ❌ FAILED / STILL MISSING COLUMNS (2): ['Abstract', 'Article References']

• [Row 251] Source: Asano-original-simplified.csv
  Title: 'How Are Canadians Regulating Artificial Intelligence fo' | DOI: '10.12927/hcpap.2025.27571'
  Status: Enriched 6 field(s) during run.
  ❌ FAILED / STILL MISSING COLUMNS (1): ['Article References']

• [Row 252] Source: Asano-original-simplified.csv
  Title: 'In reply: Artificial intelligence in anesthesia: an uph' | DOI: '10.1007/s12630-023-02566-4'
  Status: Enriched 6 field(s) during run.
  ❌ FAILED / STILL MISSING COLUMNS (1): ['Abstract']

• [Row 253] Source: Asano-original-simplified.csv
  Title: 'A more human approach to artificial intelligence' | DOI: '10.1038/d41586-019-02213-3'
  Status: Enriched 6 field(s) during run.
  ❌ FAILED / STILL MISSING COLUMNS (1): ['Article References']

• [Row 256] Source: Asano-original-simplified.csv
  Title: 'Comment on "Artificial Intelligence in Bariatric Surger' | DOI: '10.1007/s11695-023-06933-4'
  Status: Enriched 6 field(s) during run.
  ❌ FAILED / STILL MISSING COLUMNS (1): ['Abstract']

• [Row 259] Source: Asano-original-simplified.csv
  Title: 'Disinformation and trust in vaccines in the era of arti' | DOI: '10.2217/fmb-2024-0004'
  Status: Enriched 6 field(s) during run.
  ❌ FAILED / STILL MISSING COLUMNS (1): ['Abstract']

• [Row 262] Source: Asano-original-simplified.csv
  Title: 'Ethics, Artificial Intelligence, and Radiology' | DOI: '10.1016/j.jacr.2018.05.020'
  Status: Enriched 6 field(s) during run.
  ❌ FAILED / STILL MISSING COLUMNS (1): ['Abstract']

• [Row 264] Source: Asano-original-simplified.csv
  Title: 'Artificial intelligence versus the art of anesthesia: a' | DOI: '10.1007/s12630-023-02473-8'
  Status: Enriched 6 field(s) during run.
  ❌ FAILED / STILL MISSING COLUMNS (1): ['Abstract']

• [Row 265] Source: Asano-original-simplified.csv
  Title: 'Agentic artificial intelligence in medicine and biomedi' | DOI: '10.1016/j.jdin.2026.06.001'
  Status: Enriched 6 field(s) during run.
  ❌ FAILED / STILL MISSING COLUMNS (1): ['Abstract']

• [Row 267] Source: Asano-original-simplified.csv
  Title: 'The future of psychodermatology: integrating artificial' | DOI: '10.1007/s00403-024-03409-y'
  Status: Enriched 6 field(s) during run.
  ❌ FAILED / STILL MISSING COLUMNS (1): ['Abstract']

• [Row 270] Source: Asano-original-simplified.csv
  Title: 'Artificial intelligence. Fears of an AI pioneer' | DOI: '10.1126/science.349.6245.252'
  Status: Enriched 6 field(s) during run.
  ❌ FAILED / STILL MISSING COLUMNS (1): ['Article References']

• [Row 271] Source: Asano-original-simplified.csv
  Title: 'Advocating for Safe, Quality and Just Care: What Nursin' | DOI: '10.12927/cjnl.2019.25963'
  Status: Enriched 6 field(s) during run.
  ❌ FAILED / STILL MISSING COLUMNS (1): ['Article References']

• [Row 275] Source: Asano-original-simplified.csv
  Title: 'The Ontological and Ethical Limits of Artificial Intell' | DOI: '10.1111/nin.70090'
  Status: Enriched 6 field(s) during run.
  ❌ FAILED / STILL MISSING COLUMNS (1): ['Article References']

• [Row 276] Source: Asano-original-simplified.csv
  Title: 'Contextualising legal and ethical conundrums of artific' | DOI: '10.1016/S1470-2045(24)00390-5'
  Status: Enriched 6 field(s) during run.
  ❌ FAILED / STILL MISSING COLUMNS (1): ['Abstract']

• [Row 278] Source: Asano-original-simplified.csv
  Title: 'Artificial intelligence and up-to-date technology in th' | DOI: '10.4103/0028-3886.263253'
  Status: Enriched 6 field(s) during run.
  ❌ FAILED / STILL MISSING COLUMNS (1): ['Article References']

• [Row 279] Source: Asano-original-simplified.csv
  Title: 'Reliable answers to patients' questions: A fundamental ' | DOI: '10.1016/j.nuclcard.2025.102227'
  Status: Enriched 6 field(s) during run.
  ❌ FAILED / STILL MISSING COLUMNS (1): ['Abstract']

• [Row 282] Source: Asano-original-simplified.csv
  Title: 'Artificial Intelligence as a Research Extender, Not a S' | DOI: '10.1188/26.ONF.e26535308'
  Status: Enriched 6 field(s) during run.
  ❌ FAILED / STILL MISSING COLUMNS (1): ['Article References']

• [Row 285] Source: Asano-original-simplified.csv
  Title: '[[Clinical reasoning and artificial intelligence]' | DOI: '10.31053/1853.0605.v80.n4.42544'
  Status: Enriched 6 field(s) during run.
  ❌ FAILED / STILL MISSING COLUMNS (1): ['Article References']

• [Row 286] Source: Asano-original-simplified.csv
  Title: 'Editorial: Advances in artificial intelligence for earl' | DOI: '10.3389/frai.2026.1911226'
  Status: Enriched 6 field(s) during run.
  ❌ FAILED / STILL MISSING COLUMNS (1): ['Article References']

• [Row 287] Source: Asano-original-simplified.csv
  Title: 'A Case for Caution: Patient Use of Artificial Intellige' | DOI: '10.1188/24.CJON.252-256'
  Status: Enriched 6 field(s) during run.
  ❌ FAILED / STILL MISSING COLUMNS (1): ['Article References']

• [Row 290] Source: Asano-original-simplified.csv
  Title: 'AI-Generated Clinical Summaries' | DOI: '10.1001/jama.2024.7277'
  Status: Enriched 6 field(s) during run.
  ❌ FAILED / STILL MISSING COLUMNS (1): ['Abstract']

• [Row 291] Source: Asano-original-simplified.csv
  Title: 'AI-Generated Clinical Summaries-Reply' | DOI: '10.1001/jama.2024.7280'
  Status: Enriched 6 field(s) during run.
  ❌ FAILED / STILL MISSING COLUMNS (1): ['Abstract']

• [Row 294] Source: Asano-original-simplified.csv
  Title: 'Obligations of healthcare providers when using artifici' | DOI: 'No DOI'
  Status: Enriched 6 field(s) during run.
  ❌ FAILED / STILL MISSING COLUMNS (1): ['Article References']

• [Row 298] Source: Asano-original-simplified.csv
  Title: 'Artificial Intelligence: The Use and Application by Bra' | DOI: '10.3233/SHTI260262'
  Status: Enriched 6 field(s) during run.
  ❌ FAILED / STILL MISSING COLUMNS (1): ['Article References']

• [Row 300] Source: Asano-original-simplified.csv
  Title: 'Power to the people' | DOI: '10.1016/S2589-7500(21)00147-3'
  Status: Enriched 6 field(s) during run.
  ❌ FAILED / STILL MISSING COLUMNS (1): ['Article References']

• [Row 301] Source: Asano-original-simplified.csv
  Title: 'The Semantic Clinical Artificial Intelligence (SCAI) Ch' | DOI: '10.3233/SHTI250229'
  Status: Enriched 6 field(s) during run.
  ❌ FAILED / STILL MISSING COLUMNS (1): ['Article References']

• [Row 302] Source: Asano-original-simplified.csv
  Title: 'Beyond peer review: rethinking scientific publishing wi' | DOI: '10.1007/s00134-024-07559-5'
  Status: Enriched 6 field(s) during run.
  ❌ FAILED / STILL MISSING COLUMNS (1): ['Abstract']

• [Row 304] Source: Asano-original-simplified.csv
  Title: 'A Decade of Venture Investment in Artificial Intelligen' | DOI: '10.1016/j.jid.2024.02.024'
  Status: Enriched 6 field(s) during run.
  ❌ FAILED / STILL MISSING COLUMNS (1): ['Abstract']

• [Row 305] Source: Asano-original-simplified.csv
  Title: '[Artificial Intelligence, the new scalpel of medicine. ' | DOI: 'No DOI'
  Status: Enriched 1 field(s) during run.
  ❌ FAILED / STILL MISSING COLUMNS (4): ['Author', 'Article References', 'Times Cited', 'Publication Year']

• [Row 309] Source: Asano-original-simplified.csv
  Title: 'Exploring the Potential of Artificial Intelligence Lang' | DOI: '10.1159/000535345'
  Status: Enriched 6 field(s) during run.
  ❌ FAILED / STILL MISSING COLUMNS (1): ['Article References']

• [Row 313] Source: Asano-original-simplified.csv
  Title: 'Impact of direct use of artificial intelligence algorit' | DOI: '10.1016/j.annder.2024.103245'
  Status: Enriched 6 field(s) during run.
  ❌ FAILED / STILL MISSING COLUMNS (1): ['Abstract']

• [Row 316] Source: Asano-original-simplified.csv
  Title: 'When human intelligence meets artificial intelligence' | DOI: '10.1002/pchj.216'
  Status: Enriched 6 field(s) during run.
  ❌ FAILED / STILL MISSING COLUMNS (1): ['Abstract']

• [Row 317] Source: Asano-original-simplified.csv
  Title: 'Gaining Trust: Lessons and Opportunities for Artificial' | DOI: '10.7812/TPP/24.064'
  Status: Enriched 6 field(s) during run.
  ❌ FAILED / STILL MISSING COLUMNS (1): ['Abstract']

• [Row 319] Source: Asano-original-simplified.csv
  Title: 'Silicon smarts' | DOI: '10.1038/521394b'
  Status: Enriched 4 field(s) during run.
  ❌ FAILED / STILL MISSING COLUMNS (3): ['Author', 'Abstract', 'Article References']

• [Row 321] Source: Asano-original-simplified.csv
  Title: 'Artificial Intelligence Use in Healthcare Growing Fast' | DOI: 'No DOI'
  Status: Enriched 4 field(s) during run.
  ❌ FAILED / STILL MISSING COLUMNS (3): ['Author', 'Abstract', 'Article References']

• [Row 328] Source: Asano-original-simplified.csv
  Title: 'Endoscopy Training in the Age of Artificial Intelligenc' | DOI: '10.1016/j.cgh.2022.08.013'
  Status: Enriched 6 field(s) during run.
  ❌ FAILED / STILL MISSING COLUMNS (1): ['Abstract']

• [Row 329] Source: Asano-original-simplified.csv
  Title: 'Trainee Focus debate: Artificial intelligence will have' | DOI: '10.1111/1742-6723.14460'
  Status: Enriched 6 field(s) during run.
  ❌ FAILED / STILL MISSING COLUMNS (1): ['Abstract']

• [Row 331] Source: Asano-original-simplified.csv
  Title: 'Look to Africa to advance artificial intelligence' | DOI: '10.1038/d41586-018-07104-7'
  Status: Enriched 6 field(s) during run.
  ❌ FAILED / STILL MISSING COLUMNS (1): ['Article References']

• [Row 333] Source: Asano-original-simplified.csv
  Title: 'Artificial Intelligence Readiness Among Oncology Nurses' | DOI: '10.1188/26.CJON.314-320'
  Status: Enriched 6 field(s) during run.
  ❌ FAILED / STILL MISSING COLUMNS (1): ['Article References']

• [Row 334] Source: Asano-original-simplified.csv
  Title: 'Artificial Intelligence in Oncology Nursing: Preparing ' | DOI: '10.1188/26.CJON.22-26'
  Status: Enriched 6 field(s) during run.
  ❌ FAILED / STILL MISSING COLUMNS (1): ['Article References']

• [Row 336] Source: Asano-original-simplified.csv
  Title: 'Artificial intelligence. Rise of the Machines' | DOI: '10.1126/science.349.6245.248'
  Status: Enriched 6 field(s) during run.
  ❌ FAILED / STILL MISSING COLUMNS (1): ['Article References']

• [Row 337] Source: Asano-original-simplified.csv
  Title: 'Managing expectations of artificial intelligence' | DOI: '10.1038/d41586-018-07504-9'
  Status: Enriched 6 field(s) during run.
  ❌ FAILED / STILL MISSING COLUMNS (1): ['Article References']

• [Row 341] Source: Asano-original-simplified.csv
  Title: 'Early diagnosis of children with autism using artificia' | DOI: '10.1007/s40368-024-00889-4'
  Status: Enriched 6 field(s) during run.
  ❌ FAILED / STILL MISSING COLUMNS (1): ['Abstract']

• [Row 343] Source: Asano-original-simplified.csv
  Title: 'Engaging industry effectively and ethically in artifici' | DOI: '10.1016/j.jaad.2024.03.036'
  Status: Enriched 6 field(s) during run.
  ❌ FAILED / STILL MISSING COLUMNS (1): ['Abstract']

• [Row 344] Source: Asano-original-simplified.csv
  Title: 'Generative artificial intelligence in publishing - Refl' | DOI: '10.1016/j.biopsycho.2023.108595'
  Status: Enriched 6 field(s) during run.
  ❌ FAILED / STILL MISSING COLUMNS (1): ['Abstract']

• [Row 348] Source: Asano-original-simplified.csv
  Title: 'Artificial intelligence: AI zooms in on highly influent' | DOI: '10.1038/547032a'
  Status: Enriched 6 field(s) during run.
  ❌ FAILED / STILL MISSING COLUMNS (1): ['Abstract']

• [Row 350] Source: Asano-original-simplified.csv
  Title: 'Elements for an Ontology of Care in the Field of Artifi' | DOI: 'No DOI'
  Status: Enriched 6 field(s) during run.
  ❌ FAILED / STILL MISSING COLUMNS (1): ['Article References']

• [Row 351] Source: Asano-original-simplified.csv
  Title: 'Evaluating automated or artificial intelligence search ' | DOI: '10.5195/jmla.2026.2341'
  Status: Enriched 6 field(s) during run.
  ❌ FAILED / STILL MISSING COLUMNS (1): ['Article References']

• [Row 352] Source: Asano-original-simplified.csv
  Title: 'Let's talk about sex robots' | DOI: '10.1038/547138a'
  Status: Enriched 4 field(s) during run.
  ❌ FAILED / STILL MISSING COLUMNS (3): ['Author', 'Abstract', 'Article References']

• [Row 354] Source: Asano-original-simplified.csv
  Title: 'Artificial intelligence platform for oncology could ass' | DOI: '10.1002/cncr.30655'
  Status: Enriched 6 field(s) during run.
  ❌ FAILED / STILL MISSING COLUMNS (1): ['Article References']

• [Row 355] Source: Asano-original-simplified.csv
  Title: '[APPLICATIONS OF ARTIFICIAL INTELLIGENCE IN THE MEDICAL' | DOI: '10.15036/arerugi.71.107'
  Status: Enriched 5 field(s) during run.
  ❌ FAILED / STILL MISSING COLUMNS (2): ['Abstract', 'Article References']

• [Row 356] Source: Asano-original-simplified.csv
  Title: 'Sujet, objet, IA, Musk, une religion' | DOI: 'No DOI'
  Status: Enriched 0 field(s) during run.
  ❌ FAILED / STILL MISSING COLUMNS (5): ['Author', 'Abstract', 'Article References', 'Times Cited', 'Publication Year']

• [Row 358] Source: Asano-original-simplified.csv
  Title: 'Artificial Intelligence in Higher Education: Literature' | DOI: '10.62438/tunismed.v103i8.5581'
  Status: Enriched 6 field(s) during run.
  ❌ FAILED / STILL MISSING COLUMNS (1): ['Article References']

• [Row 359] Source: Asano-original-simplified.csv
  Title: 'Ethics of using generative pretrained transformer and a' | DOI: '10.1016/j.jaad.2023.04.030'
  Status: Enriched 6 field(s) during run.
  ❌ FAILED / STILL MISSING COLUMNS (1): ['Abstract']

• [Row 362] Source: Asano-original-simplified.csv
  Title: 'How artificial intelligence could redefine clinical tri' | DOI: '10.2217/pme-2018-0130'
  Status: Enriched 6 field(s) during run.
  ❌ FAILED / STILL MISSING COLUMNS (1): ['Abstract']

• [Row 364] Source: Asano-original-simplified.csv
  Title: 'Emerging from AI utopia' | DOI: '10.1126/science.abb9369'
  Status: Enriched 6 field(s) during run.
  ❌ FAILED / STILL MISSING COLUMNS (1): ['Article References']

• [Row 365] Source: Asano-original-simplified.csv
  Title: 'Perioperative automation: Time to become artificial int' | DOI: '10.1016/j.bja.2020.10.033'
  Status: Enriched 6 field(s) during run.
  ❌ FAILED / STILL MISSING COLUMNS (1): ['Abstract']

• [Row 366] Source: Asano-original-simplified.csv
  Title: '[Artificial intelligence : 2018 basic concepts the deci' | DOI: 'No DOI'
  Status: Enriched 5 field(s) during run.
  ❌ FAILED / STILL MISSING COLUMNS (2): ['Abstract', 'Article References']

• [Row 367] Source: Asano-original-simplified.csv
  Title: 'For Watson, Solving Cancer Wasn't So Elementary: Prospe' | DOI: '10.1016/j.acra.2021.11.019'
  Status: Enriched 6 field(s) during run.
  ❌ FAILED / STILL MISSING COLUMNS (1): ['Abstract']

• [Row 368] Source: Asano-original-simplified.csv
  Title: 'Clinical, Legal, and Ethical Aspects of Artificial Inte' | DOI: '10.1001/jama.2020.2724'
  Status: Enriched 6 field(s) during run.
  ❌ FAILED / STILL MISSING COLUMNS (1): ['Abstract']

• [Row 370] Source: Asano-original-simplified.csv
  Title: 'Digitized Health Opens RWE Floodgates. Can Artificial I' | DOI: 'No DOI'
  Status: Enriched 1 field(s) during run.
  ❌ FAILED / STILL MISSING COLUMNS (4): ['Author', 'Article References', 'Times Cited', 'Publication Year']

• [Row 371] Source: Asano-original-simplified.csv
  Title: 'Cardiac Imaging on the Cusp of an Artificial Intelligen' | DOI: '10.1161/CIRCULATIONAHA.120.046760'
  Status: Enriched 6 field(s) during run.
  ❌ FAILED / STILL MISSING COLUMNS (1): ['Article References']

• [Row 372] Source: Asano-original-simplified.csv
  Title: 'What is wrong with a black box? Addressing the use of u' | DOI: '10.1016/j.jaad.2023.08.061'
  Status: Enriched 6 field(s) during run.
  ❌ FAILED / STILL MISSING COLUMNS (1): ['Abstract']

• [Row 374] Source: Asano-original-simplified.csv
  Title: '[Medicine and artificial intelligence. An ethical and l' | DOI: '10.1007/s00108-026-02123-3'
  Status: Enriched 6 field(s) during run.
  ❌ FAILED / STILL MISSING COLUMNS (1): ['Article References']

• [Row 375] Source: Asano-original-simplified.csv
  Title: '[Artificial intelligence: reinforcing the place of huma' | DOI: 'No DOI'
  Status: Enriched 6 field(s) during run.
  ❌ FAILED / STILL MISSING COLUMNS (1): ['Article References']

• [Row 379] Source: Asano-original-simplified.csv
  Title: 'AI in the workplace: A sustainability-focused contempla' | DOI: '10.3233/WOR-240138'
  Status: Enriched 6 field(s) during run.
  ❌ FAILED / STILL MISSING COLUMNS (1): ['Abstract']

• [Row 380] Source: Asano-original-simplified.csv
  Title: 'Advancing grading and outcome prediction in aneurysmal ' | DOI: '10.1007/s10143-024-02567-x'
  Status: Enriched 6 field(s) during run.
  ❌ FAILED / STILL MISSING COLUMNS (1): ['Abstract']

• [Row 381] Source: Asano-original-simplified.csv
  Title: '[Ethical, legal and operational issues of artificial in' | DOI: 'No DOI'
  Status: Enriched 1 field(s) during run.
  ❌ FAILED / STILL MISSING COLUMNS (4): ['Author', 'Article References', 'Times Cited', 'Publication Year']

• [Row 387] Source: Asano-original-simplified.csv
  Title: 'Technoethics in real life: AI as a core clinical compet' | DOI: '10.1186/s44158-025-00233-2'
  Status: Enriched 6 field(s) during run.
  ❌ FAILED / STILL MISSING COLUMNS (1): ['Abstract']

• [Row 389] Source: Asano-original-simplified.csv
  Title: 'Why scientists trust AI too much - and what to do about' | DOI: '10.1038/d41586-024-00639-y'
  Status: Enriched 5 field(s) during run.
  ❌ FAILED / STILL MISSING COLUMNS (2): ['Author', 'Abstract']

• [Row 390] Source: Asano-original-simplified.csv
  Title: 'Data Integrity in Medical AI' | DOI: '10.3233/SHTI260132'
  Status: Enriched 6 field(s) during run.
  ❌ FAILED / STILL MISSING COLUMNS (1): ['Article References']

• [Row 391] Source: Asano-original-simplified.csv
  Title: 'From Einstein to AI: how 100 years have shaped science' | DOI: '10.1038/d41586-023-04021-2'
  Status: Enriched 5 field(s) during run.
  ❌ FAILED / STILL MISSING COLUMNS (2): ['Author', 'Abstract']

• [Row 392] Source: Asano-original-simplified.csv
  Title: 'DECIDE-AI: new reporting guidelines to bridge the devel' | DOI: '10.1038/s41591-021-01229-5'
  Status: Enriched 6 field(s) during run.
  ❌ FAILED / STILL MISSING COLUMNS (1): ['Abstract']

• [Row 396] Source: Asano-original-simplified.csv
  Title: 'Correction: Editorial: Digital medicine and artificial ' | DOI: '10.3389/frai.2026.1965611'
  Status: Enriched 6 field(s) during run.
  ❌ FAILED / STILL MISSING COLUMNS (1): ['Article References']

• [Row 397] Source: Asano-original-simplified.csv
  Title: '[Artificial intelligence in health: 10 key messages]' | DOI: 'No DOI'
  Status: Enriched 5 field(s) during run.
  ❌ FAILED / STILL MISSING COLUMNS (2): ['Abstract', 'Article References']

• [Row 399] Source: Asano-original-simplified.csv
  Title: 'The Need for a National Strategy on Artificial Intellig' | DOI: '10.1177/1203475420923648'
  Status: Enriched 6 field(s) during run.
  ❌ FAILED / STILL MISSING COLUMNS (1): ['Abstract']

• [Row 400] Source: Asano-original-simplified.csv
  Title: '[Dancing with artificial intelligence]' | DOI: 'No DOI'
  Status: Enriched 7 field(s) during run.
  ❌ FAILED / STILL MISSING COLUMNS (1): ['Abstract']

• [Row 401] Source: Asano-original-simplified.csv
  Title: 'Tools such as ChatGPT threaten transparent science; her' | DOI: '10.1038/d41586-023-00191-1'
  Status: Enriched 4 field(s) during run.
  ❌ FAILED / STILL MISSING COLUMNS (3): ['Author', 'Abstract', 'Article References']

• [Row 402] Source: Asano-original-simplified.csv
  Title: '[Artificial intelligence tools in academic and scientif' | DOI: 'No DOI'
  Status: Enriched 0 field(s) during run.
  ❌ FAILED / STILL MISSING COLUMNS (5): ['Author', 'Abstract', 'Article References', 'Times Cited', 'Publication Year']

• [Row 403] Source: Asano-original-simplified.csv
  Title: 'The Future of Artificial Intelligence' | DOI: '10.1089/big.2016.29004.vda'
  Status: Enriched 6 field(s) during run.
  ❌ FAILED / STILL MISSING COLUMNS (1): ['Abstract']

• [Row 408] Source: Asano-original-simplified.csv
  Title: 'Avoid patenting AI-generated inventions' | DOI: '10.1038/d41586-023-03116-0'
  Status: Enriched 5 field(s) during run.
  ❌ FAILED / STILL MISSING COLUMNS (2): ['Abstract', 'Article References']

• [Row 409] Source: Asano-original-simplified.csv
  Title: 'The future of work' | DOI: '10.1038/550315a'
  Status: Enriched 4 field(s) during run.
  ❌ FAILED / STILL MISSING COLUMNS (3): ['Author', 'Abstract', 'Article References']

• [Row 410] Source: Asano-original-simplified.csv
  Title: 'Toward an Ethical Framework for Patient-Facing Artifici' | DOI: '10.3233/SHTI260252'
  Status: Enriched 6 field(s) during run.
  ❌ FAILED / STILL MISSING COLUMNS (1): ['Article References']

• [Row 412] Source: Asano-original-simplified.csv
  Title: 'AI will transform science - now researchers must tame i' | DOI: '10.1038/d41586-023-02988-6'
  Status: Enriched 4 field(s) during run.
  ❌ FAILED / STILL MISSING COLUMNS (3): ['Author', 'Abstract', 'Article References']

• [Row 414] Source: Asano-original-simplified.csv
  Title: '[Artificial intelligence: reinforcing the place of huma' | DOI: 'No DOI'
  Status: Enriched 5 field(s) during run.
  ❌ FAILED / STILL MISSING COLUMNS (2): ['Abstract', 'Article References']

• [Row 415] Source: Asano-original-simplified.csv
  Title: '[Adherence to core principles and innovation in artific' | DOI: '10.3760/cma.j.cn112151-20251117-00756'
  Status: Enriched 5 field(s) during run.
  ❌ FAILED / STILL MISSING COLUMNS (2): ['Abstract', 'Article References']

• [Row 416] Source: Asano-original-simplified.csv
  Title: 'Trust, validation, and accountability: implementing use' | DOI: '10.1017/S0266462326103638'
  Status: Enriched 6 field(s) during run.
  ❌ FAILED / STILL MISSING COLUMNS (1): ['Article References']

• [Row 418] Source: Asano-original-simplified.csv
  Title: 'Stop talking about tomorrow's AI doomsday when AI poses' | DOI: '10.1038/d41586-023-02094-7'
  Status: Enriched 4 field(s) during run.
  ❌ FAILED / STILL MISSING COLUMNS (3): ['Author', 'Abstract', 'Article References']

• [Row 419] Source: Asano-original-simplified.csv
  Title: 'In AI, is bigger always better?' | DOI: '10.1038/d41586-023-00641-w'
  Status: Enriched 6 field(s) during run.
  ❌ FAILED / STILL MISSING COLUMNS (1): ['Abstract']

• [Row 420] Source: Asano-original-simplified.csv
  Title: 'Executive summary of the 2019 ASHP Commission on Goals:' | DOI: '10.1093/ajhp/zxz205'
  Status: Enriched 6 field(s) during run.
  ❌ FAILED / STILL MISSING COLUMNS (1): ['Author']

• [Row 422] Source: Asano-original-simplified.csv
  Title: 'AI firms must play fair when they use academic data in ' | DOI: '10.1038/d41586-024-02757-z'
  Status: Enriched 5 field(s) during run.
  ❌ FAILED / STILL MISSING COLUMNS (2): ['Author', 'Article References']

• [Row 424] Source: Asano-original-simplified.csv
  Title: 'Computers make mistakes and AI will make things worse -' | DOI: '10.1038/d41586-024-00168-8'
  Status: Enriched 4 field(s) during run.
  ❌ FAILED / STILL MISSING COLUMNS (3): ['Author', 'Abstract', 'Article References']

• [Row 425] Source: Asano-original-simplified.csv
  Title: 'Acid-Base Reports Need a Text Explanation' | DOI: '10.1097/ALN.0000000000002628'
  Status: Enriched 6 field(s) during run.
  ❌ FAILED / STILL MISSING COLUMNS (1): ['Abstract']

• [Row 428] Source: Asano-original-simplified.csv
  Title: 'AI for drug discovery is advancing rapidly: We need sma' | DOI: '10.1016/j.drudis.2021.09.023'
  Status: Enriched 6 field(s) during run.
  ❌ FAILED / STILL MISSING COLUMNS (1): ['Abstract']

• [Row 431] Source: Asano-original-simplified.csv
  Title: 'China needs to listen to its researchers to become a sc' | DOI: '10.1038/d41586-018-00659-5'
  Status: Enriched 5 field(s) during run.
  ❌ FAILED / STILL MISSING COLUMNS (2): ['Author', 'Article References']

• [Row 433] Source: Asano-original-simplified.csv
  Title: 'Augmented intelligence and dermatology-Part II: Bias, b' | DOI: '10.1016/j.jaad.2024.10.132'
  Status: Enriched 6 field(s) during run.
  ❌ FAILED / STILL MISSING COLUMNS (1): ['Article References']

• [Row 436] Source: Asano-original-simplified.csv
  Title: 'Mentor-trainee dialogue on proper use of AI tools' | DOI: '10.1038/d41586-023-04062-7'
  Status: Enriched 5 field(s) during run.
  ❌ FAILED / STILL MISSING COLUMNS (2): ['Abstract', 'Article References']

• [Row 438] Source: Asano-original-simplified.csv
  Title: 'Ethics: disclose use of AI in scientific manuscripts' | DOI: '10.1038/d41586-023-00381-x'
  Status: Enriched 5 field(s) during run.
  ❌ FAILED / STILL MISSING COLUMNS (2): ['Abstract', 'Article References']

• [Row 444] Source: Asano-original-simplified.csv
  Title: 'Stockholm declaration on AI ethics: why others should s' | DOI: '10.1038/d41586-024-00517-7'
  Status: Enriched 5 field(s) during run.
  ❌ FAILED / STILL MISSING COLUMNS (2): ['Abstract', 'Article References']

• [Row 445] Source: Asano-original-simplified.csv
  Title: 'Mind-reading machines are here: is it time to worry?' | DOI: '10.1038/d41586-023-01486-z'
  Status: Enriched 6 field(s) during run.
  ❌ FAILED / STILL MISSING COLUMNS (1): ['Abstract']

• [Row 446] Source: Asano-original-simplified.csv
  Title: 'Is AI misinformation influencing elections in India?' | DOI: '10.1038/d41586-024-01588-2'
  Status: Enriched 6 field(s) during run.
  ❌ FAILED / STILL MISSING COLUMNS (1): ['Abstract']

• [Row 449] Source: Asano-original-simplified.csv
  Title: 'ChatGPT listed as author on research papers: many scien' | DOI: '10.1038/d41586-023-00107-z'
  Status: Enriched 6 field(s) during run.
  ❌ FAILED / STILL MISSING COLUMNS (1): ['Abstract']

• [Row 450] Source: Asano-original-simplified.csv
  Title: 'Guide, don't hide: reprogramming learning in the wake o' | DOI: '10.1038/d41586-024-02837-0'
  Status: Enriched 5 field(s) during run.
  ❌ FAILED / STILL MISSING COLUMNS (2): ['Abstract', 'Article References']

• [Row 451] Source: Asano-original-simplified.csv
  Title: 'The shape of work to come' | DOI: '10.1038/550316a'
  Status: Enriched 6 field(s) during run.
  ❌ FAILED / STILL MISSING COLUMNS (1): ['Abstract']

• [Row 452] Source: Asano-original-simplified.csv
  Title: 'AI-fuelled election campaigns are here - where are the ' | DOI: '10.1038/d41586-024-00995-9'
  Status: Enriched 5 field(s) during run.
  ❌ FAILED / STILL MISSING COLUMNS (2): ['Abstract', 'Article References']

• [Row 453] Source: Asano-original-simplified.csv
  Title: 'Allow patents on AI-generated inventions - for the good' | DOI: '10.1038/d41586-023-02598-2'
  Status: Enriched 5 field(s) during run.
  ❌ FAILED / STILL MISSING COLUMNS (2): ['Abstract', 'Article References']

• [Row 457] Source: Asano-original-simplified.csv
  Title: 'Why open-source generative AI models are an ethical way' | DOI: '10.1038/d41586-023-01295-4'
  Status: Enriched 6 field(s) during run.
  ❌ FAILED / STILL MISSING COLUMNS (1): ['Article References']

• [Row 458] Source: Asano-original-simplified.csv
  Title: 'Generative artificial intelligence in medical scientifi' | DOI: '10.5546/aap.2026-11022.eng'
  Status: Enriched 6 field(s) during run.
  ❌ FAILED / STILL MISSING COLUMNS (1): ['Article References']

• [Row 459] Source: Asano-original-simplified.csv
  Title: 'Ethics: fund an independent system to verify EdTech' | DOI: '10.1038/d41586-023-01922-0'
  Status: Enriched 5 field(s) during run.
  ❌ FAILED / STILL MISSING COLUMNS (2): ['Abstract', 'Article References']

• [Row 461] Source: Asano-original-simplified.csv
  Title: 'Urgently clarify how AI can be used in medicine under n' | DOI: '10.1038/d41586-024-02753-3'
  Status: Enriched 5 field(s) during run.
  ❌ FAILED / STILL MISSING COLUMNS (2): ['Abstract', 'Article References']

• [Row 464] Source: Asano-original-simplified.csv
  Title: 'Applying Duties to Oversee AI to Medical Practitioners ' | DOI: 'No DOI'
  Status: Enriched 6 field(s) during run.
  ❌ FAILED / STILL MISSING COLUMNS (1): ['Article References']

• [Row 468] Source: Asano-original-simplified.csv
  Title: 'How journals are fighting back against a wave of questi' | DOI: '10.1038/d41586-024-00372-6'
  Status: Enriched 6 field(s) during run.
  ❌ FAILED / STILL MISSING COLUMNS (1): ['Abstract']

• [Row 469] Source: Asano-original-simplified.csv
  Title: 'How to break big tech's stranglehold on AI in academia' | DOI: '10.1038/d41586-024-01039-y'
  Status: Enriched 5 field(s) during run.
  ❌ FAILED / STILL MISSING COLUMNS (2): ['Abstract', 'Article References']

• [Row 470] Source: Asano-original-simplified.csv
  Title: 'AI-Assisted Deception and the Emerging Challenge of LLM' | DOI: '10.29158/JAAPL.250022-25'
  Status: Enriched 6 field(s) during run.
  ❌ FAILED / STILL MISSING COLUMNS (1): ['Article References']

• [Row 471] Source: Asano-original-simplified.csv
  Title: 'Chatbot AI makes racist judgements on the basis of dial' | DOI: '10.1038/d41586-024-00779-1'
  Status: Enriched 6 field(s) during run.
  ❌ FAILED / STILL MISSING COLUMNS (1): ['Abstract']

• [Row 472] Source: Asano-original-simplified.csv
  Title: 'Policymakers and Researchers Zero In On the Impact of A' | DOI: '10.2196/102064'
  Status: Enriched 6 field(s) during run.
  ❌ FAILED / STILL MISSING COLUMNS (1): ['Article References']

• [Row 475] Source: Asano-original-simplified.csv
  Title: '[New Concept of the Development of Modern Medicine: Mak' | DOI: '10.3779/j.issn.1009-3419.2018.03.02'
  Status: Enriched 5 field(s) during run.
  ❌ FAILED / STILL MISSING COLUMNS (2): ['Abstract', 'Article References']

• [Row 476] Source: Asano-original-simplified.csv
  Title: 'Ethical and Legal Considerations for Responsible Use of' | DOI: '10.14309/ajg.0000000000003897'
  Status: Enriched 6 field(s) during run.
  ❌ FAILED / STILL MISSING COLUMNS (1): ['Article References']

• [Row 481] Source: Asano-original-simplified.csv
  Title: 'Intelligent robots must uphold human rights' | DOI: '10.1038/519391a'
  Status: Enriched 5 field(s) during run.
  ❌ FAILED / STILL MISSING COLUMNS (2): ['Abstract', 'Article References']

• [Row 482] Source: Asano-original-simplified.csv
  Title: 'The world's week on AI safety: powerful computing effor' | DOI: '10.1038/d41586-023-03472-x'
  Status: Enriched 5 field(s) during run.
  ❌ FAILED / STILL MISSING COLUMNS (2): ['Abstract', 'Article References']

• [Row 483] Source: Asano-original-simplified.csv
  Title: 'Garbage in, garbage out: mitigating risks and maximizin' | DOI: '10.1038/d41586-023-03316-8'
  Status: Enriched 6 field(s) during run.
  ❌ FAILED / STILL MISSING COLUMNS (1): ['Abstract']

• [Row 484] Source: Asano-original-simplified.csv
  Title: 'AI image generators often give racist and sexist result' | DOI: '10.1038/d41586-024-00674-9'
  Status: Enriched 6 field(s) during run.
  ❌ FAILED / STILL MISSING COLUMNS (1): ['Abstract']

• [Row 486] Source: Asano-original-simplified.csv
  Title: 'Journals adopt AI to spot duplicated images in manuscri' | DOI: '10.1038/d41586-021-03807-6'
  Status: Enriched 6 field(s) during run.
  ❌ FAILED / STILL MISSING COLUMNS (1): ['Abstract']

• [Row 487] Source: Asano-original-simplified.csv
  Title: 'AI now beats humans at basic tasks - new benchmarks are' | DOI: '10.1038/d41586-024-01087-4'
  Status: Enriched 6 field(s) during run.
  ❌ FAILED / STILL MISSING COLUMNS (1): ['Abstract']

• [Row 488] Source: Asano-original-simplified.csv
  Title: 'Dilemma over AI and drug patenting already under debate' | DOI: '10.1038/d41586-018-05955-8'
  Status: Enriched 5 field(s) during run.
  ❌ FAILED / STILL MISSING COLUMNS (2): ['Abstract', 'Article References']

• [Row 490] Source: Asano-original-simplified.csv
  Title: 'Will China lead the world in AI by 2030?' | DOI: '10.1038/d41586-019-02360-7'
  Status: Enriched 6 field(s) during run.
  ❌ FAILED / STILL MISSING COLUMNS (1): ['Abstract']

• [Row 492] Source: Asano-original-simplified.csv
  Title: 'Radiology in 2018: Are You Working with AI or Being Rep' | DOI: '10.1148/radiol.2018184007'
  Status: Enriched 6 field(s) during run.
  ❌ FAILED / STILL MISSING COLUMNS (1): ['Abstract']

• [Row 494] Source: Asano-original-simplified.csv
  Title: '[Aging and the technologic innovation. The "silver econ' | DOI: 'No DOI'
  Status: Enriched 0 field(s) during run.
  ❌ FAILED / STILL MISSING COLUMNS (5): ['Author', 'Abstract', 'Article References', 'Times Cited', 'Publication Year']

• [Row 495] Source: Asano-original-simplified.csv
  Title: 'South Korea's scientists seek change amid political cha' | DOI: '10.1038/543474a'
  Status: Enriched 5 field(s) during run.
  ❌ FAILED / STILL MISSING COLUMNS (2): ['Abstract', 'Article References']

• [Row 496] Source: Asano-original-simplified.csv
  Title: 'AI talent grab sparks excitement and concern' | DOI: '10.1038/532422a'
  Status: Enriched 6 field(s) during run.
  ❌ FAILED / STILL MISSING COLUMNS (1): ['Article References']

• [Row 497] Source: Asano-original-simplified.csv
  Title: 'The singularity and our collision path with the future' | DOI: 'No DOI'
  Status: Enriched 5 field(s) during run.
  ❌ FAILED / STILL MISSING COLUMNS (2): ['Abstract', 'Article References']

• [Row 500] Source: Asano-original-simplified.csv
  Title: 'An artificial intelligence-generated interactive carbon' | DOI: '10.1016/j.bja.2025.05.053'
  Status: Enriched 6 field(s) during run.
  ❌ FAILED / STILL MISSING COLUMNS (1): ['Abstract']

• [Row 501] Source: Asano-original-simplified.csv
  Title: 'The Legend of John Henry and the Role of Artificial Int' | DOI: '10.1016/j.jacc.2024.07.041'
  Status: Enriched 5 field(s) during run.
  ❌ FAILED / STILL MISSING COLUMNS (2): ['Abstract', 'Article References']

• [Row 502] Source: Asano-original-simplified.csv
  Title: 'The chatbots are coming: Risks and benefits of consumer' | DOI: '10.1016/j.jaad.2023.05.088'
  Status: Enriched 6 field(s) during run.
  ❌ FAILED / STILL MISSING COLUMNS (1): ['Abstract']

• [Row 504] Source: Asano-original-simplified.csv
  Title: 'AI, Machine Learning, and Ethics in Health Care' | DOI: '10.1080/01947648.2019.1690604'
  Status: Enriched 6 field(s) during run.
  ❌ FAILED / STILL MISSING COLUMNS (1): ['Article References']

• [Row 505] Source: Asano-original-simplified.csv
  Title: '[Artificial intelligence and the skin specialist]' | DOI: 'No DOI'
  Status: Enriched 6 field(s) during run.
  ❌ FAILED / STILL MISSING COLUMNS (1): ['Article References']

• [Row 517] Source: Asano-original-simplified.csv
  Title: 'Brain Implants in the Age of Artificial Intelligence' | DOI: 'No DOI'
  Status: Enriched 6 field(s) during run.
  ❌ FAILED / STILL MISSING COLUMNS (1): ['Article References']

• [Row 523] Source: Asano-original-simplified.csv
  Title: 'Artificial Intelligence in Healthcare and Regulation Ch' | DOI: 'No DOI'
  Status: Enriched 7 field(s) during run.
  ❌ FAILED / STILL MISSING COLUMNS (1): ['Article References']

• [Row 527] Source: Asano-original-simplified.csv
  Title: 'Artificial Intelligence in Healthcare' | DOI: '10.3233/SHTI200677'
  Status: Enriched 6 field(s) during run.
  ❌ FAILED / STILL MISSING COLUMNS (1): ['Article References']

• [Row 530] Source: Asano-original-simplified.csv
  Title: 'The Role of Artificial Intelligence in Modern Medicine:' | DOI: '10.2174/0113816128388946250717182703'
  Status: Enriched 6 field(s) during run.
  ❌ FAILED / STILL MISSING COLUMNS (1): ['Article References']

• [Row 534] Source: Asano-original-simplified.csv
  Title: 'Global research characteristics and trends of artificia' | DOI: '10.47391/JPMA.21180'
  Status: Enriched 6 field(s) during run.
  ❌ FAILED / STILL MISSING COLUMNS (1): ['Article References']

• [Row 553] Source: Asano-original-simplified.csv
  Title: 'Artificial Intelligence on the Exam Table: ChatGPT's Ad' | DOI: '10.1097/UPJ.0000000000000446'
  Status: Enriched 6 field(s) during run.
  ❌ FAILED / STILL MISSING COLUMNS (1): ['Article References']

• [Row 571] Source: Asano-original-simplified.csv
  Title: '[The emerging role of artificial intelligence in clinic' | DOI: '10.1539/sangyoeisei.2018-009-W'
  Status: Enriched 5 field(s) during run.
  ❌ FAILED / STILL MISSING COLUMNS (2): ['Abstract', 'Article References']

• [Row 575] Source: Asano-original-simplified.csv
  Title: 'Quantum leap: is the conflux of artificial intelligence' | DOI: '10.2217/epi-2023-0084'
  Status: Enriched 6 field(s) during run.
  ❌ FAILED / STILL MISSING COLUMNS (1): ['Abstract']

• [Row 577] Source: Asano-original-simplified.csv
  Title: 'The future of radiology: What if artificial intelligenc' | DOI: '10.1016/j.diii.2022.04.006'
  Status: Enriched 6 field(s) during run.
  ❌ FAILED / STILL MISSING COLUMNS (1): ['Abstract']

• [Row 579] Source: Asano-original-simplified.csv
  Title: 'Pneumocystis pneumonia: An important consideration when' | DOI: '10.1016/j.clinimag.2021.02.044'
  Status: Enriched 6 field(s) during run.
  ❌ FAILED / STILL MISSING COLUMNS (1): ['Abstract']

• [Row 580] Source: Asano-original-simplified.csv
  Title: 'Can we use artificial intelligence for systematic liter' | DOI: '10.1016/j.jbspin.2020.105109'
  Status: Enriched 6 field(s) during run.
  ❌ FAILED / STILL MISSING COLUMNS (1): ['Abstract']

• [Row 583] Source: Asano-original-simplified.csv
  Title: 'Navigating artificial intelligence's role in suicide pr' | DOI: '10.1192/bjp.2024.252'
  Status: Enriched 6 field(s) during run.
  ❌ FAILED / STILL MISSING COLUMNS (1): ['Abstract']

• [Row 585] Source: Asano-original-simplified.csv
  Title: 'Reimagining Stroke Quality of Care in the Age of Artifi' | DOI: '10.1161/STROKEAHA.123.044251'
  Status: Enriched 6 field(s) during run.
  ❌ FAILED / STILL MISSING COLUMNS (1): ['Abstract']

• [Row 586] Source: Asano-original-simplified.csv
  Title: 'Reply to "Artificial intelligence's potential in tailor' | DOI: '10.1016/j.jaip.2023.07.044'
  Status: Enriched 6 field(s) during run.
  ❌ FAILED / STILL MISSING COLUMNS (1): ['Abstract']

• [Row 589] Source: Asano-original-simplified.csv
  Title: 'Strategies to integrate artificial intelligence in ment' | DOI: '10.1016/j.ajp.2023.103675'
  Status: Enriched 6 field(s) during run.
  ❌ FAILED / STILL MISSING COLUMNS (1): ['Abstract']

• [Row 592] Source: Asano-original-simplified.csv
  Title: 'Oral cancer histopathology images and artificial intell' | DOI: '10.1016/j.oraloncology.2022.105999'
  Status: Enriched 6 field(s) during run.
  ❌ FAILED / STILL MISSING COLUMNS (1): ['Abstract']

• [Row 593] Source: Asano-original-simplified.csv
  Title: 'Artificial intelligence: A step forward in the clinical' | DOI: '10.1016/j.clinbiochem.2022.05.005'
  Status: Enriched 6 field(s) during run.
  ❌ FAILED / STILL MISSING COLUMNS (1): ['Abstract']

• [Row 594] Source: Asano-original-simplified.csv
  Title: 'Applications of Artificial Intelligence in Vascular Dis' | DOI: '10.1177/00033197221087779'
  Status: Enriched 6 field(s) during run.
  ❌ FAILED / STILL MISSING COLUMNS (1): ['Abstract']

• [Row 595] Source: Asano-original-simplified.csv
  Title: 'The ethics of using biased artificial intelligence prog' | DOI: '10.1016/j.jaad.2021.11.031'
  Status: Enriched 6 field(s) during run.
  ❌ FAILED / STILL MISSING COLUMNS (1): ['Abstract']

• [Row 596] Source: Asano-original-simplified.csv
  Title: 'Artificial intelligence for plaque characterization: A ' | DOI: '10.1016/j.atherosclerosis.2019.06.914'
  Status: Enriched 6 field(s) during run.
  ❌ FAILED / STILL MISSING COLUMNS (1): ['Abstract']

• [Row 597] Source: Asano-original-simplified.csv
  Title: 'Is artificial intelligence (AI) at the doorstep of Inte' | DOI: '10.1016/j.accpm.2019.05.003'
  Status: Enriched 6 field(s) during run.
  ❌ FAILED / STILL MISSING COLUMNS (1): ['Abstract']

• [Row 600] Source: Asano-original-simplified.csv
  Title: 'Artificial Intelligence in Healthcare: Past, Present an' | DOI: '10.14744/AnatolJCardiol.2019.28661'
  Status: Enriched 5 field(s) during run.
  ❌ FAILED / STILL MISSING COLUMNS (2): ['Abstract', 'Article References']

• [Row 602] Source: Asano-original-simplified.csv
  Title: 'Artificial intelligence's potential in tailoring prescr' | DOI: '10.1016/j.jaip.2023.07.043'
  Status: Enriched 6 field(s) during run.
  ❌ FAILED / STILL MISSING COLUMNS (1): ['Abstract']

• [Row 604] Source: Asano-original-simplified.csv
  Title: 'Artificial intelligence in nutritional oncology: From i' | DOI: '10.18632/oncotarget.28874'
  Status: Enriched 6 field(s) during run.
  ❌ FAILED / STILL MISSING COLUMNS (1): ['Article References']

• [Row 613] Source: Asano-original-simplified.csv
  Title: 'The Ethics of Incorporating Artificial Intelligence Tec' | DOI: '10.1002/ohn.886'
  Status: Enriched 6 field(s) during run.
  ❌ FAILED / STILL MISSING COLUMNS (1): ['Abstract']

• [Row 617] Source: Asano-original-simplified.csv
  Title: '[Advances in the research of application of artificial ' | DOI: '10.3760/cma.j.issn.1009-2587.2018.04.011'
  Status: Enriched 6 field(s) during run.
  ❌ FAILED / STILL MISSING COLUMNS (1): ['Article References']

• [Row 619] Source: Asano-original-simplified.csv
  Title: 'Reflections on learning about artificial intelligence a' | DOI: '10.1007/s12630-026-03109-3'
  Status: Enriched 6 field(s) during run.
  ❌ FAILED / STILL MISSING COLUMNS (1): ['Abstract']

• [Row 620] Source: Asano-original-simplified.csv
  Title: 'AI in modern dentistry: Hype, hope, or real transformat' | DOI: '10.17219/dmp/211356'
  Status: Enriched 6 field(s) during run.
  ❌ FAILED / STILL MISSING COLUMNS (1): ['Article References']

• [Row 621] Source: Asano-original-simplified.csv
  Title: 'Artificial intelligence language model and burns first ' | DOI: '10.1016/j.burns.2024.03.026'
  Status: Enriched 6 field(s) during run.
  ❌ FAILED / STILL MISSING COLUMNS (1): ['Abstract']

• [Row 622] Source: Asano-original-simplified.csv
  Title: 'Unveiling biases of artificial intelligence in healthca' | DOI: '10.1016/j.injury.2024.111358'
  Status: Enriched 6 field(s) during run.
  ❌ FAILED / STILL MISSING COLUMNS (1): ['Abstract']

• [Row 625] Source: Asano-original-simplified.csv
  Title: 'The complex ethics of applying ChatGPT and language mod' | DOI: '10.1016/j.jaad.2023.05.054'
  Status: Enriched 6 field(s) during run.
  ❌ FAILED / STILL MISSING COLUMNS (1): ['Abstract']

• [Row 627] Source: Asano-original-simplified.csv
  Title: 'Next Frontier for Artificial Intelligence in Imaging: M' | DOI: '10.1016/j.jcmg.2022.09.008'
  Status: Enriched 6 field(s) during run.
  ❌ FAILED / STILL MISSING COLUMNS (1): ['Abstract']

• [Row 629] Source: Asano-original-simplified.csv
  Title: 'Big Data and Artificial Intelligence for Precision Medi' | DOI: '10.1007/s12028-021-01427-6'
  Status: Enriched 6 field(s) during run.
  ❌ FAILED / STILL MISSING COLUMNS (1): ['Abstract']

• [Row 632] Source: Asano-original-simplified.csv
  Title: 'Citation Integrity and the Responsible Use of Reference' | DOI: '10.1016/j.jogn.2026.01.004'
  Status: Enriched 6 field(s) during run.
  ❌ FAILED / STILL MISSING COLUMNS (1): ['Author']

• [Row 633] Source: Asano-original-simplified.csv
  Title: 'Integrating artificial intelligence into diagnostic tes' | DOI: '10.1002/vetr.5605'
  Status: Enriched 5 field(s) during run.
  ❌ FAILED / STILL MISSING COLUMNS (2): ['Author', 'Article References']

• [Row 634] Source: Asano-original-simplified.csv
  Title: 'Letter to the Editor Regarding "The Artificial Intellig' | DOI: '10.1016/j.wneu.2024.06.025'
  Status: Enriched 6 field(s) during run.
  ❌ FAILED / STILL MISSING COLUMNS (1): ['Abstract']

• [Row 637] Source: Asano-original-simplified.csv
  Title: 'Artificial intelligence, machine learning, neural netwo' | DOI: '10.3290/j.qi.a41107'
  Status: Enriched 5 field(s) during run.
  ❌ FAILED / STILL MISSING COLUMNS (2): ['Abstract', 'Article References']

• [Row 644] Source: Asano-original-simplified.csv
  Title: 'Artificial intelligence in healthcare: A call for strat' | DOI: 'No DOI'
  Status: Enriched 6 field(s) during run.
  ❌ FAILED / STILL MISSING COLUMNS (1): ['Article References']

• [Row 645] Source: Asano-original-simplified.csv
  Title: 'Using Generative Artificial Intelligence in Medical Edu' | DOI: '10.1097/ACM.0000000000005937'
  Status: Enriched 6 field(s) during run.
  ❌ FAILED / STILL MISSING COLUMNS (1): ['Article References']

• [Row 647] Source: Asano-original-simplified.csv
  Title: 'Integration of Artificial Intelligence in Medicines' | DOI: '10.31662/jmaj.2024-0080'
  Status: Enriched 6 field(s) during run.
  ❌ FAILED / STILL MISSING COLUMNS (1): ['Abstract']

• [Row 649] Source: Asano-original-simplified.csv
  Title: 'Editorial: Artificial intelligence solutions for global' | DOI: '10.3389/fpubh.2024.1439914'
  Status: Enriched 6 field(s) during run.
  ❌ FAILED / STILL MISSING COLUMNS (1): ['Article References']

• [Row 651] Source: Asano-original-simplified.csv
  Title: 'Invest 5% of research funds in ensuring data are reusab' | DOI: '10.1038/d41586-020-00505-7'
  Status: Enriched 6 field(s) during run.
  ❌ FAILED / STILL MISSING COLUMNS (1): ['Article References']

• [Row 654] Source: Asano-original-simplified.csv
  Title: 'The Silent Partner: A Narrative Review of AI's Impact o' | DOI: 'No DOI'
  Status: Enriched 6 field(s) during run.
  ❌ FAILED / STILL MISSING COLUMNS (1): ['Article References']

• [Row 656] Source: Asano-original-simplified.csv
  Title: 'Data Governance in Healthcare AI: Navigating the EU AI ' | DOI: '10.3233/SHTI250050'
  Status: Enriched 6 field(s) during run.
  ❌ FAILED / STILL MISSING COLUMNS (1): ['Article References']

• [Row 657] Source: Asano-original-simplified.csv
  Title: '[IMPLEMENTATION OF COGNITIVE EXPERT SYSTEMS IN HEALTHCA' | DOI: '10.32687/0869-866X-2025-33-s1-894-901'
  Status: Enriched 6 field(s) during run.
  ❌ FAILED / STILL MISSING COLUMNS (1): ['Article References']

• [Row 659] Source: Asano-original-simplified.csv
  Title: 'AI in medicine: Hype, hope, and the path forward' | DOI: '10.7196/SAMJ.2025.v115i5b.3668'
  Status: Enriched 6 field(s) during run.
  ❌ FAILED / STILL MISSING COLUMNS (1): ['Article References']

• [Row 661] Source: Asano-original-simplified.csv
  Title: '[Use and impact of artificial intelligence in medicinal' | DOI: 'No DOI'
  Status: Enriched 5 field(s) during run.
  ❌ FAILED / STILL MISSING COLUMNS (2): ['Abstract', 'Article References']

• [Row 662] Source: Asano-original-simplified.csv
  Title: 'Artificial Intelligence: The Future Is Here' | DOI: '10.4140/TCP.n.2023.427'
  Status: Enriched 6 field(s) during run.
  ❌ FAILED / STILL MISSING COLUMNS (1): ['Article References']

• [Row 665] Source: Asano-original-simplified.csv
  Title: 'Erratum: Training with Artificial Intelligence: Are The' | DOI: '10.14423/SMJ.0000000000001981'
  Status: Enriched 6 field(s) during run.
  ❌ FAILED / STILL MISSING COLUMNS (1): ['Article References']

• [Row 667] Source: Asano-original-simplified.csv
  Title: '[Ethical challenges posed by the use of Artificial Inte' | DOI: 'No DOI'
  Status: Enriched 5 field(s) during run.
  ❌ FAILED / STILL MISSING COLUMNS (2): ['Abstract', 'Article References']

• [Row 674] Source: Asano-original-simplified.csv
  Title: 'When radiology stops being a specialty' | DOI: '10.1016/j.ejrad.2026.112839'
  Status: Enriched 6 field(s) during run.
  ❌ FAILED / STILL MISSING COLUMNS (1): ['Article References']

• [Row 684] Source: Asano-original-simplified.csv
  Title: 'Transforming Literature Reviews in Healthcare Research ' | DOI: '10.3233/SHTI251145'
  Status: Enriched 6 field(s) during run.
  ❌ FAILED / STILL MISSING COLUMNS (1): ['Article References']

• [Row 687] Source: Asano-original-simplified.csv
  Title: 'How artificial intelligence could transform emergency d' | DOI: '10.1016/j.ajem.2018.01.017'
  Status: Enriched 6 field(s) during run.
  ❌ FAILED / STILL MISSING COLUMNS (1): ['Abstract']

• [Row 688] Source: Asano-original-simplified.csv
  Title: 'Generative Artificial Intelligence for Peer Review and ' | DOI: '10.31662/jmaj.2026-0170'
  Status: Enriched 5 field(s) during run.
  ❌ FAILED / STILL MISSING COLUMNS (2): ['Abstract', 'Article References']

• [Row 689] Source: Asano-original-simplified.csv
  Title: 'Letters' | DOI: '10.29158/JAAPL.200101-20'
  Status: Enriched 5 field(s) during run.
  ❌ FAILED / STILL MISSING COLUMNS (2): ['Abstract', 'Article References']

• [Row 690] Source: Asano-original-simplified.csv
  Title: 'Artificial Intelligence in Rheumatology: Quo Vadis?' | DOI: '10.31138/mjr.160825.erh'
  Status: Enriched 6 field(s) during run.
  ❌ FAILED / STILL MISSING COLUMNS (1): ['Article References']

• [Row 692] Source: Asano-original-simplified.csv
  Title: 'Investing in Artificial Intelligence and Digital Health' | DOI: '10.1016/j.jacr.2024.06.019'
  Status: Enriched 6 field(s) during run.
  ❌ FAILED / STILL MISSING COLUMNS (1): ['Article References']

• [Row 698] Source: Asano-original-simplified.csv
  Title: 'The difficult role of Artificial Intelligence in Medica' | DOI: '10.7417/CT.2021.2372'
  Status: Enriched 6 field(s) during run.
  ❌ FAILED / STILL MISSING COLUMNS (1): ['Article References']

• [Row 703] Source: Asano-original-simplified.csv
  Title: 'Bridging Guidance and Regulation: Interpreting the Draf' | DOI: '10.5731/pdajpst.2025-000076.1'
  Status: Enriched 4 field(s) during run.
  ❌ FAILED / STILL MISSING COLUMNS (2): ['Article References', 'Times Cited']

• [Row 706] Source: Asano-original-simplified.csv
  Title: 'Incentivizing artificial intelligence in surgery' | DOI: '10.1007/s00464-026-12879-2'
  Status: Enriched 4 field(s) during run.
  ❌ FAILED / STILL MISSING COLUMNS (2): ['Article References', 'Times Cited']

• [Row 710] Source: Asano-original-simplified.csv
  Title: 'The path to trustworthy medical AI: the evolving role o' | DOI: '10.1701/4573.45774'
  Status: Enriched 6 field(s) during run.
  ❌ FAILED / STILL MISSING COLUMNS (1): ['Article References']

• [Row 721] Source: Asano-original-simplified.csv
  Title: 'Evolving role of artificial intelligence in health care' | DOI: '10.1016/j.hrthm.2024.08.002'
  Status: Enriched 6 field(s) during run.
  ❌ FAILED / STILL MISSING COLUMNS (1): ['Abstract']

• [Row 722] Source: Asano-original-simplified.csv
  Title: 'Artificial intelligence in peri-operative prediction mo' | DOI: '10.1111/anae.16315'
  Status: Enriched 6 field(s) during run.
  ❌ FAILED / STILL MISSING COLUMNS (1): ['Abstract']

• [Row 723] Source: Asano-original-simplified.csv
  Title: 'Analysis of Dermatology Journal Policy Toward Artificia' | DOI: '10.1177/12034754241238709'
  Status: Enriched 6 field(s) during run.
  ❌ FAILED / STILL MISSING COLUMNS (1): ['Abstract']

• [Row 726] Source: Asano-original-simplified.csv
  Title: 'Phenogrouping Diastolic Dysfunction by Artificial Intel' | DOI: '10.1016/j.jcmg.2021.05.018'
  Status: Enriched 6 field(s) during run.
  ❌ FAILED / STILL MISSING COLUMNS (1): ['Abstract']

• [Row 728] Source: Asano-original-simplified.csv
  Title: 'Hounsfield units: Future applications in clinical pract' | DOI: '10.1016/j.clinimag.2024.110141'
  Status: Enriched 6 field(s) during run.
  ❌ FAILED / STILL MISSING COLUMNS (1): ['Abstract']

• [Row 729] Source: Asano-original-simplified.csv
  Title: 'Artificial intelligence GPT-4: A game changer in the ad' | DOI: '10.1016/j.ajp.2024.103972'
  Status: Enriched 6 field(s) during run.
  ❌ FAILED / STILL MISSING COLUMNS (1): ['Abstract']

• [Row 736] Source: Asano-original-simplified.csv
  Title: 'Maintaining Privacy in Artificial Intelligence-driven B' | DOI: 'No DOI'
  Status: Enriched 6 field(s) during run.
  ❌ FAILED / STILL MISSING COLUMNS (1): ['Article References']

• [Row 740] Source: Asano-original-simplified.csv
  Title: '[Artificial intelligence in the field of internal medic' | DOI: '10.1016/j.revmed.2016.12.019'
  Status: Enriched 6 field(s) during run.
  ❌ FAILED / STILL MISSING COLUMNS (1): ['Abstract']

• [Row 742] Source: Asano-original-simplified.csv
  Title: 'Assessing the plastic surgery knowledge of three natura' | DOI: '10.1016/j.bjps.2023.10.141'
  Status: Enriched 6 field(s) during run.
  ❌ FAILED / STILL MISSING COLUMNS (1): ['Abstract']

• [Row 743] Source: Asano-original-simplified.csv
  Title: 'Artificial Intelligence in Geriatric Psychiatry Through' | DOI: '10.1016/j.jagp.2023.09.006'
  Status: Enriched 6 field(s) during run.
  ❌ FAILED / STILL MISSING COLUMNS (1): ['Abstract']

• [Row 744] Source: Asano-original-simplified.csv
  Title: 'ChatGPT and the stochastic parrot: artificial intellige' | DOI: '10.1016/j.bja.2023.06.065'
  Status: Enriched 6 field(s) during run.
  ❌ FAILED / STILL MISSING COLUMNS (1): ['Abstract']

• [Row 745] Source: Asano-original-simplified.csv
  Title: 'The risks and benefits of utilizing artificial intellig' | DOI: '10.1016/j.jormas.2023.101492'
  Status: Enriched 6 field(s) during run.
  ❌ FAILED / STILL MISSING COLUMNS (1): ['Abstract']

• [Row 746] Source: Asano-original-simplified.csv
  Title: 'Artificial Intelligence, or just statistics done differ' | DOI: '10.5604/01.3001.0016.0540'
  Status: Enriched 6 field(s) during run.
  ❌ FAILED / STILL MISSING COLUMNS (1): ['Article References']

• [Row 750] Source: Asano-original-simplified.csv
  Title: '7th Eurosurveillance scientific seminar 'Artificial int' | DOI: '10.2807/1560-7917.ES.2018.23.46.1811151'
  Status: Enriched 5 field(s) during run.
  ❌ FAILED / STILL MISSING COLUMNS (2): ['Abstract', 'Article References']

• [Row 756] Source: Asano-original-simplified.csv
  Title: 'KAP regarding ChatGPT among health care professionals: ' | DOI: '10.37765/ajmc.2025.89680'
  Status: Enriched 6 field(s) during run.
  ❌ FAILED / STILL MISSING COLUMNS (1): ['Article References']

• [Row 757] Source: Asano-original-simplified.csv
  Title: 'Letter to the Editor Regarding "Medical Ethics and Arti' | DOI: '10.1016/j.wneu.2024.04.149'
  Status: Enriched 6 field(s) during run.
  ❌ FAILED / STILL MISSING COLUMNS (1): ['Abstract']

• [Row 763] Source: Asano-original-simplified.csv
  Title: 'Editorial: Methodology for emotion-aware education base' | DOI: '10.3389/frai.2025.1704389'
  Status: Enriched 6 field(s) during run.
  ❌ FAILED / STILL MISSING COLUMNS (1): ['Article References']

• [Row 764] Source: Asano-original-simplified.csv
  Title: 'The Anatomy Room: A simple thought experiment to explai' | DOI: '10.1002/ase.2374'
  Status: Enriched 6 field(s) during run.
  ❌ FAILED / STILL MISSING COLUMNS (1): ['Abstract']

• [Row 766] Source: Asano-original-simplified.csv
  Title: 'Artificial Intelligence Predicts Drug Response' | DOI: '10.1158/2159-8290.CD-NB2020-109'
  Status: Enriched 5 field(s) during run.
  ❌ FAILED / STILL MISSING COLUMNS (2): ['Author', 'Article References']

• [Row 769] Source: Asano-original-simplified.csv
  Title: 'Artificial Intelligence in Radiology: Hidden Fragilitie' | DOI: '10.15537/1658-3175.1002'
  Status: Enriched 6 field(s) during run.
  ❌ FAILED / STILL MISSING COLUMNS (1): ['Article References']

• [Row 776] Source: Asano-original-simplified.csv
  Title: '[Artificial intelligence and large language models: cha' | DOI: 'No DOI'
  Status: Enriched 7 field(s) during run.
  ❌ FAILED / STILL MISSING COLUMNS (1): ['Article References']

• [Row 778] Source: Asano-original-simplified.csv
  Title: 'Correspondence - Further reflections of the role of art' | DOI: 'No DOI'
  Status: Enriched 6 field(s) during run.
  ❌ FAILED / STILL MISSING COLUMNS (1): ['Article References']

• [Row 795] Source: Asano-original-simplified.csv
  Title: 'Artificial Intelligence in Couple and Family Therapy: I' | DOI: '10.1111/jmft.70121'
  Status: Enriched 6 field(s) during run.
  ❌ FAILED / STILL MISSING COLUMNS (1): ['Article References']

• [Row 799] Source: Asano-original-simplified.csv
  Title: 'Stakeholders in the Implementation of Artificial Intell' | DOI: '10.1097/SCS.0000000000011881'
  Status: Enriched 6 field(s) during run.
  ❌ FAILED / STILL MISSING COLUMNS (1): ['Article References']

• [Row 809] Source: Asano-original-simplified.csv
  Title: 'Real-time patient-specific-dose in CT through use of ar' | DOI: '10.1088/1361-6498/ad750e'
  Status: Enriched 6 field(s) during run.
  ❌ FAILED / STILL MISSING COLUMNS (1): ['Abstract']

• [Row 811] Source: Asano-original-simplified.csv
  Title: 'Artificial intelligence assisted psychological well-bei' | DOI: '10.1016/j.ajp.2024.103926'
  Status: Enriched 6 field(s) during run.
  ❌ FAILED / STILL MISSING COLUMNS (1): ['Abstract']

• [Row 812] Source: Asano-original-simplified.csv
  Title: 'Current Artificial Intelligence Based Chatbots May Prod' | DOI: '10.1016/j.ejvs.2023.10.042'
  Status: Enriched 6 field(s) during run.
  ❌ FAILED / STILL MISSING COLUMNS (1): ['Abstract']

• [Row 815] Source: Asano-original-simplified.csv
  Title: 'Imaging Advances in Stroke: Use of Advanced Neurovascul' | DOI: '10.1161/STROKEAHA.123.042308'
  Status: Enriched 6 field(s) during run.
  ❌ FAILED / STILL MISSING COLUMNS (1): ['Abstract']

• [Row 816] Source: Asano-original-simplified.csv
  Title: 'Artificial intelligence and fetal ultrasound biometry: ' | DOI: '10.1016/j.diii.2023.01.008'
  Status: Enriched 6 field(s) during run.
  ❌ FAILED / STILL MISSING COLUMNS (1): ['Abstract']

• [Row 819] Source: Asano-original-simplified.csv
  Title: 'Image quality issues in teledermatology: A comparative ' | DOI: '10.1016/j.jaad.2021.07.073'
  Status: Enriched 6 field(s) during run.
  ❌ FAILED / STILL MISSING COLUMNS (1): ['Abstract']

• [Row 823] Source: Asano-original-simplified.csv
  Title: 'Review of Ethics of Medical AI' | DOI: '10.1037/fsh0001040'
  Status: Enriched 6 field(s) during run.
  ❌ FAILED / STILL MISSING COLUMNS (1): ['Article References']

• [Row 827] Source: Asano-original-simplified.csv
  Title: 'Track how technology is transforming work' | DOI: '10.1038/544290a'
  Status: Enriched 6 field(s) during run.
  ❌ FAILED / STILL MISSING COLUMNS (1): ['Abstract']

• [Row 830] Source: Asano-original-simplified.csv
  Title: 'Beyond peer review: rethinking scientific publishing wi' | DOI: '10.1007/s00134-024-07603-4'
  Status: Enriched 6 field(s) during run.
  ❌ FAILED / STILL MISSING COLUMNS (1): ['Abstract']

• [Row 833] Source: Asano-original-simplified.csv
  Title: 'Artificial intelligence-refinement and possibilities' | DOI: '10.1016/S2352-3026(21)00379-3'
  Status: Enriched 5 field(s) during run.
  ❌ FAILED / STILL MISSING COLUMNS (2): ['Abstract', 'Article References']

• [Row 836] Source: Asano-original-simplified.csv
  Title: 'CLAIR 2025: Artificial Intelligence as a Catalyst for t' | DOI: 'No DOI'
  Status: Enriched 5 field(s) during run.
  ❌ FAILED / STILL MISSING COLUMNS (2): ['Abstract', 'Article References']

• [Row 837] Source: Asano-original-simplified.csv
  Title: 'Academic Productivity and Artificial Intelligence: Beyo' | DOI: '10.31662/jmaj.2025-0289'
  Status: Enriched 5 field(s) during run.
  ❌ FAILED / STILL MISSING COLUMNS (2): ['Abstract', 'Article References']

• [Row 838] Source: Asano-original-simplified.csv
  Title: 'Generative Artificial Intelligence Chatbots and Delusio' | DOI: '10.1111/acps.70022'
  Status: Enriched 6 field(s) during run.
  ❌ FAILED / STILL MISSING COLUMNS (1): ['Abstract']

• [Row 839] Source: Asano-original-simplified.csv
  Title: 'Artificial intelligence in oral health care: Friend or ' | DOI: 'No DOI'
  Status: Enriched 0 field(s) during run.
  ❌ FAILED / STILL MISSING COLUMNS (5): ['Author', 'Abstract', 'Article References', 'Times Cited', 'Publication Year']

• [Row 840] Source: Asano-original-simplified.csv
  Title: 'Ethical aspects of artificial intelligence in general s' | DOI: '10.1590/0100-6991e-20243762EDIT01-en'
  Status: Enriched 6 field(s) during run.
  ❌ FAILED / STILL MISSING COLUMNS (1): ['Abstract']

• [Row 844] Source: Asano-original-simplified.csv
  Title: 'Case Reports and Artificial Intelligence: Picking a Pea' | DOI: '10.31662/jmaj.2026-0135'
  Status: Enriched 5 field(s) during run.
  ❌ FAILED / STILL MISSING COLUMNS (2): ['Abstract', 'Article References']

• [Row 847] Source: Asano-original-simplified.csv
  Title: 'Medical Education and Artificial Intelligence: Some Sug' | DOI: '10.31662/jmaj.2025-0335'
  Status: Enriched 5 field(s) during run.
  ❌ FAILED / STILL MISSING COLUMNS (2): ['Abstract', 'Article References']

• [Row 848] Source: Asano-original-simplified.csv
  Title: 'Artificial intelligence and palliative care' | DOI: '10.12968/ijpn.2025.0018'
  Status: Enriched 6 field(s) during run.
  ❌ FAILED / STILL MISSING COLUMNS (1): ['Abstract']

• [Row 849] Source: Asano-original-simplified.csv
  Title: 'Artificial Intelligence in Ophthalmology: Present and F' | DOI: 'No DOI'
  Status: Enriched 5 field(s) during run.
  ❌ FAILED / STILL MISSING COLUMNS (2): ['Abstract', 'Article References']

• [Row 850] Source: Asano-original-simplified.csv
  Title: 'Artificial Intelligence/ChatGPT-Generated Manuscripts a' | DOI: '10.1016/j.jogc.2023.102192'
  Status: Enriched 6 field(s) during run.
  ❌ FAILED / STILL MISSING COLUMNS (1): ['Abstract']

• [Row 852] Source: Asano-original-simplified.csv
  Title: 'Conversations on the nature of reality' | DOI: '10.1111/nyas.14287'
  Status: Enriched 6 field(s) during run.
  ❌ FAILED / STILL MISSING COLUMNS (1): ['Article References']

• [Row 854] Source: Asano-original-simplified.csv
  Title: 'Rethinking livestock farming for artificial intelligenc' | DOI: '10.1093/af/vfag006'
  Status: Enriched 6 field(s) during run.
  ❌ FAILED / STILL MISSING COLUMNS (1): ['Abstract']

• [Row 855] Source: Asano-original-simplified.csv
  Title: 'Conference on Medical Artificial Intelligence: Analysis' | DOI: '10.31662/jmaj.2025-0477'
  Status: Enriched 6 field(s) during run.
  ❌ FAILED / STILL MISSING COLUMNS (1): ['Article References']

• [Row 856] Source: Asano-original-simplified.csv
  Title: 'Replacing Multidisciplinary Team Meetings With Artifici' | DOI: '10.1007/s12029-025-01346-1'
  Status: Enriched 6 field(s) during run.
  ❌ FAILED / STILL MISSING COLUMNS (1): ['Abstract']

• [Row 858] Source: Asano-original-simplified.csv
  Title: 'Conversations on the nature of reality' | DOI: '10.1111/nyas.14283'
  Status: Enriched 6 field(s) during run.
  ❌ FAILED / STILL MISSING COLUMNS (1): ['Article References']

• [Row 866] Source: Asano-original-simplified.csv
  Title: '[Ethical Issues of Medical Artificial Intelligence]' | DOI: '10.3881/j.issn.1000-503X.10961'
  Status: Enriched 6 field(s) during run.
  ❌ FAILED / STILL MISSING COLUMNS (1): ['Article References']

• [Row 877] Source: Asano-original-simplified.csv
  Title: 'Monitoring Mental Health: Legal and Ethical Considerati' | DOI: '10.1017/amj.2023.30'
  Status: Enriched 6 field(s) during run.
  ❌ FAILED / STILL MISSING COLUMNS (1): ['Article References']

• [Row 884] Source: Asano-original-simplified.csv
  Title: 'Artificial intelligence in biobanking: current situatio' | DOI: 'No DOI'
  Status: Enriched 6 field(s) during run.
  ❌ FAILED / STILL MISSING COLUMNS (1): ['Article References']

• [Row 887] Source: Asano-original-simplified.csv
  Title: 'Introducing the Prehospital and Disaster Medicine Speci' | DOI: '10.1017/S1049023X25101337'
  Status: Enriched 6 field(s) during run.
  ❌ FAILED / STILL MISSING COLUMNS (1): ['Article References']

• [Row 895] Source: Asano-original-simplified.csv
  Title: 'The Role of Artificial Intelligence in Surgery' | DOI: '10.1016/j.yasu.2020.05.010'
  Status: Enriched 6 field(s) during run.
  ❌ FAILED / STILL MISSING COLUMNS (1): ['Abstract']

• [Row 896] Source: Asano-original-simplified.csv
  Title: 'Artificial intelligence and modern information and comm' | DOI: 'No DOI'
  Status: Enriched 6 field(s) during run.
  ❌ FAILED / STILL MISSING COLUMNS (1): ['Article References']

• [Row 902] Source: Asano-original-simplified.csv
  Title: 'Current Trends in Ethical Research on Clinical AI Appli' | DOI: '10.3233/SHTI251331'
  Status: Enriched 6 field(s) during run.
  ❌ FAILED / STILL MISSING COLUMNS (1): ['Article References']

• [Row 908] Source: Asano-original-simplified.csv
  Title: 'Conversation between a clinical biologist and an artifi' | DOI: '10.1684/abc.2023.1829'
  Status: Enriched 6 field(s) during run.
  ❌ FAILED / STILL MISSING COLUMNS (1): ['Article References']

• [Row 918] Source: Asano-original-simplified.csv
  Title: '[The development of ophthalmology in artificial intelli' | DOI: '10.3760/cma.j.issn.0412-4081.2018.09.002'
  Status: Enriched 6 field(s) during run.
  ❌ FAILED / STILL MISSING COLUMNS (1): ['Article References']

• [Row 919] Source: Asano-original-simplified.csv
  Title: 'Harnessing Generative Artificial Intelligence for Medic' | DOI: '10.1097/ACM.0000000000005760'
  Status: Enriched 6 field(s) during run.
  ❌ FAILED / STILL MISSING COLUMNS (1): ['Article References']

• [Row 920] Source: Asano-original-simplified.csv
  Title: 'Chapitre 8. Hommes ou robots dans lespace. Approches é' | DOI: '10.3917/jibes.303.0135'
  Status: Enriched 6 field(s) during run.
  ❌ FAILED / STILL MISSING COLUMNS (1): ['Article References']

• [Row 923] Source: Asano-original-simplified.csv
  Title: 'From Using AI to Relating Through AI: A Postphenomenolo' | DOI: '10.1111/nup.70090'
  Status: Enriched 6 field(s) during run.
  ❌ FAILED / STILL MISSING COLUMNS (1): ['Article References']

• [Row 926] Source: Asano-original-simplified.csv
  Title: 'Artificial intelligence: expert systems' | DOI: 'No DOI'
  Status: Enriched 0 field(s) during run.
  ❌ FAILED / STILL MISSING COLUMNS (5): ['Author', 'Abstract', 'Article References', 'Times Cited', 'Publication Year']

• [Row 927] Source: Asano-original-simplified.csv
  Title: 'Artificial Intelligence in Emergency Medicine: Surmount' | DOI: '10.1016/j.annemergmed.2019.12.024'
  Status: Enriched 6 field(s) during run.
  ❌ FAILED / STILL MISSING COLUMNS (1): ['Abstract']

• [Row 929] Source: Asano-original-simplified.csv
  Title: 'Artificial Intelligence to Advance Precision Oral Healt' | DOI: '10.11607/prd.7762'
  Status: Enriched 5 field(s) during run.
  ❌ FAILED / STILL MISSING COLUMNS (2): ['Abstract', 'Article References']

• [Row 931] Source: Asano-original-simplified.csv
  Title: 'Artificial intelligence, authorship and publication of ' | DOI: '10.1016/j.crwh.2023.e00553'
  Status: Enriched 6 field(s) during run.
  ❌ FAILED / STILL MISSING COLUMNS (1): ['Abstract']

• [Row 932] Source: Asano-original-simplified.csv
  Title: '[PERSPECTIVE: AI IN DIAGNOSTIC MEDICINE]' | DOI: '10.15036/arerugi.69.658'
  Status: Enriched 5 field(s) during run.
  ❌ FAILED / STILL MISSING COLUMNS (2): ['Abstract', 'Article References']

• [Row 936] Source: Asano-original-simplified.csv
  Title: 'Special issue editorial: Advancing psychoneuroendocrino' | DOI: '10.1016/j.psyneuen.2025.107571'
  Status: Enriched 6 field(s) during run.
  ❌ FAILED / STILL MISSING COLUMNS (1): ['Abstract']

• [Row 942] Source: Asano-original-simplified.csv
  Title: 'The Role of the FDA in Ensuring the Safety and Efficacy' | DOI: '10.1016/j.jacr.2018.09.007'
  Status: Enriched 6 field(s) during run.
  ❌ FAILED / STILL MISSING COLUMNS (1): ['Abstract']

• [Row 943] Source: Asano-original-simplified.csv
  Title: 'Predicting Patient Preferences with Artificial Intellig' | DOI: '10.1080/15265161.2024.2353832'
  Status: Enriched 6 field(s) during run.
  ❌ FAILED / STILL MISSING COLUMNS (1): ['Abstract']

• [Row 945] Source: Asano-original-simplified.csv
  Title: 'Role of Artificial Intelligence in Imaging: From A Radi' | DOI: '10.14744/AnatolJCardiol.2019.35625'
  Status: Enriched 5 field(s) during run.
  ❌ FAILED / STILL MISSING COLUMNS (2): ['Abstract', 'Article References']

• [Row 948] Source: Asano-original-simplified.csv
  Title: '[Application prospect of artificial intelligence in bas' | DOI: '10.13703/j.0255-2930.20250131-k0002'
  Status: Enriched 6 field(s) during run.
  ❌ FAILED / STILL MISSING COLUMNS (1): ['Article References']

• [Row 964] Source: Asano-original-simplified.csv
  Title: 'Food: use artificial intelligence to create new protein' | DOI: '10.1038/d41586-022-03759-5'
  Status: Enriched 5 field(s) during run.
  ❌ FAILED / STILL MISSING COLUMNS (2): ['Abstract', 'Article References']

• [Row 980] Source: Asano-original-simplified.csv
  Title: 'Is Artificial Intelligence Ready for "Primetime" in Uro' | DOI: '10.1111/bju.15633'
  Status: Enriched 5 field(s) during run.
  ❌ FAILED / STILL MISSING COLUMNS (2): ['Author', 'Article References']

• [Row 981] Source: Asano-original-simplified.csv
  Title: 'Human Rights and Artificial Intelligence in Healthcare-' | DOI: '10.1163/15718093-bja10146'
  Status: Enriched 6 field(s) during run.
  ❌ FAILED / STILL MISSING COLUMNS (1): ['Article References']

• [Row 986] Source: Asano-original-simplified.csv
  Title: 'Reckoning With AI in Primary and Secondary School Educa' | DOI: '10.2196/110324'
  Status: Enriched 6 field(s) during run.
  ❌ FAILED / STILL MISSING COLUMNS (1): ['Article References']

• [Row 987] Source: Asano-original-simplified.csv
  Title: 'Correction: Advancing artificial intelligence ethics in' | DOI: '10.3389/fgene.2026.1769636'
  Status: Enriched 6 field(s) during run.
  ❌ FAILED / STILL MISSING COLUMNS (1): ['Article References']

• [Row 989] Source: Asano-original-simplified.csv
  Title: 'Integrating artificial intelligence into functional and' | DOI: '10.1016/j.asjsur.2024.07.219'
  Status: Enriched 5 field(s) during run.
  ❌ FAILED / STILL MISSING COLUMNS (2): ['Abstract', 'Article References']

• [Row 990] Source: Asano-original-simplified.csv
  Title: 'The Application of mHealth and Artificial Intelligence ' | DOI: '10.1016/j.jaip.2024.04.019'
  Status: Enriched 6 field(s) during run.
  ❌ FAILED / STILL MISSING COLUMNS (1): ['Abstract']

• [Row 991] Source: Asano-original-simplified.csv
  Title: 'Artificial intelligence-derived dermatology case report' | DOI: '10.1016/j.jaad.2023.04.005'
  Status: Enriched 6 field(s) during run.
  ❌ FAILED / STILL MISSING COLUMNS (1): ['Abstract']

• [Row 993] Source: Asano-original-simplified.csv
  Title: 'Artificial Intelligence Training in Canadian Dermatolog' | DOI: '10.1177/12034754221143081'
  Status: Enriched 6 field(s) during run.
  ❌ FAILED / STILL MISSING COLUMNS (1): ['Abstract']

• [Row 994] Source: Asano-original-simplified.csv
  Title: 'Artificial Intelligence to Extract Endogenous Tissue Ch' | DOI: '10.1161/CIRCULATIONAHA.122.062147'
  Status: Enriched 6 field(s) during run.
  ❌ FAILED / STILL MISSING COLUMNS (1): ['Abstract']

• [Row 996] Source: Asano-original-simplified.csv
  Title: 'A Framework for Applied AI in Healthcare' | DOI: '10.3233/SHTI190751'
  Status: Enriched 6 field(s) during run.
  ❌ FAILED / STILL MISSING COLUMNS (1): ['Article References']

• [Row 1000] Source: Asano-original-simplified.csv
  Title: 'A Use Case for Generative AI in Medical Education' | DOI: '10.2196/56117'
  Status: Enriched 6 field(s) during run.
  ❌ FAILED / STILL MISSING COLUMNS (1): ['Abstract']

• [Row 1001] Source: Asano-original-simplified.csv
  Title: 'Generative artificial intelligence ChatGPT-4: A transfo' | DOI: '10.1016/j.genhosppsych.2024.05.004'
  Status: Enriched 6 field(s) during run.
  ❌ FAILED / STILL MISSING COLUMNS (1): ['Abstract']

• [Row 1003] Source: Asano-original-simplified.csv
  Title: 'Artificial Intelligence to Speed Up Training in Echocar' | DOI: '10.1161/CIRCIMAGING.123.016148'
  Status: Enriched 6 field(s) during run.
  ❌ FAILED / STILL MISSING COLUMNS (1): ['Abstract']

• [Row 1004] Source: Asano-original-simplified.csv
  Title: 'Retinal Physicians' Views on Artificial Intelligence Ad' | DOI: '10.1016/j.oret.2023.07.017'
  Status: Enriched 6 field(s) during run.
  ❌ FAILED / STILL MISSING COLUMNS (1): ['Abstract']

• [Row 1005] Source: Asano-original-simplified.csv
  Title: 'Chatting or cheating? The impacts of ChatGPT and other ' | DOI: '10.1016/j.nedt.2023.105796'
  Status: Enriched 6 field(s) during run.
  ❌ FAILED / STILL MISSING COLUMNS (1): ['Abstract']

• [Row 1009] Source: Asano-original-simplified.csv
  Title: 'How artificial intelligence and internet of things can ' | DOI: '10.1016/j.dsx.2021.04.021'
  Status: Enriched 6 field(s) during run.
  ❌ FAILED / STILL MISSING COLUMNS (1): ['Abstract']

• [Row 1011] Source: Asano-original-simplified.csv
  Title: 'Using artificial intelligence for pulmonary TB preventi' | DOI: '10.1016/j.ijtb.2020.11.008'
  Status: Enriched 6 field(s) during run.
  ❌ FAILED / STILL MISSING COLUMNS (1): ['Abstract']

• [Row 1017] Source: Asano-original-simplified.csv
  Title: 'AI-Supported Practice in ASIA Education: A Conservative' | DOI: '10.46292/sci26-00006'
  Status: Enriched 6 field(s) during run.
  ❌ FAILED / STILL MISSING COLUMNS (1): ['Article References']

• [Row 1019] Source: Asano-original-simplified.csv
  Title: 'Editorial: Artificial intelligence and mental health ca' | DOI: '10.3389/fpubh.2024.1461446'
  Status: Enriched 6 field(s) during run.
  ❌ FAILED / STILL MISSING COLUMNS (1): ['Article References']

• [Row 1021] Source: Asano-original-simplified.csv
  Title: 'Optimizing the Use of Artificial Intelligence in Cardio' | DOI: '10.1016/j.jcin.2024.05.016'
  Status: Enriched 6 field(s) during run.
  ❌ FAILED / STILL MISSING COLUMNS (1): ['Abstract']

• [Row 1027] Source: Asano-original-simplified.csv
  Title: 'Elements of a Good Radiology Artificial Intelligence Pa' | DOI: '10.1177/08465371221101195'
  Status: Enriched 6 field(s) during run.
  ❌ FAILED / STILL MISSING COLUMNS (1): ['Abstract']

• [Row 1030] Source: Asano-original-simplified.csv
  Title: '[Artificial intelligence: basic concepts]' | DOI: 'No DOI'
  Status: Enriched 0 field(s) during run.
  ❌ FAILED / STILL MISSING COLUMNS (5): ['Author', 'Abstract', 'Article References', 'Times Cited', 'Publication Year']

• [Row 1031] Source: Asano-original-simplified.csv
  Title: 'Promise and Perils of Big Data and Artificial Intellige' | DOI: '10.1161/CIRCRESAHA.118.314119'
  Status: Enriched 6 field(s) during run.
  ❌ FAILED / STILL MISSING COLUMNS (1): ['Abstract']

• [Row 1033] Source: Asano-original-simplified.csv
  Title: 'Remote Monitoring and Artificial Intelligence: Novel Te' | DOI: '10.1213/ANE.0000000000007176'
  Status: Enriched 6 field(s) during run.
  ❌ FAILED / STILL MISSING COLUMNS (1): ['Abstract']

• [Row 1035] Source: Asano-original-simplified.csv
  Title: 'Clinical research underlies ethical integration of heal' | DOI: '10.1038/s41591-020-1035-9'
  Status: Enriched 6 field(s) during run.
  ❌ FAILED / STILL MISSING COLUMNS (1): ['Abstract']

• [Row 1036] Source: Asano-original-simplified.csv
  Title: 'Radiomics - Using Artificial Intelligence in the Quest ' | DOI: '10.29271/jcpsp.2019.02.99'
  Status: Enriched 6 field(s) during run.
  ❌ FAILED / STILL MISSING COLUMNS (1): ['Abstract']

• [Row 1037] Source: Asano-original-simplified.csv
  Title: 'Artificial intelligence identifies new small-molecule s' | DOI: '10.1038/s43587-023-00422-0'
  Status: Enriched 6 field(s) during run.
  ❌ FAILED / STILL MISSING COLUMNS (1): ['Author']

• [Row 1043] Source: Asano-original-simplified.csv
  Title: 'Legal and ethical principles governing the use of artif' | DOI: '10.1111/dewb.12436'
  Status: Enriched 6 field(s) during run.
  ❌ FAILED / STILL MISSING COLUMNS (1): ['Article References']

• [Row 1044] Source: Asano-original-simplified.csv
  Title: 'Artificial Intelligence and Machine Learning' | DOI: 'No DOI'
  Status: Enriched 0 field(s) during run.
  ❌ FAILED / STILL MISSING COLUMNS (5): ['Author', 'Abstract', 'Article References', 'Times Cited', 'Publication Year']

• [Row 1045] Source: Asano-original-simplified.csv
  Title: 'Program good ethics into artificial intelligence' | DOI: '10.1038/538291a'
  Status: Enriched 6 field(s) during run.
  ❌ FAILED / STILL MISSING COLUMNS (1): ['Article References']

• [Row 1046] Source: Asano-original-simplified.csv
  Title: 'Computer memory banks: promise of artificial intelligen' | DOI: 'No DOI'
  Status: Enriched 0 field(s) during run.
  ❌ FAILED / STILL MISSING COLUMNS (5): ['Author', 'Abstract', 'Article References', 'Times Cited', 'Publication Year']

• [Row 1047] Source: Asano-original-simplified.csv
  Title: 'A Turing test for artificial intelligence in cancer' | DOI: '10.1038/s43018-020-0041-7'
  Status: Enriched 4 field(s) during run.
  ❌ FAILED / STILL MISSING COLUMNS (3): ['Author', 'Abstract', 'Article References']

• [Row 1048] Source: Asano-original-simplified.csv
  Title: 'Cyberinsights: Artificial Intelligence: Friend and Foe' | DOI: '10.2345/0899-8205-53.5.378'
  Status: Enriched 6 field(s) during run.
  ❌ FAILED / STILL MISSING COLUMNS (1): ['Abstract']

• [Row 1049] Source: Asano-original-simplified.csv
  Title: 'Holding artificial intelligence to account' | DOI: '10.1016/S2589-7500(22)00068-1'
  Status: Enriched 6 field(s) during run.
  ❌ FAILED / STILL MISSING COLUMNS (1): ['Article References']

• [Row 1051] Source: Asano-original-simplified.csv
  Title: 'The cost of convenient truths: artificial intelligence ' | DOI: '10.1016/j.matbio.2026.102028'
  Status: Enriched 6 field(s) during run.
  ❌ FAILED / STILL MISSING COLUMNS (1): ['Abstract']

• [Row 1053] Source: Asano-original-simplified.csv
  Title: 'The Future Was Yesterday: Artificial Intelligence in Ne' | DOI: '10.1159/000551248'
  Status: Enriched 6 field(s) during run.
  ❌ FAILED / STILL MISSING COLUMNS (1): ['Abstract']

• [Row 1054] Source: Asano-original-simplified.csv
  Title: 'Reply to "Medical Education and Artificial Intelligence' | DOI: '10.31662/jmaj.2025-0384'
  Status: Enriched 5 field(s) during run.
  ❌ FAILED / STILL MISSING COLUMNS (2): ['Abstract', 'Article References']

• [Row 1056] Source: Asano-original-simplified.csv
  Title: 'Artificial Intelligence Makes Diagnosis Faster and Chea' | DOI: '10.1016/j.ejvs.2025.05.033'
  Status: Enriched 6 field(s) during run.
  ❌ FAILED / STILL MISSING COLUMNS (1): ['Abstract']

• [Row 1058] Source: Asano-original-simplified.csv
  Title: 'Artificial Intelligence: The Eye-Opening and Heart-Stop' | DOI: 'No DOI'
  Status: Enriched 0 field(s) during run.
  ❌ FAILED / STILL MISSING COLUMNS (5): ['Author', 'Abstract', 'Article References', 'Times Cited', 'Publication Year']

• [Row 1059] Source: Asano-original-simplified.csv
  Title: 'Artificial Intelligence in Medicine: An Endeavor to the' | DOI: 'No DOI'
  Status: Enriched 0 field(s) during run.
  ❌ FAILED / STILL MISSING COLUMNS (5): ['Author', 'Abstract', 'Article References', 'Times Cited', 'Publication Year']

• [Row 1064] Source: Asano-original-simplified.csv
  Title: 'A Small Hope for Journals: Declaring Philosophy for Art' | DOI: '10.1111/jep.70574'
  Status: Enriched 6 field(s) during run.
  ❌ FAILED / STILL MISSING COLUMNS (1): ['Abstract']

• [Row 1066] Source: Asano-original-simplified.csv
  Title: 'Haptic artificial intelligence: Translating tactile per' | DOI: '10.1016/j.jaad.2025.12.085'
  Status: Enriched 6 field(s) during run.
  ❌ FAILED / STILL MISSING COLUMNS (1): ['Abstract']

• [Row 1067] Source: Asano-original-simplified.csv
  Title: 'Artificial Intelligence in Interventional Pulmonology: ' | DOI: '10.1159/000548742'
  Status: Enriched 6 field(s) during run.
  ❌ FAILED / STILL MISSING COLUMNS (1): ['Abstract']

• [Row 1068] Source: Asano-original-simplified.csv
  Title: 'Artificial intelligence in ECG interpretation: Promise ' | DOI: '10.1016/j.ejim.2025.106441'
  Status: Enriched 6 field(s) during run.
  ❌ FAILED / STILL MISSING COLUMNS (1): ['Abstract']

• [Row 1069] Source: Asano-original-simplified.csv
  Title: 'Artificial Intelligence Moving Into Respiratory Medicin' | DOI: '10.1111/resp.70093'
  Status: Enriched 6 field(s) during run.
  ❌ FAILED / STILL MISSING COLUMNS (1): ['Article References']

• [Row 1070] Source: Asano-original-simplified.csv
  Title: 'Radiology in the era of artificial intelligence (AI): O' | DOI: '10.1016/j.mjafi.2023.05.003'
  Status: Enriched 6 field(s) during run.
  ❌ FAILED / STILL MISSING COLUMNS (1): ['Abstract']

• [Row 1071] Source: Asano-original-simplified.csv
  Title: '<italic>Acta Haematologica</italic> in the Era of Artif' | DOI: '10.1159/000552225'
  Status: Enriched 5 field(s) during run.
  ❌ FAILED / STILL MISSING COLUMNS (2): ['Abstract', 'Article References']

• [Row 1073] Source: Asano-original-simplified.csv
  Title: 'Not All Intelligence is Artificial: Data Science, Autom' | DOI: '10.1089/omi.2019.0003'
  Status: Enriched 6 field(s) during run.
  ❌ FAILED / STILL MISSING COLUMNS (1): ['Abstract']

• [Row 1076] Source: Asano-original-simplified.csv
  Title: 'Incorporating Artificial Intelligence Into Stroke Care ' | DOI: '10.1161/STROKEAHA.120.031295'
  Status: Enriched 6 field(s) during run.
  ❌ FAILED / STILL MISSING COLUMNS (1): ['Abstract']

• [Row 1082] Source: Asano-original-simplified.csv
  Title: 'Transformation Versus Innovation in Digital Health Care' | DOI: '10.2196/105359'
  Status: Enriched 6 field(s) during run.
  ❌ FAILED / STILL MISSING COLUMNS (1): ['Article References']

• [Row 1084] Source: Asano-original-simplified.csv
  Title: 'Navigating Medical School with AI: A Student's Perspect' | DOI: '10.31729/jnma.9072'
  Status: Enriched 6 field(s) during run.
  ❌ FAILED / STILL MISSING COLUMNS (1): ['Article References']

• [Row 1085] Source: Asano-original-simplified.csv
  Title: 'Developing a CHECK approach to artificial intelligence ' | DOI: '10.1016/j.nepr.2024.104055'
  Status: Enriched 6 field(s) during run.
  ❌ FAILED / STILL MISSING COLUMNS (1): ['Abstract']

• [Row 1087] Source: Asano-original-simplified.csv
  Title: 'Instructional support on first aid in choking by an art' | DOI: '10.1016/j.ajem.2023.06.010'
  Status: Enriched 6 field(s) during run.
  ❌ FAILED / STILL MISSING COLUMNS (1): ['Abstract']

• [Row 1088] Source: Asano-original-simplified.csv
  Title: 'Artificial Intelligence, Left Atrial Ventricular Coupli' | DOI: '10.1016/j.jcmg.2023.03.012'
  Status: Enriched 6 field(s) during run.
  ❌ FAILED / STILL MISSING COLUMNS (1): ['Abstract']

• [Row 1091] Source: Asano-original-simplified.csv
  Title: 'New Guidance: From Infection Hazards to Artificial Inte' | DOI: '10.1097/01.ASW.0000923088.50751.87'
  Status: Enriched 6 field(s) during run.
  ❌ FAILED / STILL MISSING COLUMNS (1): ['Author']

• [Row 1095] Source: Asano-original-simplified.csv
  Title: 'The Impact of Telemedicine and Artificial Intelligence ' | DOI: '10.3233/SHTI260931'
  Status: Enriched 6 field(s) during run.
  ❌ FAILED / STILL MISSING COLUMNS (1): ['Article References']

• [Row 1096] Source: Asano-original-simplified.csv
  Title: 'Hyperdiagnosis: Nosophobia and the Rise of Health Anxie' | DOI: '10.31729/jnma.v63i290.9199'
  Status: Enriched 6 field(s) during run.
  ❌ FAILED / STILL MISSING COLUMNS (1): ['Article References']

• [Row 1108] Source: Asano-original-simplified.csv
  Title: 'Unlocking Public Health Data: Navigating New Legal Guar' | DOI: '10.1017/jme.2024.40'
  Status: Enriched 6 field(s) during run.
  ❌ FAILED / STILL MISSING COLUMNS (1): ['Article References']

• [Row 1112] Source: Asano-original-simplified.csv
  Title: '[Generative artificial intelligence and large language ' | DOI: 'No DOI'
  Status: Enriched 1 field(s) during run.
  ❌ FAILED / STILL MISSING COLUMNS (4): ['Author', 'Article References', 'Times Cited', 'Publication Year']

• [Row 1124] Source: Asano-original-simplified.csv
  Title: 'Artificial Intelligence in Cardiovascular Medicine: His' | DOI: '10.14503/THIJ-20-7527'
  Status: Enriched 6 field(s) during run.
  ❌ FAILED / STILL MISSING COLUMNS (1): ['Article References']

• [Row 1133] Source: Asano-original-simplified.csv
  Title: '[Study on Technical Risks and Primary Responsibility of' | DOI: '10.3969/j.issn.1671-7104.2021.01.014'
  Status: Enriched 6 field(s) during run.
  ❌ FAILED / STILL MISSING COLUMNS (1): ['Article References']

• [Row 1134] Source: Asano-original-simplified.csv
  Title: 'Embracing the Future: Using Artificial Intelligence in ' | DOI: 'No DOI'
  Status: Enriched 1 field(s) during run.
  ❌ FAILED / STILL MISSING COLUMNS (4): ['Author', 'Article References', 'Times Cited', 'Publication Year']

• [Row 1140] Source: Asano-original-simplified.csv
  Title: '[Artificial intelligence and its medical applications]' | DOI: 'No DOI'
  Status: Enriched 0 field(s) during run.
  ❌ FAILED / STILL MISSING COLUMNS (5): ['Author', 'Abstract', 'Article References', 'Times Cited', 'Publication Year']

• [Row 1141] Source: Asano-original-simplified.csv
  Title: 'Integrating Artificial Intelligence into Endoscopy Trai' | DOI: '10.1016/j.giec.2026.01.012'
  Status: Enriched 4 field(s) during run.
  ❌ FAILED / STILL MISSING COLUMNS (2): ['Article References', 'Times Cited']

• [Row 1142] Source: Asano-original-simplified.csv
  Title: 'AI, humanity, and the open world of health care: enduri' | DOI: '10.1093/jamia/ocag099'
  Status: Enriched 6 field(s) during run.
  ❌ FAILED / STILL MISSING COLUMNS (1): ['Article References']

• [Row 1145] Source: Asano-original-simplified.csv
  Title: 'A Summary of Artificial Intelligence in Gynecologic Sur' | DOI: '10.1097/GRF.0000000000000986'
  Status: Enriched 6 field(s) during run.
  ❌ FAILED / STILL MISSING COLUMNS (1): ['Article References']

• [Row 1151] Source: Asano-original-simplified.csv
  Title: 'Why traditional validation may fall short for artificia' | DOI: '10.1080/17576180.2025.2535219'
  Status: Enriched 6 field(s) during run.
  ❌ FAILED / STILL MISSING COLUMNS (1): ['Article References']

• [Row 1176] Source: Asano-original-simplified.csv
  Title: 'Artificial Intelligence and Medicine: History, Current ' | DOI: '10.2174/1573402116666200714150953'
  Status: Enriched 6 field(s) during run.
  ❌ FAILED / STILL MISSING COLUMNS (1): ['Article References']

• [Row 1178] Source: Asano-original-simplified.csv
  Title: '[Advances in the research of artificial intelligence te' | DOI: '10.3760/cma.j.cn501120-20190403-00162'
  Status: Enriched 6 field(s) during run.
  ❌ FAILED / STILL MISSING COLUMNS (1): ['Article References']

• [Row 1191] Source: Asano-original-simplified.csv
  Title: 'An overview of artificial intelligence applications in ' | DOI: 'No DOI'
  Status: Enriched 1 field(s) during run.
  ❌ FAILED / STILL MISSING COLUMNS (4): ['Author', 'Article References', 'Times Cited', 'Publication Year']

• [Row 1215] Source: Asano-original-simplified.csv
  Title: 'Reflections around ethics, human intelligence and artif' | DOI: '10.24875/GMM.M21000561'
  Status: Enriched 6 field(s) during run.
  ❌ FAILED / STILL MISSING COLUMNS (1): ['Article References']

• [Row 1222] Source: Asano-original-simplified.csv
  Title: '[Application of artificial intelligence in diagnosis of' | DOI: '10.3760/cma.j.issn.0253-3766.2018.12.003'
  Status: Enriched 6 field(s) during run.
  ❌ FAILED / STILL MISSING COLUMNS (1): ['Article References']

• [Row 1224] Source: Asano-original-simplified.csv
  Title: 'Medical Article Assessment Using Artificial Intelligenc' | DOI: '10.4293/JSLS.2026.00066'
  Status: Enriched 6 field(s) during run.
  ❌ FAILED / STILL MISSING COLUMNS (1): ['Article References']

• [Row 1225] Source: Asano-original-simplified.csv
  Title: 'Conformal Prediction in Clinical Artificial Intelligenc' | DOI: '10.1016/j.chest.2025.07.4116'
  Status: Enriched 6 field(s) during run.
  ❌ FAILED / STILL MISSING COLUMNS (1): ['Abstract']

• [Row 1226] Source: Asano-original-simplified.csv
  Title: '[Ethics and artificial intelligence in health: The emer' | DOI: '10.1016/j.annpat.2019.02.007'
  Status: Enriched 6 field(s) during run.
  ❌ FAILED / STILL MISSING COLUMNS (1): ['Abstract']

• [Row 1228] Source: Asano-original-simplified.csv
  Title: 'In Reply to the Letter to the Editor Regarding: "Medica' | DOI: '10.1016/j.wneu.2024.05.094'
  Status: Enriched 6 field(s) during run.
  ❌ FAILED / STILL MISSING COLUMNS (1): ['Abstract']

• [Row 1229] Source: Asano-original-simplified.csv
  Title: 'Image Consent and the Development of Image-Based Artifi' | DOI: '10.1001/jamadermatol.2022.0108'
  Status: Enriched 6 field(s) during run.
  ❌ FAILED / STILL MISSING COLUMNS (1): ['Abstract']

• [Row 1234] Source: Asano-original-simplified.csv
  Title: 'Maintaining the Human Voice in Scientific Writing in th' | DOI: '10.31662/jmaj.2025-0517'
  Status: Enriched 6 field(s) during run.
  ❌ FAILED / STILL MISSING COLUMNS (1): ['Article References']

• [Row 1236] Source: Asano-original-simplified.csv
  Title: 'A Hypothetical Experiment: Evaluating the Real-world Im' | DOI: '10.31662/jmaj.2024-0411'
  Status: Enriched 5 field(s) during run.
  ❌ FAILED / STILL MISSING COLUMNS (2): ['Abstract', 'Article References']

• [Row 1240] Source: Asano-original-simplified.csv
  Title: 'The ethics of artificial intelligence in healthcare: Fr' | DOI: '10.1177/08404704241253985'
  Status: Enriched 6 field(s) during run.
  ❌ FAILED / STILL MISSING COLUMNS (1): ['Article References']

• [Row 1243] Source: Asano-original-simplified.csv
  Title: '[Current applications and prospects of artificial intel' | DOI: '10.7507/1002-1892.202601102'
  Status: Enriched 6 field(s) during run.
  ❌ FAILED / STILL MISSING COLUMNS (1): ['Article References']

• [Row 1252] Source: Asano-original-simplified.csv
  Title: 'Can artificial intelligence improve cancer care?' | DOI: '10.1016/S1470-2045(23)00240-1'
  Status: Enriched 5 field(s) during run.
  ❌ FAILED / STILL MISSING COLUMNS (2): ['Abstract', 'Article References']

• [Row 1253] Source: Asano-original-simplified.csv
  Title: 'Artificial intelligence in global health: a brave new w' | DOI: '10.1016/S0140-6736(19)30814-1'
  Status: Enriched 5 field(s) during run.
  ❌ FAILED / STILL MISSING COLUMNS (2): ['Abstract', 'Article References']

• [Row 1255] Source: Asano-original-simplified.csv
  Title: 'Can artificial intelligence change the face of orthopae' | DOI: '10.47391/JPMA.20770'
  Status: Enriched 6 field(s) during run.
  ❌ FAILED / STILL MISSING COLUMNS (1): ['Article References']

• [Row 1258] Source: Asano-original-simplified.csv
  Title: '[Artificial intelligence in mental health: early assess' | DOI: '10.53680/vertex.v36i170.949'
  Status: Enriched 6 field(s) during run.
  ❌ FAILED / STILL MISSING COLUMNS (1): ['Article References']

• [Row 1268] Source: Asano-original-simplified.csv
  Title: 'Implications of artificial intelligence for nurse manag' | DOI: '10.1097/nmg.0000000000000149'
  Status: Enriched 4 field(s) during run.
  ❌ FAILED / STILL MISSING COLUMNS (3): ['Author', 'Abstract', 'Article References']

• [Row 1269] Source: Asano-original-simplified.csv
  Title: 'About artificial intelligence' | DOI: '10.47391/JPMA.22-02'
  Status: Enriched 6 field(s) during run.
  ❌ FAILED / STILL MISSING COLUMNS (1): ['Article References']

• [Row 1270] Source: Asano-original-simplified.csv
  Title: 'Artificial intelligence slips cautiously into the clini' | DOI: '10.1016/S0140-6736(01)06089-5'
  Status: Enriched 5 field(s) during run.
  ❌ FAILED / STILL MISSING COLUMNS (2): ['Abstract', 'Article References']

• [Row 1271] Source: Asano-original-simplified.csv
  Title: '[Drug Discovery - A surge in innovation driven by techn' | DOI: '10.23785/TU.2026.04.002'
  Status: Enriched 6 field(s) during run.
  ❌ FAILED / STILL MISSING COLUMNS (1): ['Article References']

• [Row 1284] Source: Asano-original-simplified.csv
  Title: 'Artificial Intelligence in Research Dissemination' | DOI: '10.1177/01939459231160656'
  Status: Enriched 6 field(s) during run.
  ❌ FAILED / STILL MISSING COLUMNS (1): ['Abstract']

• [Row 1285] Source: Asano-original-simplified.csv
  Title: 'Artificial intelligence: a technology review' | DOI: '10.1016/0019-0578(90)90023-e'
  Status: Enriched 6 field(s) during run.
  ❌ FAILED / STILL MISSING COLUMNS (1): ['Abstract']

• [Row 1286] Source: Asano-original-simplified.csv
  Title: 'Artificial intelligence. Understanding program' | DOI: '10.1038/238012c0'
  Status: Enriched 5 field(s) during run.
  ❌ FAILED / STILL MISSING COLUMNS (2): ['Abstract', 'Article References']

• [Row 1287] Source: Asano-original-simplified.csv
  Title: '[Neurosciences and artificial intelligence]' | DOI: 'No DOI'
  Status: Enriched 0 field(s) during run.
  ❌ FAILED / STILL MISSING COLUMNS (5): ['Author', 'Abstract', 'Article References', 'Times Cited', 'Publication Year']

• [Row 1288] Source: Asano-original-simplified.csv
  Title: 'What every dentist needs to know about the use of artif' | DOI: 'No DOI'
  Status: Enriched 6 field(s) during run.
  ❌ FAILED / STILL MISSING COLUMNS (1): ['Article References']

• [Row 1290] Source: Asano-original-simplified.csv
  Title: 'An Introduction to Generative Artificial Intelligence f' | DOI: '10.12688/f1000research.166513.2'
  Status: Enriched 3 field(s) during run.
  ❌ FAILED / STILL MISSING COLUMNS (3): ['Article References', 'Times Cited', 'Publication Year']

• [Row 1292] Source: Asano-original-simplified.csv
  Title: 'Governance of Artificial Intelligence in an Academic He' | DOI: '10.3233/SHTI260284'
  Status: Enriched 6 field(s) during run.
  ❌ FAILED / STILL MISSING COLUMNS (1): ['Article References']

• [Row 1297] Source: Asano-original-simplified.csv
  Title: 'Establishing an Artificial Intelligence Sandbox for Dia' | DOI: '10.3233/SHTI260029'
  Status: Enriched 6 field(s) during run.
  ❌ FAILED / STILL MISSING COLUMNS (1): ['Article References']

• [Row 1298] Source: Asano-original-simplified.csv
  Title: 'Artificial Intelligence in Gynecologic Imaging' | DOI: '10.1097/GRF.0000000000000984'
  Status: Enriched 6 field(s) during run.
  ❌ FAILED / STILL MISSING COLUMNS (1): ['Article References']

• [Row 1299] Source: Asano-original-simplified.csv
  Title: 'Evaluating ChatGPT-4o's accuracy in answering American ' | DOI: '10.25251/bvjddn46'
  Status: Enriched 6 field(s) during run.
  ❌ FAILED / STILL MISSING COLUMNS (1): ['Article References']

• [Row 1300] Source: Asano-original-simplified.csv
  Title: 'Practice Management: Artificial Intelligence in Marketi' | DOI: '10.1016/j.cden.2025.05.004'
  Status: Enriched 6 field(s) during run.
  ❌ FAILED / STILL MISSING COLUMNS (1): ['Article References']

• [Row 1303] Source: Asano-original-simplified.csv
  Title: '[Application and prospect of artificial intelligence in' | DOI: '10.3760/cma.j.cn121094-20240321-00108'
  Status: Enriched 6 field(s) during run.
  ❌ FAILED / STILL MISSING COLUMNS (1): ['Article References']

• [Row 1308] Source: Asano-original-simplified.csv
  Title: 'Neurocyberethics, a new and pertinent approach to neuro' | DOI: '10.24875/GMM.M24000947'
  Status: Enriched 6 field(s) during run.
  ❌ FAILED / STILL MISSING COLUMNS (1): ['Article References']

• [Row 1314] Source: Asano-original-simplified.csv
  Title: 'Artificial intelligence in neuropathology: Current stat' | DOI: '10.4103/ijpm.ijpm_115_22'
  Status: Enriched 6 field(s) during run.
  ❌ FAILED / STILL MISSING COLUMNS (1): ['Article References']

• [Row 1321] Source: Asano-original-simplified.csv
  Title: '[Advances in the application of artificial intelligence' | DOI: '10.3760/cma.j.issn.1007-3418.2018.08.016'
  Status: Enriched 6 field(s) during run.
  ❌ FAILED / STILL MISSING COLUMNS (1): ['Article References']

• [Row 1322] Source: Asano-original-simplified.csv
  Title: '[Can artificial intelligence help prevent suicide in he' | DOI: '10.12961/aprl.2024.27.04.02'
  Status: Enriched 6 field(s) during run.
  ❌ FAILED / STILL MISSING COLUMNS (1): ['Article References']

• [Row 1323] Source: Asano-original-simplified.csv
  Title: 'Emerging Role of Artificial Intelligence in Academic Pu' | DOI: '10.14423/SMJ.0000000000001704'
  Status: Enriched 6 field(s) during run.
  ❌ FAILED / STILL MISSING COLUMNS (1): ['Abstract']

• [Row 1324] Source: Asano-original-simplified.csv
  Title: 'Chapter 9. Return to the revision of the bioethics law ' | DOI: '10.3917/jibes.344.0167'
  Status: Enriched 6 field(s) during run.
  ❌ FAILED / STILL MISSING COLUMNS (1): ['Article References']

• [Row 1325] Source: Asano-original-simplified.csv
  Title: 'Financing Artificial Intelligence in Medical Imaging: S' | DOI: '10.1016/j.jacr.2019.07.004'
  Status: Enriched 6 field(s) during run.
  ❌ FAILED / STILL MISSING COLUMNS (1): ['Abstract']

• [Row 1330] Source: Asano-original-simplified.csv
  Title: '[Ethical considerations for artificial intelligence-enh' | DOI: '10.7507/1001-5515.202507024'
  Status: Enriched 6 field(s) during run.
  ❌ FAILED / STILL MISSING COLUMNS (1): ['Article References']

• [Row 1333] Source: Asano-original-simplified.csv
  Title: 'Regulating algorithmic care in the European Union: evol' | DOI: '10.1093/medlaw/fwae033'
  Status: Enriched 6 field(s) during run.
  ❌ FAILED / STILL MISSING COLUMNS (1): ['Article References']

• [Row 1336] Source: Asano-original-simplified.csv
  Title: 'Cultivating conditions for artificial intelligence to f' | DOI: '10.1016/S2468-1253(20)30049-2'
  Status: Enriched 6 field(s) during run.
  ❌ FAILED / STILL MISSING COLUMNS (1): ['Article References']

• [Row 1337] Source: Asano-original-simplified.csv
  Title: '[Artificial intelligence with the use of a personal com' | DOI: 'No DOI'
  Status: Enriched 0 field(s) during run.
  ❌ FAILED / STILL MISSING COLUMNS (5): ['Author', 'Abstract', 'Article References', 'Times Cited', 'Publication Year']

• [Row 1338] Source: Asano-original-simplified.csv
  Title: 'Editorial: Artificial intelligence and team work in den' | DOI: 'No DOI'
  Status: Enriched 5 field(s) during run.
  ❌ FAILED / STILL MISSING COLUMNS (2): ['Abstract', 'Article References']

• [Row 1339] Source: Asano-original-simplified.csv
  Title: 'Artificial Intelligence and Nursing: It's All About Tru' | DOI: '10.1016/j.pedhc.2023.06.004'
  Status: Enriched 6 field(s) during run.
  ❌ FAILED / STILL MISSING COLUMNS (1): ['Abstract']

• [Row 1340] Source: Asano-original-simplified.csv
  Title: 'Can artificial intelligence replace humans?' | DOI: '10.1038/s41415-022-4276-9'
  Status: Enriched 6 field(s) during run.
  ❌ FAILED / STILL MISSING COLUMNS (1): ['Article References']

• [Row 1341] Source: Asano-original-simplified.csv
  Title: 'Artificial intelligence implementation in ESWL' | DOI: '10.1038/s41585-021-00475-z'
  Status: Enriched 6 field(s) during run.
  ❌ FAILED / STILL MISSING COLUMNS (1): ['Abstract']

• [Row 1342] Source: Asano-original-simplified.csv
  Title: 'The impact of artificial intelligence on the risk analy' | DOI: '10.1111/j.1539-6924.1987.tb00460.x'
  Status: Enriched 5 field(s) during run.
  ❌ FAILED / STILL MISSING COLUMNS (2): ['Abstract', 'Article References']

• [Row 1347] Source: Asano-original-simplified.csv
  Title: 'Integrating Artificial Intelligence in Stroke Rehabilit' | DOI: '10.47391/JPMA.25-16'
  Status: Enriched 6 field(s) during run.
  ❌ FAILED / STILL MISSING COLUMNS (1): ['Article References']

• [Row 1356] Source: Asano-original-simplified.csv
  Title: 'Enhancing the success of IVF with artificial intelligen' | DOI: '10.1016/S2589-7500(22)00235-7'
  Status: Enriched 6 field(s) during run.
  ❌ FAILED / STILL MISSING COLUMNS (1): ['Article References']

• [Row 1360] Source: Asano-original-simplified.csv
  Title: 'Letter re: Holding the Scalpel: Scientific Authorship a' | DOI: '10.1177/00031348261448891'
  Status: Enriched 6 field(s) during run.
  ❌ FAILED / STILL MISSING COLUMNS (1): ['Abstract']

• [Row 1361] Source: Asano-original-simplified.csv
  Title: 'Ambient Artificial Intelligence in the Operating Room: ' | DOI: '10.1097/SLA.0000000000007073'
  Status: Enriched 5 field(s) during run.
  ❌ FAILED / STILL MISSING COLUMNS (2): ['Abstract', 'Article References']

• [Row 1363] Source: Asano-original-simplified.csv
  Title: 'Artificial Intelligence in Peer Review: Ethical Risks a' | DOI: '10.4274/tao.2025.2025-8-12'
  Status: Enriched 6 field(s) during run.
  ❌ FAILED / STILL MISSING COLUMNS (1): ['Abstract']

• [Row 1365] Source: Asano-original-simplified.csv
  Title: 'Artificial Intelligence in Radiology: Overview of Appli' | DOI: '10.1053/j.ro.2023.01.005'
  Status: Enriched 6 field(s) during run.
  ❌ FAILED / STILL MISSING COLUMNS (1): ['Abstract']

• [Row 1366] Source: Asano-original-simplified.csv
  Title: 'Editorial comment to artificial intelligence X-ray meas' | DOI: '10.1016/j.ejrad.2021.110143'
  Status: Enriched 6 field(s) during run.
  ❌ FAILED / STILL MISSING COLUMNS (1): ['Abstract']

• [Row 1367] Source: Asano-original-simplified.csv
  Title: 'IADR 100 Years On: Driving Science, Engagement, and Glo' | DOI: '10.1177/00220345211049319'
  Status: Enriched 5 field(s) during run.
  ❌ FAILED / STILL MISSING COLUMNS (2): ['Abstract', 'Article References']

• [Row 1370] Source: Asano-original-simplified.csv
  Title: 'Bridging the experiential gap in artificial intelligenc' | DOI: '10.1093/acamed/wvag255'
  Status: Enriched 6 field(s) during run.
  ❌ FAILED / STILL MISSING COLUMNS (1): ['Article References']

• [Row 1372] Source: Asano-original-simplified.csv
  Title: 'Highlights from JAAD Reviews: May 2026 - Artificial int' | DOI: '10.1016/j.jaad.2026.02.070'
  Status: Enriched 6 field(s) during run.
  ❌ FAILED / STILL MISSING COLUMNS (1): ['Abstract']

• [Row 1375] Source: Asano-original-simplified.csv
  Title: 'Thinking like a pathologist: anatomy-anchored artificia' | DOI: '10.1136/jcp-2025-210519'
  Status: Enriched 6 field(s) during run.
  ❌ FAILED / STILL MISSING COLUMNS (1): ['Abstract']

• [Row 1376] Source: Asano-original-simplified.csv
  Title: 'The Potential and Peril of Artificial Intelligence in t' | DOI: '10.2196/89200'
  Status: Enriched 6 field(s) during run.
  ❌ FAILED / STILL MISSING COLUMNS (1): ['Abstract']

• [Row 1379] Source: Asano-original-simplified.csv
  Title: 'A new era of oncology through artificial intelligence' | DOI: '10.1136/esmoopen-2017-000198'
  Status: Enriched 6 field(s) during run.
  ❌ FAILED / STILL MISSING COLUMNS (1): ['Article References']

• [Row 1381] Source: Asano-original-simplified.csv
  Title: 'Artificial intelligence must not leave tropical health ' | DOI: '10.1177/00494755261472181'
  Status: Enriched 6 field(s) during run.
  ❌ FAILED / STILL MISSING COLUMNS (1): ['Abstract']

• [Row 1383] Source: Asano-original-simplified.csv
  Title: 'Real-Time Artificial Intelligence in Neurointervention:' | DOI: '10.1016/j.wneu.2025.124745'
  Status: Enriched 6 field(s) during run.
  ❌ FAILED / STILL MISSING COLUMNS (1): ['Abstract']

• [Row 1384] Source: Asano-original-simplified.csv
  Title: 'Artificial intelligence in dermatology: A matter of tru' | DOI: '10.1016/j.jaad.2025.12.059'
  Status: Enriched 6 field(s) during run.
  ❌ FAILED / STILL MISSING COLUMNS (1): ['Abstract']

• [Row 1386] Source: Asano-original-simplified.csv
  Title: 'The Basics of Artificial Intelligence with Applications' | DOI: '10.1016/j.wneu.2024.10.105'
  Status: Enriched 6 field(s) during run.
  ❌ FAILED / STILL MISSING COLUMNS (1): ['Abstract']

• [Row 1387] Source: Asano-original-simplified.csv
  Title: 'The Risks of Artificial Intelligence in Mental Health C' | DOI: '10.1111/jpm.13119'
  Status: Enriched 6 field(s) during run.
  ❌ FAILED / STILL MISSING COLUMNS (1): ['Abstract']

• [Row 1388] Source: Asano-original-simplified.csv
  Title: 'Bridging the gap: AI in echocardiography for early dete' | DOI: '10.1038/s41440-024-01608-8'
  Status: Enriched 6 field(s) during run.
  ❌ FAILED / STILL MISSING COLUMNS (1): ['Abstract']

• [Row 1394] Source: Asano-original-simplified.csv
  Title: 'Artificial intelligence can help to make animal researc' | DOI: '10.1038/d41586-024-02894-5'
  Status: Enriched 5 field(s) during run.
  ❌ FAILED / STILL MISSING COLUMNS (2): ['Abstract', 'Article References']

• [Row 1396] Source: Asano-original-simplified.csv
  Title: 'Letter to the Editor Regarding "Accuracy of Online Arti' | DOI: '10.1016/j.amepre.2024.03.017'
  Status: Enriched 6 field(s) during run.
  ❌ FAILED / STILL MISSING COLUMNS (1): ['Abstract']

• [Row 1400] Source: Asano-original-simplified.csv
  Title: 'Artificial Intelligence and Biological Age: How Many Ye' | DOI: '10.1016/j.jacep.2026.01.017'
  Status: Enriched 6 field(s) during run.
  ❌ FAILED / STILL MISSING COLUMNS (1): ['Abstract']

• [Row 1401] Source: Asano-original-simplified.csv
  Title: 'Artificial intelligence in nursing care: The gap betwee' | DOI: '10.1016/j.iccn.2024.103747'
  Status: Enriched 6 field(s) during run.
  ❌ FAILED / STILL MISSING COLUMNS (1): ['Abstract']

• [Row 1402] Source: Asano-original-simplified.csv
  Title: 'Artificial Intelligence in Vascular Surgery: Moving fro' | DOI: '10.1016/j.avsg.2020.04.022'
  Status: Enriched 6 field(s) during run.
  ❌ FAILED / STILL MISSING COLUMNS (1): ['Abstract']

• [Row 1404] Source: Asano-original-simplified.csv
  Title: 'Registries and artificial intelligence: investing in th' | DOI: '10.1038/s41409-018-0327-x'
  Status: Enriched 6 field(s) during run.
  ❌ FAILED / STILL MISSING COLUMNS (1): ['Abstract']

• [Row 1405] Source: Asano-original-simplified.csv
  Title: '[I, Robot: artificial intelligence, uniqueness and self' | DOI: 'No DOI'
  Status: Enriched 1 field(s) during run.
  ❌ FAILED / STILL MISSING COLUMNS (4): ['Author', 'Article References', 'Times Cited', 'Publication Year']

• [Row 1406] Source: Asano-original-simplified.csv
  Title: 'How should journals respond to the emerging challenges ' | DOI: '10.1111/imj.16519'
  Status: Enriched 6 field(s) during run.
  ❌ FAILED / STILL MISSING COLUMNS (1): ['Abstract']

• [Row 1407] Source: Asano-original-simplified.csv
  Title: 'Editorial: Artificial intelligence in nephrology' | DOI: '10.3389/fneph.2023.1270769'
  Status: Enriched 6 field(s) during run.
  ❌ FAILED / STILL MISSING COLUMNS (1): ['Article References']

• [Row 1409] Source: Asano-original-simplified.csv
  Title: 'Artificial Intelligence and the Softer Side of Medicine' | DOI: 'No DOI'
  Status: Enriched 0 field(s) during run.
  ❌ FAILED / STILL MISSING COLUMNS (5): ['Author', 'Abstract', 'Article References', 'Times Cited', 'Publication Year']

• [Row 1412] Source: Asano-original-simplified.csv
  Title: 'The Arrival of Artificial Intelligence Large Language M' | DOI: '10.1016/j.jid.2023.10.046'
  Status: Enriched 6 field(s) during run.
  ❌ FAILED / STILL MISSING COLUMNS (1): ['Abstract']

• [Row 1413] Source: Asano-original-simplified.csv
  Title: 'Artificial Intelligence-Based Quantitative Coronary Pla' | DOI: '10.1016/j.jcmg.2023.08.002'
  Status: Enriched 6 field(s) during run.
  ❌ FAILED / STILL MISSING COLUMNS (1): ['Abstract']

• [Row 1414] Source: Asano-original-simplified.csv
  Title: 'Detection and identification of cardiac implanted elect' | DOI: '10.1016/j.hrthm.2022.12.038'
  Status: Enriched 6 field(s) during run.
  ❌ FAILED / STILL MISSING COLUMNS (1): ['Abstract']

• [Row 1418] Source: Asano-original-simplified.csv
  Title: 'The Editor's Desk: Artificial Intelligence' | DOI: 'No DOI'
  Status: Enriched 0 field(s) during run.
  ❌ FAILED / STILL MISSING COLUMNS (5): ['Author', 'Abstract', 'Article References', 'Times Cited', 'Publication Year']

• [Row 1421] Source: Asano-original-simplified.csv
  Title: '[Artificial intelligence. Expert systems]' | DOI: 'No DOI'
  Status: Enriched 0 field(s) during run.
  ❌ FAILED / STILL MISSING COLUMNS (5): ['Author', 'Abstract', 'Article References', 'Times Cited', 'Publication Year']

• [Row 1422] Source: Asano-original-simplified.csv
  Title: 'A Perfect Start with Retrieval-Augmented Generation: Bu' | DOI: '10.3233/SHTI250487'
  Status: Enriched 6 field(s) during run.
  ❌ FAILED / STILL MISSING COLUMNS (1): ['Article References']

• [Row 1428] Source: Asano-original-simplified.csv
  Title: 'Harnessing Artificial Intelligence for Quantitative Ass' | DOI: '10.1016/j.jcmg.2021.05.013'
  Status: Enriched 6 field(s) during run.
  ❌ FAILED / STILL MISSING COLUMNS (1): ['Abstract']

• [Row 1431] Source: Asano-original-simplified.csv
  Title: 'Applications of artificial intelligence in drug discove' | DOI: '10.1042/ETLS20250001'
  Status: Enriched 6 field(s) during run.
  ❌ FAILED / STILL MISSING COLUMNS (1): ['Article References']

• [Row 1433] Source: Asano-original-simplified.csv
  Title: 'Applying AI to Care Management and Claims Processing' | DOI: '10.18043/001c.120569'
  Status: Enriched 6 field(s) during run.
  ❌ FAILED / STILL MISSING COLUMNS (1): ['Article References']

• [Row 1435] Source: Asano-original-simplified.csv
  Title: 'Letter: Chat-GPT on brain tumors: An examination of Art' | DOI: '10.1016/j.clineuro.2024.108270'
  Status: Enriched 6 field(s) during run.
  ❌ FAILED / STILL MISSING COLUMNS (1): ['Abstract']

• [Row 1439] Source: Asano-original-simplified.csv
  Title: 'Trustworthy Artificial Intelligence (TAI) for Patient-C' | DOI: 'No DOI'
  Status: Enriched 0 field(s) during run.
  ❌ FAILED / STILL MISSING COLUMNS (5): ['Author', 'Abstract', 'Article References', 'Times Cited', 'Publication Year']

• [Row 1441] Source: Asano-original-simplified.csv
  Title: 'Response to Felmingham C. et al's "Improving Skin cance' | DOI: '10.1016/j.jaad.2023.03.062'
  Status: Enriched 6 field(s) during run.
  ❌ FAILED / STILL MISSING COLUMNS (1): ['Abstract']

• [Row 1444] Source: Asano-original-simplified.csv
  Title: 'Does artificial intelligence surpass the radiologist?' | DOI: '10.1016/j.diii.2022.08.001'
  Status: Enriched 6 field(s) during run.
  ❌ FAILED / STILL MISSING COLUMNS (1): ['Abstract']

• [Row 1464] Source: Asano-original-simplified.csv
  Title: 'Feeling Heard While Searching for Clarity: A Patient Pe' | DOI: '10.1161/JAHA.126.051288'
  Status: Enriched 6 field(s) during run.
  ❌ FAILED / STILL MISSING COLUMNS (1): ['Abstract']

• [Row 1468] Source: Asano-original-simplified.csv
  Title: 'Artificial Intelligence Use in Forensic Academic Writin' | DOI: '10.29158/JAAPL.250020-25'
  Status: Enriched 5 field(s) during run.
  ❌ FAILED / STILL MISSING COLUMNS (2): ['Abstract', 'Article References']

• [Row 1469] Source: Asano-original-simplified.csv
  Title: 'Keep an Eye on AI: How Artificial Intelligence Is Redef' | DOI: '10.1111/jocd.70225'
  Status: Enriched 6 field(s) during run.
  ❌ FAILED / STILL MISSING COLUMNS (1): ['Abstract']

• [Row 1470] Source: Asano-original-simplified.csv
  Title: 'Artificial intelligence in emergency neuroradiology: Op' | DOI: '10.1016/j.diii.2024.12.005'
  Status: Enriched 6 field(s) during run.
  ❌ FAILED / STILL MISSING COLUMNS (1): ['Abstract']

• [Row 1471] Source: Asano-original-simplified.csv
  Title: 'Welcoming the JMA Journal's Call for Manuscripts on Med' | DOI: '10.31662/jmaj.2024-0147'
  Status: Enriched 6 field(s) during run.
  ❌ FAILED / STILL MISSING COLUMNS (1): ['Abstract']

• [Row 1472] Source: Asano-original-simplified.csv
  Title: 'Can Artificial Intelligence (AI) be a Reviewer of a Med' | DOI: '10.5146/tjpath.2024.13449'
  Status: Enriched 6 field(s) during run.
  ❌ FAILED / STILL MISSING COLUMNS (1): ['Abstract']

• [Row 1473] Source: Asano-original-simplified.csv
  Title: 'An Oncology Artificial Intelligence Fact Sheet for Canc' | DOI: '10.1001/jamaoncol.2023.0012'
  Status: Enriched 6 field(s) during run.
  ❌ FAILED / STILL MISSING COLUMNS (1): ['Abstract']

• [Row 1474] Source: Asano-original-simplified.csv
  Title: 'Artificial Intelligence in Medicine: Passing Hype or th' | DOI: '10.1159/000511429'
  Status: Enriched 6 field(s) during run.
  ❌ FAILED / STILL MISSING COLUMNS (1): ['Abstract']

• [Row 1484] Source: Asano-original-simplified.csv
  Title: 'Artificial Intelligence in Health Care' | DOI: '10.1097/HNP.0000000000000594'
  Status: Enriched 5 field(s) during run.
  ❌ FAILED / STILL MISSING COLUMNS (2): ['Author', 'Article References']

• [Row 1486] Source: Asano-original-simplified.csv
  Title: 'Humans versus artificial intelligence' | DOI: '10.1097/01.NPR.0000470365.61826.77'
  Status: Enriched 5 field(s) during run.
  ❌ FAILED / STILL MISSING COLUMNS (2): ['Author', 'Article References']

• [Row 1487] Source: Asano-original-simplified.csv
  Title: 'Artificial intelligence in medicine: state-of-the-art a' | DOI: '10.1016/0933-3657(93)90010-z'
  Status: Enriched 6 field(s) during run.
  ❌ FAILED / STILL MISSING COLUMNS (1): ['Abstract']

• [Row 1489] Source: Asano-original-simplified.csv
  Title: 'Rammya Mathew: Could artificial intelligence be the key' | DOI: '10.1136/bmj.q661'
  Status: Enriched 6 field(s) during run.
  ❌ FAILED / STILL MISSING COLUMNS (1): ['Abstract']

• [Row 1490] Source: Asano-original-simplified.csv
  Title: 'Artificial Intelligence and Pharmaceutical Production' | DOI: '10.5731/pdajpst.2023.001423'
  Status: Enriched 6 field(s) during run.
  ❌ FAILED / STILL MISSING COLUMNS (1): ['Article References']

• [Row 1492] Source: Asano-original-simplified.csv
  Title: 'Medicine at the dawn of Artificial Intelligence' | DOI: 'No DOI'
  Status: Enriched 6 field(s) during run.
  ❌ FAILED / STILL MISSING COLUMNS (1): ['Abstract']

• [Row 1493] Source: Asano-original-simplified.csv
  Title: 'Artificial intelligence for medical image processing' | DOI: '10.3233/THC-202658'
  Status: Enriched 5 field(s) during run.
  ❌ FAILED / STILL MISSING COLUMNS (2): ['Author', 'Article References']

• [Row 1494] Source: Asano-original-simplified.csv
  Title: '[The Future of Radiological Sciences and Artificial Int' | DOI: '10.6009/jjrt.2020_JSRT_76.1.I'
  Status: Enriched 5 field(s) during run.
  ❌ FAILED / STILL MISSING COLUMNS (2): ['Abstract', 'Article References']

• [Row 1495] Source: Asano-original-simplified.csv
  Title: 'Artificial intelligence and the dreaded 's' | DOI: '10.1097/01.JAA.0000530302.23280.25'
  Status: Enriched 6 field(s) during run.
  ❌ FAILED / STILL MISSING COLUMNS (1): ['Author']

• [Row 1496] Source: Asano-original-simplified.csv
  Title: 'A checklist to protect human rights in artificial-intel' | DOI: '10.1038/d41586-017-08875-1'
  Status: Enriched 5 field(s) during run.
  ❌ FAILED / STILL MISSING COLUMNS (2): ['Abstract', 'Article References']

• [Row 1498] Source: Asano-original-simplified.csv
  Title: 'Measuring Positive and Negative Attitudes Associated Wi' | DOI: '10.1155/jonm/5888837'
  Status: Enriched 6 field(s) during run.
  ❌ FAILED / STILL MISSING COLUMNS (1): ['Article References']

• [Row 1500] Source: Asano-original-simplified.csv
  Title: 'Artificial Intelligence in the Service of Medicine: Cur' | DOI: '10.7417/CT.2025.5192'
  Status: Enriched 6 field(s) during run.
  ❌ FAILED / STILL MISSING COLUMNS (1): ['Article References']

• [Row 1502] Source: Asano-original-simplified.csv
  Title: 'Artificial intelligence in scientific peer review' | DOI: '10.1016/j.ejwf.2024.03.004'
  Status: Enriched 6 field(s) during run.
  ❌ FAILED / STILL MISSING COLUMNS (1): ['Abstract']

• [Row 1503] Source: Asano-original-simplified.csv
  Title: 'Transforming Otoscopy Using Artificial Intelligence' | DOI: '10.1001/jamapediatrics.2024.0021'
  Status: Enriched 6 field(s) during run.
  ❌ FAILED / STILL MISSING COLUMNS (1): ['Abstract']

• [Row 1504] Source: Asano-original-simplified.csv
  Title: 'Artificial intelligence gives neuron reconstruction a p' | DOI: '10.1038/s41592-022-01712-y'
  Status: Enriched 6 field(s) during run.
  ❌ FAILED / STILL MISSING COLUMNS (1): ['Author']

• [Row 1507] Source: Asano-original-simplified.csv
  Title: 'Artificial intelligence for intrarenal access' | DOI: '10.1038/s41585-020-00409-1'
  Status: Enriched 6 field(s) during run.
  ❌ FAILED / STILL MISSING COLUMNS (1): ['Abstract']

• [Row 1508] Source: Asano-original-simplified.csv
  Title: 'Artificial intelligence in health care: within touching' | DOI: '10.1016/S0140-6736(17)31540-4'
  Status: Enriched 6 field(s) during run.
  ❌ FAILED / STILL MISSING COLUMNS (1): ['Article References']

• [Row 1509] Source: Asano-original-simplified.csv
  Title: 'Intuitive design. Artificial intelligence helps a drugm' | DOI: 'No DOI'
  Status: Enriched 5 field(s) during run.
  ❌ FAILED / STILL MISSING COLUMNS (2): ['Abstract', 'Article References']

• [Row 1510] Source: Asano-original-simplified.csv
  Title: '[Application of artificial intelligence in laboratory d' | DOI: 'No DOI'
  Status: Enriched 5 field(s) during run.
  ❌ FAILED / STILL MISSING COLUMNS (2): ['Abstract', 'Article References']

• [Row 1511] Source: Asano-original-simplified.csv
  Title: 'The Era of Artificial Intelligence in Radiology: How to' | DOI: '10.1016/j.acra.2023.12.022'
  Status: Enriched 6 field(s) during run.
  ❌ FAILED / STILL MISSING COLUMNS (1): ['Abstract']

• [Row 1513] Source: Asano-original-simplified.csv
  Title: 'Role of Artificial Intelligence in Cardiovascular Imagi' | DOI: '10.14744/AnatolJCardiol.2019.93727'
  Status: Enriched 5 field(s) during run.
  ❌ FAILED / STILL MISSING COLUMNS (2): ['Abstract', 'Article References']

• [Row 1517] Source: Asano-original-simplified.csv
  Title: 'AI in the OR: Ethics and the Evolving Role of Surgeons' | DOI: '10.2196/107619'
  Status: Enriched 6 field(s) during run.
  ❌ FAILED / STILL MISSING COLUMNS (1): ['Article References']

• [Row 1518] Source: Asano-original-simplified.csv
  Title: 'A Conceptual Framework for Integrated and Collaborative' | DOI: '10.3233/SHTI260896'
  Status: Enriched 6 field(s) during run.
  ❌ FAILED / STILL MISSING COLUMNS (1): ['Article References']

• [Row 1520] Source: Asano-original-simplified.csv
  Title: 'Artificial intelligence for enhanced classification of ' | DOI: '10.1007/s00345-025-05623-3'
  Status: Enriched 6 field(s) during run.
  ❌ FAILED / STILL MISSING COLUMNS (1): ['Abstract']

• [Row 1522] Source: Asano-original-simplified.csv
  Title: 'Upholding artificial intelligence transparency in ophth' | DOI: '10.1016/j.apjo.2024.100093'
  Status: Enriched 6 field(s) during run.
  ❌ FAILED / STILL MISSING COLUMNS (1): ['Abstract']

• [Row 1523] Source: Asano-original-simplified.csv
  Title: 'A new era is emerging at scientific user facilities' | DOI: '10.1107/S2052252523010928'
  Status: Enriched 6 field(s) during run.
  ❌ FAILED / STILL MISSING COLUMNS (1): ['Article References']

• [Row 1525] Source: Asano-original-simplified.csv
  Title: 'Assessing the ability of an artificial intelligence cha' | DOI: '10.1016/j.jaad.2023.09.072'
  Status: Enriched 6 field(s) during run.
  ❌ FAILED / STILL MISSING COLUMNS (1): ['Abstract']

• [Row 1526] Source: Asano-original-simplified.csv
  Title: 'Artificial intelligence and machine learning in nanomed' | DOI: '10.2217/nnm-2023-0084'
  Status: Enriched 6 field(s) during run.
  ❌ FAILED / STILL MISSING COLUMNS (1): ['Abstract']

• [Row 1543] Source: Asano-original-simplified.csv
  Title: 'Could artificial intelligence hijack author contributio' | DOI: '10.1038/d41586-022-01697-w'
  Status: Enriched 5 field(s) during run.
  ❌ FAILED / STILL MISSING COLUMNS (2): ['Abstract', 'Article References']

• [Row 1544] Source: Asano-original-simplified.csv
  Title: 'Big data, artificial intelligence, and the opioid crisi' | DOI: '10.1016/S2589-7500(21)00087-X'
  Status: Enriched 6 field(s) during run.
  ❌ FAILED / STILL MISSING COLUMNS (1): ['Article References']

• [Row 1546] Source: Asano-original-simplified.csv
  Title: '[Dawn of a New Era[Editorial]]' | DOI: '10.17992/lbl.2017.0708.142'
  Status: Enriched 6 field(s) during run.
  ❌ FAILED / STILL MISSING COLUMNS (1): ['Article References']

• [Row 1547] Source: Asano-original-simplified.csv
  Title: 'In search of a mind-reading machine' | DOI: '10.1038/scientificamerican0713-34'
  Status: Enriched 5 field(s) during run.
  ❌ FAILED / STILL MISSING COLUMNS (2): ['Abstract', 'Article References']

• [Row 1548] Source: Asano-original-simplified.csv
  Title: 'Artificial life: a bridge toward a new artificial intel' | DOI: '10.1006/brcg.1997.0903'
  Status: Enriched 5 field(s) during run.
  ❌ FAILED / STILL MISSING COLUMNS (2): ['Abstract', 'Article References']

• [Row 1549] Source: Asano-original-simplified.csv
  Title: 'Artificial intelligence-enhanced quantitative cardiac a' | DOI: '10.1016/j.nuclcard.2026.102622'
  Status: Enriched 6 field(s) during run.
  ❌ FAILED / STILL MISSING COLUMNS (1): ['Abstract']

• [Row 1550] Source: Asano-original-simplified.csv
  Title: 'Integrating augmented intelligence and artificial intel' | DOI: '10.51866/lte.25.01'
  Status: Enriched 6 field(s) during run.
  ❌ FAILED / STILL MISSING COLUMNS (1): ['Article References']

• [Row 1551] Source: Asano-original-simplified.csv
  Title: 'Artificial intelligence: The good, the bad, and the ugl' | DOI: '10.1016/j.jaad.2025.08.039'
  Status: Enriched 6 field(s) during run.
  ❌ FAILED / STILL MISSING COLUMNS (1): ['Abstract']

• [Row 1553] Source: Asano-original-simplified.csv
  Title: 'Editorial: Methods in gastrointestinal cancers' | DOI: '10.3389/fonc.2023.1193964'
  Status: Enriched 6 field(s) during run.
  ❌ FAILED / STILL MISSING COLUMNS (1): ['Article References']

• [Row 1554] Source: Asano-original-simplified.csv
  Title: 'Making Artificial Brains: Components, Topology, and Opt' | DOI: '10.1162/artl_a_00364'
  Status: Enriched 6 field(s) during run.
  ❌ FAILED / STILL MISSING COLUMNS (1): ['Article References']

• [Row 1556] Source: Asano-original-simplified.csv
  Title: 'Psychiatric Conditions in Women With Health Problems, a' | DOI: '10.1177/00912174261444479'
  Status: Enriched 6 field(s) during run.
  ❌ FAILED / STILL MISSING COLUMNS (1): ['Author']

• [Row 1558] Source: Asano-original-simplified.csv
  Title: 'Editorial: Artificial intelligence for neuroimaging in ' | DOI: '10.3389/fneur.2025.1576364'
  Status: Enriched 6 field(s) during run.
  ❌ FAILED / STILL MISSING COLUMNS (1): ['Article References']

• [Row 1562] Source: Asano-original-simplified.csv
  Title: 'Problems with Medical Claims that Artificial Intelligen' | DOI: '10.30953/bhty.v6.273'
  Status: Enriched 6 field(s) during run.
  ❌ FAILED / STILL MISSING COLUMNS (1): ['Article References']

• [Row 1563] Source: Asano-original-simplified.csv
  Title: 'Future of nuclear cardiology is bright: Promise of card' | DOI: '10.1007/s12350-022-02942-5'
  Status: Enriched 6 field(s) during run.
  ❌ FAILED / STILL MISSING COLUMNS (1): ['Abstract']

• [Row 1565] Source: Asano-original-simplified.csv
  Title: 'Artificial intelligence applications in upper gastroint' | DOI: '10.1016/S1470-2045(19)30809-5'
  Status: Enriched 6 field(s) during run.
  ❌ FAILED / STILL MISSING COLUMNS (1): ['Abstract']

• [Row 1566] Source: Asano-original-simplified.csv
  Title: 'Intelligently Advancing Cardiovascular Health Care' | DOI: '10.1016/j.jcin.2019.07.046'
  Status: Enriched 6 field(s) during run.
  ❌ FAILED / STILL MISSING COLUMNS (1): ['Abstract']

• [Row 1567] Source: Asano-original-simplified.csv
  Title: 'Clinical deskilling in the age of artificial intelligen' | DOI: '10.1136/bmjdh-2026-000045'
  Status: Enriched 6 field(s) during run.
  ❌ FAILED / STILL MISSING COLUMNS (1): ['Abstract']

• [Row 1568] Source: Asano-original-simplified.csv
  Title: 'Potential role of artificial intelligence in automating' | DOI: '10.1080/17434440.2026.2727060'
  Status: Enriched 6 field(s) during run.
  ❌ FAILED / STILL MISSING COLUMNS (1): ['Abstract']

• [Row 1569] Source: Asano-original-simplified.csv
  Title: 'Artificial Intelligence and the Future of Cardiovascula' | DOI: '10.1016/j.jacc.2026.07.013'
  Status: Enriched 6 field(s) during run.
  ❌ FAILED / STILL MISSING COLUMNS (1): ['Abstract']

• [Row 1571] Source: Asano-original-simplified.csv
  Title: 'Does a Human-drafted Letter Edited by Chat Generative P' | DOI: '10.31662/jmaj.2025-0256'
  Status: Enriched 5 field(s) during run.
  ❌ FAILED / STILL MISSING COLUMNS (2): ['Abstract', 'Article References']

• [Row 1576] Source: Asano-original-simplified.csv
  Title: 'Accelerating Development and Clinical Deployment of Dia' | DOI: '10.1016/j.jacr.2021.09.022'
  Status: Enriched 6 field(s) during run.
  ❌ FAILED / STILL MISSING COLUMNS (1): ['Abstract']

• [Row 1577] Source: Asano-original-simplified.csv
  Title: 'Leveraging Large Clinical Data Sets for Artificial Inte' | DOI: '10.1001/jamacardio.2021.2878'
  Status: Enriched 6 field(s) during run.
  ❌ FAILED / STILL MISSING COLUMNS (1): ['Abstract']

• [Row 1578] Source: Asano-original-simplified.csv
  Title: 'Can Artificial Intelligence Chatbots Convincingly Mimic' | DOI: '10.1097/01.NAJ.0000947408.14007.54'
  Status: Enriched 5 field(s) during run.
  ❌ FAILED / STILL MISSING COLUMNS (2): ['Author', 'Article References']

• [Row 1579] Source: Asano-original-simplified.csv
  Title: '[10. Latest Artificial Intelligence Technologies]' | DOI: '10.6009/jjrt.2021_JSRT_77.12.1455'
  Status: Enriched 6 field(s) during run.
  ❌ FAILED / STILL MISSING COLUMNS (1): ['Abstract']

• [Row 1580] Source: Asano-original-simplified.csv
  Title: 'Risk of Bias and Error From Data Sets Used for Dermatol' | DOI: '10.1001/jamadermatol.2021.3128'
  Status: Enriched 6 field(s) during run.
  ❌ FAILED / STILL MISSING COLUMNS (1): ['Abstract']

• [Row 1582] Source: Asano-original-simplified.csv
  Title: 'What to expect from AI in oncology' | DOI: '10.1038/s41571-019-0283-4'
  Status: Enriched 6 field(s) during run.
  ❌ FAILED / STILL MISSING COLUMNS (1): ['Author']

• [Row 1583] Source: Asano-original-simplified.csv
  Title: 'Artificial Intelligence in Medicine AIME 2009' | DOI: '10.1016/j.artmed.2011.04.006'
  Status: Enriched 6 field(s) during run.
  ❌ FAILED / STILL MISSING COLUMNS (1): ['Abstract']

• [Row 1584] Source: Asano-original-simplified.csv
  Title: 'Can artificial intelligence be of help to psychoanalysi' | DOI: '10.1007/BF02735490'
  Status: Enriched 6 field(s) during run.
  ❌ FAILED / STILL MISSING COLUMNS (1): ['Abstract']

• [Row 1585] Source: Asano-original-simplified.csv
  Title: '[ON ARTIFICIAL INTELLIGENCE]' | DOI: 'No DOI'
  Status: Enriched 7 field(s) during run.
  ❌ FAILED / STILL MISSING COLUMNS (1): ['Article References']

• [Row 1586] Source: Asano-original-simplified.csv
  Title: 'Artificial intelligence in orthodontics' | DOI: '10.1038/s41415-024-7622-2'
  Status: Enriched 5 field(s) during run.
  ❌ FAILED / STILL MISSING COLUMNS (2): ['Abstract', 'Article References']

• [Row 1587] Source: Asano-original-simplified.csv
  Title: 'Artificial intelligence for neurodiversity' | DOI: '10.1136/bmj.q1384'
  Status: Enriched 6 field(s) during run.
  ❌ FAILED / STILL MISSING COLUMNS (1): ['Abstract']

• [Row 1589] Source: Asano-original-simplified.csv
  Title: '[Analytical technologies of animal behavior using artif' | DOI: '10.1254/fpj.21111'
  Status: Enriched 6 field(s) during run.
  ❌ FAILED / STILL MISSING COLUMNS (1): ['Abstract']

• [Row 1590] Source: Asano-original-simplified.csv
  Title: 'SNMMI to Host Summits on Artificial Intelligence and Pa' | DOI: 'No DOI'
  Status: Enriched 5 field(s) during run.
  ❌ FAILED / STILL MISSING COLUMNS (2): ['Abstract', 'Article References']

• [Row 1591] Source: Asano-original-simplified.csv
  Title: 'From blue lips to artificial intelligence: the history ' | DOI: '10.1093/eurheartj/ehab909'
  Status: Enriched 6 field(s) during run.
  ❌ FAILED / STILL MISSING COLUMNS (1): ['Article References']

• [Row 1593] Source: Asano-original-simplified.csv
  Title: '[Expected Role of Artificial Intelligence for Geriatric' | DOI: '10.3143/geriatrics.56.260'
  Status: Enriched 6 field(s) during run.
  ❌ FAILED / STILL MISSING COLUMNS (1): ['Article References']

• [Row 1595] Source: Asano-original-simplified.csv
  Title: 'Artificial intelligence: boon to practice or threat to ' | DOI: 'No DOI'
  Status: Enriched 0 field(s) during run.
  ❌ FAILED / STILL MISSING COLUMNS (5): ['Author', 'Abstract', 'Article References', 'Times Cited', 'Publication Year']

• [Row 1596] Source: Asano-original-simplified.csv
  Title: 'Artificial intelligence in endodontics' | DOI: '10.1038/s41415-024-7620-4'
  Status: Enriched 5 field(s) during run.
  ❌ FAILED / STILL MISSING COLUMNS (2): ['Abstract', 'Article References']

• [Row 1597] Source: Asano-original-simplified.csv
  Title: 'Can artificial intelligence techniques help clinicians ' | DOI: 'No DOI'
  Status: Enriched 0 field(s) during run.
  ❌ FAILED / STILL MISSING COLUMNS (5): ['Author', 'Abstract', 'Article References', 'Times Cited', 'Publication Year']

• [Row 1599] Source: Asano-original-simplified.csv
  Title: 'Will we soon be replaced by artificial intelligence?' | DOI: '10.1016/j.jcct.2023.02.006'
  Status: Enriched 5 field(s) during run.
  ❌ FAILED / STILL MISSING COLUMNS (2): ['Abstract', 'Article References']

• [Row 1601] Source: Asano-original-simplified.csv
  Title: 'The Role of Artificial Intelligence (AI) in Space Healt' | DOI: '10.3357/AMHP.5582.2020'
  Status: Enriched 5 field(s) during run.
  ❌ FAILED / STILL MISSING COLUMNS (2): ['Abstract', 'Article References']

• [Row 1603] Source: Asano-original-simplified.csv
  Title: 'Train artificial intelligence to be fair to farming' | DOI: '10.1038/d41586-017-08881-3'
  Status: Enriched 5 field(s) during run.
  ❌ FAILED / STILL MISSING COLUMNS (2): ['Abstract', 'Article References']

• [Row 1604] Source: Asano-original-simplified.csv
  Title: 'Computing better healthcare. Artificial intelligence se' | DOI: 'No DOI'
  Status: Enriched 5 field(s) during run.
  ❌ FAILED / STILL MISSING COLUMNS (2): ['Abstract', 'Article References']

• [Row 1605] Source: Asano-original-simplified.csv
  Title: 'Artificial intelligence and pathology: ready or not?' | DOI: 'No DOI'
  Status: Enriched 0 field(s) during run.
  ❌ FAILED / STILL MISSING COLUMNS (5): ['Author', 'Abstract', 'Article References', 'Times Cited', 'Publication Year']

• [Row 1606] Source: Asano-original-simplified.csv
  Title: 'Using artificial intelligence in the laboratory' | DOI: 'No DOI'
  Status: Enriched 0 field(s) during run.
  ❌ FAILED / STILL MISSING COLUMNS (5): ['Author', 'Abstract', 'Article References', 'Times Cited', 'Publication Year']

• [Row 1626] Source: Asano-original-simplified.csv
  Title: 'Impact of Artificial Intelligence on academic competenc' | DOI: '10.62438/tunismed.v103i10.6077'
  Status: Enriched 6 field(s) during run.
  ❌ FAILED / STILL MISSING COLUMNS (1): ['Article References']

• [Row 1627] Source: Asano-original-simplified.csv
  Title: 'The European Qualified Person: Legal Accountability, Qu' | DOI: '10.5731/pdajpst.2025-000067.1'
  Status: Enriched 6 field(s) during run.
  ❌ FAILED / STILL MISSING COLUMNS (1): ['Article References']

• [Row 1642] Source: Asano-original-simplified.csv
  Title: 'Artificial intelligence is set to transform mental heal' | DOI: '10.1017/S1092852923002456'
  Status: Enriched 6 field(s) during run.
  ❌ FAILED / STILL MISSING COLUMNS (1): ['Article References']

• [Row 1653] Source: Asano-original-simplified.csv
  Title: 'Generational Health Professional Perceptions About Arti' | DOI: '10.3233/SHTI251080'
  Status: Enriched 6 field(s) during run.
  ❌ FAILED / STILL MISSING COLUMNS (1): ['Article References']

• [Row 1660] Source: Asano-original-simplified.csv
  Title: 'Aligning AI-Native 6G Healthcare Systems with EU Ethica' | DOI: '10.3233/SHTI260272'
  Status: Enriched 6 field(s) during run.
  ❌ FAILED / STILL MISSING COLUMNS (1): ['Article References']

• [Row 1677] Source: Asano-original-simplified.csv
  Title: 'Response to "Artificial intelligence and the future of ' | DOI: '10.1093/ajhp/zxag258'
  Status: Enriched 6 field(s) during run.
  ❌ FAILED / STILL MISSING COLUMNS (1): ['Article References']

• [Row 1678] Source: Asano-original-simplified.csv
  Title: 'Editorial commentary: Artificial intelligence in cardio' | DOI: '10.1016/j.tcm.2026.08.009'
  Status: Enriched 6 field(s) during run.
  ❌ FAILED / STILL MISSING COLUMNS (1): ['Abstract']

• [Row 1680] Source: Asano-original-simplified.csv
  Title: 'Introduction to a Special Issue on Using Artificial Int' | DOI: '10.1002/eat.70044'
  Status: Enriched 6 field(s) during run.
  ❌ FAILED / STILL MISSING COLUMNS (1): ['Article References']

• [Row 1683] Source: Asano-original-simplified.csv
  Title: 'Embracing Artificial Intelligence in Cardiovascular Dis' | DOI: '10.1016/j.jacadv.2025.101709'
  Status: Enriched 6 field(s) during run.
  ❌ FAILED / STILL MISSING COLUMNS (1): ['Abstract']

• [Row 1687] Source: Asano-original-simplified.csv
  Title: '[Artificial intelligence: helpful for general practitio' | DOI: '10.1007/s15006-024-4304-6'
  Status: Enriched 5 field(s) during run.
  ❌ FAILED / STILL MISSING COLUMNS (2): ['Abstract', 'Article References']

• [Row 1688] Source: Asano-original-simplified.csv
  Title: 'Battle of the brains: A comparison of human and ChatGPT' | DOI: '10.1016/j.jbspin.2023.105610'
  Status: Enriched 6 field(s) during run.
  ❌ FAILED / STILL MISSING COLUMNS (1): ['Abstract']

• [Row 1689] Source: Asano-original-simplified.csv
  Title: 'Advances in Artificial Intelligence and the Potential I' | DOI: '10.4274/ejbh.galenos.2023.2023-3-4'
  Status: Enriched 6 field(s) during run.
  ❌ FAILED / STILL MISSING COLUMNS (1): ['Article References']

• [Row 1695] Source: Asano-original-simplified.csv
  Title: 'A Brief History of SMART Health' | DOI: '10.3233/SHTI251423'
  Status: Enriched 6 field(s) during run.
  ❌ FAILED / STILL MISSING COLUMNS (1): ['Article References']

• [Row 1697] Source: Asano-original-simplified.csv
  Title: 'Evaluating the Role of Artificial Intelligence in Fetal' | DOI: '10.1097/GRF.0000000000000981'
  Status: Enriched 6 field(s) during run.
  ❌ FAILED / STILL MISSING COLUMNS (1): ['Article References']

• [Row 1700] Source: Asano-original-simplified.csv
  Title: '4. The riddle of confidence levels and the levels of si' | DOI: '10.4103/jpgm.jpgm_441_25'
  Status: Enriched 6 field(s) during run.
  ❌ FAILED / STILL MISSING COLUMNS (1): ['Article References']

• [Row 1736] Source: Asano-original-simplified.csv
  Title: '[Study on the Clinical Evaluation of Image-based Artifi' | DOI: '10.3969/j.issn.1671-7104.2019.05.019'
  Status: Enriched 6 field(s) during run.
  ❌ FAILED / STILL MISSING COLUMNS (1): ['Article References']

• [Row 1738] Source: Asano-original-simplified.csv
  Title: '[Preconceived ideas about artificial intelligence]' | DOI: 'No DOI'
  Status: Enriched 6 field(s) during run.
  ❌ FAILED / STILL MISSING COLUMNS (1): ['Article References']

• [Row 1742] Source: Asano-original-simplified.csv
  Title: 'Waste management and artificial intelligence: Is it hap' | DOI: '10.1177/0734242X241232570'
  Status: Enriched 5 field(s) during run.
  ❌ FAILED / STILL MISSING COLUMNS (2): ['Abstract', 'Article References']

• [Row 1743] Source: Asano-original-simplified.csv
  Title: 'Artificial Intelligence and Nursing: Promise and Precau' | DOI: '10.1097/01.NAJ.0000979068.75051.bd'
  Status: Enriched 6 field(s) during run.
  ❌ FAILED / STILL MISSING COLUMNS (1): ['Article References']

• [Row 1745] Source: Asano-original-simplified.csv
  Title: 'BiasWatchIndia' | DOI: '10.1016/j.tig.2020.11.009'
  Status: Enriched 4 field(s) during run.
  ❌ FAILED / STILL MISSING COLUMNS (3): ['Author', 'Abstract', 'Article References']

• [Row 1746] Source: Asano-original-simplified.csv
  Title: 'Artificial Intelligence Reconsidered' | DOI: '10.1089/tmj.2018.29001.crd'
  Status: Enriched 5 field(s) during run.
  ❌ FAILED / STILL MISSING COLUMNS (2): ['Abstract', 'Article References']

• [Row 1749] Source: Asano-original-simplified.csv
  Title: 'Automated Detection of Tuberculosis on Chest X-Rays Usi' | DOI: '10.3233/SHTI260197'
  Status: Enriched 6 field(s) during run.
  ❌ FAILED / STILL MISSING COLUMNS (1): ['Article References']

• [Row 1751] Source: Asano-original-simplified.csv
  Title: 'Importance of Humanities and Compassionate Care in the ' | DOI: '10.31729/jnma.v63i2091.9224'
  Status: Enriched 6 field(s) during run.
  ❌ FAILED / STILL MISSING COLUMNS (1): ['Article References']

• [Row 1753] Source: Asano-original-simplified.csv
  Title: 'End Users' Perception on an AI Chatbot in a Snus Cessat' | DOI: '10.3233/SHTI251043'
  Status: Enriched 6 field(s) during run.
  ❌ FAILED / STILL MISSING COLUMNS (1): ['Article References']

• [Row 1763] Source: Asano-original-simplified.csv
  Title: '[Advances in using artificial intelligence for predicti' | DOI: '10.13345/j.cjb.230679'
  Status: Enriched 6 field(s) during run.
  ❌ FAILED / STILL MISSING COLUMNS (1): ['Article References']

• [Row 1765] Source: Asano-original-simplified.csv
  Title: 'Artificial intelligence in medicine and healthcare: Opp' | DOI: 'No DOI'
  Status: Enriched 6 field(s) during run.
  ❌ FAILED / STILL MISSING COLUMNS (1): ['Article References']

• [Row 1779] Source: Asano-original-simplified.csv
  Title: '[Chinese Experts Consensus on Artificial Intelligence A' | DOI: '10.3779/j.issn.1009-3419.2022.102.08'
  Status: Enriched 6 field(s) during run.
  ❌ FAILED / STILL MISSING COLUMNS (1): ['Author']

• [Row 1787] Source: Asano-original-simplified.csv
  Title: '[Progress on artificial intelligence assisted X-ray fil' | DOI: '10.12200/j.issn.1003-0034.2020.09.019'
  Status: Enriched 6 field(s) during run.
  ❌ FAILED / STILL MISSING COLUMNS (1): ['Article References']

• [Row 1788] Source: Asano-original-simplified.csv
  Title: '[Present and future perspectives of artificial intellig' | DOI: '10.11406/rinketsu.61.549'
  Status: Enriched 6 field(s) during run.
  ❌ FAILED / STILL MISSING COLUMNS (1): ['Article References']

• [Row 1791] Source: Asano-original-simplified.csv
  Title: '[Cold thinking in the boom of artificial intelligence]' | DOI: '10.3760/cma.j.issn.0529-5815.2019.02.002'
  Status: Enriched 6 field(s) during run.
  ❌ FAILED / STILL MISSING COLUMNS (1): ['Article References']

• [Row 1803] Source: Asano-original-simplified.csv
  Title: 'Conscious artificial intelligence and biological natura' | DOI: '10.1017/S0140525X25000032'
  Status: Enriched 6 field(s) during run.
  ❌ FAILED / STILL MISSING COLUMNS (1): ['Article References']

• [Row 1807] Source: Asano-original-simplified.csv
  Title: '[Future of intelligence: natural brain, artificial brai' | DOI: 'No DOI'
  Status: Enriched 1 field(s) during run.
  ❌ FAILED / STILL MISSING COLUMNS (4): ['Author', 'Article References', 'Times Cited', 'Publication Year']

• [Row 1808] Source: Asano-original-simplified.csv
  Title: '[Application of artificial intelligence in parasitic di' | DOI: '10.16250/j.32.1915.2024279'
  Status: Enriched 6 field(s) during run.
  ❌ FAILED / STILL MISSING COLUMNS (1): ['Article References']

• [Row 1810] Source: Asano-original-simplified.csv
  Title: 'Intelligent revolution in medicine - the application of' | DOI: '10.32394/pe/194484'
  Status: Enriched 6 field(s) during run.
  ❌ FAILED / STILL MISSING COLUMNS (1): ['Article References']

• [Row 1841] Source: Asano-original-simplified.csv
  Title: '[Applications of Artificial Intelligence in Musculoskel' | DOI: '10.3881/j.issn.1000-503X.11614'
  Status: Enriched 6 field(s) during run.
  ❌ FAILED / STILL MISSING COLUMNS (1): ['Article References']

• [Row 1843] Source: Asano-original-simplified.csv
  Title: 'Assessment criteria for the lawfulness of artificial in' | DOI: 'No DOI'
  Status: Enriched 7 field(s) during run.
  ❌ FAILED / STILL MISSING COLUMNS (1): ['Article References']

• [Row 1850] Source: Asano-original-simplified.csv
  Title: 'Integrating Artificial Intelligence Into Program Evalua' | DOI: '10.1097/NND.0000000000001288'
  Status: Enriched 6 field(s) during run.
  ❌ FAILED / STILL MISSING COLUMNS (1): ['Article References']

• [Row 1854] Source: Asano-original-simplified.csv
  Title: 'Artificial intelligence in medicine: humans need not ap' | DOI: 'No DOI'
  Status: Enriched 1 field(s) during run.
  ❌ FAILED / STILL MISSING COLUMNS (4): ['Author', 'Article References', 'Times Cited', 'Publication Year']

• [Row 1856] Source: Asano-original-simplified.csv
  Title: 'Generative Artificial Intelligence in Dental Implants' | DOI: '10.3233/SHTI250315'
  Status: Enriched 6 field(s) during run.
  ❌ FAILED / STILL MISSING COLUMNS (1): ['Article References']

• [Row 1859] Source: Asano-original-simplified.csv
  Title: 'The double-edged net: A wavelet coherence analysis of a' | DOI: '10.1016/j.scitotenv.2025.181233'
  Status: Enriched 6 field(s) during run.
  ❌ FAILED / STILL MISSING COLUMNS (1): ['Abstract']

• [Row 1860] Source: Asano-original-simplified.csv
  Title: 'Artificial Intelligence in Neuroendovascular Therapy: C' | DOI: '10.5797/jnet.ra.2025-0073'
  Status: Enriched 6 field(s) during run.
  ❌ FAILED / STILL MISSING COLUMNS (1): ['Article References']

• [Row 1861] Source: Asano-original-simplified.csv
  Title: 'What to Report? A Systematic Review of Medical AI Repor' | DOI: '10.3233/SHTI250351'
  Status: Enriched 6 field(s) during run.
  ❌ FAILED / STILL MISSING COLUMNS (1): ['Article References']

• [Row 1863] Source: Asano-original-simplified.csv
  Title: 'An Accuracy Assessment: Responses to Mycoplasma Pneumon' | DOI: '10.1111/crj.70005'
  Status: Enriched 6 field(s) during run.
  ❌ FAILED / STILL MISSING COLUMNS (1): ['Abstract']

• [Row 1867] Source: Asano-original-simplified.csv
  Title: 'Performance of an artificial intelligence-based chatbot' | DOI: '10.1007/s11739-023-03399-1'
  Status: Enriched 6 field(s) during run.
  ❌ FAILED / STILL MISSING COLUMNS (1): ['Abstract']

• [Row 1869] Source: Asano-original-simplified.csv
  Title: 'Automation of sub-aortic velocity time integral measure' | DOI: '10.1016/j.bja.2022.07.037'
  Status: Enriched 6 field(s) during run.
  ❌ FAILED / STILL MISSING COLUMNS (1): ['Abstract']

• [Row 1873] Source: Asano-original-simplified.csv
  Title: 'Regulating AI Chatbot Impersonations of Medical Profess' | DOI: '10.2196/104835'
  Status: Enriched 6 field(s) during run.
  ❌ FAILED / STILL MISSING COLUMNS (1): ['Article References']

• [Row 1875] Source: Asano-original-simplified.csv
  Title: 'AI Increases the Pressure to Overhaul the Scientific Pe' | DOI: '10.2196/50591'
  Status: Enriched 6 field(s) during run.
  ❌ FAILED / STILL MISSING COLUMNS (1): ['Abstract']

• [Row 1876] Source: Asano-original-simplified.csv
  Title: 'Emerging Roles of Artificial Intelligence (AI) in Cardi' | DOI: '10.1016/j.hlc.2023.07.005'
  Status: Enriched 6 field(s) during run.
  ❌ FAILED / STILL MISSING COLUMNS (1): ['Abstract']

• [Row 1877] Source: Asano-original-simplified.csv
  Title: 'Pro: Can We Use Artificial Intelligence-Derived Algorit' | DOI: '10.1053/j.jvca.2023.05.045'
  Status: Enriched 6 field(s) during run.
  ❌ FAILED / STILL MISSING COLUMNS (1): ['Abstract']

• [Row 1880] Source: Asano-original-simplified.csv
  Title: 'The emergence of artificial intelligence in publishing ' | DOI: '10.4149/BLL_2024_111'
  Status: Enriched 6 field(s) during run.
  ❌ FAILED / STILL MISSING COLUMNS (1): ['Article References']

• [Row 1881] Source: Asano-original-simplified.csv
  Title: 'The Perils of Artificial Intelligence in a Clinical Lan' | DOI: '10.1001/jamainternmed.2023.7962'
  Status: Enriched 6 field(s) during run.
  ❌ FAILED / STILL MISSING COLUMNS (1): ['Abstract']

• [Row 1882] Source: Asano-original-simplified.csv
  Title: 'New section editor for Artificial Intelligence (AI)' | DOI: '10.1177/02841851221129378'
  Status: Enriched 5 field(s) during run.
  ❌ FAILED / STILL MISSING COLUMNS (2): ['Abstract', 'Article References']

• [Row 1883] Source: Asano-original-simplified.csv
  Title: 'Walking the tightrope of artificial intelligence guidel' | DOI: '10.1016/S2589-7500(19)30063-9'
  Status: Enriched 6 field(s) during run.
  ❌ FAILED / STILL MISSING COLUMNS (1): ['Article References']

• [Row 1884] Source: Asano-original-simplified.csv
  Title: 'Artificial intelligence, automation and the future of n' | DOI: 'No DOI'
  Status: Enriched 0 field(s) during run.
  ❌ FAILED / STILL MISSING COLUMNS (5): ['Author', 'Abstract', 'Article References', 'Times Cited', 'Publication Year']

• [Row 1885] Source: Asano-original-simplified.csv
  Title: '[Medicine, robots, unspoken]' | DOI: 'No DOI'
  Status: Enriched 0 field(s) during run.
  ❌ FAILED / STILL MISSING COLUMNS (5): ['Author', 'Abstract', 'Article References', 'Times Cited', 'Publication Year']

• [Row 1886] Source: Asano-original-simplified.csv
  Title: 'Artificial intelligence in medicine--is it ready?' | DOI: '10.1007/BF02915879'
  Status: Enriched 6 field(s) during run.
  ❌ FAILED / STILL MISSING COLUMNS (1): ['Abstract']

• [Row 1887] Source: Asano-original-simplified.csv
  Title: 'From Virtual Molecules to Clinical Trials: How AI Is Re' | DOI: '10.2196/101366'
  Status: Enriched 6 field(s) during run.
  ❌ FAILED / STILL MISSING COLUMNS (1): ['Article References']

• [Row 1888] Source: Asano-original-simplified.csv
  Title: 'Monetisation and Servitisation of Wearable Device-Deriv' | DOI: '10.3233/SHTI240911'
  Status: Enriched 6 field(s) during run.
  ❌ FAILED / STILL MISSING COLUMNS (1): ['Article References']

• [Row 1889] Source: Asano-original-simplified.csv
  Title: 'Learning on the job: using Artificial Intelligence to s' | DOI: '10.5195/jmla.2024.1868'
  Status: Enriched 6 field(s) during run.
  ❌ FAILED / STILL MISSING COLUMNS (1): ['Article References']

• [Row 1892] Source: Asano-original-simplified.csv
  Title: 'Generative artificial intelligence fails to provide suf' | DOI: '10.1016/j.bjps.2023.09.030'
  Status: Enriched 6 field(s) during run.
  ❌ FAILED / STILL MISSING COLUMNS (1): ['Abstract']

• [Row 1899] Source: Asano-original-simplified.csv
  Title: 'A critical appraisal on cancer prognosis and artificial' | DOI: '10.2217/fon-2021-1528'
  Status: Enriched 6 field(s) during run.
  ❌ FAILED / STILL MISSING COLUMNS (1): ['Abstract']

• [Row 1905] Source: Asano-original-simplified.csv
  Title: 'Application of Artificial Intelligence in the Diagnosis' | DOI: '10.1097/NRL.0000000000000649'
  Status: Enriched 3 field(s) during run.
  ❌ FAILED / STILL MISSING COLUMNS (3): ['Article References', 'Times Cited', 'Publication Year']

• [Row 1911] Source: Asano-original-simplified.csv
  Title: 'Systematic review of artificial intelligence competitio' | DOI: '10.4274/dir.2025.243152'
  Status: Enriched 6 field(s) during run.
  ❌ FAILED / STILL MISSING COLUMNS (1): ['Article References']

• [Row 1922] Source: Asano-original-simplified.csv
  Title: 'Comment: enhancing complex wound care by leveraging art' | DOI: '10.25270/wnds/23125'
  Status: Enriched 5 field(s) during run.
  ❌ FAILED / STILL MISSING COLUMNS (2): ['Abstract', 'Article References']

• [Row 1923] Source: Asano-original-simplified.csv
  Title: 'The editor is not the author: artificial intelligence a' | DOI: '10.1177/17579139231191897'
  Status: Enriched 5 field(s) during run.
  ❌ FAILED / STILL MISSING COLUMNS (2): ['Abstract', 'Article References']

• [Row 1925] Source: Asano-original-simplified.csv
  Title: 'Digital citizens: Ensuring responsible and ethical gene' | DOI: '10.3233/WOR-236004'
  Status: Enriched 5 field(s) during run.
  ❌ FAILED / STILL MISSING COLUMNS (2): ['Abstract', 'Article References']

• [Row 1926] Source: Asano-original-simplified.csv
  Title: 'Is artificial intelligence really a new topic in medica' | DOI: '10.3325/cmj.2021.62.200'
  Status: Enriched 6 field(s) during run.
  ❌ FAILED / STILL MISSING COLUMNS (1): ['Abstract']

• [Row 1927] Source: Asano-original-simplified.csv
  Title: '"My disability has become an ability"' | DOI: '10.1038/s41591-020-1053-7'
  Status: Enriched 6 field(s) during run.
  ❌ FAILED / STILL MISSING COLUMNS (1): ['Article References']

• [Row 1928] Source: Asano-original-simplified.csv
  Title: 'On the ethics of AI ethics' | DOI: '10.1111/bioe.12716'
  Status: Enriched 5 field(s) during run.
  ❌ FAILED / STILL MISSING COLUMNS (2): ['Abstract', 'Article References']

• [Row 1930] Source: Asano-original-simplified.csv
  Title: '[?.Artificial-Intelligence Based Skin Tumor Classifier]' | DOI: 'No DOI'
  Status: Enriched 0 field(s) during run.
  ❌ FAILED / STILL MISSING COLUMNS (5): ['Author', 'Abstract', 'Article References', 'Times Cited', 'Publication Year']

• [Row 1931] Source: Asano-original-simplified.csv
  Title: '[Editor's Note]' | DOI: '10.5692/clinicalneurol.59_3_editors'
  Status: Enriched 5 field(s) during run.
  ❌ FAILED / STILL MISSING COLUMNS (2): ['Author', 'Article References']

• [Row 1933] Source: Asano-original-simplified.csv
  Title: 'Applications of artificial intelligence in education--a' | DOI: 'No DOI'
  Status: Enriched 5 field(s) during run.
  ❌ FAILED / STILL MISSING COLUMNS (2): ['Abstract', 'Article References']

• [Row 1934] Source: Asano-original-simplified.csv
  Title: 'Artificial Intelligence as Surrogate Decision-Maker' | DOI: '10.1001/jamainternmed.2024.2679'
  Status: Enriched 6 field(s) during run.
  ❌ FAILED / STILL MISSING COLUMNS (1): ['Abstract']

• [Row 1935] Source: Asano-original-simplified.csv
  Title: 'Artificial intelligence and academic publishing' | DOI: '10.1097/j.jcrs.0000000000001223'
  Status: Enriched 6 field(s) during run.
  ❌ FAILED / STILL MISSING COLUMNS (1): ['Article References']

• [Row 1936] Source: Asano-original-simplified.csv
  Title: 'Artificial Intelligence, Fabry Disease' | DOI: '10.14744/AnatolJCardiol.2023.4'
  Status: Enriched 6 field(s) during run.
  ❌ FAILED / STILL MISSING COLUMNS (1): ['Article References']

• [Row 1938] Source: Asano-original-simplified.csv
  Title: 'The Future of Artificial Intelligence in Surgical Care' | DOI: '10.1097/SLA.0000000000004186'
  Status: Enriched 6 field(s) during run.
  ❌ FAILED / STILL MISSING COLUMNS (1): ['Article References']

• [Row 1939] Source: Asano-original-simplified.csv
  Title: 'Can artificial intelligence help create racial equality' | DOI: '10.1016/S2589-7500(21)00023-6'
  Status: Enriched 6 field(s) during run.
  ❌ FAILED / STILL MISSING COLUMNS (1): ['Article References']

• [Row 1940] Source: Asano-original-simplified.csv
  Title: 'Artificial Intelligence-Based Skin Cancer Phone Apps Un' | DOI: '10.1001/jama.2020.4543'
  Status: Enriched 5 field(s) during run.
  ❌ FAILED / STILL MISSING COLUMNS (2): ['Abstract', 'Article References']

• [Row 1945] Source: Asano-original-simplified.csv
  Title: '[Watson, medicalized artificial intelligence]' | DOI: 'No DOI'
  Status: Enriched 0 field(s) during run.
  ❌ FAILED / STILL MISSING COLUMNS (5): ['Author', 'Abstract', 'Article References', 'Times Cited', 'Publication Year']

• [Row 1947] Source: Asano-original-simplified.csv
  Title: 'Artificial intelligence and spiritual health in primary' | DOI: '10.1093/fampra/cmag056'
  Status: Enriched 6 field(s) during run.
  ❌ FAILED / STILL MISSING COLUMNS (1): ['Abstract']

• [Row 1949] Source: Asano-original-simplified.csv
  Title: 'AI for Health: Leveraging Artificial Intelligence to Re' | DOI: '10.1142/9789819824755_0062'
  Status: Enriched 6 field(s) during run.
  ❌ FAILED / STILL MISSING COLUMNS (1): ['Article References']

• [Row 1951] Source: Asano-original-simplified.csv
  Title: 'Artificial intelligence transforms the future of oncolo' | DOI: '10.1016/j.jormas.2024.101915'
  Status: Enriched 6 field(s) during run.
  ❌ FAILED / STILL MISSING COLUMNS (1): ['Abstract']

• [Row 1956] Source: Asano-original-simplified.csv
  Title: 'Ontologies, knowledge representation, artificial intell' | DOI: 'No DOI'
  Status: Enriched 1 field(s) during run.
  ❌ FAILED / STILL MISSING COLUMNS (4): ['Author', 'Article References', 'Times Cited', 'Publication Year']

• [Row 1957] Source: Asano-original-simplified.csv
  Title: '[Current status and challenges of artificial intelligen' | DOI: '10.3760/cma.j.cn112140-20260309-00195'
  Status: Enriched 5 field(s) during run.
  ❌ FAILED / STILL MISSING COLUMNS (2): ['Abstract', 'Article References']

• [Row 1963] Source: Asano-original-simplified.csv
  Title: '[Brain and Artificial Intelligence]' | DOI: '10.11477/mf.1416201454'
  Status: Enriched 6 field(s) during run.
  ❌ FAILED / STILL MISSING COLUMNS (1): ['Article References']

• [Row 1965] Source: Asano-original-simplified.csv
  Title: 'Application of Metagenomics and Artificial Intelligence' | DOI: '10.3233/SHTI260622'
  Status: Enriched 6 field(s) during run.
  ❌ FAILED / STILL MISSING COLUMNS (1): ['Article References']

• [Row 1967] Source: Asano-original-simplified.csv
  Title: 'Artificial intelligence powered voice assistants: A rev' | DOI: '10.1177/20552076251396983'
  Status: Enriched 6 field(s) during run.
  ❌ FAILED / STILL MISSING COLUMNS (1): ['Article References']

• [Row 1972] Source: Asano-original-simplified.csv
  Title: 'Utilization of artificial intelligence in the managemen' | DOI: '10.33963/v.phj.110703'
  Status: Enriched 6 field(s) during run.
  ❌ FAILED / STILL MISSING COLUMNS (1): ['Article References']

• [Row 1991] Source: Asano-original-simplified.csv
  Title: '[Research Progress of Artificial Intelligence in Prosta' | DOI: '10.12455/j.issn.1671-7104.230557'
  Status: Enriched 6 field(s) during run.
  ❌ FAILED / STILL MISSING COLUMNS (1): ['Article References']

• [Row 1993] Source: Asano-original-simplified.csv
  Title: 'Nursing Education and Artificial Intelligence' | DOI: '10.3233/SHTI240127'
  Status: Enriched 6 field(s) during run.
  ❌ FAILED / STILL MISSING COLUMNS (1): ['Article References']

• [Row 2005] Source: Asano-original-simplified.csv
  Title: '[Application of Artificial Intelligence in Clinical Gen' | DOI: '10.3881/j.issn.1000-503X.13931'
  Status: Enriched 6 field(s) during run.
  ❌ FAILED / STILL MISSING COLUMNS (1): ['Article References']

• [Row 2010] Source: Asano-original-simplified.csv
  Title: '[Aid of artificial intelligence for the anatomo-patholo' | DOI: 'No DOI'
  Status: Enriched 6 field(s) during run.
  ❌ FAILED / STILL MISSING COLUMNS (1): ['Article References']

• [Row 2014] Source: Asano-original-simplified.csv
  Title: '[Stakeholder Analysis of the Application of Artificial ' | DOI: '10.3881/j.issn.1000-503X.13118'
  Status: Enriched 6 field(s) during run.
  ❌ FAILED / STILL MISSING COLUMNS (1): ['Article References']

• [Row 2017] Source: Asano-original-simplified.csv
  Title: '[Artificial intelligence, the future of intelligence or' | DOI: '10.1684/orthodfr.2020.10'
  Status: Enriched 6 field(s) during run.
  ❌ FAILED / STILL MISSING COLUMNS (1): ['Article References']

• [Row 2018] Source: Asano-original-simplified.csv
  Title: '[A Wearable System for Cervical Spondylosis Prevention ' | DOI: '10.3969/j.issn.1671-7104.2020.01.007'
  Status: Enriched 6 field(s) during run.
  ❌ FAILED / STILL MISSING COLUMNS (1): ['Article References']

• [Row 2019] Source: Asano-original-simplified.csv
  Title: '[Updated application of artificial intelligence in repr' | DOI: 'No DOI'
  Status: Enriched 6 field(s) during run.
  ❌ FAILED / STILL MISSING COLUMNS (1): ['Article References']

• [Row 2020] Source: Asano-original-simplified.csv
  Title: '[Application prospect of artificial intelligence techno' | DOI: '10.13201/j.issn.1001-1781.2019.09.025'
  Status: Enriched 6 field(s) during run.
  ❌ FAILED / STILL MISSING COLUMNS (1): ['Article References']

• [Row 2022] Source: Asano-original-simplified.csv
  Title: '[Application and prospect of artificial intelligence in' | DOI: '10.3760/cma.j.issn.0253-3766.2018.12.001'
  Status: Enriched 6 field(s) during run.
  ❌ FAILED / STILL MISSING COLUMNS (1): ['Article References']

• [Row 2025] Source: Asano-original-simplified.csv
  Title: 'How has the AI boom impacted algorithmic biology?' | DOI: '10.1016/j.cels.2024.05.008'
  Status: Enriched 6 field(s) during run.
  ❌ FAILED / STILL MISSING COLUMNS (1): ['Article References']

• [Row 2026] Source: Asano-original-simplified.csv
  Title: 'Explaining explainability: The role of XAI in medical i' | DOI: '10.1016/j.ejrad.2024.111389'
  Status: Enriched 6 field(s) during run.
  ❌ FAILED / STILL MISSING COLUMNS (1): ['Abstract']

• [Row 2029] Source: Asano-original-simplified.csv
  Title: 'Developers-Doctor-patients: the artificial intelligence' | DOI: '10.1038/s41391-023-00718-7'
  Status: Enriched 6 field(s) during run.
  ❌ FAILED / STILL MISSING COLUMNS (1): ['Abstract']

• [Row 2033] Source: Asano-original-simplified.csv
  Title: 'Groundhog Day for Medical Artificial Intelligence' | DOI: '10.1002/hast.842'
  Status: Enriched 6 field(s) during run.
  ❌ FAILED / STILL MISSING COLUMNS (1): ['Article References']

• [Row 2035] Source: Asano-original-simplified.csv
  Title: 'The psychiatry of sycophancy: When agreeable artificial' | DOI: '10.1016/j.ajp.2026.105064'
  Status: Enriched 6 field(s) during run.
  ❌ FAILED / STILL MISSING COLUMNS (1): ['Abstract']

• [Row 2037] Source: Asano-original-simplified.csv
  Title: 'Ethical considerations regarding environmental impact o' | DOI: '10.1016/j.jaad.2026.02.098'
  Status: Enriched 6 field(s) during run.
  ❌ FAILED / STILL MISSING COLUMNS (1): ['Abstract']

• [Row 2040] Source: Asano-original-simplified.csv
  Title: 'Hallucination: A key challenge to Artificial Intelligen' | DOI: '10.51866/lte.527'
  Status: Enriched 6 field(s) during run.
  ❌ FAILED / STILL MISSING COLUMNS (1): ['Abstract']

• [Row 2044] Source: Asano-original-simplified.csv
  Title: 'AI Can Evaluate Cardiac Ultrasounds: But What's Next?' | DOI: '10.1016/j.jcmg.2021.09.028'
  Status: Enriched 6 field(s) during run.
  ❌ FAILED / STILL MISSING COLUMNS (1): ['Abstract']

• [Row 2046] Source: Asano-original-simplified.csv
  Title: 'Artificial Intelligence and the Future of Surgery' | DOI: '10.1097/SLA.0000000000007225'
  Status: Enriched 5 field(s) during run.
  ❌ FAILED / STILL MISSING COLUMNS (2): ['Abstract', 'Article References']

• [Row 2047] Source: Asano-original-simplified.csv
  Title: 'Reading Between the Lines: When Fluency Outpaces Fact i' | DOI: '10.1016/j.ejvs.2026.08.023'
  Status: Enriched 5 field(s) during run.
  ❌ FAILED / STILL MISSING COLUMNS (2): ['Abstract', 'Article References']

• [Row 2049] Source: Asano-original-simplified.csv
  Title: 'Can artificial intelligence be used to write research p' | DOI: '10.1016/j.jbspin.2026.106054'
  Status: Enriched 6 field(s) during run.
  ❌ FAILED / STILL MISSING COLUMNS (1): ['Abstract']

• [Row 2050] Source: Asano-original-simplified.csv
  Title: 'Correction: Mapping teachers' awareness of artificial i' | DOI: '10.3389/fpsyg.2026.1803378'
  Status: Enriched 6 field(s) during run.
  ❌ FAILED / STILL MISSING COLUMNS (1): ['Article References']

• [Row 2051] Source: Asano-original-simplified.csv
  Title: 'Artificial intelligence in Pre-TAVR coronary evaluation' | DOI: '10.1016/j.jcct.2025.07.002'
  Status: Enriched 6 field(s) during run.
  ❌ FAILED / STILL MISSING COLUMNS (1): ['Abstract']

• [Row 2052] Source: Asano-original-simplified.csv
  Title: 'Why has a learned society of cardiology created an expe' | DOI: '10.1016/j.acvd.2025.06.001'
  Status: Enriched 6 field(s) during run.
  ❌ FAILED / STILL MISSING COLUMNS (1): ['Abstract']

• [Row 2054] Source: Asano-original-simplified.csv
  Title: 'Artificial Intelligence in Air Medical Transport within' | DOI: '10.1017/dmp.2024.284'
  Status: Enriched 6 field(s) during run.
  ❌ FAILED / STILL MISSING COLUMNS (1): ['Abstract']

• [Row 2055] Source: Asano-original-simplified.csv
  Title: 'Artificial intelligence assistance during upper endosco' | DOI: '10.21037/cco-24-46'
  Status: Enriched 5 field(s) during run.
  ❌ FAILED / STILL MISSING COLUMNS (2): ['Abstract', 'Article References']

• [Row 2058] Source: Asano-original-simplified.csv
  Title: 'Can Artificial Intelligence Identify Physiologically "O' | DOI: '10.1016/j.mayocp.2023.01.012'
  Status: Enriched 6 field(s) during run.
  ❌ FAILED / STILL MISSING COLUMNS (1): ['Abstract']

• [Row 2064] Source: Asano-original-simplified.csv
  Title: 'Democratizing Congenital Heart Disease Management: The ' | DOI: '10.1016/j.jacc.2024.06.019'
  Status: Enriched 6 field(s) during run.
  ❌ FAILED / STILL MISSING COLUMNS (1): ['Abstract']

• [Row 2066] Source: Asano-original-simplified.csv
  Title: 'Combining artificial intelligence and human expertise f' | DOI: '10.1016/j.jaad.2023.12.072'
  Status: Enriched 6 field(s) during run.
  ❌ FAILED / STILL MISSING COLUMNS (1): ['Abstract']

• [Row 2068] Source: Asano-original-simplified.csv
  Title: 'Assistive artificial intelligence for enhanced patient ' | DOI: '10.1016/j.bja.2023.08.004'
  Status: Enriched 6 field(s) during run.
  ❌ FAILED / STILL MISSING COLUMNS (1): ['Abstract']

• [Row 2070] Source: Asano-original-simplified.csv
  Title: 'Artificial Intelligence in the Genetic Diagnosis of Rar' | DOI: '10.1016/j.cll.2022.09.023'
  Status: Enriched 6 field(s) during run.
  ❌ FAILED / STILL MISSING COLUMNS (1): ['Abstract']

• [Row 2076] Source: Asano-original-simplified.csv
  Title: 'Keeping the endoscopist in the loop: can artificial int' | DOI: '10.1016/j.gassur.2026.102561'
  Status: Enriched 6 field(s) during run.
  ❌ FAILED / STILL MISSING COLUMNS (1): ['Abstract']

• [Row 2077] Source: Asano-original-simplified.csv
  Title: 'Cons of Artificial Intelligence as a Diagnostic Aid in ' | DOI: '10.1016/j.jaad.2026.02.110'
  Status: Enriched 6 field(s) during run.
  ❌ FAILED / STILL MISSING COLUMNS (1): ['Abstract']

• [Row 2078] Source: Asano-original-simplified.csv
  Title: 'Response to Letter to the Editor: "Conference on Medica' | DOI: '10.31662/jmaj.2025-0513'
  Status: Enriched 5 field(s) during run.
  ❌ FAILED / STILL MISSING COLUMNS (2): ['Abstract', 'Article References']

• [Row 2083] Source: Asano-original-simplified.csv
  Title: 'A critical review of "Artificial intelligence in the pr' | DOI: '10.1007/s00414-024-03209-z'
  Status: Enriched 6 field(s) during run.
  ❌ FAILED / STILL MISSING COLUMNS (1): ['Abstract']

• [Row 2084] Source: Asano-original-simplified.csv
  Title: 'Could Artificial Intelligence guide surgeons' hands?' | DOI: '10.1590/0100-6991e-20233696EDIT01-en'
  Status: Enriched 6 field(s) during run.
  ❌ FAILED / STILL MISSING COLUMNS (1): ['Abstract']

• [Row 2085] Source: Asano-original-simplified.csv
  Title: 'Eyeing the retinal vessels: A window on the heart and b' | DOI: '10.1016/j.atherosclerosis.2022.03.016'
  Status: Enriched 6 field(s) during run.
  ❌ FAILED / STILL MISSING COLUMNS (1): ['Abstract']

• [Row 2086] Source: Asano-original-simplified.csv
  Title: 'Editorial: The Application of Radiomics and Artificial ' | DOI: '10.3389/fonc.2022.864940'
  Status: Enriched 6 field(s) during run.
  ❌ FAILED / STILL MISSING COLUMNS (1): ['Article References']

• [Row 2087] Source: Asano-original-simplified.csv
  Title: 'Can artificial intelligence techniques help clinicians ' | DOI: 'No DOI'
  Status: Enriched 0 field(s) during run.
  ❌ FAILED / STILL MISSING COLUMNS (5): ['Author', 'Abstract', 'Article References', 'Times Cited', 'Publication Year']

• [Row 2089] Source: Asano-original-simplified.csv
  Title: 'A Perspective on Artificial Intelligence' | DOI: '10.1097/01.NAJ.0000979008.72038.6d'
  Status: Enriched 6 field(s) during run.
  ❌ FAILED / STILL MISSING COLUMNS (1): ['Article References']

• [Row 2090] Source: Asano-original-simplified.csv
  Title: 'Who Wrote This Editorial? The Use of Artificial Intelli' | DOI: '10.1891/NN-2023-0027'
  Status: Enriched 6 field(s) during run.
  ❌ FAILED / STILL MISSING COLUMNS (1): ['Abstract']

• [Row 2092] Source: Asano-original-simplified.csv
  Title: 'Medicine contends with how to use artificial intelligen' | DOI: '10.1126/science.364.6446.1119'
  Status: Enriched 6 field(s) during run.
  ❌ FAILED / STILL MISSING COLUMNS (1): ['Article References']

• [Row 2093] Source: Asano-original-simplified.csv
  Title: 'A Call for Articles: Internet of Things, Artificial Int' | DOI: '10.1089/omi.2018.0149'
  Status: Enriched 5 field(s) during run.
  ❌ FAILED / STILL MISSING COLUMNS (2): ['Abstract', 'Article References']

• [Row 2095] Source: Asano-original-simplified.csv
  Title: 'Big data needs a hardware revolution' | DOI: '10.1038/d41586-018-01683-1'
  Status: Enriched 4 field(s) during run.
  ❌ FAILED / STILL MISSING COLUMNS (3): ['Author', 'Abstract', 'Article References']

• [Row 2097] Source: Asano-original-simplified.csv
  Title: 'Artificial intelligence: recognizing three dimensions' | DOI: '10.1038/343214a0'
  Status: Enriched 6 field(s) during run.
  ❌ FAILED / STILL MISSING COLUMNS (1): ['Abstract']

• [Row 2106] Source: Asano-original-simplified.csv
  Title: 'On the Ethical Aspect of Artificial Intelligence-Based ' | DOI: '10.3233/SHTI260476'
  Status: Enriched 6 field(s) during run.
  ❌ FAILED / STILL MISSING COLUMNS (1): ['Article References']

• [Row 2107] Source: Asano-original-simplified.csv
  Title: 'The Future of Questions' | DOI: '10.3928/00220124-20250611-04'
  Status: Enriched 6 field(s) during run.
  ❌ FAILED / STILL MISSING COLUMNS (1): ['Article References']

• [Row 2113] Source: Asano-original-simplified.csv
  Title: 'Artificial Intelligence in Clinical Neurosurgery: More ' | DOI: '10.1016/j.wneu.2021.02.057'
  Status: Enriched 6 field(s) during run.
  ❌ FAILED / STILL MISSING COLUMNS (1): ['Abstract']

• [Row 2114] Source: Asano-original-simplified.csv
  Title: 'The Human Touch: Practical and Ethical Implications of ' | DOI: '10.1109/MPUL.2018.2814238'
  Status: Enriched 6 field(s) during run.
  ❌ FAILED / STILL MISSING COLUMNS (1): ['Article References']

• [Row 2115] Source: Asano-original-simplified.csv
  Title: 'Adapting to Artificial Intelligence: Radiologists and P' | DOI: '10.1001/jama.2016.17438'
  Status: Enriched 6 field(s) during run.
  ❌ FAILED / STILL MISSING COLUMNS (1): ['Abstract']

• [Row 2116] Source: Asano-original-simplified.csv
  Title: 'Is more data always better? On alternative policies to ' | DOI: '10.1111/bioe.13398'
  Status: Enriched 6 field(s) during run.
  ❌ FAILED / STILL MISSING COLUMNS (1): ['Article References']

• [Row 2118] Source: Asano-original-simplified.csv
  Title: 'Theoretical AI Harms Are a Distraction: Fearmongering a' | DOI: '10.1038/scientificamerican0224-69'
  Status: Enriched 5 field(s) during run.
  ❌ FAILED / STILL MISSING COLUMNS (2): ['Abstract', 'Article References']

• [Row 2120] Source: Asano-original-simplified.csv
  Title: 'Artificial intelligence transforms research, but the in' | DOI: '10.1111/dmcn.15912'
  Status: Enriched 6 field(s) during run.
  ❌ FAILED / STILL MISSING COLUMNS (1): ['Article References']

• [Row 2121] Source: Asano-original-simplified.csv
  Title: 'Artificial Intelligence in Medical Imaging: An Overview' | DOI: 'No DOI'
  Status: Enriched 5 field(s) during run.
  ❌ FAILED / STILL MISSING COLUMNS (2): ['Abstract', 'Article References']

• [Row 2123] Source: Asano-original-simplified.csv
  Title: 'Artificial intelligence tool for diagnosis of Johne's d' | DOI: '10.1002/vetr.3516'
  Status: Enriched 4 field(s) during run.
  ❌ FAILED / STILL MISSING COLUMNS (3): ['Author', 'Abstract', 'Article References']

• [Row 2124] Source: Asano-original-simplified.csv
  Title: 'Artificial intelligence in musculoskeletal rehabilitati' | DOI: '10.3233/BMR-235003'
  Status: Enriched 6 field(s) during run.
  ❌ FAILED / STILL MISSING COLUMNS (1): ['Article References']

• [Row 2129] Source: Asano-original-simplified.csv
  Title: 'WHO Offers Guidance on Use of Artificial Intelligence i' | DOI: '10.1001/jamahealthforum.2021.2467'
  Status: Enriched 6 field(s) during run.
  ❌ FAILED / STILL MISSING COLUMNS (1): ['Article References']

• [Row 2130] Source: Asano-original-simplified.csv
  Title: 'Reply to Higaki-Next Steps in Artificial Intelligence f' | DOI: '10.1016/j.cjca.2021.03.006'
  Status: Enriched 6 field(s) during run.
  ❌ FAILED / STILL MISSING COLUMNS (1): ['Abstract']

• [Row 2131] Source: Asano-original-simplified.csv
  Title: 'Human and artificial intelligence to illuminate MDS' | DOI: '10.1182/blood.2020008742'
  Status: Enriched 6 field(s) during run.
  ❌ FAILED / STILL MISSING COLUMNS (1): ['Abstract']

• [Row 2132] Source: Asano-original-simplified.csv
  Title: 'Artificial intelligence versus editorial art' | DOI: '10.1097/ID.0b013e3182622606'
  Status: Enriched 6 field(s) during run.
  ❌ FAILED / STILL MISSING COLUMNS (1): ['Article References']

• [Row 2133] Source: Asano-original-simplified.csv
  Title: 'AIM portraits: tracing the evolution of artificial inte' | DOI: '10.1016/s0933-3657(01)00071-9'
  Status: Enriched 5 field(s) during run.
  ❌ FAILED / STILL MISSING COLUMNS (2): ['Abstract', 'Article References']

• [Row 2135] Source: Asano-original-simplified.csv
  Title: '[Artificial intelligence and scientific publishing]' | DOI: '10.1714/4336.43210'
  Status: Enriched 6 field(s) during run.
  ❌ FAILED / STILL MISSING COLUMNS (1): ['Article References']

• [Row 2138] Source: Asano-original-simplified.csv
  Title: 'Artificial Intelligence in Molecular Medicine. Reply' | DOI: '10.1056/NEJMc2308776'
  Status: Enriched 6 field(s) during run.
  ❌ FAILED / STILL MISSING COLUMNS (1): ['Abstract']

• [Row 2140] Source: Asano-original-simplified.csv
  Title: 'Indian Pediatrics' Policy Regarding Artificial Intellig' | DOI: 'No DOI'
  Status: Enriched 7 field(s) during run.
  ❌ FAILED / STILL MISSING COLUMNS (1): ['Abstract']

• [Row 2144] Source: Asano-original-simplified.csv
  Title: '[Artificial Intelligence in Ophthalmology]' | DOI: '10.1055/a-1022-3851'
  Status: Enriched 6 field(s) during run.
  ❌ FAILED / STILL MISSING COLUMNS (1): ['Article References']

• [Row 2145] Source: Asano-original-simplified.csv
  Title: 'Artificial intelligence in nephropathology' | DOI: '10.1038/s41581-019-0220-x'
  Status: Enriched 6 field(s) during run.
  ❌ FAILED / STILL MISSING COLUMNS (1): ['Abstract']

• [Row 2147] Source: Asano-original-simplified.csv
  Title: 'From the Editor: Artificial intelligence in life scienc' | DOI: 'No DOI'
  Status: Enriched 5 field(s) during run.
  ❌ FAILED / STILL MISSING COLUMNS (2): ['Abstract', 'Article References']

• [Row 2148] Source: Asano-original-simplified.csv
  Title: 'Artificial intelligence and medical informatics' | DOI: '10.3109/14639238608994969'
  Status: Enriched 6 field(s) during run.
  ❌ FAILED / STILL MISSING COLUMNS (1): ['Abstract']

• [Row 2152] Source: Asano-original-simplified.csv
  Title: '[De novo protein design in the age of artificial intell' | DOI: '10.13345/j.cjb.240087'
  Status: Enriched 6 field(s) during run.
  ❌ FAILED / STILL MISSING COLUMNS (1): ['Article References']

• [Row 2157] Source: Asano-original-simplified.csv
  Title: 'Artificial Intelligence in Medical Practice: The Promis' | DOI: 'No DOI'
  Status: Enriched 5 field(s) during run.
  ❌ FAILED / STILL MISSING COLUMNS (2): ['Abstract', 'Article References']

• [Row 2159] Source: Asano-original-simplified.csv
  Title: 'Are AI-written articles the future?' | DOI: '10.1002/vetr.3276'
  Status: Enriched 6 field(s) during run.
  ❌ FAILED / STILL MISSING COLUMNS (1): ['Article References']

• [Row 2160] Source: Asano-original-simplified.csv
  Title: '[How can Artificial Intelligence be of use in the Healt' | DOI: '10.17992/lbl.2023.0708.749'
  Status: Enriched 6 field(s) during run.
  ❌ FAILED / STILL MISSING COLUMNS (1): ['Article References']

• [Row 2162] Source: Asano-original-simplified.csv
  Title: 'Generative Artificial Intelligence and ChatGPT' | DOI: '10.1016/j.jopan.2023.04.001'
  Status: Enriched 6 field(s) during run.
  ❌ FAILED / STILL MISSING COLUMNS (1): ['Abstract']

• [Row 2163] Source: Asano-original-simplified.csv
  Title: 'Readiness for Artificial Intelligence in Biobanking' | DOI: '10.1089/bio.2023.29121.editorial'
  Status: Enriched 6 field(s) during run.
  ❌ FAILED / STILL MISSING COLUMNS (1): ['Abstract']

• [Row 2164] Source: Asano-original-simplified.csv
  Title: 'The making and managing of a niche for artificial intel' | DOI: '10.1007/s10815-023-02744-9'
  Status: Enriched 6 field(s) during run.
  ❌ FAILED / STILL MISSING COLUMNS (1): ['Abstract']

• [Row 2165] Source: Asano-original-simplified.csv
  Title: 'SYMBIOSIS OF MEDICAL TECHNOLOGIES AND ARTIFICIAL INTELL' | DOI: '10.32471/exp-oncology.2312-8852.vol-44-no-2.17951'
  Status: Enriched 6 field(s) during run.
  ❌ FAILED / STILL MISSING COLUMNS (1): ['Article References']

• [Row 2166] Source: Asano-original-simplified.csv
  Title: 'Identifying and Addressing Barriers to an Artificial In' | DOI: '10.1016/j.jacr.2020.10.001'
  Status: Enriched 6 field(s) during run.
  ❌ FAILED / STILL MISSING COLUMNS (1): ['Abstract']

• [Row 2169] Source: Asano-original-simplified.csv
  Title: 'Special section: Advances in artificial intelligence in' | DOI: '10.1007/s13246-018-0703-2'
  Status: Enriched 4 field(s) during run.
  ❌ FAILED / STILL MISSING COLUMNS (3): ['Author', 'Abstract', 'Article References']

• [Row 2170] Source: Asano-original-simplified.csv
  Title: 'Artificial intelligence: Deep neural reasoning' | DOI: '10.1038/nature19477'
  Status: Enriched 6 field(s) during run.
  ❌ FAILED / STILL MISSING COLUMNS (1): ['Abstract']

• [Row 2171] Source: Asano-original-simplified.csv
  Title: 'Artificial intelligence solves simpler problems in onco' | DOI: '10.1093/jnci/82.2.91'
  Status: Enriched 6 field(s) during run.
  ❌ FAILED / STILL MISSING COLUMNS (1): ['Article References']

• [Row 2172] Source: Asano-original-simplified.csv
  Title: 'Advancing Psychiatry Through Artificial Intelligence an' | DOI: '10.1176/appi.ps.26077020'
  Status: Enriched 5 field(s) during run.
  ❌ FAILED / STILL MISSING COLUMNS (2): ['Abstract', 'Article References']

• [Row 2173] Source: Asano-original-simplified.csv
  Title: 'Building Practical Artificial Intelligence Tools For Th' | DOI: '10.1097/PRS.0000000000013304'
  Status: Enriched 5 field(s) during run.
  ❌ FAILED / STILL MISSING COLUMNS (2): ['Abstract', 'Article References']

• [Row 2174] Source: Asano-original-simplified.csv
  Title: 'Potential and pitfalls of artificial intelligence appli' | DOI: '10.26719/2026.32.4.179'
  Status: Enriched 5 field(s) during run.
  ❌ FAILED / STILL MISSING COLUMNS (2): ['Abstract', 'Article References']

• [Row 2177] Source: Asano-original-simplified.csv
  Title: '"Feasible but Fragile": An Inflection Point for Artific' | DOI: '10.2196/89202'
  Status: Enriched 6 field(s) during run.
  ❌ FAILED / STILL MISSING COLUMNS (1): ['Abstract']

• [Row 2178] Source: Asano-original-simplified.csv
  Title: 'Dehumanization in healthcare: is artificial intelligenc' | DOI: '10.1016/j.iccn.2025.104284'
  Status: Enriched 6 field(s) during run.
  ❌ FAILED / STILL MISSING COLUMNS (1): ['Abstract']

• [Row 2179] Source: Asano-original-simplified.csv
  Title: '[Artificial Intelligence. Latin american perspective: i' | DOI: 'No DOI'
  Status: Enriched 5 field(s) during run.
  ❌ FAILED / STILL MISSING COLUMNS (2): ['Abstract', 'Article References']

• [Row 2180] Source: Asano-original-simplified.csv
  Title: 'The American Heart Association and Artificial Intellige' | DOI: '10.1161/CIRCULATIONAHA.125.075952'
  Status: Enriched 6 field(s) during run.
  ❌ FAILED / STILL MISSING COLUMNS (1): ['Abstract']

• [Row 2181] Source: Asano-original-simplified.csv
  Title: 'Editorial: Artificial intelligence in animal behaviour,' | DOI: '10.3389/fvets.2025.1607623'
  Status: Enriched 6 field(s) during run.
  ❌ FAILED / STILL MISSING COLUMNS (1): ['Article References']

• [Row 2182] Source: Asano-original-simplified.csv
  Title: 'Letter to the editor: Prediction of adverse cardiovascu' | DOI: '10.1016/j.ijcard.2025.133500'
  Status: Enriched 6 field(s) during run.
  ❌ FAILED / STILL MISSING COLUMNS (1): ['Abstract']

• [Row 2183] Source: Asano-original-simplified.csv
  Title: 'Multimodal artificial intelligence in radiology: Text-d' | DOI: '10.1016/j.diii.2025.05.008'
  Status: Enriched 6 field(s) during run.
  ❌ FAILED / STILL MISSING COLUMNS (1): ['Abstract']

• [Row 2184] Source: Asano-original-simplified.csv
  Title: 'The ethical considerations of artificial intelligence h' | DOI: '10.1007/s10103-025-04364-4'
  Status: Enriched 6 field(s) during run.
  ❌ FAILED / STILL MISSING COLUMNS (1): ['Abstract']

• [Row 2185] Source: Asano-original-simplified.csv
  Title: 'From algorithms to clinical outcomes: how artificial in' | DOI: '10.1016/j.hjc.2025.01.009'
  Status: Enriched 6 field(s) during run.
  ❌ FAILED / STILL MISSING COLUMNS (1): ['Abstract']

• [Row 2186] Source: Asano-original-simplified.csv
  Title: 'Seeking Details on Artificial Intelligence Diagnosis fo' | DOI: '10.1001/jamapediatrics.2024.1740'
  Status: Enriched 6 field(s) during run.
  ❌ FAILED / STILL MISSING COLUMNS (1): ['Abstract']

• [Row 2187] Source: Asano-original-simplified.csv
  Title: 'Artificial Intelligence in Radiology: Bridging Global H' | DOI: '10.1148/ryai.240093'
  Status: Enriched 6 field(s) during run.
  ❌ FAILED / STILL MISSING COLUMNS (1): ['Abstract']

• [Row 2188] Source: Asano-original-simplified.csv
  Title: 'ChatGPT and beyond with artificial intelligence (AI) in' | DOI: '10.1016/j.jbspin.2023.105607'
  Status: Enriched 6 field(s) during run.
  ❌ FAILED / STILL MISSING COLUMNS (1): ['Abstract']

• [Row 2202] Source: Asano-original-simplified.csv
  Title: 'Three ways AI is changing the 2024 Olympics for athlete' | DOI: '10.1038/d41586-024-02427-0'
  Status: Enriched 5 field(s) during run.
  ❌ FAILED / STILL MISSING COLUMNS (2): ['Abstract', 'Article References']

• [Row 2203] Source: Asano-original-simplified.csv
  Title: 'Artificial Intelligence in scientific writing and resea' | DOI: '10.3233/BMR-245001'
  Status: Enriched 6 field(s) during run.
  ❌ FAILED / STILL MISSING COLUMNS (1): ['Abstract']

• [Row 2204] Source: Asano-original-simplified.csv
  Title: 'Large multi-modal models - the present or future of art' | DOI: '10.3325/cmj.2024.65.1'
  Status: Enriched 5 field(s) during run.
  ❌ FAILED / STILL MISSING COLUMNS (2): ['Abstract', 'Article References']

• [Row 2207] Source: Asano-original-simplified.csv
  Title: 'Self-regulation needed for artificial intelligence tool' | DOI: '10.1002/vetr.2621'
  Status: Enriched 5 field(s) during run.
  ❌ FAILED / STILL MISSING COLUMNS (2): ['Abstract', 'Article References']

• [Row 2209] Source: Asano-original-simplified.csv
  Title: 'Does artificial intelligence have the potential to tran' | DOI: '10.1016/j.jconrel.2019.10.019'
  Status: Enriched 6 field(s) during run.
  ❌ FAILED / STILL MISSING COLUMNS (1): ['Abstract']

• [Row 2210] Source: Asano-original-simplified.csv
  Title: 'Hallway Conversations in Physics(What Should a Radiolog' | DOI: '10.2214/AJR.18.20228'
  Status: Enriched 6 field(s) during run.
  ❌ FAILED / STILL MISSING COLUMNS (1): ['Article References']

• [Row 2211] Source: Asano-original-simplified.csv
  Title: 'Drug Repurposing and Artificial Intelligence: From Liai' | DOI: '10.1089/adt.2018.29078.edi'
  Status: Enriched 5 field(s) during run.
  ❌ FAILED / STILL MISSING COLUMNS (2): ['Abstract', 'Article References']

• [Row 2212] Source: Asano-original-simplified.csv
  Title: 'Artificial intelligence' | DOI: '10.1016/0002-9343(87)90506-7'
  Status: Enriched 5 field(s) during run.
  ❌ FAILED / STILL MISSING COLUMNS (2): ['Abstract', 'Article References']

• [Row 2222] Source: Asano-original-simplified.csv
  Title: 'The Future of Artificial Intelligence in Hand and Upper' | DOI: 'No DOI'
  Status: Enriched 6 field(s) during run.
  ❌ FAILED / STILL MISSING COLUMNS (1): ['Article References']

• [Row 2224] Source: Asano-original-simplified.csv
  Title: 'Nature's 10: ten people who helped shape science in 202' | DOI: '10.1038/d41586-021-03621-0'
  Status: Enriched 5 field(s) during run.
  ❌ FAILED / STILL MISSING COLUMNS (2): ['Abstract', 'Article References']

• [Row 2237] Source: Asano-original-simplified.csv
  Title: 'Navigating the Artificial Intelligence Revolution: The ' | DOI: '10.59556/japi.73.0856'
  Status: Enriched 6 field(s) during run.
  ❌ FAILED / STILL MISSING COLUMNS (1): ['Article References']

• [Row 2249] Source: Asano-original-simplified.csv
  Title: 'Guidelines on the use of Artificial Intelligence for au' | DOI: '10.6133/apjcn.202608_35(4).0002'
  Status: Enriched 5 field(s) during run.
  ❌ FAILED / STILL MISSING COLUMNS (2): ['Author', 'Article References']

• [Row 2250] Source: Asano-original-simplified.csv
  Title: '[Artificial intelligence in radiology practice : betwee' | DOI: '10.53738/REVMED.2026.22.964.48486'
  Status: Enriched 6 field(s) during run.
  ❌ FAILED / STILL MISSING COLUMNS (1): ['Article References']

• [Row 2252] Source: Asano-original-simplified.csv
  Title: 'Artificial Intelligence in the Canadian Healthcare Syst' | DOI: '10.12927/hcpap.2025.27565'
  Status: Enriched 6 field(s) during run.
  ❌ FAILED / STILL MISSING COLUMNS (1): ['Article References']

• [Row 2254] Source: Asano-original-simplified.csv
  Title: 'Harnessing Artificial Intelligence to Promote Health Eq' | DOI: '10.1177/10547738241270546'
  Status: Enriched 6 field(s) during run.
  ❌ FAILED / STILL MISSING COLUMNS (1): ['Article References']

• [Row 2256] Source: Asano-original-simplified.csv
  Title: 'Artificial Intelligence and the potential for Garbage I' | DOI: '10.1080/03007995.2023.2286785'
  Status: Enriched 6 field(s) during run.
  ❌ FAILED / STILL MISSING COLUMNS (1): ['Abstract']

• [Row 2257] Source: Asano-original-simplified.csv
  Title: 'Artificial Intelligence, Bob Dylan, and Cardiovascular ' | DOI: '10.1016/j.jacc.2023.07.006'
  Status: Enriched 6 field(s) during run.
  ❌ FAILED / STILL MISSING COLUMNS (1): ['Abstract']

• [Row 2259] Source: Asano-original-simplified.csv
  Title: 'Radiomics and Artificial Intelligence: From Academia to' | DOI: '10.1148/radiol.220081'
  Status: Enriched 6 field(s) during run.
  ❌ FAILED / STILL MISSING COLUMNS (1): ['Abstract']

• [Row 2263] Source: Asano-original-simplified.csv
  Title: 'Artificial intelligence' | DOI: 'No DOI'
  Status: Enriched 7 field(s) during run.
  ❌ FAILED / STILL MISSING COLUMNS (1): ['Article References']

• [Row 2265] Source: Asano-original-simplified.csv
  Title: 'Meta AI system is a boost to endangered languages - as ' | DOI: '10.1038/d41586-024-01619-y'
  Status: Enriched 5 field(s) during run.
  ❌ FAILED / STILL MISSING COLUMNS (2): ['Author', 'Abstract']

• [Row 2266] Source: Asano-original-simplified.csv
  Title: 'The Initial Stage of the Artificial Intelligence Revolu' | DOI: 'No DOI'
  Status: Enriched 7 field(s) during run.
  ❌ FAILED / STILL MISSING COLUMNS (1): ['Article References']

• [Row 2268] Source: Asano-original-simplified.csv
  Title: 'The Clinical Use of Artificial Intelligence and Machine' | DOI: '10.3928/19382359-20240116-01'
  Status: Enriched 6 field(s) during run.
  ❌ FAILED / STILL MISSING COLUMNS (1): ['Abstract']

• [Row 2270] Source: Asano-original-simplified.csv
  Title: 'Disclosure of Artificial Intelligence/ChatGPT-Generated' | DOI: '10.1016/j.jogc.2023.03.013'
  Status: Enriched 5 field(s) during run.
  ❌ FAILED / STILL MISSING COLUMNS (2): ['Abstract', 'Article References']

• [Row 2271] Source: Asano-original-simplified.csv
  Title: 'Artificial intelligence in healthcare and IJMI scope' | DOI: '10.1016/j.ijmedinf.2023.105150'
  Status: Enriched 6 field(s) during run.
  ❌ FAILED / STILL MISSING COLUMNS (1): ['Abstract']

• [Row 2274] Source: Asano-original-simplified.csv
  Title: '[Literature review of artificial intelligence for the t' | DOI: '10.11405/nisshoshi.119.610'
  Status: Enriched 5 field(s) during run.
  ❌ FAILED / STILL MISSING COLUMNS (2): ['Abstract', 'Article References']

• [Row 2276] Source: Asano-original-simplified.csv
  Title: 'The role of artificial intelligence in preoperative med' | DOI: '10.1097/AIA.0000000000000344'
  Status: Enriched 6 field(s) during run.
  ❌ FAILED / STILL MISSING COLUMNS (1): ['Abstract']

• [Row 2280] Source: Asano-original-simplified.csv
  Title: 'Artificial Intelligence Tools for Sepsis and Cancer' | DOI: '10.1001/jama.2018.19383'
  Status: Enriched 6 field(s) during run.
  ❌ FAILED / STILL MISSING COLUMNS (1): ['Article References']

• [Row 2281] Source: Asano-original-simplified.csv
  Title: 'When Singularity and the Holographic Universe Collide..' | DOI: 'No DOI'
  Status: Enriched 5 field(s) during run.
  ❌ FAILED / STILL MISSING COLUMNS (2): ['Abstract', 'Article References']

• [Row 2282] Source: Asano-original-simplified.csv
  Title: 'The Radiologist's Imitation Game' | DOI: '10.1016/j.jacr.2015.09.034'
  Status: Enriched 6 field(s) during run.
  ❌ FAILED / STILL MISSING COLUMNS (1): ['Abstract']

• [Row 2284] Source: Asano-original-simplified.csv
  Title: 'Papers from the Symposium on Brain, Vision and Artifici' | DOI: '10.1016/j.biosystems.2006.04.001'
  Status: Enriched 5 field(s) during run.
  ❌ FAILED / STILL MISSING COLUMNS (2): ['Abstract', 'Article References']

• [Row 2286] Source: Asano-original-simplified.csv
  Title: '[Expert systems: artificial intelligence + cognitive sc' | DOI: 'No DOI'
  Status: Enriched 5 field(s) during run.
  ❌ FAILED / STILL MISSING COLUMNS (2): ['Abstract', 'Article References']

• [Row 2287] Source: Asano-original-simplified.csv
  Title: 'Future Directions in the Evaluation of Forensic Cases I' | DOI: '10.29158/JAAPL.260081-26'
  Status: Enriched 5 field(s) during run.
  ❌ FAILED / STILL MISSING COLUMNS (2): ['Abstract', 'Article References']

• [Row 2288] Source: Asano-original-simplified.csv
  Title: 'Artificial intelligence de-skills, under-skills, or nev' | DOI: '10.1016/j.revmed.2026.08.003'
  Status: Enriched 6 field(s) during run.
  ❌ FAILED / STILL MISSING COLUMNS (1): ['Abstract']

• [Row 2289] Source: Asano-original-simplified.csv
  Title: 'Language and artificial intelligence: a learning moment' | DOI: '10.1093/acamed/wvag195'
  Status: Enriched 6 field(s) during run.
  ❌ FAILED / STILL MISSING COLUMNS (1): ['Article References']

• [Row 2291] Source: Asano-original-simplified.csv
  Title: 'Reply - artificial intelligence and its concerning impa' | DOI: '10.1016/j.clinimag.2026.110784'
  Status: Enriched 6 field(s) during run.
  ❌ FAILED / STILL MISSING COLUMNS (1): ['Abstract']

• [Row 2294] Source: Asano-original-simplified.csv
  Title: 'Leveraging Artificial Intelligence to Bridge the Gap Be' | DOI: '10.1016/j.jacadv.2025.101851'
  Status: Enriched 6 field(s) during run.
  ❌ FAILED / STILL MISSING COLUMNS (1): ['Abstract']

• [Row 2295] Source: Asano-original-simplified.csv
  Title: 'The Integration of Artificial Intelligence-Powered Psyc' | DOI: '10.1016/j.jpeds.2025.114509'
  Status: Enriched 6 field(s) during run.
  ❌ FAILED / STILL MISSING COLUMNS (1): ['Abstract']

• [Row 2296] Source: Asano-original-simplified.csv
  Title: 'Governance of artificial intelligence and machine learn' | DOI: '10.1177/20420986241293303'
  Status: Enriched 6 field(s) during run.
  ❌ FAILED / STILL MISSING COLUMNS (1): ['Abstract']

• [Row 2298] Source: Asano-original-simplified.csv
  Title: 'Artificial intelligence-driven digital scribes in clini' | DOI: '10.1016/j.jdin.2024.02.009'
  Status: Enriched 6 field(s) during run.
  ❌ FAILED / STILL MISSING COLUMNS (1): ['Abstract']

• [Row 2302] Source: Asano-original-simplified.csv
  Title: 'Preserving Relational Letter Writing in the Era of Arti' | DOI: '10.1001/jamasurg.2026.2165'
  Status: Enriched 6 field(s) during run.
  ❌ FAILED / STILL MISSING COLUMNS (1): ['Article References']

• [Row 2303] Source: Asano-original-simplified.csv
  Title: 'Why AI might be a game-changer for Africa' | DOI: '10.1038/d41586-024-02987-1'
  Status: Enriched 5 field(s) during run.
  ❌ FAILED / STILL MISSING COLUMNS (2): ['Abstract', 'Article References']

• [Row 2306] Source: Asano-original-simplified.csv
  Title: 'Artificial intelligence uses multi-omic data to predict' | DOI: '10.1038/s43018-023-00698-6'
  Status: Enriched 5 field(s) during run.
  ❌ FAILED / STILL MISSING COLUMNS (2): ['Author', 'Abstract']

• [Row 2307] Source: Asano-original-simplified.csv
  Title: 'Future of Pediatric Practice - Artificial Intelligence ' | DOI: '10.1007/s13312-022-2530-5'
  Status: Enriched 5 field(s) during run.
  ❌ FAILED / STILL MISSING COLUMNS (2): ['Abstract', 'Article References']

• [Row 2308] Source: Asano-original-simplified.csv
  Title: 'Translating grunts into emotions in pigs' | DOI: '10.1002/vetr.1590'
  Status: Enriched 6 field(s) during run.
  ❌ FAILED / STILL MISSING COLUMNS (1): ['Article References']

• [Row 2311] Source: Asano-original-simplified.csv
  Title: 'The shape of artificial intelligence: Just a black box?' | DOI: '10.1111/cbdd.13793'
  Status: Enriched 5 field(s) during run.
  ❌ FAILED / STILL MISSING COLUMNS (2): ['Abstract', 'Article References']

• [Row 2312] Source: Asano-original-simplified.csv
  Title: 'AI added to the curriculum for doctors-to-be' | DOI: '10.1038/s41591-019-0648-3'
  Status: Enriched 6 field(s) during run.
  ❌ FAILED / STILL MISSING COLUMNS (1): ['Article References']

• [Row 2313] Source: Asano-original-simplified.csv
  Title: 'Releasing of The White Paper on Medical Imaging Artific' | DOI: '10.24920/003620'
  Status: Enriched 6 field(s) during run.
  ❌ FAILED / STILL MISSING COLUMNS (1): ['Article References']

• [Row 2314] Source: Asano-original-simplified.csv
  Title: 'Artificial intelligence and machine learning in wound c' | DOI: '10.1111/iwj.13108'
  Status: Enriched 6 field(s) during run.
  ❌ FAILED / STILL MISSING COLUMNS (1): ['Article References']

• [Row 2315] Source: Asano-original-simplified.csv
  Title: 'Artificial intelligence alone won't solve the complexit' | DOI: '10.1038/d41586-019-00556-5'
  Status: Enriched 5 field(s) during run.
  ❌ FAILED / STILL MISSING COLUMNS (2): ['Author', 'Article References']

• [Row 2316] Source: Asano-original-simplified.csv
  Title: 'Artificial Intelligence-Magic? / L'intelligence artific' | DOI: '10.1177/1203475417738784'
  Status: Enriched 5 field(s) during run.
  ❌ FAILED / STILL MISSING COLUMNS (2): ['Abstract', 'Article References']

• [Row 2317] Source: Asano-original-simplified.csv
  Title: 'Machine intelligence' | DOI: '10.1038/521435a'
  Status: Enriched 6 field(s) during run.
  ❌ FAILED / STILL MISSING COLUMNS (1): ['Article References']

• [Row 2318] Source: Asano-original-simplified.csv
  Title: 'Artificial intelligence techniques in medicinal chemist' | DOI: '10.2174/1568026611313050001'
  Status: Enriched 5 field(s) during run.
  ❌ FAILED / STILL MISSING COLUMNS (2): ['Abstract', 'Article References']

• [Row 2319] Source: Asano-original-simplified.csv
  Title: 'Anemia: an artificial intelligence project' | DOI: 'No DOI'
  Status: Enriched 5 field(s) during run.
  ❌ FAILED / STILL MISSING COLUMNS (2): ['Abstract', 'Article References']

• [Row 2320] Source: Asano-original-simplified.csv
  Title: 'Response to letter to the editor, re: Solving gaps in c' | DOI: '10.1016/j.jns.2026.126063'
  Status: Enriched 6 field(s) during run.
  ❌ FAILED / STILL MISSING COLUMNS (1): ['Abstract']

• [Row 2321] Source: Asano-original-simplified.csv
  Title: 'Response to Kahn et al, "Artificial intelligence in evi' | DOI: '10.1016/j.jaad.2026.05.028'
  Status: Enriched 5 field(s) during run.
  ❌ FAILED / STILL MISSING COLUMNS (2): ['Abstract', 'Article References']

• [Row 2322] Source: Asano-original-simplified.csv
  Title: 'Artificial intelligence in chest imaging beyond COVID-1' | DOI: '10.1016/j.clinimag.2026.110797'
  Status: Enriched 6 field(s) during run.
  ❌ FAILED / STILL MISSING COLUMNS (1): ['Abstract']

• [Row 2323] Source: Asano-original-simplified.csv
  Title: 'Patient Perception of Artificial Intelligence Medical S' | DOI: '10.1097/UPJ.0000000000000995'
  Status: Enriched 5 field(s) during run.
  ❌ FAILED / STILL MISSING COLUMNS (2): ['Abstract', 'Article References']

• [Row 2324] Source: Asano-original-simplified.csv
  Title: 'Making authors recognize the use or non-use of artifici' | DOI: '10.1016/j.accpm.2026.101802'
  Status: Enriched 6 field(s) during run.
  ❌ FAILED / STILL MISSING COLUMNS (1): ['Abstract']

• [Row 2325] Source: Asano-original-simplified.csv
  Title: 'Guiding principles for using artificial intelligence to' | DOI: '10.1016/j.jaad.2025.12.119'
  Status: Enriched 6 field(s) during run.
  ❌ FAILED / STILL MISSING COLUMNS (1): ['Abstract']

• [Row 2326] Source: Asano-original-simplified.csv
  Title: 'Letter Regarding "Artificial Intelligence Model for Aut' | DOI: '10.1111/jgh.70301'
  Status: Enriched 6 field(s) during run.
  ❌ FAILED / STILL MISSING COLUMNS (1): ['Abstract']

• [Row 2327] Source: Asano-original-simplified.csv
  Title: 'Minimizing Potential Harms of Generative AI for Mental ' | DOI: '10.1177/08901171251406964'
  Status: Enriched 6 field(s) during run.
  ❌ FAILED / STILL MISSING COLUMNS (1): ['Abstract']

• [Row 2328] Source: Asano-original-simplified.csv
  Title: 'From consensus to practice: How artificial intelligence' | DOI: '10.1016/j.accpm.2025.101731'
  Status: Enriched 6 field(s) during run.
  ❌ FAILED / STILL MISSING COLUMNS (1): ['Abstract']

• [Row 2329] Source: Asano-original-simplified.csv
  Title: 'Artificial intelligence-derived calcium score as a gate' | DOI: '10.1016/j.nuclcard.2025.102503'
  Status: Enriched 6 field(s) during run.
  ❌ FAILED / STILL MISSING COLUMNS (1): ['Abstract']

• [Row 2332] Source: Asano-original-simplified.csv
  Title: 'Synergy of Artificial Intelligence and Laser Tech in Co' | DOI: '10.1111/jocd.16799'
  Status: Enriched 6 field(s) during run.
  ❌ FAILED / STILL MISSING COLUMNS (1): ['Abstract']

• [Row 2334] Source: Asano-original-simplified.csv
  Title: 'Federated learning and pain management: artificial inte' | DOI: '10.1016/j.bja.2024.10.036'
  Status: Enriched 6 field(s) during run.
  ❌ FAILED / STILL MISSING COLUMNS (1): ['Abstract']

• [Row 2336] Source: Asano-original-simplified.csv
  Title: 'Ethical considerations regarding patient privacy when e' | DOI: '10.1111/ijd.17525'
  Status: Enriched 6 field(s) during run.
  ❌ FAILED / STILL MISSING COLUMNS (1): ['Abstract']

• [Row 2339] Source: Asano-original-simplified.csv
  Title: 'Editorial: Artificial intelligence based diagnostics fo' | DOI: '10.3389/fnhum.2023.1287959'
  Status: Enriched 6 field(s) during run.
  ❌ FAILED / STILL MISSING COLUMNS (1): ['Article References']

• [Row 2346] Source: Asano-original-simplified.csv
  Title: 'When Artificial Intelligence Says Maybe: Navigating Pat' | DOI: '10.1016/j.jaad.2026.09.032'
  Status: Enriched 3 field(s) during run.
  ❌ FAILED / STILL MISSING COLUMNS (3): ['Abstract', 'Article References', 'Times Cited']

• [Row 2347] Source: Asano-original-simplified.csv
  Title: 'The emerging role of artificial intelligence in preoper' | DOI: '10.1007/s10549-026-08053-w'
  Status: Enriched 6 field(s) during run.
  ❌ FAILED / STILL MISSING COLUMNS (1): ['Abstract']

• [Row 2351] Source: Asano-original-simplified.csv
  Title: 'Artificial Intelligence and Vitamin D Deficiency: Oppor' | DOI: '10.31083/FBL50946'
  Status: Enriched 5 field(s) during run.
  ❌ FAILED / STILL MISSING COLUMNS (2): ['Abstract', 'Article References']

• [Row 2352] Source: Asano-original-simplified.csv
  Title: 'Artificial Intelligence in Cholangioscopy: Standards Fi' | DOI: '10.1111/den.70129'
  Status: Enriched 6 field(s) during run.
  ❌ FAILED / STILL MISSING COLUMNS (1): ['Article References']

• [Row 2353] Source: Asano-original-simplified.csv
  Title: 'Algorithmic dopamine economies: emerging psychiatric ch' | DOI: '10.1192/bjp.2026.10557'
  Status: Enriched 6 field(s) during run.
  ❌ FAILED / STILL MISSING COLUMNS (1): ['Abstract']

• [Row 2354] Source: Asano-original-simplified.csv
  Title: 'From promise to practice: Implementing artificial intel' | DOI: '10.1016/j.diii.2026.01.010'
  Status: Enriched 6 field(s) during run.
  ❌ FAILED / STILL MISSING COLUMNS (1): ['Abstract']

• [Row 2356] Source: Asano-original-simplified.csv
  Title: 'Artificial Intelligence-Enabled Electrocardiogram Analy' | DOI: '10.1016/j.cjca.2025.12.050'
  Status: Enriched 6 field(s) during run.
  ❌ FAILED / STILL MISSING COLUMNS (1): ['Abstract']

• [Row 2357] Source: Asano-original-simplified.csv
  Title: 'Artificial Intelligence for the Detection of Neoplastic' | DOI: '10.1111/den.70090'
  Status: Enriched 6 field(s) during run.
  ❌ FAILED / STILL MISSING COLUMNS (1): ['Abstract']

• [Row 2358] Source: Asano-original-simplified.csv
  Title: 'From myth to machine: artificial intelligence and the f' | DOI: '10.3399/BJGPO.2025.0158'
  Status: Enriched 6 field(s) during run.
  ❌ FAILED / STILL MISSING COLUMNS (1): ['Abstract']

• [Row 2359] Source: Asano-original-simplified.csv
  Title: 'Comment on "Artificial intelligence in airway managemen' | DOI: '10.1016/j.accpm.2025.101727'
  Status: Enriched 6 field(s) during run.
  ❌ FAILED / STILL MISSING COLUMNS (1): ['Abstract']

• [Row 2360] Source: Asano-original-simplified.csv
  Title: 'From calculators to artificial intelligence: moving bey' | DOI: '10.52054/FVVO.2025.276'
  Status: Enriched 6 field(s) during run.
  ❌ FAILED / STILL MISSING COLUMNS (1): ['Article References']

• [Row 2362] Source: Asano-original-simplified.csv
  Title: 'Reassessing the Clinical Applicability of Artificial In' | DOI: '10.1016/j.cjca.2025.09.036'
  Status: Enriched 6 field(s) during run.
  ❌ FAILED / STILL MISSING COLUMNS (1): ['Abstract']

• [Row 2366] Source: Asano-original-simplified.csv
  Title: 'SCARLET: A custom artificial intelligence agent for pra' | DOI: '10.1002/jdd.13824'
  Status: Enriched 6 field(s) during run.
  ❌ FAILED / STILL MISSING COLUMNS (1): ['Abstract']

• [Row 2367] Source: Asano-original-simplified.csv
  Title: 'Artificial intelligence and radiomics in desmoid-type f' | DOI: '10.1080/14796694.2024.2418796'
  Status: Enriched 6 field(s) during run.
  ❌ FAILED / STILL MISSING COLUMNS (1): ['Abstract']

• [Row 2369] Source: Asano-original-simplified.csv
  Title: 'Endovascular Aneurysm Repair Surveillance Program Drive' | DOI: '10.1016/j.ejvs.2024.09.037'
  Status: Enriched 6 field(s) during run.
  ❌ FAILED / STILL MISSING COLUMNS (1): ['Abstract']

• [Row 2371] Source: Asano-original-simplified.csv
  Title: 'Editorial: Harnessing the Power of AI in Health Care: B' | DOI: '10.1177/15533506231190748'
  Status: Enriched 5 field(s) during run.
  ❌ FAILED / STILL MISSING COLUMNS (2): ['Abstract', 'Article References']

• [Row 2373] Source: Asano-original-simplified.csv
  Title: 'Application of deep learning algorithms for diabetic re' | DOI: '10.21037/atm-2022-73'
  Status: Enriched 6 field(s) during run.
  ❌ FAILED / STILL MISSING COLUMNS (1): ['Abstract']

• [Row 2380] Source: Asano-original-simplified.csv
  Title: 'Generative artificial intelligence in otolaryngology-he' | DOI: '10.1007/s00405-024-08579-z'
  Status: Enriched 6 field(s) during run.
  ❌ FAILED / STILL MISSING COLUMNS (1): ['Abstract']

• [Row 2393] Source: Asano-original-simplified.csv
  Title: 'Teaching Applied Artificial Intelligence in Health Scho' | DOI: '10.3233/SHTI260662'
  Status: Enriched 6 field(s) during run.
  ❌ FAILED / STILL MISSING COLUMNS (1): ['Article References']

• [Row 2397] Source: Asano-original-simplified.csv
  Title: 'Can artificial intelligence (AI) replace oral food chal' | DOI: '10.1016/j.jaci.2024.01.008'
  Status: Enriched 6 field(s) during run.
  ❌ FAILED / STILL MISSING COLUMNS (1): ['Abstract']

• [Row 2398] Source: Asano-original-simplified.csv
  Title: 'Comparative Analysis of Chat-Based Artificial Intellige' | DOI: '10.1161/JAHA.123.031787'
  Status: Enriched 6 field(s) during run.
  ❌ FAILED / STILL MISSING COLUMNS (1): ['Abstract']

• [Row 2399] Source: Asano-original-simplified.csv
  Title: 'AI Is Changing the Landscape of Academic Writing: What ' | DOI: '10.2196/50844'
  Status: Enriched 6 field(s) during run.
  ❌ FAILED / STILL MISSING COLUMNS (1): ['Abstract']

• [Row 2401] Source: Asano-original-simplified.csv
  Title: 'Limited commercialization of artificial intelligence te' | DOI: '10.1016/j.jaad.2023.02.020'
  Status: Enriched 6 field(s) during run.
  ❌ FAILED / STILL MISSING COLUMNS (1): ['Abstract']

• [Row 2402] Source: Asano-original-simplified.csv
  Title: 'Editorial: Advances in Using Big Data and Artificial In' | DOI: '10.3389/fimmu.2022.948885'
  Status: Enriched 6 field(s) during run.
  ❌ FAILED / STILL MISSING COLUMNS (1): ['Article References']

• [Row 2405] Source: Asano-original-simplified.csv
  Title: 'Impact of ECG Characteristics on the Performance of an ' | DOI: '10.1161/CIRCEP.121.009871'
  Status: Enriched 6 field(s) during run.
  ❌ FAILED / STILL MISSING COLUMNS (1): ['Abstract']

• [Row 2412] Source: Asano-original-simplified.csv
  Title: 'Artificial Intelligence in Health and Medicine: Progres' | DOI: '10.46234/ccdcw2025.218'
  Status: Enriched 6 field(s) during run.
  ❌ FAILED / STILL MISSING COLUMNS (1): ['Article References']

• [Row 2415] Source: Asano-original-simplified.csv
  Title: 'Beyond Years: Is Artificial Intelligence Ready to Predi' | DOI: '10.1016/j.echo.2024.05.013'
  Status: Enriched 6 field(s) during run.
  ❌ FAILED / STILL MISSING COLUMNS (1): ['Abstract']

• [Row 2416] Source: Asano-original-simplified.csv
  Title: 'When artificial intelligence meets photon-counting coro' | DOI: '10.1016/j.diii.2024.02.007'
  Status: Enriched 6 field(s) during run.
  ❌ FAILED / STILL MISSING COLUMNS (1): ['Abstract']

• [Row 2425] Source: Asano-original-simplified.csv
  Title: 'Current trends in the use of machine learning for diagn' | DOI: '10.1093/cvr/cvab059'
  Status: Enriched 6 field(s) during run.
  ❌ FAILED / STILL MISSING COLUMNS (1): ['Abstract']

• [Row 2427] Source: Asano-original-simplified.csv
  Title: 'Deep lessons learned: Radiology, oncology, pathology, a' | DOI: '10.1016/j.diii.2019.09.002'
  Status: Enriched 6 field(s) during run.
  ❌ FAILED / STILL MISSING COLUMNS (1): ['Abstract']

• [Row 2454] Source: Asano-original-simplified.csv
  Title: 'The Role of Artificial Intelligence in Acute Ischemic S' | DOI: 'No DOI'
  Status: Enriched 1 field(s) during run.
  ❌ FAILED / STILL MISSING COLUMNS (4): ['Author', 'Article References', 'Times Cited', 'Publication Year']

• [Row 2460] Source: Asano-original-simplified.csv
  Title: '[Artificial intelligence and the age of unexplainable m' | DOI: 'No DOI'
  Status: Enriched 6 field(s) during run.
  ❌ FAILED / STILL MISSING COLUMNS (1): ['Article References']

• [Row 2476] Source: Asano-original-simplified.csv
  Title: 'Exploring the application of Artificial Intelligence in' | DOI: '10.1186/s12904-026-02191-0'
  Status: Enriched 6 field(s) during run.
  ❌ FAILED / STILL MISSING COLUMNS (1): ['Article References']

• [Row 2479] Source: Asano-original-simplified.csv
  Title: 'Artificial Intelligence and the Sustainable Development' | DOI: '10.12927/cjnl.2026.27787'
  Status: Enriched 6 field(s) during run.
  ❌ FAILED / STILL MISSING COLUMNS (1): ['Article References']

• [Row 2481] Source: Asano-original-simplified.csv
  Title: '[Artificial intelligence vs self-awareness: An ethical ' | DOI: '10.30444/CB.197'
  Status: Enriched 6 field(s) during run.
  ❌ FAILED / STILL MISSING COLUMNS (1): ['Article References']

• [Row 2500] Source: Asano-original-simplified.csv
  Title: '[Artificial intelligence in Public Health: opportunitie' | DOI: 'No DOI'
  Status: Enriched 1 field(s) during run.
  ❌ FAILED / STILL MISSING COLUMNS (4): ['Author', 'Article References', 'Times Cited', 'Publication Year']

• [Row 2507] Source: Asano-original-simplified.csv
  Title: '[Horizon of artificial intelligence and neurosciences. ' | DOI: 'No DOI'
  Status: Enriched 1 field(s) during run.
  ❌ FAILED / STILL MISSING COLUMNS (4): ['Author', 'Article References', 'Times Cited', 'Publication Year']

• [Row 2513] Source: Asano-original-simplified.csv
  Title: 'Welcoming artificial intelligence into ophthalmology' | DOI: '10.1111/ceo.14311'
  Status: Enriched 6 field(s) during run.
  ❌ FAILED / STILL MISSING COLUMNS (1): ['Abstract']

• [Row 2514] Source: Asano-original-simplified.csv
  Title: 'The Impact of Artificial Intelligence on Coronary Imagi' | DOI: '10.1016/j.clinthera.2023.10.011'
  Status: Enriched 6 field(s) during run.
  ❌ FAILED / STILL MISSING COLUMNS (1): ['Abstract']

• [Row 2515] Source: Asano-original-simplified.csv
  Title: 'International Society for Medical Publication Professio' | DOI: '10.1080/03007995.2023.2273139'
  Status: Enriched 5 field(s) during run.
  ❌ FAILED / STILL MISSING COLUMNS (2): ['Author', 'Abstract']

• [Row 2516] Source: Asano-original-simplified.csv
  Title: 'A Case Study in Artificial Intelligence-Generated Manus' | DOI: '10.1016/j.chest.2023.05.003'
  Status: Enriched 5 field(s) during run.
  ❌ FAILED / STILL MISSING COLUMNS (2): ['Abstract', 'Article References']

• [Row 2517] Source: Asano-original-simplified.csv
  Title: 'Using Artificial Intelligence to Assess Surgeon Skill' | DOI: '10.1001/jamasurg.2023.1140'
  Status: Enriched 6 field(s) during run.
  ❌ FAILED / STILL MISSING COLUMNS (1): ['Abstract']

• [Row 2518] Source: Asano-original-simplified.csv
  Title: 'Is artificial intelligence really that smart?' | DOI: '10.1016/j.hrthm.2022.07.033'
  Status: Enriched 6 field(s) during run.
  ❌ FAILED / STILL MISSING COLUMNS (1): ['Abstract']

• [Row 2519] Source: Asano-original-simplified.csv
  Title: 'Interview with Colin Garvey, Rensselaer Polytechnic Ins' | DOI: '10.1089/omi.2017.0218'
  Status: Enriched 6 field(s) during run.
  ❌ FAILED / STILL MISSING COLUMNS (1): ['Article References']

• [Row 2520] Source: Asano-original-simplified.csv
  Title: '[Health information and artificial intelligence]' | DOI: 'No DOI'
  Status: Enriched 0 field(s) during run.
  ❌ FAILED / STILL MISSING COLUMNS (5): ['Author', 'Abstract', 'Article References', 'Times Cited', 'Publication Year']

• [Row 2521] Source: Asano-original-simplified.csv
  Title: '[Artificial intelligence and help in diagnosis]' | DOI: 'No DOI'
  Status: Enriched 0 field(s) during run.
  ❌ FAILED / STILL MISSING COLUMNS (5): ['Author', 'Abstract', 'Article References', 'Times Cited', 'Publication Year']

• [Row 2522] Source: Asano-original-simplified.csv
  Title: 'IDJ Pioneers Efforts to Reframe Dental Health Care Thro' | DOI: '10.1016/j.identj.2024.03.006'
  Status: Enriched 6 field(s) during run.
  ❌ FAILED / STILL MISSING COLUMNS (1): ['Abstract']

• [Row 2524] Source: Asano-original-simplified.csv
  Title: 'Scientific Writing in the Age of Artificial Intelligenc' | DOI: '10.31662/jmaj.2026-0083'
  Status: Enriched 5 field(s) during run.
  ❌ FAILED / STILL MISSING COLUMNS (2): ['Abstract', 'Article References']

• [Row 2525] Source: Asano-original-simplified.csv
  Title: 'Artificial intelligence and asthma: Pros, cons, and pot' | DOI: '10.1016/j.jnma.2026.06.011'
  Status: Enriched 6 field(s) during run.
  ❌ FAILED / STILL MISSING COLUMNS (1): ['Abstract']

• [Row 2527] Source: Asano-original-simplified.csv
  Title: 'Editorial: Ethical and legal implications of artificial' | DOI: '10.3389/fmed.2026.1885165'
  Status: Enriched 6 field(s) during run.
  ❌ FAILED / STILL MISSING COLUMNS (1): ['Article References']

• [Row 2528] Source: Asano-original-simplified.csv
  Title: 'Artificial Intelligence-Assisted Writing and Editing, a' | DOI: '10.1111/nhs.70366'
  Status: Enriched 6 field(s) during run.
  ❌ FAILED / STILL MISSING COLUMNS (1): ['Abstract']

• [Row 2530] Source: Asano-original-simplified.csv
  Title: 'Ethics of artificial intelligence in aesthetic dermatol' | DOI: '10.1016/j.jaad.2026.03.062'
  Status: Enriched 6 field(s) during run.
  ❌ FAILED / STILL MISSING COLUMNS (1): ['Abstract']

• [Row 2531] Source: Asano-original-simplified.csv
  Title: 'Editorial: Emotions and artificial intelligence' | DOI: '10.3389/fpsyg.2025.1720713'
  Status: Enriched 6 field(s) during run.
  ❌ FAILED / STILL MISSING COLUMNS (1): ['Article References']

• [Row 2534] Source: Asano-original-simplified.csv
  Title: 'Letter re: Enhancing Surgical Education Through Artific' | DOI: '10.1177/00031348251371212'
  Status: Enriched 6 field(s) during run.
  ❌ FAILED / STILL MISSING COLUMNS (1): ['Abstract']

• [Row 2537] Source: Asano-original-simplified.csv
  Title: 'Optimizing clinical operations with AI' | DOI: '10.1016/j.hrthm.2024.08.006'
  Status: Enriched 6 field(s) during run.
  ❌ FAILED / STILL MISSING COLUMNS (1): ['Abstract']

• [Row 2538] Source: Asano-original-simplified.csv
  Title: 'The impact of artificial intelligence in revolutionizin' | DOI: '10.5173/ceju.2023.255'
  Status: Enriched 6 field(s) during run.
  ❌ FAILED / STILL MISSING COLUMNS (1): ['Abstract']

• [Row 2539] Source: Asano-original-simplified.csv
  Title: 'Balancing innovation and professionalism: The emerging ' | DOI: '10.1016/j.hrthm.2024.04.010'
  Status: Enriched 6 field(s) during run.
  ❌ FAILED / STILL MISSING COLUMNS (1): ['Abstract']

• [Row 2540] Source: Asano-original-simplified.csv
  Title: 'ChatGPT is still struggling to revolutionize mental hea' | DOI: '10.1016/j.ajp.2023.103906'
  Status: Enriched 6 field(s) during run.
  ❌ FAILED / STILL MISSING COLUMNS (1): ['Abstract']

• [Row 2542] Source: Asano-original-simplified.csv
  Title: 'Editorial: Novel Methods for Oncologic Imaging Analysis' | DOI: '10.3389/fonc.2021.628310'
  Status: Enriched 6 field(s) during run.
  ❌ FAILED / STILL MISSING COLUMNS (1): ['Article References']

• [Row 2543] Source: Asano-original-simplified.csv
  Title: '[Comments on Gratzer et al.: ``Des guidelines pour l'in' | DOI: '10.1016/j.revmed.2020.02.010'
  Status: Enriched 6 field(s) during run.
  ❌ FAILED / STILL MISSING COLUMNS (1): ['Abstract']

• [Row 2545] Source: Asano-original-simplified.csv
  Title: 'Computational pathology and the understanding of diseas' | DOI: '10.1002/path.5337'
  Status: Enriched 6 field(s) during run.
  ❌ FAILED / STILL MISSING COLUMNS (1): ['Author']

• [Row 2546] Source: Asano-original-simplified.csv
  Title: 'The Evolving State of Responsible AI in Australia' | DOI: '10.3233/SHTI260974'
  Status: Enriched 6 field(s) during run.
  ❌ FAILED / STILL MISSING COLUMNS (1): ['Article References']

• [Row 2547] Source: Asano-original-simplified.csv
  Title: 'Artificial intelligence in molecular biology' | DOI: '10.1016/j.molcel.2024.12.013'
  Status: Enriched 6 field(s) during run.
  ❌ FAILED / STILL MISSING COLUMNS (1): ['Article References']

• [Row 2548] Source: Asano-original-simplified.csv
  Title: 'Managing data overload: AI, wearables, and apps' | DOI: '10.1016/j.hrthm.2024.08.008'
  Status: Enriched 6 field(s) during run.
  ❌ FAILED / STILL MISSING COLUMNS (1): ['Abstract']

• [Row 2552] Source: Asano-original-simplified.csv
  Title: 'Artificial intelligence in medicine: How it works, how ' | DOI: '10.3949/ccjm.93a.25089'
  Status: Enriched 6 field(s) during run.
  ❌ FAILED / STILL MISSING COLUMNS (1): ['Article References']

• [Row 2563] Source: Asano-original-simplified.csv
  Title: 'Reaffirming Nurses' Moral Agency in the Age of "Agentic' | DOI: '10.1002/hast.70060'
  Status: Enriched 6 field(s) during run.
  ❌ FAILED / STILL MISSING COLUMNS (1): ['Article References']

• [Row 2565] Source: Asano-original-simplified.csv
  Title: 'Uncover This Tech Term: Agentic Artificial Intelligence' | DOI: '10.3348/kjr.2025.0370'
  Status: Enriched 6 field(s) during run.
  ❌ FAILED / STILL MISSING COLUMNS (1): ['Abstract']

• [Row 2569] Source: Asano-original-simplified.csv
  Title: 'Reimagining Clinical Documentation With Artificial Inte' | DOI: '10.1016/j.mayocp.2018.02.016'
  Status: Enriched 6 field(s) during run.
  ❌ FAILED / STILL MISSING COLUMNS (1): ['Abstract']

• [Row 2570] Source: Asano-original-simplified.csv
  Title: 'Artificial intelligence and psychiatry' | DOI: '10.1097/00005053-198604000-00001'
  Status: Enriched 6 field(s) during run.
  ❌ FAILED / STILL MISSING COLUMNS (1): ['Article References']

• [Row 2571] Source: Asano-original-simplified.csv
  Title: 'When AI Extinguishes Expertise Artificial intelligence,' | DOI: 'No DOI'
  Status: Enriched 1 field(s) during run.
  ❌ FAILED / STILL MISSING COLUMNS (4): ['Author', 'Article References', 'Times Cited', 'Publication Year']

• [Row 2575] Source: Asano-original-simplified.csv
  Title: 'AI in health care: closing the revenue cycle gap' | DOI: '10.37765/ajmc.2025.89717'
  Status: Enriched 6 field(s) during run.
  ❌ FAILED / STILL MISSING COLUMNS (1): ['Article References']

• [Row 2577] Source: Asano-original-simplified.csv
  Title: 'Editorial: Artificial intelligence in forensic microbio' | DOI: '10.3389/fmicb.2024.1406563'
  Status: Enriched 6 field(s) during run.
  ❌ FAILED / STILL MISSING COLUMNS (1): ['Article References']

• [Row 2578] Source: Asano-original-simplified.csv
  Title: 'Artificial intelligence in medicine: Ethical, deontolog' | DOI: '10.1016/j.medcli.2024.03.003'
  Status: Enriched 6 field(s) during run.
  ❌ FAILED / STILL MISSING COLUMNS (1): ['Abstract']

• [Row 2581] Source: Asano-original-simplified.csv
  Title: 'Baby, Where Did You Get Those Eyes?: IEEE Pulse talks w' | DOI: '10.1109/MPUL.2015.2476763'
  Status: Enriched 6 field(s) during run.
  ❌ FAILED / STILL MISSING COLUMNS (1): ['Article References']

• [Row 2587] Source: Asano-original-simplified.csv
  Title: 'From Bench to Bedside: Governing Health Care Artificial' | DOI: '10.1017/amj.2025.10091'
  Status: Enriched 6 field(s) during run.
  ❌ FAILED / STILL MISSING COLUMNS (1): ['Article References']

• [Row 2593] Source: Asano-original-simplified.csv
  Title: 'Artificial Intelligence and Human Factors in Urology' | DOI: '10.56434/j.arch.esp.urol.20257806.86'
  Status: Enriched 6 field(s) during run.
  ❌ FAILED / STILL MISSING COLUMNS (1): ['Article References']

• [Row 2609] Source: Asano-original-simplified.csv
  Title: 'The Infiltration of Artificial Intelligence Into Higher' | DOI: '10.1891/NN-2024-0006'
  Status: Enriched 6 field(s) during run.
  ❌ FAILED / STILL MISSING COLUMNS (1): ['Abstract']

• [Row 2610] Source: Asano-original-simplified.csv
  Title: 'Artificial Intelligence in Emergency Medicine: A Case f' | DOI: '10.1016/j.annemergmed.2024.04.007'
  Status: Enriched 6 field(s) during run.
  ❌ FAILED / STILL MISSING COLUMNS (1): ['Abstract']

• [Row 2611] Source: Asano-original-simplified.csv
  Title: 'How to bridge innovation and regulation for responsible' | DOI: '10.1038/s41591-024-02983-y'
  Status: Enriched 5 field(s) during run.
  ❌ FAILED / STILL MISSING COLUMNS (2): ['Abstract', 'Article References']

• [Row 2612] Source: Asano-original-simplified.csv
  Title: 'Artificial Intelligence in Medical Consultations: Optim' | DOI: '10.1016/j.cgh.2023.12.034'
  Status: Enriched 6 field(s) during run.
  ❌ FAILED / STILL MISSING COLUMNS (1): ['Abstract']

• [Row 2613] Source: Asano-original-simplified.csv
  Title: 'Dangers of Artificial Intelligence in Oncology' | DOI: '10.1200/OP.23.00745'
  Status: Enriched 6 field(s) during run.
  ❌ FAILED / STILL MISSING COLUMNS (1): ['Abstract']

• [Row 2614] Source: Asano-original-simplified.csv
  Title: 'Artificial intelligence in veterinary medicine requires' | DOI: 'No DOI'
  Status: Enriched 0 field(s) during run.
  ❌ FAILED / STILL MISSING COLUMNS (5): ['Author', 'Abstract', 'Article References', 'Times Cited', 'Publication Year']

• [Row 2615] Source: Asano-original-simplified.csv
  Title: 'The Pros and Cons of Artificial Intelligence Authorship' | DOI: '10.1016/j.ophtha.2023.05.018'
  Status: Enriched 6 field(s) during run.
  ❌ FAILED / STILL MISSING COLUMNS (1): ['Abstract']

• [Row 2616] Source: Asano-original-simplified.csv
  Title: '[Artificial intelligence in gastrointestinal endoscopy]' | DOI: '10.1007/s15006-023-2329-x'
  Status: Enriched 5 field(s) during run.
  ❌ FAILED / STILL MISSING COLUMNS (2): ['Abstract', 'Article References']

• [Row 2618] Source: Asano-original-simplified.csv
  Title: 'MONSOON: Artificial Intelligence Meets Process Industri' | DOI: '10.1089/cyber.2022.29245.ceu'
  Status: Enriched 5 field(s) during run.
  ❌ FAILED / STILL MISSING COLUMNS (2): ['Abstract', 'Article References']

• [Row 2619] Source: Asano-original-simplified.csv
  Title: 'Artificial intelligence in structural biology is here t' | DOI: '10.1038/d41586-021-02037-0'
  Status: Enriched 6 field(s) during run.
  ❌ FAILED / STILL MISSING COLUMNS (1): ['Author']

• [Row 2620] Source: Asano-original-simplified.csv
  Title: 'Artificial intelligence in echocardiography' | DOI: '10.1016/j.rec.2021.06.010'
  Status: Enriched 6 field(s) during run.
  ❌ FAILED / STILL MISSING COLUMNS (1): ['Abstract']

• [Row 2621] Source: Asano-original-simplified.csv
  Title: 'Artificial Intelligence in Medical Education' | DOI: 'No DOI'
  Status: Enriched 0 field(s) during run.
  ❌ FAILED / STILL MISSING COLUMNS (5): ['Author', 'Abstract', 'Article References', 'Times Cited', 'Publication Year']

• [Row 2622] Source: Asano-original-simplified.csv
  Title: 'Editorial: Artificial intelligence will shape the futur' | DOI: '10.1097/MOU.0000000000000898'
  Status: Enriched 6 field(s) during run.
  ❌ FAILED / STILL MISSING COLUMNS (1): ['Article References']

• [Row 2623] Source: Asano-original-simplified.csv
  Title: 'Surgery and artificial intelligence: Just around the co' | DOI: '10.1016/j.jviscsurg.2021.01.007'
  Status: Enriched 6 field(s) during run.
  ❌ FAILED / STILL MISSING COLUMNS (1): ['Abstract']

• [Row 2625] Source: Asano-original-simplified.csv
  Title: 'Artificial intelligence in the ophthalmic landscape' | DOI: 'No DOI'
  Status: Enriched 0 field(s) during run.
  ❌ FAILED / STILL MISSING COLUMNS (5): ['Author', 'Abstract', 'Article References', 'Times Cited', 'Publication Year']

• [Row 2626] Source: Asano-original-simplified.csv
  Title: 'Artificial Intelligence and Medical Innovation' | DOI: 'No DOI'
  Status: Enriched 0 field(s) during run.
  ❌ FAILED / STILL MISSING COLUMNS (5): ['Author', 'Abstract', 'Article References', 'Times Cited', 'Publication Year']

• [Row 2627] Source: Asano-original-simplified.csv
  Title: 'Artificial intelligence aims to improve cancer screenin' | DOI: '10.1038/s41591-019-0629-6'
  Status: Enriched 6 field(s) during run.
  ❌ FAILED / STILL MISSING COLUMNS (1): ['Article References']

• [Row 2628] Source: Asano-original-simplified.csv
  Title: 'AI in the life sciences: on the up, or over-hyped?' | DOI: '10.2144/btn-2019-0040'
  Status: Enriched 5 field(s) during run.
  ❌ FAILED / STILL MISSING COLUMNS (2): ['Abstract', 'Article References']

• [Row 2629] Source: Asano-original-simplified.csv
  Title: 'Technology: Artificial intelligence' | DOI: '10.1038/sj.bdj.2018.485'
  Status: Enriched 6 field(s) during run.
  ❌ FAILED / STILL MISSING COLUMNS (1): ['Abstract']

• [Row 2630] Source: Asano-original-simplified.csv
  Title: 'Artificial artificial intelligence: surgeon intuition a' | DOI: '10.1016/j.jtcvs.2006.05.016'
  Status: Enriched 6 field(s) during run.
  ❌ FAILED / STILL MISSING COLUMNS (1): ['Abstract']

• [Row 2631] Source: Asano-original-simplified.csv
  Title: 'Potential contribution of artificial intelligence to ne' | DOI: '10.1159/000416900'
  Status: Enriched 5 field(s) during run.
  ❌ FAILED / STILL MISSING COLUMNS (2): ['Abstract', 'Article References']

• [Row 2632] Source: Asano-original-simplified.csv
  Title: '[Artificial intelligence and psychiatry: modeling of di' | DOI: 'No DOI'
  Status: Enriched 0 field(s) during run.
  ❌ FAILED / STILL MISSING COLUMNS (5): ['Author', 'Abstract', 'Article References', 'Times Cited', 'Publication Year']

• [Row 2634] Source: Asano-original-simplified.csv
  Title: 'Ethicists flirt with AI for reviewing human research' | DOI: '10.1126/science.aec5467'
  Status: Enriched 6 field(s) during run.
  ❌ FAILED / STILL MISSING COLUMNS (1): ['Article References']

• [Row 2635] Source: Asano-original-simplified.csv
  Title: 'How to harness AI's potential in research - responsibly' | DOI: '10.1038/d41586-024-02762-2'
  Status: Enriched 5 field(s) during run.
  ❌ FAILED / STILL MISSING COLUMNS (2): ['Abstract', 'Article References']

• [Row 2636] Source: Asano-original-simplified.csv
  Title: 'Artificial Intelligence and Oncology' | DOI: '10.6004/jnccn.2024.0037'
  Status: Enriched 5 field(s) during run.
  ❌ FAILED / STILL MISSING COLUMNS (2): ['Abstract', 'Article References']

• [Row 2637] Source: Asano-original-simplified.csv
  Title: 'Artificial intelligence models in generating responses ' | DOI: '10.1016/j.ajodo.2024.03.009'
  Status: Enriched 5 field(s) during run.
  ❌ FAILED / STILL MISSING COLUMNS (2): ['Abstract', 'Article References']

• [Row 2638] Source: Asano-original-simplified.csv
  Title: 'Our Otolaryngology Future With Artificial Intelligence' | DOI: '10.1002/ohn.802'
  Status: Enriched 5 field(s) during run.
  ❌ FAILED / STILL MISSING COLUMNS (2): ['Abstract', 'Article References']

• [Row 2639] Source: Asano-original-simplified.csv
  Title: 'AI ethics in dental practice' | DOI: '10.1038/s41415-024-7419-3'
  Status: Enriched 5 field(s) during run.
  ❌ FAILED / STILL MISSING COLUMNS (2): ['Abstract', 'Article References']

• [Row 2640] Source: Asano-original-simplified.csv
  Title: 'Navigating the Artificial Intelligence Frontier for Tea' | DOI: '10.3928/01484834-20240415-01'
  Status: Enriched 6 field(s) during run.
  ❌ FAILED / STILL MISSING COLUMNS (1): ['Abstract']

• [Row 2641] Source: Asano-original-simplified.csv
  Title: 'Artificial Intelligence Poised to Improve Retinopathy o' | DOI: '10.1016/j.oret.2023.09.023'
  Status: Enriched 6 field(s) during run.
  ❌ FAILED / STILL MISSING COLUMNS (1): ['Abstract']

• [Row 2642] Source: Asano-original-simplified.csv
  Title: 'Open Artificial Intelligence Assistants for Educators' | DOI: '10.1097/NNE.0000000000001489'
  Status: Enriched 6 field(s) during run.
  ❌ FAILED / STILL MISSING COLUMNS (1): ['Article References']

• [Row 2643] Source: Asano-original-simplified.csv
  Title: 'Beyond the AJR: An International Competition Advances A' | DOI: '10.2214/AJR.23.29644'
  Status: Enriched 6 field(s) during run.
  ❌ FAILED / STILL MISSING COLUMNS (1): ['Abstract']

• [Row 2644] Source: Asano-original-simplified.csv
  Title: 'Social media: generative AI could harm mental health' | DOI: '10.1038/d41586-023-01693-8'
  Status: Enriched 5 field(s) during run.
  ❌ FAILED / STILL MISSING COLUMNS (2): ['Abstract', 'Article References']

• [Row 2647] Source: Asano-original-simplified.csv
  Title: 'Japanese robotics lags as AI captures global attention' | DOI: '10.1038/d41586-023-00668-z'
  Status: Enriched 5 field(s) during run.
  ❌ FAILED / STILL MISSING COLUMNS (2): ['Abstract', 'Article References']

• [Row 2648] Source: Asano-original-simplified.csv
  Title: 'Artificial intelligence: an innovative approach to prog' | DOI: '10.1016/j.gie.2022.07.001'
  Status: Enriched 6 field(s) during run.
  ❌ FAILED / STILL MISSING COLUMNS (1): ['Abstract']

• [Row 2649] Source: Asano-original-simplified.csv
  Title: 'Clinical research and artificial intelligence' | DOI: '10.48729/pjctvs.273'
  Status: Enriched 5 field(s) during run.
  ❌ FAILED / STILL MISSING COLUMNS (2): ['Abstract', 'Article References']

• [Row 2650] Source: Asano-original-simplified.csv
  Title: 'Artificial Intelligence for Augmenting Perioperative Su' | DOI: '10.1001/jamasurg.2021.3050'
  Status: Enriched 6 field(s) during run.
  ❌ FAILED / STILL MISSING COLUMNS (1): ['Abstract']

• [Row 2651] Source: Asano-original-simplified.csv
  Title: 'Artificial intelligence: from challenges to clinical im' | DOI: '10.1016/j.diii.2020.10.007'
  Status: Enriched 6 field(s) during run.
  ❌ FAILED / STILL MISSING COLUMNS (1): ['Abstract']

• [Row 2652] Source: Asano-original-simplified.csv
  Title: '[Artificial intelligence-it depends on what we make of ' | DOI: '10.1007/s00105-020-04665-5'
  Status: Enriched 5 field(s) during run.
  ❌ FAILED / STILL MISSING COLUMNS (2): ['Abstract', 'Article References']

• [Row 2654] Source: Asano-original-simplified.csv
  Title: '[Medical ethic consideration of artificial intelligence' | DOI: '10.3760/cma.j.issn.0578-1426.2019.06.002'
  Status: Enriched 6 field(s) during run.
  ❌ FAILED / STILL MISSING COLUMNS (1): ['Article References']

• [Row 2657] Source: Asano-original-simplified.csv
  Title: ''Coming of Age' of artificial intelligence: evolution o' | DOI: '10.1038/bmt.2015.271'
  Status: Enriched 6 field(s) during run.
  ❌ FAILED / STILL MISSING COLUMNS (1): ['Abstract']

• [Row 2659] Source: Asano-original-simplified.csv
  Title: '[Neurosciences and artificial intelligence]' | DOI: 'No DOI'
  Status: Enriched 0 field(s) during run.
  ❌ FAILED / STILL MISSING COLUMNS (5): ['Author', 'Abstract', 'Article References', 'Times Cited', 'Publication Year']

• [Row 2660] Source: Asano-original-simplified.csv
  Title: 'Proceedings from the 2nd International symposium "Brain' | DOI: 'No DOI'
  Status: Enriched 0 field(s) during run.
  ❌ FAILED / STILL MISSING COLUMNS (5): ['Author', 'Abstract', 'Article References', 'Times Cited', 'Publication Year']

• [Row 2661] Source: Asano-original-simplified.csv
  Title: 'Artificial intelligence in the clinical laboratory' | DOI: '10.3949/ccjm.54.3.165'
  Status: Enriched 5 field(s) during run.
  ❌ FAILED / STILL MISSING COLUMNS (2): ['Abstract', 'Article References']

• [Row 2665] Source: Asano-original-simplified.csv
  Title: 'Rise of the machines: artificial intelligence in plant ' | DOI: '10.1016/j.tplants.2024.01.001'
  Status: Enriched 6 field(s) during run.
  ❌ FAILED / STILL MISSING COLUMNS (1): ['Abstract']

• [Row 2666] Source: Asano-original-simplified.csv
  Title: '[The future of artificial intelligence]' | DOI: '10.1714/4129.41235'
  Status: Enriched 6 field(s) during run.
  ❌ FAILED / STILL MISSING COLUMNS (1): ['Article References']

• [Row 2668] Source: Asano-original-simplified.csv
  Title: 'ChatGPT: tackle the growing carbon footprint of generat' | DOI: '10.1038/d41586-023-00843-2'
  Status: Enriched 5 field(s) during run.
  ❌ FAILED / STILL MISSING COLUMNS (2): ['Abstract', 'Article References']

• [Row 2671] Source: Asano-original-simplified.csv
  Title: 'Comments on "Artificial intelligence applications in re' | DOI: '10.1016/j.prosdent.2021.08.003'
  Status: Enriched 6 field(s) during run.
  ❌ FAILED / STILL MISSING COLUMNS (1): ['Abstract']

• [Row 2672] Source: Asano-original-simplified.csv
  Title: 'Artificial intelligence and perioperative medicine' | DOI: '10.23736/S0375-9393.21.15612-3'
  Status: Enriched 6 field(s) during run.
  ❌ FAILED / STILL MISSING COLUMNS (1): ['Abstract']

• [Row 2673] Source: Asano-original-simplified.csv
  Title: 'Can Artificial Intelligence Substitute Right-Heart Cath' | DOI: '10.1016/j.cjca.2021.03.004'
  Status: Enriched 6 field(s) during run.
  ❌ FAILED / STILL MISSING COLUMNS (1): ['Abstract']

• [Row 2674] Source: Asano-original-simplified.csv
  Title: 'Editorial: Artificial intelligence and simulation in ur' | DOI: '10.1097/MOU.0000000000000818'
  Status: Enriched 6 field(s) during run.
  ❌ FAILED / STILL MISSING COLUMNS (1): ['Article References']

• [Row 2675] Source: Asano-original-simplified.csv
  Title: 'AI in health care: Improving outcomes or threatening eq' | DOI: '10.1503/cmaj.1095838'
  Status: Enriched 6 field(s) during run.
  ❌ FAILED / STILL MISSING COLUMNS (1): ['Article References']

• [Row 2678] Source: Asano-original-simplified.csv
  Title: 'Artificial intelligence to improve the diagnosis of car' | DOI: '10.1038/s41569-019-0158-5'
  Status: Enriched 6 field(s) during run.
  ❌ FAILED / STILL MISSING COLUMNS (1): ['Abstract']

• [Row 2679] Source: Asano-original-simplified.csv
  Title: 'Google reveals secret test of AI bot to beat top Go pla' | DOI: '10.1038/nature.2017.21253'
  Status: Enriched 5 field(s) during run.
  ❌ FAILED / STILL MISSING COLUMNS (2): ['Abstract', 'Article References']

• [Row 2680] Source: Asano-original-simplified.csv
  Title: 'ENCOUNTERS WITH THE ARCHGENIUS' | DOI: 'No DOI'
  Status: Enriched 0 field(s) during run.
  ❌ FAILED / STILL MISSING COLUMNS (5): ['Author', 'Abstract', 'Article References', 'Times Cited', 'Publication Year']

• [Row 2683] Source: Asano-original-simplified.csv
  Title: 'Explainable Artificial Intelligence for Clinical Text C' | DOI: '10.3233/SHTI260892'
  Status: Enriched 6 field(s) during run.
  ❌ FAILED / STILL MISSING COLUMNS (1): ['Article References']

• [Row 2684] Source: Asano-original-simplified.csv
  Title: 'Bridging the Gap: Barriers and Adoption Patterns of AI ' | DOI: '10.3233/SHTI260809'
  Status: Enriched 6 field(s) during run.
  ❌ FAILED / STILL MISSING COLUMNS (1): ['Article References']

• [Row 2685] Source: Asano-original-simplified.csv
  Title: 'Moral MedTech: Exploring Ethics-by-Design for Artificia' | DOI: '10.3233/SHTI260230'
  Status: Enriched 6 field(s) during run.
  ❌ FAILED / STILL MISSING COLUMNS (1): ['Article References']

• [Row 2696] Source: Asano-original-simplified.csv
  Title: 'Detangling AI Transparency in the Medical Regulation Sp' | DOI: 'No DOI'
  Status: Enriched 1 field(s) during run.
  ❌ FAILED / STILL MISSING COLUMNS (4): ['Author', 'Article References', 'Times Cited', 'Publication Year']

• [Row 2703] Source: Asano-original-simplified.csv
  Title: 'The Unexpected Harms of Artificial Intelligence in Heal' | DOI: '10.3233/SHTI250219'
  Status: Enriched 6 field(s) during run.
  ❌ FAILED / STILL MISSING COLUMNS (1): ['Article References']

• [Row 2704] Source: Asano-original-simplified.csv
  Title: 'Microbial infection disease diagnosis and treatment by ' | DOI: '10.36740/WLek/200511'
  Status: Enriched 6 field(s) during run.
  ❌ FAILED / STILL MISSING COLUMNS (1): ['Article References']

• [Row 2730] Source: Asano-original-simplified.csv
  Title: '[Anesthesia Depth Monitoring Based on Anesthesia Monito' | DOI: '10.3969/j.issn.1671-7104.2023.01.007'
  Status: Enriched 6 field(s) during run.
  ❌ FAILED / STILL MISSING COLUMNS (1): ['Article References']

• [Row 2731] Source: Asano-original-simplified.csv
  Title: '[Artificial intelligence technology enables ultrasonogr' | DOI: '10.16250/j.32.1374.2022148'
  Status: Enriched 6 field(s) during run.
  ❌ FAILED / STILL MISSING COLUMNS (1): ['Article References']

• [Row 2747] Source: Asano-original-simplified.csv
  Title: 'Using an Artificial Intelligence-Based Argument Theory ' | DOI: '10.3233/SHTI190444'
  Status: Enriched 6 field(s) during run.
  ❌ FAILED / STILL MISSING COLUMNS (1): ['Article References']

• [Row 2748] Source: Asano-original-simplified.csv
  Title: 'Intelligently Applying Artificial Intelligence in Chemo' | DOI: '10.2174/1568026619666181120150938'
  Status: Enriched 6 field(s) during run.
  ❌ FAILED / STILL MISSING COLUMNS (1): ['Article References']

• [Row 2793] Source: Asano-original-simplified.csv
  Title: 'Artificial intelligence in dentistry, orthodontics and ' | DOI: '10.47391/JPMA.AKU-18'
  Status: Enriched 6 field(s) during run.
  ❌ FAILED / STILL MISSING COLUMNS (1): ['Article References']

• [Row 2794] Source: Asano-original-simplified.csv
  Title: '[Application of Artificial Intelligence in Recognition ' | DOI: '10.3969/j.issn.1671-7104.2022.01.012'
  Status: Enriched 6 field(s) during run.
  ❌ FAILED / STILL MISSING COLUMNS (1): ['Article References']

• [Row 2808] Source: Asano-original-simplified.csv
  Title: '[Integrating Artificial Intelligence Into Healthcare Re' | DOI: '10.6224/JN.202010_67(5).03'
  Status: Enriched 6 field(s) during run.
  ❌ FAILED / STILL MISSING COLUMNS (1): ['Article References']

• [Row 2816] Source: Asano-original-simplified.csv
  Title: 'Big Data and Artificial Intelligence? New Insight into ' | DOI: '10.12116/j.issn.1004-5619.2020.01.017'
  Status: Enriched 6 field(s) during run.
  ❌ FAILED / STILL MISSING COLUMNS (1): ['Article References']

• [Row 2817] Source: Asano-original-simplified.csv
  Title: '[Positive ethical regulation of digital technology in c' | DOI: '10.1016/j.soin.2020.01.008'
  Status: Enriched 6 field(s) during run.
  ❌ FAILED / STILL MISSING COLUMNS (1): ['Article References']

• [Row 2821] Source: Asano-original-simplified.csv
  Title: 'Some Thoughts on Extended Collaboration of Entities wit' | DOI: '10.3233/SHTI190002'
  Status: Enriched 6 field(s) during run.
  ❌ FAILED / STILL MISSING COLUMNS (1): ['Article References']

• [Row 2822] Source: Asano-original-simplified.csv
  Title: '[Clinical sequencing in leukemia with the assistance of' | DOI: '10.11406/rinketsu.58.1913'
  Status: Enriched 6 field(s) during run.
  ❌ FAILED / STILL MISSING COLUMNS (1): ['Article References']

• [Row 2824] Source: Asano-original-simplified.csv
  Title: 'Who's Thinking About AI? Patterns of Artificial Intelli' | DOI: '10.3233/SHTI260694'
  Status: Enriched 6 field(s) during run.
  ❌ FAILED / STILL MISSING COLUMNS (1): ['Article References']

• [Row 2828] Source: Asano-original-simplified.csv
  Title: 'AI's assigned gender affects human-AI cooperation' | DOI: '10.1016/j.isci.2025.113905'
  Status: Enriched 6 field(s) during run.
  ❌ FAILED / STILL MISSING COLUMNS (1): ['Article References']

• [Row 2833] Source: Asano-original-simplified.csv
  Title: 'The Unintended Harm of Artificial Intelligence (AI): Ex' | DOI: '10.3233/SHTI250992'
  Status: Enriched 6 field(s) during run.
  ❌ FAILED / STILL MISSING COLUMNS (1): ['Article References']

• [Row 2852] Source: Asano-original-simplified.csv
  Title: '[Applications of Artificial Intelligence in Pancreatic ' | DOI: '10.3881/j.issn.1000-503X.15633'
  Status: Enriched 6 field(s) during run.
  ❌ FAILED / STILL MISSING COLUMNS (1): ['Article References']

• [Row 2864] Source: Asano-original-simplified.csv
  Title: 'Research progress on coupling artificial intelligence a' | DOI: '10.13287/j.1001-9332.202301.019'
  Status: Enriched 6 field(s) during run.
  ❌ FAILED / STILL MISSING COLUMNS (1): ['Article References']

• [Row 2908] Source: Asano-original-simplified.csv
  Title: 'Cardiogenic Shock Update: New Trials, Evolving Manageme' | DOI: '10.1053/j.jvca.2024.06.008'
  Status: Enriched 6 field(s) during run.
  ❌ FAILED / STILL MISSING COLUMNS (1): ['Abstract']

• [Row 2914] Source: Asano-original-simplified.csv
  Title: 'How Artificial Intelligence Will Change Medicine' | DOI: '10.1038/d41586-019-03845-1'
  Status: Enriched 5 field(s) during run.
  ❌ FAILED / STILL MISSING COLUMNS (2): ['Abstract', 'Article References']

• [Row 2915] Source: Asano-original-simplified.csv
  Title: 'Artificial intelligence vs human intelligence: will rad' | DOI: '10.1016/j.rx.2019.11.001'
  Status: Enriched 5 field(s) during run.
  ❌ FAILED / STILL MISSING COLUMNS (2): ['Abstract', 'Article References']

• [Row 2917] Source: Asano-original-simplified.csv
  Title: '[Support for Patients and Their Family Using Artificial' | DOI: '10.11477/mf.1416201347'
  Status: Enriched 6 field(s) during run.
  ❌ FAILED / STILL MISSING COLUMNS (1): ['Article References']

• [Row 2927] Source: Asano-original-simplified.csv
  Title: 'Nursing research, practice, education, and artificial i' | DOI: '10.1002/nur.22344'
  Status: Enriched 6 field(s) during run.
  ❌ FAILED / STILL MISSING COLUMNS (1): ['Abstract']

• [Row 2930] Source: Asano-original-simplified.csv
  Title: 'Thinking outside the black box: CardioPulse takes a loo' | DOI: '10.1093/eurheartj/ehac790'
  Status: Enriched 6 field(s) during run.
  ❌ FAILED / STILL MISSING COLUMNS (1): ['Article References']

• [Row 2931] Source: Asano-original-simplified.csv
  Title: 'Bernard Gersh and Paul Friedman on the future of artifi' | DOI: '10.1093/eurheartj/ehac269'
  Status: Enriched 6 field(s) during run.
  ❌ FAILED / STILL MISSING COLUMNS (1): ['Article References']

• [Row 2932] Source: Asano-original-simplified.csv
  Title: 'Clinical Applications of Artificial Intelligence in Gas' | DOI: '10.1053/j.gastro.2022.04.025'
  Status: Enriched 6 field(s) during run.
  ❌ FAILED / STILL MISSING COLUMNS (1): ['Abstract']

• [Row 2933] Source: Asano-original-simplified.csv
  Title: 'Artificial Intelligence on High Throughput Data for Bio' | DOI: '10.2174/138620732407210504084747'
  Status: Enriched 5 field(s) during run.
  ❌ FAILED / STILL MISSING COLUMNS (2): ['Abstract', 'Article References']

• [Row 2936] Source: Asano-original-simplified.csv
  Title: 'Man versus machine in in vitro fertilization-can artifi' | DOI: '10.1016/j.fertnstert.2020.07.042'
  Status: Enriched 6 field(s) during run.
  ❌ FAILED / STILL MISSING COLUMNS (1): ['Abstract']

• [Row 2939] Source: Asano-original-simplified.csv
  Title: 'What Google's winning Go algorithm will do next' | DOI: '10.1038/531284a'
  Status: Enriched 6 field(s) during run.
  ❌ FAILED / STILL MISSING COLUMNS (1): ['Article References']

• [Row 2940] Source: Asano-original-simplified.csv
  Title: 'Pattern recognition and artificial intelligence in medi' | DOI: 'No DOI'
  Status: Enriched 0 field(s) during run.
  ❌ FAILED / STILL MISSING COLUMNS (5): ['Author', 'Abstract', 'Article References', 'Times Cited', 'Publication Year']

• [Row 2941] Source: Asano-original-simplified.csv
  Title: 'Artificial intelligence techniques for image understand' | DOI: 'No DOI'
  Status: Enriched 0 field(s) during run.
  ❌ FAILED / STILL MISSING COLUMNS (5): ['Author', 'Abstract', 'Article References', 'Times Cited', 'Publication Year']

• [Row 2942] Source: Asano-original-simplified.csv
  Title: '[Computer-based expert systems. Artificial intelligence' | DOI: 'No DOI'
  Status: Enriched 0 field(s) during run.
  ❌ FAILED / STILL MISSING COLUMNS (5): ['Author', 'Abstract', 'Article References', 'Times Cited', 'Publication Year']

• [Row 2943] Source: Asano-original-simplified.csv
  Title: 'Correction: The relationship between dependence on arti' | DOI: '10.3389/fpsyg.2026.1932993'
  Status: Enriched 6 field(s) during run.
  ❌ FAILED / STILL MISSING COLUMNS (1): ['Article References']

• [Row 2944] Source: Asano-original-simplified.csv
  Title: 'The algorithmic patient: on the ontological disruption ' | DOI: '10.3389/fpsyg.2026.1809692'
  Status: Enriched 5 field(s) during run.
  ❌ FAILED / STILL MISSING COLUMNS (2): ['Abstract', 'Article References']

• [Row 2945] Source: Asano-original-simplified.csv
  Title: 'Risk-Guided Atrial Fibrillation Screening in the Era of' | DOI: '10.1016/j.jacc.2026.02.5084'
  Status: Enriched 6 field(s) during run.
  ❌ FAILED / STILL MISSING COLUMNS (1): ['Abstract']

• [Row 2948] Source: Asano-original-simplified.csv
  Title: 'Access and Reimbursement for Artificial Intelligence in' | DOI: '10.3348/kjr.2025.1647'
  Status: Enriched 5 field(s) during run.
  ❌ FAILED / STILL MISSING COLUMNS (2): ['Abstract', 'Article References']

• [Row 2949] Source: Asano-original-simplified.csv
  Title: 'Artificial intelligence in dermatology: Ethical conside' | DOI: '10.1016/j.jaad.2025.10.167'
  Status: Enriched 6 field(s) during run.
  ❌ FAILED / STILL MISSING COLUMNS (1): ['Abstract']

• [Row 2950] Source: Asano-original-simplified.csv
  Title: 'Artificial Intelligence in Periodontology: The Past, th' | DOI: '10.1111/jre.13420'
  Status: Enriched 6 field(s) during run.
  ❌ FAILED / STILL MISSING COLUMNS (1): ['Abstract']

• [Row 2952] Source: Asano-original-simplified.csv
  Title: 'Sledgehammers and Nuts: Using Artificial Intelligence t' | DOI: '10.1016/j.ejvs.2024.08.004'
  Status: Enriched 6 field(s) during run.
  ❌ FAILED / STILL MISSING COLUMNS (1): ['Abstract']

• [Row 2954] Source: Asano-original-simplified.csv
  Title: 'Artificial intelligence: The future of cardiothoracic s' | DOI: '10.1016/j.jtcvs.2024.04.027'
  Status: Enriched 6 field(s) during run.
  ❌ FAILED / STILL MISSING COLUMNS (1): ['Abstract']

• [Row 2955] Source: Asano-original-simplified.csv
  Title: 'Executive summary of the meeting of the 2023 ASHP Commi' | DOI: '10.1093/ajhp/zxad261'
  Status: Enriched 5 field(s) during run.
  ❌ FAILED / STILL MISSING COLUMNS (2): ['Author', 'Abstract']

• [Row 2956] Source: Asano-original-simplified.csv
  Title: 'ChatGPT's performance on JSA-certified anesthesiologist' | DOI: '10.1007/s00540-023-03275-4'
  Status: Enriched 6 field(s) during run.
  ❌ FAILED / STILL MISSING COLUMNS (1): ['Abstract']

• [Row 2957] Source: Asano-original-simplified.csv
  Title: 'Editorial: An era of personalized medicine in breast ca' | DOI: '10.3389/fonc.2023.1164808'
  Status: Enriched 6 field(s) during run.
  ❌ FAILED / STILL MISSING COLUMNS (1): ['Article References']

• [Row 2959] Source: Asano-original-simplified.csv
  Title: 'ChatGPT in academic publishing: An ally or an adversary' | DOI: '10.1177/00369330231174231'
  Status: Enriched 6 field(s) during run.
  ❌ FAILED / STILL MISSING COLUMNS (1): ['Abstract']

• [Row 2962] Source: Asano-original-simplified.csv
  Title: 'A new face in the examination room: Ethical implication' | DOI: '10.1016/j.jaad.2026.08.017'
  Status: Enriched 6 field(s) during run.
  ❌ FAILED / STILL MISSING COLUMNS (1): ['Abstract']

• [Row 2963] Source: Asano-original-simplified.csv
  Title: 'Should AI Be Your Personal Trainer?' | DOI: '10.2196/106128'
  Status: Enriched 6 field(s) during run.
  ❌ FAILED / STILL MISSING COLUMNS (1): ['Article References']

• [Row 2965] Source: Asano-original-simplified.csv
  Title: 'Affirming generative artificial intelligence as a co-pi' | DOI: '10.51866/lte.1083'
  Status: Enriched 5 field(s) during run.
  ❌ FAILED / STILL MISSING COLUMNS (2): ['Abstract', 'Article References']

• [Row 2968] Source: Asano-original-simplified.csv
  Title: 'Prostate Cancer: Artificial Intelligence Advancements i' | DOI: '10.1016/j.clon.2025.103984'
  Status: Enriched 6 field(s) during run.
  ❌ FAILED / STILL MISSING COLUMNS (1): ['Abstract']

• [Row 2969] Source: Asano-original-simplified.csv
  Title: 'Artificial intelligence in surgery: Redefining intellig' | DOI: '10.1016/j.amjsurg.2025.116676'
  Status: Enriched 6 field(s) during run.
  ❌ FAILED / STILL MISSING COLUMNS (1): ['Abstract']

• [Row 2974] Source: Asano-original-simplified.csv
  Title: 'Introducing an Essential 7-Part Artificial Intelligence' | DOI: '10.1016/j.modpat.2024.100673'
  Status: Enriched 6 field(s) during run.
  ❌ FAILED / STILL MISSING COLUMNS (1): ['Abstract']

• [Row 2977] Source: Asano-original-simplified.csv
  Title: 'Transforming Radiology with Artificial Intelligence Vis' | DOI: '10.1016/j.jacr.2023.07.023'
  Status: Enriched 6 field(s) during run.
  ❌ FAILED / STILL MISSING COLUMNS (1): ['Abstract']

• [Row 2980] Source: Asano-original-simplified.csv
  Title: 'Correspondence on a published article in Journal of Can' | DOI: '10.1016/j.jcpo.2021.100295'
  Status: Enriched 6 field(s) during run.
  ❌ FAILED / STILL MISSING COLUMNS (1): ['Abstract']

• [Row 2983] Source: Asano-original-simplified.csv
  Title: 'Is Grief Dead? How Digital Resurrection Technologies Af' | DOI: '10.2196/111086'
  Status: Enriched 6 field(s) during run.
  ❌ FAILED / STILL MISSING COLUMNS (1): ['Article References']

• [Row 2986] Source: Asano-original-simplified.csv
  Title: 'Artificial intelligence and computational pathology: re' | DOI: '10.1136/jcp-2025-210577'
  Status: Enriched 6 field(s) during run.
  ❌ FAILED / STILL MISSING COLUMNS (1): ['Abstract']

• [Row 2987] Source: Asano-original-simplified.csv
  Title: 'Correction: Innovations on the horizon: teledentistry, ' | DOI: '10.3389/froh.2025.1712116'
  Status: Enriched 6 field(s) during run.
  ❌ FAILED / STILL MISSING COLUMNS (1): ['Article References']

• [Row 2988] Source: Asano-original-simplified.csv
  Title: 'Editorial: Artificial intelligence in assisted reproduc' | DOI: '10.3389/frph.2025.1704386'
  Status: Enriched 6 field(s) during run.
  ❌ FAILED / STILL MISSING COLUMNS (1): ['Article References']

• [Row 2989] Source: Asano-original-simplified.csv
  Title: 'Artificial Intelligence Will Boost Repurposing of Regis' | DOI: '10.1111/resp.70122'
  Status: Enriched 6 field(s) during run.
  ❌ FAILED / STILL MISSING COLUMNS (1): ['Abstract']

• [Row 2990] Source: Asano-original-simplified.csv
  Title: 'Annotating risk stratification of thyroid nodules: Asse' | DOI: '10.1016/j.amjoto.2025.104696'
  Status: Enriched 6 field(s) during run.
  ❌ FAILED / STILL MISSING COLUMNS (1): ['Abstract']

• [Row 2991] Source: Asano-original-simplified.csv
  Title: 'Editorial: Artificial intelligence in acute neurology' | DOI: '10.3389/fneur.2025.1605735'
  Status: Enriched 6 field(s) during run.
  ❌ FAILED / STILL MISSING COLUMNS (1): ['Article References']

• [Row 2992] Source: Asano-original-simplified.csv
  Title: 'Response to Lee and Tung "Critical considerations remai' | DOI: '10.1016/j.jaad.2025.04.055'
  Status: Enriched 6 field(s) during run.
  ❌ FAILED / STILL MISSING COLUMNS (1): ['Abstract']

• [Row 2993] Source: Asano-original-simplified.csv
  Title: 'Artificial Intelligence in the Exploration and Treatmen' | DOI: '10.1111/ijd.17678'
  Status: Enriched 6 field(s) during run.
  ❌ FAILED / STILL MISSING COLUMNS (1): ['Abstract']

• [Row 2994] Source: Asano-original-simplified.csv
  Title: 'The Value of Non-Clinical Applications of Artificial In' | DOI: '10.3348/kjr.2024.1021'
  Status: Enriched 6 field(s) during run.
  ❌ FAILED / STILL MISSING COLUMNS (1): ['Abstract']

• [Row 2995] Source: Asano-original-simplified.csv
  Title: 'Artificial Intelligence-Assisted PCI: Progress, Hurdles' | DOI: '10.1016/j.jcin.2024.09.067'
  Status: Enriched 6 field(s) during run.
  ❌ FAILED / STILL MISSING COLUMNS (1): ['Abstract']

• [Row 2996] Source: Asano-original-simplified.csv
  Title: 'Artificial intelligence: The good, the bad and the beau' | DOI: '10.1016/j.fhj.2024.100167'
  Status: Enriched 6 field(s) during run.
  ❌ FAILED / STILL MISSING COLUMNS (1): ['Abstract']

• [Row 2997] Source: Asano-original-simplified.csv
  Title: 'Avoiding burnout from AI in busy clinical practice' | DOI: '10.1016/j.hrthm.2024.08.007'
  Status: Enriched 6 field(s) during run.
  ❌ FAILED / STILL MISSING COLUMNS (1): ['Abstract']

• [Row 2998] Source: Asano-original-simplified.csv
  Title: 'Methodological issues on precision and prediction value' | DOI: '10.1016/j.ajem.2024.03.019'
  Status: Enriched 6 field(s) during run.
  ❌ FAILED / STILL MISSING COLUMNS (1): ['Abstract']

• [Row 2999] Source: Asano-original-simplified.csv
  Title: 'Ethical considerations in patient-directed artificial i' | DOI: '10.1016/j.jaad.2023.11.032'
  Status: Enriched 6 field(s) during run.
  ❌ FAILED / STILL MISSING COLUMNS (1): ['Abstract']

• [Row 3001] Source: Asano-original-simplified.csv
  Title: 'ChatGPT in travel medicine: A friend or foe?' | DOI: '10.1016/j.tmaid.2023.102615'
  Status: Enriched 6 field(s) during run.
  ❌ FAILED / STILL MISSING COLUMNS (1): ['Abstract']

• [Row 3004] Source: Asano-original-simplified.csv
  Title: 'Erratum: How to Use Artificial Intelligence to Improve ' | DOI: '10.3389/fpsyg.2022.915921'
  Status: Enriched 6 field(s) during run.
  ❌ FAILED / STILL MISSING COLUMNS (1): ['Article References']

• [Row 3005] Source: Asano-original-simplified.csv
  Title: 'The introduction of "Dr AI": What dermatologists should' | DOI: '10.1016/j.jaad.2022.01.014'
  Status: Enriched 6 field(s) during run.
  ❌ FAILED / STILL MISSING COLUMNS (1): ['Abstract']

• [Row 3016] Source: Asano-original-simplified.csv
  Title: 'Integrating Artificial Intelligence in the Medical Curr' | DOI: '10.3233/SHTI251069'
  Status: Enriched 6 field(s) during run.
  ❌ FAILED / STILL MISSING COLUMNS (1): ['Article References']

• [Row 3018] Source: Asano-original-simplified.csv
  Title: '[The future is already here and the wave is coming: pro' | DOI: '10.16250/j.32.1915.2025062'
  Status: Enriched 6 field(s) during run.
  ❌ FAILED / STILL MISSING COLUMNS (1): ['Article References']

• [Row 3020] Source: Asano-original-simplified.csv
  Title: 'Improving Clinical Documentation with Artificial Intell' | DOI: 'No DOI'
  Status: Enriched 1 field(s) during run.
  ❌ FAILED / STILL MISSING COLUMNS (4): ['Author', 'Article References', 'Times Cited', 'Publication Year']

• [Row 3036] Source: Asano-original-simplified.csv
  Title: '[Legal integration of artificial intelligence into inte' | DOI: '10.1007/s00108-023-01598-8'
  Status: Enriched 6 field(s) during run.
  ❌ FAILED / STILL MISSING COLUMNS (1): ['Article References']

• [Row 3045] Source: Asano-original-simplified.csv
  Title: 'Opportunities for artificial intelligence in healthcare' | DOI: '10.1016/j.fertnstert.2023.05.006'
  Status: Enriched 6 field(s) during run.
  ❌ FAILED / STILL MISSING COLUMNS (1): ['Article References']

• [Row 3057] Source: Asano-original-simplified.csv
  Title: 'Beneficent dehumanization: Employing artificial intelli' | DOI: '10.1111/bioe.12986'
  Status: Enriched 6 field(s) during run.
  ❌ FAILED / STILL MISSING COLUMNS (1): ['Article References']

• [Row 3059] Source: Asano-original-simplified.csv
  Title: 'Omics big data and medical artificial intelligence' | DOI: '10.16288/j.yczz.21-215'
  Status: Enriched 6 field(s) during run.
  ❌ FAILED / STILL MISSING COLUMNS (1): ['Article References']

• [Row 3068] Source: Asano-original-simplified.csv
  Title: '[Artificial intelligence-guided precision medicine in h' | DOI: '10.11406/rinketsu.61.554'
  Status: Enriched 6 field(s) during run.
  ❌ FAILED / STILL MISSING COLUMNS (1): ['Article References']

• [Row 3078] Source: Asano-original-simplified.csv
  Title: 'Integrating artificial intelligence: A step forward in ' | DOI: '10.1016/j.ejwf.2024.07.002'
  Status: Enriched 6 field(s) during run.
  ❌ FAILED / STILL MISSING COLUMNS (1): ['Abstract']

• [Row 3079] Source: Asano-original-simplified.csv
  Title: 'National Health Care Leaders Will Develop AI Code of Co' | DOI: '10.1001/jama.2023.12538'
  Status: Enriched 6 field(s) during run.
  ❌ FAILED / STILL MISSING COLUMNS (1): ['Article References']

• [Row 3080] Source: Asano-original-simplified.csv
  Title: 'Eyeing a Role for Artificial Intelligence in Clinical T' | DOI: '10.1001/jamaophthalmol.2022.6542'
  Status: Enriched 6 field(s) during run.
  ❌ FAILED / STILL MISSING COLUMNS (1): ['Abstract']

• [Row 3081] Source: Asano-original-simplified.csv
  Title: 'The Pursuit of Generalizability and Equity Through Arti' | DOI: '10.1001/jamaophthalmol.2022.2139'
  Status: Enriched 6 field(s) during run.
  ❌ FAILED / STILL MISSING COLUMNS (1): ['Abstract']

• [Row 3083] Source: Asano-original-simplified.csv
  Title: 'Advances in neuroradiology II: Artificial intelligence' | DOI: '10.1053/j.sult.2022.02.001'
  Status: Enriched 6 field(s) during run.
  ❌ FAILED / STILL MISSING COLUMNS (1): ['Abstract']

• [Row 3084] Source: Asano-original-simplified.csv
  Title: 'Artificial intelligence: Not an oxymoron in surgery' | DOI: '10.1016/j.surg.2020.09.030'
  Status: Enriched 5 field(s) during run.
  ❌ FAILED / STILL MISSING COLUMNS (2): ['Abstract', 'Article References']

• [Row 3085] Source: Asano-original-simplified.csv
  Title: 'Autonomous balloons take flight with artificial intelli' | DOI: '10.1038/d41586-020-03313-1'
  Status: Enriched 6 field(s) during run.
  ❌ FAILED / STILL MISSING COLUMNS (1): ['Abstract']

• [Row 3086] Source: Asano-original-simplified.csv
  Title: 'Artificial Intelligence in China' | DOI: '10.1089/big.2019.29030.edi'
  Status: Enriched 5 field(s) during run.
  ❌ FAILED / STILL MISSING COLUMNS (2): ['Abstract', 'Article References']

• [Row 3087] Source: Asano-original-simplified.csv
  Title: 'The Future of Keratoconus Screening with Artificial Int' | DOI: '10.1016/j.ophtha.2018.08.019'
  Status: Enriched 6 field(s) during run.
  ❌ FAILED / STILL MISSING COLUMNS (1): ['Abstract']

• [Row 3088] Source: Asano-original-simplified.csv
  Title: 'What Ever Became of Curiosity...' | DOI: 'No DOI'
  Status: Enriched 0 field(s) during run.
  ❌ FAILED / STILL MISSING COLUMNS (5): ['Author', 'Abstract', 'Article References', 'Times Cited', 'Publication Year']

• [Row 3089] Source: Asano-original-simplified.csv
  Title: 'Artificial intelligence in medicine AIME'07' | DOI: '10.1016/j.artmed.2008.08.006'
  Status: Enriched 6 field(s) during run.
  ❌ FAILED / STILL MISSING COLUMNS (1): ['Abstract']

• [Row 3091] Source: Asano-original-simplified.csv
  Title: 'Artificial intelligence and artificial organs' | DOI: 'No DOI'
  Status: Enriched 0 field(s) during run.
  ❌ FAILED / STILL MISSING COLUMNS (5): ['Author', 'Abstract', 'Article References', 'Times Cited', 'Publication Year']

• [Row 3092] Source: Asano-original-simplified.csv
  Title: 'Unveiling Artificial Intelligence's Diagnostic Power an' | DOI: '10.36849/JDD.9315'
  Status: Enriched 5 field(s) during run.
  ❌ FAILED / STILL MISSING COLUMNS (2): ['Abstract', 'Article References']

• [Row 3093] Source: Asano-original-simplified.csv
  Title: 'Artificial Intelligence-Based Ocular Motor Biomarkers f' | DOI: '10.1212/WNL.0000000000209639'
  Status: Enriched 5 field(s) during run.
  ❌ FAILED / STILL MISSING COLUMNS (2): ['Author', 'Abstract']

• [Row 3095] Source: Asano-original-simplified.csv
  Title: 'The AI revolution is coming to robots: how will it chan' | DOI: '10.1038/d41586-024-01442-5'
  Status: Enriched 6 field(s) during run.
  ❌ FAILED / STILL MISSING COLUMNS (1): ['Abstract']

• [Row 3098] Source: Asano-original-simplified.csv
  Title: 'Artificial intelligence in dentistry: a review of ChatG' | DOI: '10.3290/j.qi.b4218569'
  Status: Enriched 5 field(s) during run.
  ❌ FAILED / STILL MISSING COLUMNS (2): ['Abstract', 'Article References']

• [Row 3099] Source: Asano-original-simplified.csv
  Title: 'ChatGPT: A Threat to the Natural Wisdom from Artificial' | DOI: '10.4103/0028-3886.378687'
  Status: Enriched 6 field(s) during run.
  ❌ FAILED / STILL MISSING COLUMNS (1): ['Abstract']

• [Row 3101] Source: Asano-original-simplified.csv
  Title: 'CoLLaboratE: Artificial Intelligence for Human-Robot Co' | DOI: '10.1089/cyber.2022.29247.ceu'
  Status: Enriched 5 field(s) during run.
  ❌ FAILED / STILL MISSING COLUMNS (2): ['Abstract', 'Article References']

• [Row 3103] Source: Asano-original-simplified.csv
  Title: 'Reducing Bias in Healthcare Artificial Intelligence' | DOI: '10.1016/j.jopan.2021.03.009'
  Status: Enriched 6 field(s) during run.
  ❌ FAILED / STILL MISSING COLUMNS (1): ['Abstract']

• [Row 3104] Source: Asano-original-simplified.csv
  Title: 'Publishing artificial intelligence research papers: A t' | DOI: '10.1016/j.jbi.2021.103708'
  Status: Enriched 5 field(s) during run.
  ❌ FAILED / STILL MISSING COLUMNS (2): ['Abstract', 'Article References']

• [Row 3105] Source: Asano-original-simplified.csv
  Title: 'Artificial intelligence in the age of cognitive endosco' | DOI: '10.1016/j.gie.2020.03.009'
  Status: Enriched 6 field(s) during run.
  ❌ FAILED / STILL MISSING COLUMNS (1): ['Abstract']

• [Row 3106] Source: Asano-original-simplified.csv
  Title: 'Next Generation Clinical Practice - It's Man Versus Art' | DOI: 'No DOI'
  Status: Enriched 0 field(s) during run.
  ❌ FAILED / STILL MISSING COLUMNS (5): ['Author', 'Abstract', 'Article References', 'Times Cited', 'Publication Year']

• [Row 3115] Source: Asano-original-simplified.csv
  Title: 'Artificial Intelligence's Ongoing Expansion in Pharmacy' | DOI: '10.4140/TCP.n.2025.194'
  Status: Enriched 6 field(s) during run.
  ❌ FAILED / STILL MISSING COLUMNS (1): ['Article References']

• [Row 3116] Source: Asano-original-simplified.csv
  Title: 'Ready or not, AI is coming to science education - and s' | DOI: '10.1038/d41586-024-01002-x'
  Status: Enriched 5 field(s) during run.
  ❌ FAILED / STILL MISSING COLUMNS (2): ['Abstract', 'Article References']

• [Row 3117] Source: Asano-original-simplified.csv
  Title: '[Robots and artificial intelligence in nursing and care' | DOI: '10.1007/s00120-024-02308-4'
  Status: Enriched 5 field(s) during run.
  ❌ FAILED / STILL MISSING COLUMNS (2): ['Abstract', 'Article References']

• [Row 3118] Source: Asano-original-simplified.csv
  Title: 'Artificial intelligence and the reshaping of oral healt' | DOI: '10.1016/j.adaj.2023.09.001'
  Status: Enriched 6 field(s) during run.
  ❌ FAILED / STILL MISSING COLUMNS (1): ['Abstract']

• [Row 3119] Source: Asano-original-simplified.csv
  Title: 'Response to concerns about the increasing influence of ' | DOI: '10.1177/17531934231183224'
  Status: Enriched 6 field(s) during run.
  ❌ FAILED / STILL MISSING COLUMNS (1): ['Abstract']

• [Row 3120] Source: Asano-original-simplified.csv
  Title: 'Artificial intelligence: advances and pitfalls' | DOI: '10.1038/s41415-023-5855-0'
  Status: Enriched 6 field(s) during run.
  ❌ FAILED / STILL MISSING COLUMNS (1): ['Abstract']

• [Row 3121] Source: Asano-original-simplified.csv
  Title: 'Letter From the Editor: Artificial Intelligence and Rad' | DOI: '10.1053/j.ro.2023.01.007'
  Status: Enriched 5 field(s) during run.
  ❌ FAILED / STILL MISSING COLUMNS (2): ['Abstract', 'Article References']

• [Row 3123] Source: Asano-original-simplified.csv
  Title: 'Artificial Intelligence in Echocardiography: A Disrupti' | DOI: '10.1016/j.echo.2022.06.001'
  Status: Enriched 6 field(s) during run.
  ❌ FAILED / STILL MISSING COLUMNS (1): ['Abstract']

• [Row 3124] Source: Asano-original-simplified.csv
  Title: 'How AlphaFold can realize AI's full potential in struct' | DOI: '10.1038/d41586-022-02088-x'
  Status: Enriched 4 field(s) during run.
  ❌ FAILED / STILL MISSING COLUMNS (3): ['Author', 'Abstract', 'Article References']

• [Row 3125] Source: Asano-original-simplified.csv
  Title: 'Artificial intelligence in ophthalmology: Optimization ' | DOI: '10.1111/ceo.13952'
  Status: Enriched 6 field(s) during run.
  ❌ FAILED / STILL MISSING COLUMNS (1): ['Abstract']

• [Row 3126] Source: Asano-original-simplified.csv
  Title: 'Artificial Intelligence in COVID-19 Imaging Mismatched ' | DOI: '10.1001/jama.2021.10888'
  Status: Enriched 5 field(s) during run.
  ❌ FAILED / STILL MISSING COLUMNS (2): ['Abstract', 'Article References']

• [Row 3128] Source: Asano-original-simplified.csv
  Title: 'Publishing Artificial Intelligence Research Papers: A T' | DOI: '10.1016/j.artmed.2021.102037'
  Status: Enriched 5 field(s) during run.
  ❌ FAILED / STILL MISSING COLUMNS (2): ['Abstract', 'Article References']

• [Row 3129] Source: Asano-original-simplified.csv
  Title: 'Artificial Intelligence in Neuroradiology: A Smart Pros' | DOI: '10.1016/j.acra.2020.06.029'
  Status: Enriched 6 field(s) during run.
  ❌ FAILED / STILL MISSING COLUMNS (1): ['Abstract']

• [Row 3130] Source: Asano-original-simplified.csv
  Title: 'Artificial intelligence in endoscopy' | DOI: '10.1016/j.gie.2019.12.018'
  Status: Enriched 6 field(s) during run.
  ❌ FAILED / STILL MISSING COLUMNS (1): ['Abstract']

• [Row 3132] Source: Asano-original-simplified.csv
  Title: 'Artificial intelligence for clinical decision support' | DOI: 'No DOI'
  Status: Enriched 0 field(s) during run.
  ❌ FAILED / STILL MISSING COLUMNS (5): ['Author', 'Abstract', 'Article References', 'Times Cited', 'Publication Year']

• [Row 3133] Source: Asano-original-simplified.csv
  Title: 'Artificial Intelligence and Radiology: What Will the Fu' | DOI: '10.1016/j.jacr.2017.11.017'
  Status: Enriched 6 field(s) during run.
  ❌ FAILED / STILL MISSING COLUMNS (1): ['Abstract']

• [Row 3135] Source: Asano-original-simplified.csv
  Title: 'Artificial intelligence in healthcare management' | DOI: 'No DOI'
  Status: Enriched 1 field(s) during run.
  ❌ FAILED / STILL MISSING COLUMNS (4): ['Author', 'Article References', 'Times Cited', 'Publication Year']

• [Row 3136] Source: Asano-original-simplified.csv
  Title: 'Artificial intelligence and artificial organs' | DOI: '10.3109/10731198709117549'
  Status: Enriched 5 field(s) during run.
  ❌ FAILED / STILL MISSING COLUMNS (2): ['Abstract', 'Article References']

• [Row 3141] Source: Asano-original-simplified.csv
  Title: '[Artificial intelligence in cardiology: the new HAL 900' | DOI: '10.1714/4650.46644'
  Status: Enriched 6 field(s) during run.
  ❌ FAILED / STILL MISSING COLUMNS (1): ['Article References']

• [Row 3144] Source: Asano-original-simplified.csv
  Title: 'Artificial intelligence in evidence synthesis: Benefits' | DOI: '10.1016/j.jaad.2026.05.139'
  Status: Enriched 6 field(s) during run.
  ❌ FAILED / STILL MISSING COLUMNS (1): ['Abstract']

• [Row 3145] Source: Asano-original-simplified.csv
  Title: 'Lowering the Barrier to Surgical Research: Can Artifici' | DOI: '10.1111/ans.70811'
  Status: Enriched 6 field(s) during run.
  ❌ FAILED / STILL MISSING COLUMNS (1): ['Abstract']

• [Row 3146] Source: Asano-original-simplified.csv
  Title: 'Artificial intelligence as a clinical tool builder: Dev' | DOI: '10.1016/j.jht.2026.05.004'
  Status: Enriched 6 field(s) during run.
  ❌ FAILED / STILL MISSING COLUMNS (1): ['Abstract']

• [Row 3149] Source: Asano-original-simplified.csv
  Title: 'Evaluation of freely available artificial intelligence ' | DOI: '10.1515/almed-2025-0157'
  Status: Enriched 6 field(s) during run.
  ❌ FAILED / STILL MISSING COLUMNS (1): ['Abstract']

• [Row 3150] Source: Asano-original-simplified.csv
  Title: '"Keep the Human Touch": Exploring Perspectives of Older' | DOI: '10.1111/jgs.70366'
  Status: Enriched 6 field(s) during run.
  ❌ FAILED / STILL MISSING COLUMNS (1): ['Article References']

• [Row 3158] Source: Asano-original-simplified.csv
  Title: 'Editorial: Artificial intelligence solutions for decisi' | DOI: '10.3389/frobt.2024.1389191'
  Status: Enriched 6 field(s) during run.
  ❌ FAILED / STILL MISSING COLUMNS (1): ['Article References']

• [Row 3159] Source: Asano-original-simplified.csv
  Title: 'Surgery in the era of ChatGPT: A bibliometric analysis ' | DOI: '10.1016/j.asjsur.2023.10.034'
  Status: Enriched 6 field(s) during run.
  ❌ FAILED / STILL MISSING COLUMNS (1): ['Abstract']

• [Row 3161] Source: Asano-original-simplified.csv
  Title: 'RETRACTED: Google Bard Artificial Intelligence vs the 2' | DOI: '10.1097/UPJ.0000000000000453'
  Status: Enriched 6 field(s) during run.
  ❌ FAILED / STILL MISSING COLUMNS (1): ['Article References']

• [Row 3163] Source: Asano-original-simplified.csv
  Title: '[Chatbots and internal medicine: Future opportunities a' | DOI: '10.1016/j.revmed.2023.04.001'
  Status: Enriched 6 field(s) during run.
  ❌ FAILED / STILL MISSING COLUMNS (1): ['Abstract']

• [Row 3165] Source: Asano-original-simplified.csv
  Title: 'Radiology: Is its future bright?' | DOI: '10.1016/j.diii.2017.04.002'
  Status: Enriched 6 field(s) during run.
  ❌ FAILED / STILL MISSING COLUMNS (1): ['Abstract']

• [Row 3167] Source: Asano-original-simplified.csv
  Title: 'Use of Artificial Intelligence in Medical Research: A S' | DOI: 'No DOI'
  Status: Enriched 1 field(s) during run.
  ❌ FAILED / STILL MISSING COLUMNS (4): ['Author', 'Article References', 'Times Cited', 'Publication Year']

• [Row 3170] Source: Asano-original-simplified.csv
  Title: '[Current status and prospects of artificial intelligenc' | DOI: '10.16250/j.32.1374.2022198'
  Status: Enriched 6 field(s) during run.
  ❌ FAILED / STILL MISSING COLUMNS (1): ['Article References']

• [Row 3171] Source: Asano-original-simplified.csv
  Title: 'Maintaining patient trust as artificial intelligence's ' | DOI: '10.26635/6965.7122'
  Status: Enriched 6 field(s) during run.
  ❌ FAILED / STILL MISSING COLUMNS (1): ['Article References']

• [Row 3176] Source: Asano-original-simplified.csv
  Title: 'Survey on awareness of artificial intelligence in pedia' | DOI: '10.6026/973206300211647'
  Status: Enriched 6 field(s) during run.
  ❌ FAILED / STILL MISSING COLUMNS (1): ['Article References']

• [Row 3178] Source: Asano-original-simplified.csv
  Title: 'Gender bias in images of anaesthesiologists generated b' | DOI: '10.1016/j.bja.2024.05.027'
  Status: Enriched 6 field(s) during run.
  ❌ FAILED / STILL MISSING COLUMNS (1): ['Abstract']

• [Row 3185] Source: Asano-original-simplified.csv
  Title: 'Recognition of types and frequency of incidental findin' | DOI: '10.1016/j.clinimag.2023.04.005'
  Status: Enriched 6 field(s) during run.
  ❌ FAILED / STILL MISSING COLUMNS (1): ['Abstract']

• [Row 3190] Source: Asano-original-simplified.csv
  Title: '[New Model for Intelligent Imaging Screening of Pulmona' | DOI: '10.3969/j.issn.1671-7104.2019.03.019'
  Status: Enriched 6 field(s) during run.
  ❌ FAILED / STILL MISSING COLUMNS (1): ['Article References']

• [Row 3191] Source: Asano-original-simplified.csv
  Title: 'Building a Malaria Intelligence System for Real-Time Pr' | DOI: '10.2196/105472'
  Status: Enriched 6 field(s) during run.
  ❌ FAILED / STILL MISSING COLUMNS (1): ['Article References']

• [Row 3201] Source: Asano-original-simplified.csv
  Title: 'Successful Implementation of an Artificial Intelligence' | DOI: '10.3348/kjr.2022.0193'
  Status: Enriched 6 field(s) during run.
  ❌ FAILED / STILL MISSING COLUMNS (1): ['Abstract']

• [Row 3206] Source: Asano-original-simplified.csv
  Title: 'Coronary Microvascular Dysfunction and the Risk of Atri' | DOI: '10.1161/CIRCEP.121.009947'
  Status: Enriched 6 field(s) during run.
  ❌ FAILED / STILL MISSING COLUMNS (1): ['Abstract']

• [Row 3214] Source: Asano-original-simplified.csv
  Title: 'Safe with AI at Home: Factors Impacting Older People an' | DOI: '10.3233/SHTI250660'
  Status: Enriched 6 field(s) during run.
  ❌ FAILED / STILL MISSING COLUMNS (1): ['Article References']

• [Row 3215] Source: Asano-original-simplified.csv
  Title: 'Are Systematic Reviews and Meta-analysis on the Verge o' | DOI: '10.13107/jocr.2025.v15.i04.5420'
  Status: Enriched 6 field(s) during run.
  ❌ FAILED / STILL MISSING COLUMNS (1): ['Article References']

• [Row 3216] Source: Asano-original-simplified.csv
  Title: 'Co-Designing an Electronic Health Record Derived Digita' | DOI: '10.3233/SHTI250005'
  Status: Enriched 6 field(s) during run.
  ❌ FAILED / STILL MISSING COLUMNS (1): ['Article References']

• [Row 3223] Source: Asano-original-simplified.csv
  Title: 'Sugarbaker Versus Keyhole Repair for Parastomal Hernia:' | DOI: '10.1007/s11605-023-05749-y'
  Status: Enriched 6 field(s) during run.
  ❌ FAILED / STILL MISSING COLUMNS (1): ['Abstract']

• [Row 3229] Source: Asano-original-simplified.csv
  Title: '[Pharma industry reinvents itself in the turmoil. Part ' | DOI: 'No DOI'
  Status: Enriched 1 field(s) during run.
  ❌ FAILED / STILL MISSING COLUMNS (4): ['Author', 'Article References', 'Times Cited', 'Publication Year']

• [Row 3231] Source: Asano-original-simplified.csv
  Title: 'New Perspectives on Machine Learning in Drug Discovery' | DOI: '10.2174/0929867327666201111144048'
  Status: Enriched 6 field(s) during run.
  ❌ FAILED / STILL MISSING COLUMNS (1): ['Article References']

• [Row 3236] Source: Asano-original-simplified.csv
  Title: 'Artificial Intelligence and Dermatology' | DOI: '10.1001/jamadermatol.2024.4645'
  Status: Enriched 6 field(s) during run.
  ❌ FAILED / STILL MISSING COLUMNS (1): ['Article References']

• [Row 3237] Source: Asano-original-simplified.csv
  Title: 'The Impact of Generative Artificial Intelligence in Sci' | DOI: '10.1016/j.ajpath.2024.06.002'
  Status: Enriched 6 field(s) during run.
  ❌ FAILED / STILL MISSING COLUMNS (1): ['Abstract']

• [Row 3238] Source: Asano-original-simplified.csv
  Title: 'Artificial Intelligence in Retinal Medicine: A Visionar' | DOI: 'No DOI'
  Status: Enriched 0 field(s) during run.
  ❌ FAILED / STILL MISSING COLUMNS (5): ['Author', 'Abstract', 'Article References', 'Times Cited', 'Publication Year']

• [Row 3239] Source: Asano-original-simplified.csv
  Title: 'Objective Facial Assessment With Artificial Intelligenc' | DOI: '10.36849/JDD.7080'
  Status: Enriched 5 field(s) during run.
  ❌ FAILED / STILL MISSING COLUMNS (2): ['Abstract', 'Article References']

• [Row 3243] Source: Asano-original-simplified.csv
  Title: 'Editorial: Artificial Intelligence, machine learning an' | DOI: '10.1016/j.jmb.2022.167712'
  Status: Enriched 6 field(s) during run.
  ❌ FAILED / STILL MISSING COLUMNS (1): ['Abstract']

• [Row 3250] Source: Asano-original-simplified.csv
  Title: 'Das Thema künstliche Intelligenz ist in der Radiologie' | DOI: '10.1055/s-0043-125045'
  Status: Enriched 5 field(s) during run.
  ❌ FAILED / STILL MISSING COLUMNS (2): ['Author', 'Article References']

• [Row 3251] Source: Asano-original-simplified.csv
  Title: 'Artificial intelligence: Learning to play Go from scrat' | DOI: '10.1038/550336a'
  Status: Enriched 6 field(s) during run.
  ❌ FAILED / STILL MISSING COLUMNS (1): ['Abstract']

• [Row 3252] Source: Asano-original-simplified.csv
  Title: '[Caution in computer reliability. 4. Expert systems--ar' | DOI: 'No DOI'
  Status: Enriched 0 field(s) during run.
  ❌ FAILED / STILL MISSING COLUMNS (5): ['Author', 'Abstract', 'Article References', 'Times Cited', 'Publication Year']

• [Row 3253] Source: Asano-original-simplified.csv
  Title: '[Artificial intelligence and ocular sensory electrophys' | DOI: 'No DOI'
  Status: Enriched 0 field(s) during run.
  ❌ FAILED / STILL MISSING COLUMNS (5): ['Author', 'Abstract', 'Article References', 'Times Cited', 'Publication Year']

• [Row 3260] Source: Asano-original-simplified.csv
  Title: 'The era of big data, mobile health, and artificial inte' | DOI: '10.3290/j.qi.b5763083'
  Status: Enriched 5 field(s) during run.
  ❌ FAILED / STILL MISSING COLUMNS (2): ['Abstract', 'Article References']

• [Row 3261] Source: Asano-original-simplified.csv
  Title: 'AI's international research networks mapped' | DOI: '10.1038/d41586-024-02986-2'
  Status: Enriched 4 field(s) during run.
  ❌ FAILED / STILL MISSING COLUMNS (3): ['Author', 'Abstract', 'Article References']

• [Row 3262] Source: Asano-original-simplified.csv
  Title: 'Artificial Intelligence, Drug Development and Framework' | DOI: '10.1016/j.clinthera.2024.07.005'
  Status: Enriched 6 field(s) during run.
  ❌ FAILED / STILL MISSING COLUMNS (1): ['Abstract']

• [Row 3263] Source: Asano-original-simplified.csv
  Title: 'Editorial Expression of Concern: Artificial Intelligenc' | DOI: '10.1007/s10936-024-10098-1'
  Status: Enriched 5 field(s) during run.
  ❌ FAILED / STILL MISSING COLUMNS (2): ['Abstract', 'Article References']

• [Row 3264] Source: Asano-original-simplified.csv
  Title: 'Artificial Intelligence (AI): Why does it matter for cl' | DOI: '10.1016/j.neucli.2024.102993'
  Status: Enriched 6 field(s) during run.
  ❌ FAILED / STILL MISSING COLUMNS (1): ['Abstract']

• [Row 3266] Source: Asano-original-simplified.csv
  Title: 'Response: Three Suggestions for Better Integrating Arti' | DOI: '10.3928/01484834-20240415-03'
  Status: Enriched 6 field(s) during run.
  ❌ FAILED / STILL MISSING COLUMNS (1): ['Abstract']

• [Row 3267] Source: Asano-original-simplified.csv
  Title: 'Phase analysis: a novel and useful application of artif' | DOI: '10.1016/j.gie.2024.01.041'
  Status: Enriched 6 field(s) during run.
  ❌ FAILED / STILL MISSING COLUMNS (1): ['Abstract']

• [Row 3269] Source: Asano-original-simplified.csv
  Title: 'How Can Artificial Intelligence Help With Management of' | DOI: '10.1016/j.jaip.2024.01.046'
  Status: Enriched 6 field(s) during run.
  ❌ FAILED / STILL MISSING COLUMNS (1): ['Abstract']

• [Row 3270] Source: Asano-original-simplified.csv
  Title: 'Preface: Artificial Intelligence and the Revolution of ' | DOI: '10.1615/CritRevOncog.v29.i2.30'
  Status: Enriched 6 field(s) during run.
  ❌ FAILED / STILL MISSING COLUMNS (1): ['Abstract']

• [Row 3271] Source: Asano-original-simplified.csv
  Title: 'Google AI has better bedside manner than human doctors ' | DOI: '10.1038/d41586-024-00099-4'
  Status: Enriched 6 field(s) during run.
  ❌ FAILED / STILL MISSING COLUMNS (1): ['Article References']

• [Row 3273] Source: Asano-original-simplified.csv
  Title: 'A Sober Appraisal of Artificial Intelligence Systems, P' | DOI: '10.1016/j.annemergmed.2023.05.025'
  Status: Enriched 6 field(s) during run.
  ❌ FAILED / STILL MISSING COLUMNS (1): ['Abstract']

• [Row 3274] Source: Asano-original-simplified.csv
  Title: 'Artificial Intelligence in U.S. Health Care Delivery' | DOI: '10.1056/NEJMc2310288'
  Status: Enriched 6 field(s) during run.
  ❌ FAILED / STILL MISSING COLUMNS (1): ['Abstract']

• [Row 3276] Source: Asano-original-simplified.csv
  Title: 'Artificial intelligence and eating disorders: a comment' | DOI: '10.1007/s40519-023-01598-5'
  Status: Enriched 6 field(s) during run.
  ❌ FAILED / STILL MISSING COLUMNS (1): ['Abstract']

• [Row 3277] Source: Asano-original-simplified.csv
  Title: 'Are we ready to adapt artificial intelligence for early' | DOI: '10.47391/JPMA.7978'
  Status: Enriched 6 field(s) during run.
  ❌ FAILED / STILL MISSING COLUMNS (1): ['Article References']

• [Row 3278] Source: Asano-original-simplified.csv
  Title: 'Artificial Intelligence and Machine Learning in Clinica' | DOI: '10.1056/NEJMc2305287'
  Status: Enriched 6 field(s) during run.
  ❌ FAILED / STILL MISSING COLUMNS (1): ['Abstract']

• [Row 3279] Source: Asano-original-simplified.csv
  Title: 'Artificial Intelligence and Machine Learning in Clinica' | DOI: '10.1056/NEJMc2305287'
  Status: Enriched 6 field(s) during run.
  ❌ FAILED / STILL MISSING COLUMNS (1): ['Abstract']

• [Row 3281] Source: Asano-original-simplified.csv
  Title: 'Artificial intelligence and authorship' | DOI: '10.1097/PXR.0000000000000239'
  Status: Enriched 6 field(s) during run.
  ❌ FAILED / STILL MISSING COLUMNS (1): ['Article References']

• [Row 3284] Source: Asano-original-simplified.csv
  Title: 'Are we ready for Artificial Intelligence in Medicine?' | DOI: '10.4414/smw.2022.w30179'
  Status: Enriched 6 field(s) during run.
  ❌ FAILED / STILL MISSING COLUMNS (1): ['Abstract']

• [Row 3285] Source: Asano-original-simplified.csv
  Title: 'Editorial Comment: Liability, the Next-Generation Probl' | DOI: '10.2214/AJR.22.27509'
  Status: Enriched 6 field(s) during run.
  ❌ FAILED / STILL MISSING COLUMNS (1): ['Article References']

• [Row 3286] Source: Asano-original-simplified.csv
  Title: 'For whom the artificial intelligence bell tolls: preimp' | DOI: '10.1016/j.fertnstert.2022.01.005'
  Status: Enriched 6 field(s) during run.
  ❌ FAILED / STILL MISSING COLUMNS (1): ['Abstract']

• [Row 3288] Source: Asano-original-simplified.csv
  Title: 'Introducing Artificial Intelligence Applications at Our' | DOI: '10.1016/j.jacr.2021.09.008'
  Status: Enriched 6 field(s) during run.
  ❌ FAILED / STILL MISSING COLUMNS (1): ['Abstract']

• [Row 3293] Source: Asano-original-simplified.csv
  Title: 'Re: Artificial Intelligence for Diagnosis and Grading o' | DOI: '10.1097/JU.0000000000001176.02'
  Status: Enriched 6 field(s) during run.
  ❌ FAILED / STILL MISSING COLUMNS (1): ['Article References']

• [Row 3296] Source: Asano-original-simplified.csv
  Title: 'Artificial Intelligence Improves Breast Cancer Screenin' | DOI: '10.1001/jama.2020.0370'
  Status: Enriched 5 field(s) during run.
  ❌ FAILED / STILL MISSING COLUMNS (2): ['Abstract', 'Article References']

• [Row 3297] Source: Asano-original-simplified.csv
  Title: 'International AI ethics panel must be independent' | DOI: '10.1038/d41586-019-02491-x'
  Status: Enriched 4 field(s) during run.
  ❌ FAILED / STILL MISSING COLUMNS (3): ['Author', 'Abstract', 'Article References']

• [Row 3299] Source: Asano-original-simplified.csv
  Title: 'Braving the new world of artificial intelligence' | DOI: '10.1038/s41591-018-0317-y'
  Status: Enriched 6 field(s) during run.
  ❌ FAILED / STILL MISSING COLUMNS (1): ['Article References']

• [Row 3300] Source: Asano-original-simplified.csv
  Title: 'Humanizing Artificial Intelligence' | DOI: '10.1001/jama.2018.19398'
  Status: Enriched 6 field(s) during run.
  ❌ FAILED / STILL MISSING COLUMNS (1): ['Abstract']

• [Row 3301] Source: Asano-original-simplified.csv
  Title: 'Role of the Medical Physicist in the Health Care Artifi' | DOI: '10.1016/j.jacr.2018.09.022'
  Status: Enriched 6 field(s) during run.
  ❌ FAILED / STILL MISSING COLUMNS (1): ['Abstract']

• [Row 3302] Source: Asano-original-simplified.csv
  Title: 'Machine Learning and Artificial Intelligence in Radiolo' | DOI: '10.1016/j.jacr.2017.11.015'
  Status: Enriched 6 field(s) during run.
  ❌ FAILED / STILL MISSING COLUMNS (1): ['Abstract']

• [Row 3303] Source: Asano-original-simplified.csv
  Title: 'Computer science. Beyond the Turing Test' | DOI: '10.1126/science.347.6218.116'
  Status: Enriched 6 field(s) during run.
  ❌ FAILED / STILL MISSING COLUMNS (1): ['Article References']

• [Row 3304] Source: Asano-original-simplified.csv
  Title: 'Artificial intelligence and meaning--some philosophical' | DOI: '10.1023/a:1010234707103'
  Status: Enriched 6 field(s) during run.
  ❌ FAILED / STILL MISSING COLUMNS (1): ['Abstract']

• [Row 3305] Source: Asano-original-simplified.csv
  Title: 'Use of artificial intelligence in analytical systems fo' | DOI: 'No DOI'
  Status: Enriched 0 field(s) during run.
  ❌ FAILED / STILL MISSING COLUMNS (5): ['Author', 'Abstract', 'Article References', 'Times Cited', 'Publication Year']

• [Row 3308] Source: Asano-original-simplified.csv
  Title: 'Monuments and Memorials: A Role for Artificial Intellig' | DOI: '10.1089/cyber.2024.0415'
  Status: Enriched 6 field(s) during run.
  ❌ FAILED / STILL MISSING COLUMNS (1): ['Abstract']

• [Row 3309] Source: Asano-original-simplified.csv
  Title: 'Artificial Intelligence Content Detector in Paper Writi' | DOI: '10.1245/s10434-024-15840-6'
  Status: Enriched 6 field(s) during run.
  ❌ FAILED / STILL MISSING COLUMNS (1): ['Abstract']

• [Row 3310] Source: Asano-original-simplified.csv
  Title: 'Proactively Designing Generative Artificial Intelligenc' | DOI: '10.1001/jamainternmed.2024.2584'
  Status: Enriched 6 field(s) during run.
  ❌ FAILED / STILL MISSING COLUMNS (1): ['Abstract']

• [Row 3311] Source: Asano-original-simplified.csv
  Title: 'The US Congress is taking on AI - this computer scienti' | DOI: '10.1038/d41586-024-01354-4'
  Status: Enriched 5 field(s) during run.
  ❌ FAILED / STILL MISSING COLUMNS (2): ['Abstract', 'Article References']

• [Row 3312] Source: Asano-original-simplified.csv
  Title: 'Artificial Intelligence Chatbots in Healthcare: Navigat' | DOI: '10.1016/j.cgh.2024.03.040'
  Status: Enriched 6 field(s) during run.
  ❌ FAILED / STILL MISSING COLUMNS (1): ['Abstract']

• [Row 3313] Source: Asano-original-simplified.csv
  Title: '[Artificial intelligence and the extinction of the orth' | DOI: 'No DOI'
  Status: Enriched 0 field(s) during run.
  ❌ FAILED / STILL MISSING COLUMNS (5): ['Author', 'Abstract', 'Article References', 'Times Cited', 'Publication Year']

• [Row 3314] Source: Asano-original-simplified.csv
  Title: 'Editorial: Is artificial intelligence changing the way ' | DOI: '10.1177/17531934241241911'
  Status: Enriched 6 field(s) during run.
  ❌ FAILED / STILL MISSING COLUMNS (1): ['Abstract']

• [Row 3315] Source: Asano-original-simplified.csv
  Title: 'Jon McCormack: Art Infused With [Artificial] Intelligen' | DOI: '10.1109/MCG.2023.3348588'
  Status: Enriched 6 field(s) during run.
  ❌ FAILED / STILL MISSING COLUMNS (1): ['Article References']

• [Row 3316] Source: Asano-original-simplified.csv
  Title: 'There are holes in Europe's AI Act - and researchers ca' | DOI: '10.1038/d41586-024-00029-4'
  Status: Enriched 4 field(s) during run.
  ❌ FAILED / STILL MISSING COLUMNS (3): ['Author', 'Abstract', 'Article References']

• [Row 3318] Source: Asano-original-simplified.csv
  Title: '"AI for the new GI": What role does artificial intellig' | DOI: '10.1016/j.gie.2023.09.004'
  Status: Enriched 6 field(s) during run.
  ❌ FAILED / STILL MISSING COLUMNS (1): ['Abstract']

• [Row 3319] Source: Asano-original-simplified.csv
  Title: 'A Policy on the Use of Artificial Intelligence and Larg' | DOI: '10.1093/ntr/ntad242'
  Status: Enriched 6 field(s) during run.
  ❌ FAILED / STILL MISSING COLUMNS (1): ['Article References']

• [Row 3320] Source: Asano-original-simplified.csv
  Title: 'ChatGPT and GPT-4 in Ophthalmology: Applications of Lar' | DOI: '10.3928/23258160-20230926-01'
  Status: Enriched 6 field(s) during run.
  ❌ FAILED / STILL MISSING COLUMNS (1): ['Abstract']

• [Row 3324] Source: Asano-original-simplified.csv
  Title: '[[SPECT] 5. Application of Artificial Intelligence in N' | DOI: '10.6009/jjrt.2022-2096'
  Status: Enriched 6 field(s) during run.
  ❌ FAILED / STILL MISSING COLUMNS (1): ['Abstract']

• [Row 3326] Source: Asano-original-simplified.csv
  Title: 'Meetings that matter: time to put artificial intelligen' | DOI: '10.1007/s10815-022-02520-1'
  Status: Enriched 6 field(s) during run.
  ❌ FAILED / STILL MISSING COLUMNS (1): ['Abstract']

• [Row 3329] Source: Asano-original-simplified.csv
  Title: 'Characterizing Infectious Keratitis Using Artificial In' | DOI: '10.1097/IIO.0000000000000405'
  Status: Enriched 6 field(s) during run.
  ❌ FAILED / STILL MISSING COLUMNS (1): ['Abstract']

• [Row 3330] Source: Asano-original-simplified.csv
  Title: '[Progress of artificial intelligence in gynecological o' | DOI: '10.3760/cma.j.cn112141-20210924-00549'
  Status: Enriched 6 field(s) during run.
  ❌ FAILED / STILL MISSING COLUMNS (1): ['Article References']

• [Row 3333] Source: Asano-original-simplified.csv
  Title: '[Artificial intelligence: phones smart phones and advan' | DOI: '10.1016/j.aprim.2021.102138'
  Status: Enriched 6 field(s) during run.
  ❌ FAILED / STILL MISSING COLUMNS (1): ['Abstract']

• [Row 3335] Source: Asano-original-simplified.csv
  Title: 'A call to action: concerns related to artificial intell' | DOI: '10.1016/j.oooo.2021.04.056'
  Status: Enriched 6 field(s) during run.
  ❌ FAILED / STILL MISSING COLUMNS (1): ['Abstract']

• [Row 3336] Source: Asano-original-simplified.csv
  Title: 'Personalizing Therapies and Targeting Treatment Strateg' | DOI: '10.1016/j.clinthera.2021.04.005'
  Status: Enriched 6 field(s) during run.
  ❌ FAILED / STILL MISSING COLUMNS (1): ['Abstract']

• [Row 3338] Source: Asano-original-simplified.csv
  Title: '[Breast diagnostics: from clinical diagnostics to artif' | DOI: '10.1007/s00117-021-00804-8'
  Status: Enriched 6 field(s) during run.
  ❌ FAILED / STILL MISSING COLUMNS (1): ['Article References']

• [Row 3340] Source: Asano-original-simplified.csv
  Title: 'Artificial Intelligence to Support Independent Assessme' | DOI: '10.1001/jamaoncol.2020.3186'
  Status: Enriched 6 field(s) during run.
  ❌ FAILED / STILL MISSING COLUMNS (1): ['Abstract']

• [Row 3342] Source: Asano-original-simplified.csv
  Title: 'How should specialist physicians prepare for the AI rev' | DOI: '10.1503/cmaj.1095871'
  Status: Enriched 6 field(s) during run.
  ❌ FAILED / STILL MISSING COLUMNS (1): ['Article References']

• [Row 3343] Source: Asano-original-simplified.csv
  Title: 'Patient Perspectives on the Use of Artificial Intellige' | DOI: '10.1001/jamadermatol.2019.5013'
  Status: Enriched 6 field(s) during run.
  ❌ FAILED / STILL MISSING COLUMNS (1): ['Abstract']

• [Row 3345] Source: Asano-original-simplified.csv
  Title: 'Artificial intelligence in endoscopy: the guardian ange' | DOI: '10.1016/j.gie.2019.10.026'
  Status: Enriched 6 field(s) during run.
  ❌ FAILED / STILL MISSING COLUMNS (1): ['Abstract']

• [Row 3347] Source: Asano-original-simplified.csv
  Title: 'Artificial Intelligence and Computer-aided Diagnosis in' | DOI: '10.2174/157340561601200106142451'
  Status: Enriched 5 field(s) during run.
  ❌ FAILED / STILL MISSING COLUMNS (2): ['Abstract', 'Article References']

• [Row 3348] Source: Asano-original-simplified.csv
  Title: 'Can artificial intelligence standardise colonoscopy qua' | DOI: '10.1016/S2468-1253(19)30407-8'
  Status: Enriched 6 field(s) during run.
  ❌ FAILED / STILL MISSING COLUMNS (1): ['Abstract']

• [Row 3352] Source: Asano-original-simplified.csv
  Title: 'Chemogenomics: a discipline at the crossroad of high th' | DOI: '10.2174/138620708785739998'
  Status: Enriched 5 field(s) during run.
  ❌ FAILED / STILL MISSING COLUMNS (2): ['Abstract', 'Article References']

• [Row 3354] Source: Asano-original-simplified.csv
  Title: '[Medical application of artificial intelligence--toward' | DOI: 'No DOI'
  Status: Enriched 0 field(s) during run.
  ❌ FAILED / STILL MISSING COLUMNS (5): ['Author', 'Abstract', 'Article References', 'Times Cited', 'Publication Year']

• [Row 3355] Source: Asano-original-simplified.csv
  Title: 'The role of artificial intelligence in medical imaging' | DOI: '10.1097/00004424-198801000-00014'
  Status: Enriched 6 field(s) during run.
  ❌ FAILED / STILL MISSING COLUMNS (1): ['Article References']

• [Row 3358] Source: Asano-original-simplified.csv
  Title: 'Three Suggestions for Better Integrating Artificial Int' | DOI: '10.3928/01484834-20240415-02'
  Status: Enriched 6 field(s) during run.
  ❌ FAILED / STILL MISSING COLUMNS (1): ['Abstract']

• [Row 3360] Source: Asano-original-simplified.csv
  Title: 'First passages of rolled-up Herculaneum scroll revealed' | DOI: '10.1038/d41586-024-00346-8'
  Status: Enriched 5 field(s) during run.
  ❌ FAILED / STILL MISSING COLUMNS (2): ['Abstract', 'Article References']

• [Row 3361] Source: Asano-original-simplified.csv
  Title: '#AGS24 to Deliver Cutting-Edge Research & Clinical Prac' | DOI: '10.3928/00989134-20231212-03'
  Status: Enriched 5 field(s) during run.
  ❌ FAILED / STILL MISSING COLUMNS (2): ['Abstract', 'Article References']

• [Row 3362] Source: Asano-original-simplified.csv
  Title: 'Artificial intelligence in skin cancer smartphone appli' | DOI: '10.1007/s00105-023-05289-1'
  Status: Enriched 6 field(s) during run.
  ❌ FAILED / STILL MISSING COLUMNS (1): ['Abstract']

• [Row 3363] Source: Asano-original-simplified.csv
  Title: 'Adapting to the rapidly moving target artificial intell' | DOI: '10.2340/17453674.2023.34900'
  Status: Enriched 5 field(s) during run.
  ❌ FAILED / STILL MISSING COLUMNS (2): ['Abstract', 'Article References']

• [Row 3366] Source: Asano-original-simplified.csv
  Title: 'The company landscape for artificial intelligence in la' | DOI: '10.1038/d41573-023-00139-0'
  Status: Enriched 5 field(s) during run.
  ❌ FAILED / STILL MISSING COLUMNS (2): ['Abstract', 'Article References']

• [Row 3367] Source: Asano-original-simplified.csv
  Title: 'Artificial Intelligence-From Starting Pilots to Scalabl' | DOI: '10.1001/jamaoncol.2023.2867'
  Status: Enriched 6 field(s) during run.
  ❌ FAILED / STILL MISSING COLUMNS (1): ['Abstract']

• [Row 3368] Source: Asano-original-simplified.csv
  Title: 'Artificial Intelligence: the Next Frontier in Psychiatr' | DOI: '10.1007/s40596-023-01833-2'
  Status: Enriched 6 field(s) during run.
  ❌ FAILED / STILL MISSING COLUMNS (1): ['Abstract']

• [Row 3369] Source: Asano-original-simplified.csv
  Title: 'Risks and Benefits of Artificial Intelligence for Peer-' | DOI: '10.4103/ijdr.ijdr_466_23'
  Status: Enriched 6 field(s) during run.
  ❌ FAILED / STILL MISSING COLUMNS (1): ['Abstract']

• [Row 3371] Source: Asano-original-simplified.csv
  Title: 'Will artificial intelligence require chaperones?' | DOI: '10.1007/s12192-023-01343-y'
  Status: Enriched 5 field(s) during run.
  ❌ FAILED / STILL MISSING COLUMNS (2): ['Abstract', 'Article References']

• [Row 3372] Source: Asano-original-simplified.csv
  Title: 'Impact of artificial intelligence and language models i' | DOI: '10.1016/j.oftale.2023.04.003'
  Status: Enriched 6 field(s) during run.
  ❌ FAILED / STILL MISSING COLUMNS (1): ['Abstract']

• [Row 3373] Source: Asano-original-simplified.csv
  Title: 'Artificial intelligence and dental research' | DOI: '10.4103/ijdr.ijdr_159_23'
  Status: Enriched 6 field(s) during run.
  ❌ FAILED / STILL MISSING COLUMNS (1): ['Abstract']

• [Row 3374] Source: Asano-original-simplified.csv
  Title: 'Artificial intelligence: the future might already be he' | DOI: '10.1016/j.oooo.2023.01.002'
  Status: Enriched 6 field(s) during run.
  ❌ FAILED / STILL MISSING COLUMNS (1): ['Abstract']

• [Row 3375] Source: Asano-original-simplified.csv
  Title: 'What ChatGPT and generative AI mean for science' | DOI: '10.1038/d41586-023-00340-6'
  Status: Enriched 6 field(s) during run.
  ❌ FAILED / STILL MISSING COLUMNS (1): ['Abstract']

• [Row 3376] Source: Asano-original-simplified.csv
  Title: 'Artificial intelligence applied to medicine: There is a' | DOI: '10.1016/j.ejmp.2022.04.003'
  Status: Enriched 6 field(s) during run.
  ❌ FAILED / STILL MISSING COLUMNS (1): ['Abstract']

• [Row 3377] Source: Asano-original-simplified.csv
  Title: 'Accessible artificial intelligence for ophthalmologists' | DOI: '10.1038/s41433-021-01891-6'
  Status: Enriched 6 field(s) during run.
  ❌ FAILED / STILL MISSING COLUMNS (1): ['Abstract']

• [Row 3378] Source: Asano-original-simplified.csv
  Title: 'A Guide to Accessible Artificial Intelligence and Machi' | DOI: '10.3928/23258160-20210628-01'
  Status: Enriched 6 field(s) during run.
  ❌ FAILED / STILL MISSING COLUMNS (1): ['Abstract']

• [Row 3380] Source: Asano-original-simplified.csv
  Title: '[Promote the application of artificial intelligence in ' | DOI: '10.3760/cma.j.cn112151-20210219-00148'
  Status: Enriched 5 field(s) during run.
  ❌ FAILED / STILL MISSING COLUMNS (2): ['Abstract', 'Article References']

• [Row 3381] Source: Asano-original-simplified.csv
  Title: 'Machine learning, AI, and breast cancer: A rallying cal' | DOI: 'No DOI'
  Status: Enriched 0 field(s) during run.
  ❌ FAILED / STILL MISSING COLUMNS (5): ['Author', 'Abstract', 'Article References', 'Times Cited', 'Publication Year']

• [Row 3386] Source: Asano-original-simplified.csv
  Title: '[Progress of artificial intelligence on pathological re' | DOI: '10.3760/cma.j.cn112151-20190924-00525'
  Status: Enriched 6 field(s) during run.
  ❌ FAILED / STILL MISSING COLUMNS (1): ['Article References']

• [Row 3389] Source: Asano-original-simplified.csv
  Title: 'Artificial Intelligence in Medical Education' | DOI: '10.1016/j.amjmed.2019.08.017'
  Status: Enriched 6 field(s) during run.
  ❌ FAILED / STILL MISSING COLUMNS (1): ['Abstract']

• [Row 3390] Source: Asano-original-simplified.csv
  Title: 'News Update' | DOI: '10.1177/1750458919877035'
  Status: Enriched 4 field(s) during run.
  ❌ FAILED / STILL MISSING COLUMNS (3): ['Author', 'Abstract', 'Article References']

• [Row 3391] Source: Asano-original-simplified.csv
  Title: 'Digital health' | DOI: '10.1038/d41586-019-02869-x'
  Status: Enriched 5 field(s) during run.
  ❌ FAILED / STILL MISSING COLUMNS (2): ['Abstract', 'Article References']

• [Row 3392] Source: Asano-original-simplified.csv
  Title: 'Availability bias and artificial intelligence' | DOI: '10.1016/j.jaad.2019.07.051'
  Status: Enriched 6 field(s) during run.
  ❌ FAILED / STILL MISSING COLUMNS (1): ['Abstract']

• [Row 3394] Source: Asano-original-simplified.csv
  Title: 'Artificial Intelligence Algorithms for Medical Predicti' | DOI: '10.1001/jamainternmed.2019.0609'
  Status: Enriched 6 field(s) during run.
  ❌ FAILED / STILL MISSING COLUMNS (1): ['Abstract']

• [Row 3396] Source: Asano-original-simplified.csv
  Title: 'The Fourth Industrial Revolution Tackles Plastic Surgeo' | DOI: '10.1097/PRS.0000000000004914'
  Status: Enriched 6 field(s) during run.
  ❌ FAILED / STILL MISSING COLUMNS (1): ['Article References']

• [Row 3397] Source: Asano-original-simplified.csv
  Title: 'Artificial Intelligence for Operations: The Untold Stor' | DOI: '10.1016/j.jacr.2018.01.031'
  Status: Enriched 6 field(s) during run.
  ❌ FAILED / STILL MISSING COLUMNS (1): ['Article References']

• [Row 3399] Source: Asano-original-simplified.csv
  Title: 'Artificial intelligence in medicine AIME 2011' | DOI: '10.1016/j.artmed.2013.01.001'
  Status: Enriched 6 field(s) during run.
  ❌ FAILED / STILL MISSING COLUMNS (1): ['Abstract']

• [Row 3401] Source: Asano-original-simplified.csv
  Title: 'Neural networks as expert systems in rheumatic disease ' | DOI: 'No DOI'
  Status: Enriched 0 field(s) during run.
  ❌ FAILED / STILL MISSING COLUMNS (5): ['Author', 'Abstract', 'Article References', 'Times Cited', 'Publication Year']

• [Row 3402] Source: Asano-original-simplified.csv
  Title: 'Databases, artificial intelligence and knowledge-based ' | DOI: '10.1042/bst0170851'
  Status: Enriched 6 field(s) during run.
  ❌ FAILED / STILL MISSING COLUMNS (1): ['Article References']

• [Row 3404] Source: Asano-original-simplified.csv
  Title: 'Responsible AI in Canadian Healthcare: Evaluation Frame' | DOI: '10.3233/SHTI260030'
  Status: Enriched 6 field(s) during run.
  ❌ FAILED / STILL MISSING COLUMNS (1): ['Article References']

• [Row 3408] Source: Asano-original-simplified.csv
  Title: 'Medical Metaverse, Part 2: Artificial Intelligence Algo' | DOI: '10.1176/appi.neuropsych.20230117'
  Status: Enriched 6 field(s) during run.
  ❌ FAILED / STILL MISSING COLUMNS (1): ['Abstract']

• [Row 3411] Source: Asano-original-simplified.csv
  Title: 'Artificial Intelligence in Clinical Decisions Support f' | DOI: '10.1161/STROKEAHA.123.043004'
  Status: Enriched 6 field(s) during run.
  ❌ FAILED / STILL MISSING COLUMNS (1): ['Abstract']

• [Row 3412] Source: Asano-original-simplified.csv
  Title: '[Core Technology of Wearable Multi-parameter Patient Mo' | DOI: '10.3969/j.issn.1671-7104.2020.04.005'
  Status: Enriched 6 field(s) during run.
  ❌ FAILED / STILL MISSING COLUMNS (1): ['Article References']

• [Row 3426] Source: Asano-original-simplified.csv
  Title: '[Legal Risk Assessment and Prevention in Artificial Int' | DOI: '10.12182/20250160301'
  Status: Enriched 6 field(s) during run.
  ❌ FAILED / STILL MISSING COLUMNS (1): ['Article References']

• [Row 3437] Source: Asano-original-simplified.csv
  Title: '[Application and research progress of artificial intell' | DOI: '10.19540/j.cnki.cjcmm.20251121.503'
  Status: Enriched 6 field(s) during run.
  ❌ FAILED / STILL MISSING COLUMNS (1): ['Article References']

• [Row 3455] Source: Asano-original-simplified.csv
  Title: 'Lessons Learned From Citizen Development of an Artifici' | DOI: '10.1016/j.annemergmed.2026.07.016'
  Status: Enriched 6 field(s) during run.
  ❌ FAILED / STILL MISSING COLUMNS (1): ['Abstract']

• [Row 3456] Source: Asano-original-simplified.csv
  Title: 'Can AI Judge Study Quality? Researchers Weigh In' | DOI: '10.2196/109605'
  Status: Enriched 6 field(s) during run.
  ❌ FAILED / STILL MISSING COLUMNS (1): ['Article References']

• [Row 3457] Source: Asano-original-simplified.csv
  Title: 'Response to Letter that comments on "Artificial intelli' | DOI: '10.1016/j.burns.2026.108148'
  Status: Enriched 6 field(s) during run.
  ❌ FAILED / STILL MISSING COLUMNS (1): ['Abstract']

• [Row 3458] Source: Asano-original-simplified.csv
  Title: '[TRENDS IN THE MEDICAL APPLICATION OF ARTIFICIAL INTELL' | DOI: '10.15036/arerugi.75.274'
  Status: Enriched 5 field(s) during run.
  ❌ FAILED / STILL MISSING COLUMNS (2): ['Abstract', 'Article References']

• [Row 3459] Source: Asano-original-simplified.csv
  Title: 'When patients consult artificial intelligence before cl' | DOI: '10.1192/bjp.2026.10741'
  Status: Enriched 6 field(s) during run.
  ❌ FAILED / STILL MISSING COLUMNS (1): ['Abstract']

• [Row 3460] Source: Asano-original-simplified.csv
  Title: 'Comment on "Using mobile applications for body composit' | DOI: '10.1016/j.clnesp.2026.103393'
  Status: Enriched 6 field(s) during run.
  ❌ FAILED / STILL MISSING COLUMNS (1): ['Abstract']

• [Row 3461] Source: Asano-original-simplified.csv
  Title: 'Integrating advanced technology, artificial intelligenc' | DOI: '10.1016/j.tjog.2025.12.005'
  Status: Enriched 6 field(s) during run.
  ❌ FAILED / STILL MISSING COLUMNS (1): ['Abstract']

• [Row 3462] Source: Asano-original-simplified.csv
  Title: 'Navigating the medicolegal landscape of artificial inte' | DOI: '10.1111/anae.70157'
  Status: Enriched 6 field(s) during run.
  ❌ FAILED / STILL MISSING COLUMNS (1): ['Abstract']

• [Row 3464] Source: Asano-original-simplified.csv
  Title: 'The Case for Synthetic Images Generated by Artificial I' | DOI: '10.1002/ajh.70019'
  Status: Enriched 6 field(s) during run.
  ❌ FAILED / STILL MISSING COLUMNS (1): ['Abstract']

• [Row 3465] Source: Asano-original-simplified.csv
  Title: 'Invisible hands: Ethical considerations of artificial i' | DOI: '10.1016/j.jaad.2025.06.053'
  Status: Enriched 6 field(s) during run.
  ❌ FAILED / STILL MISSING COLUMNS (1): ['Abstract']

• [Row 3466] Source: Asano-original-simplified.csv
  Title: 'Ethical implications of artificial intelligence-written' | DOI: '10.1016/j.jaad.2025.03.030'
  Status: Enriched 6 field(s) during run.
  ❌ FAILED / STILL MISSING COLUMNS (1): ['Abstract']

• [Row 3469] Source: Asano-original-simplified.csv
  Title: '[The Fundamentals of Diffusion Weighted Imaging (DWI) i' | DOI: '10.6009/jjrt.2023-2269'
  Status: Enriched 6 field(s) during run.
  ❌ FAILED / STILL MISSING COLUMNS (1): ['Abstract']

• [Row 3473] Source: Asano-original-simplified.csv
  Title: 'Editorial: Artificial intelligence in digital pathology' | DOI: '10.3389/fbinf.2023.1007986'
  Status: Enriched 6 field(s) during run.
  ❌ FAILED / STILL MISSING COLUMNS (1): ['Article References']

• [Row 3474] Source: Asano-original-simplified.csv
  Title: 'Corrigendum: Editorial: Explainable artificial intellig' | DOI: '10.3389/frai.2023.1157762'
  Status: Enriched 6 field(s) during run.
  ❌ FAILED / STILL MISSING COLUMNS (1): ['Article References']

• [Row 3475] Source: Asano-original-simplified.csv
  Title: 'Musculoskeletal MR Image Segmentation with Artificial I' | DOI: '10.1016/j.yacr.2022.04.010'
  Status: Enriched 6 field(s) during run.
  ❌ FAILED / STILL MISSING COLUMNS (1): ['Abstract']

• [Row 3478] Source: Asano-original-simplified.csv
  Title: 'Editorial: Artificial Intelligence in Chemistry' | DOI: '10.3389/fchem.2020.00275'
  Status: Enriched 6 field(s) during run.
  ❌ FAILED / STILL MISSING COLUMNS (1): ['Article References']

• [Row 3479] Source: Asano-original-simplified.csv
  Title: 'From text to tissue: Artificial Intelligence-generation' | DOI: '10.1002/jdd.13735'
  Status: Enriched 6 field(s) during run.
  ❌ FAILED / STILL MISSING COLUMNS (1): ['Abstract']

• [Row 3494] Source: Asano-original-simplified.csv
  Title: 'Perceptions of the German General Population Towards Im' | DOI: '10.3233/SHTI250566'
  Status: Enriched 6 field(s) during run.
  ❌ FAILED / STILL MISSING COLUMNS (1): ['Article References']

• [Row 3502] Source: Asano-original-simplified.csv
  Title: 'Commentary: Artificial intelligence and precision medic' | DOI: '10.3389/frai.2026.1808575'
  Status: Enriched 6 field(s) during run.
  ❌ FAILED / STILL MISSING COLUMNS (1): ['Abstract']

• [Row 3503] Source: Asano-original-simplified.csv
  Title: 'The Bitter Lesson and its Implications for Surgical Art' | DOI: '10.1097/SLA.0000000000007054'
  Status: Enriched 5 field(s) during run.
  ❌ FAILED / STILL MISSING COLUMNS (2): ['Abstract', 'Article References']

• [Row 3504] Source: Asano-original-simplified.csv
  Title: 'Artificial intelligence use in medical writing: changin' | DOI: '10.1093/postmj/qgag025'
  Status: Enriched 6 field(s) during run.
  ❌ FAILED / STILL MISSING COLUMNS (1): ['Abstract']

• [Row 3505] Source: Asano-original-simplified.csv
  Title: 'Reply to "Guiding principles for using artificial intel' | DOI: '10.1016/j.jaad.2025.12.120'
  Status: Enriched 6 field(s) during run.
  ❌ FAILED / STILL MISSING COLUMNS (1): ['Abstract']

• [Row 3506] Source: Asano-original-simplified.csv
  Title: 'The prediction paradox: Artificial intelligence, geneti' | DOI: '10.1210/clinem/dgag065'
  Status: Enriched 6 field(s) during run.
  ❌ FAILED / STILL MISSING COLUMNS (1): ['Abstract']

• [Row 3508] Source: Asano-original-simplified.csv
  Title: 'The transformative role of GLP-1 receptor agonists in o' | DOI: '10.1515/jbcpp-2025-0209'
  Status: Enriched 6 field(s) during run.
  ❌ FAILED / STILL MISSING COLUMNS (1): ['Abstract']

• [Row 3509] Source: Asano-original-simplified.csv
  Title: 'Artificial Intelligence in Acne Diagnosis and Managemen' | DOI: '10.1111/ijd.70215'
  Status: Enriched 6 field(s) during run.
  ❌ FAILED / STILL MISSING COLUMNS (1): ['Abstract']

• [Row 3511] Source: Asano-original-simplified.csv
  Title: 'Possible challenges to the widespread use of colposcopi' | DOI: '10.1177/20552076251320312'
  Status: Enriched 6 field(s) during run.
  ❌ FAILED / STILL MISSING COLUMNS (1): ['Abstract']

• [Row 3513] Source: Asano-original-simplified.csv
  Title: 'Determination of periodontal bone loss in panoramic rad' | DOI: '10.1016/j.jds.2024.09.031'
  Status: Enriched 6 field(s) during run.
  ❌ FAILED / STILL MISSING COLUMNS (1): ['Abstract']

• [Row 3514] Source: Asano-original-simplified.csv
  Title: 'Artificial intelligence in radiation therapy: An emergi' | DOI: '10.1016/j.diii.2024.09.006'
  Status: Enriched 6 field(s) during run.
  ❌ FAILED / STILL MISSING COLUMNS (1): ['Abstract']

• [Row 3515] Source: Asano-original-simplified.csv
  Title: 'The potential and pitfalls of ChatGPT in radiology' | DOI: '10.1016/j.diii.2024.05.003'
  Status: Enriched 6 field(s) during run.
  ❌ FAILED / STILL MISSING COLUMNS (1): ['Abstract']

• [Row 3516] Source: Asano-original-simplified.csv
  Title: 'Invited Commentary: The Double-edged Sword of Bias in M' | DOI: '10.1148/rg.230243'
  Status: Enriched 6 field(s) during run.
  ❌ FAILED / STILL MISSING COLUMNS (1): ['Abstract']

• [Row 3520] Source: Asano-original-simplified.csv
  Title: 'Automation for Right Heart Analysis: The Start of a New' | DOI: '10.1016/j.jcmg.2023.03.018'
  Status: Enriched 6 field(s) during run.
  ❌ FAILED / STILL MISSING COLUMNS (1): ['Abstract']

• [Row 3522] Source: Asano-original-simplified.csv
  Title: 'Frameworks for Developing Machine Learning Models' | DOI: '10.1177/19322968231158399'
  Status: Enriched 6 field(s) during run.
  ❌ FAILED / STILL MISSING COLUMNS (1): ['Abstract']

• [Row 3523] Source: Asano-original-simplified.csv
  Title: 'Editorial: Combined artificial intelligence and molecul' | DOI: '10.3389/fmolb.2022.1012785'
  Status: Enriched 6 field(s) during run.
  ❌ FAILED / STILL MISSING COLUMNS (1): ['Article References']

• [Row 3527] Source: Asano-original-simplified.csv
  Title: 'Editorial: Robust Artificial Intelligence for Neurorobo' | DOI: '10.3389/fnbot.2021.809903'
  Status: Enriched 6 field(s) during run.
  ❌ FAILED / STILL MISSING COLUMNS (1): ['Article References']

• [Row 3528] Source: Asano-original-simplified.csv
  Title: 'COVID-19 after 18 months: Where do we stand?' | DOI: '10.1016/j.diii.2021.06.003'
  Status: Enriched 6 field(s) during run.
  ❌ FAILED / STILL MISSING COLUMNS (1): ['Abstract']

• [Row 3531] Source: Asano-original-simplified.csv
  Title: 'The invisible consultant: Disclosure of artificial inte' | DOI: '10.1016/j.jaad.2026.07.091'
  Status: Enriched 6 field(s) during run.
  ❌ FAILED / STILL MISSING COLUMNS (1): ['Abstract']

• [Row 3533] Source: Asano-original-simplified.csv
  Title: 'Artificial intelligence in robotic urologic surgery: br' | DOI: '10.5173/ceju.2025.0341'
  Status: Enriched 5 field(s) during run.
  ❌ FAILED / STILL MISSING COLUMNS (2): ['Abstract', 'Article References']

• [Row 3534] Source: Asano-original-simplified.csv
  Title: 'Biocomputing: Beyond the Hype' | DOI: '10.2196/100949'
  Status: Enriched 6 field(s) during run.
  ❌ FAILED / STILL MISSING COLUMNS (1): ['Article References']

• [Row 3535] Source: Asano-original-simplified.csv
  Title: 'When precision medicine meets human behavior: limits of' | DOI: '10.21037/jgo-2026-1-0062'
  Status: Enriched 5 field(s) during run.
  ❌ FAILED / STILL MISSING COLUMNS (2): ['Abstract', 'Article References']

• [Row 3536] Source: Asano-original-simplified.csv
  Title: 'Comment on "Artificial intelligence in clinical nutriti' | DOI: '10.1016/j.clnesp.2026.103341'
  Status: Enriched 6 field(s) during run.
  ❌ FAILED / STILL MISSING COLUMNS (1): ['Abstract']

• [Row 3538] Source: Asano-original-simplified.csv
  Title: 'Artificial intelligence, patient education, and the wor' | DOI: '10.1016/j.pec.2026.109587'
  Status: Enriched 6 field(s) during run.
  ❌ FAILED / STILL MISSING COLUMNS (1): ['Abstract']

• [Row 3539] Source: Asano-original-simplified.csv
  Title: 'Pros of artificial intelligence in dermatology' | DOI: '10.1016/j.jaad.2026.02.109'
  Status: Enriched 6 field(s) during run.
  ❌ FAILED / STILL MISSING COLUMNS (1): ['Abstract']

• [Row 3540] Source: Asano-original-simplified.csv
  Title: 'Artificial Intelligence-Assisted Anatomical Recognition' | DOI: '10.1097/DCR.0000000000004183'
  Status: Enriched 6 field(s) during run.
  ❌ FAILED / STILL MISSING COLUMNS (1): ['Abstract']

• [Row 3541] Source: Asano-original-simplified.csv
  Title: 'Artificial intelligence in primary care: opportunities,' | DOI: '10.3399/BJGPO.2025.0233'
  Status: Enriched 6 field(s) during run.
  ❌ FAILED / STILL MISSING COLUMNS (1): ['Abstract']

• [Row 3542] Source: Asano-original-simplified.csv
  Title: 'From voxel to treatment response: Rethinking the role o' | DOI: '10.1016/j.diii.2025.10.009'
  Status: Enriched 6 field(s) during run.
  ❌ FAILED / STILL MISSING COLUMNS (1): ['Abstract']

• [Row 3544] Source: Asano-original-simplified.csv
  Title: 'Ethical implications of artificial intelligence-assiste' | DOI: '10.1016/j.jaad.2025.09.068'
  Status: Enriched 6 field(s) during run.
  ❌ FAILED / STILL MISSING COLUMNS (1): ['Abstract']

• [Row 3546] Source: Asano-original-simplified.csv
  Title: 'Artificial Intelligence in Nursing Support for Families' | DOI: '10.31662/jmaj.2024-0434'
  Status: Enriched 6 field(s) during run.
  ❌ FAILED / STILL MISSING COLUMNS (1): ['Abstract']

• [Row 3552] Source: Asano-original-simplified.csv
  Title: 'Editorial: Healthcare in the age of sapient machines: p' | DOI: '10.3389/fmed.2024.1477371'
  Status: Enriched 6 field(s) during run.
  ❌ FAILED / STILL MISSING COLUMNS (1): ['Article References']

• [Row 3553] Source: Asano-original-simplified.csv
  Title: 'Editorial: Artificial intelligence and the future of wo' | DOI: '10.3389/frai.2024.1378893'
  Status: Enriched 6 field(s) during run.
  ❌ FAILED / STILL MISSING COLUMNS (1): ['Article References']

• [Row 3559] Source: Asano-original-simplified.csv
  Title: 'The potential impact of artificial intelligence on emer' | DOI: '10.1111/1742-6723.14461'
  Status: Enriched 6 field(s) during run.
  ❌ FAILED / STILL MISSING COLUMNS (1): ['Abstract']

• [Row 3568] Source: Asano-original-simplified.csv
  Title: '[Artificial Intelligence (AI): keep it under control]' | DOI: '10.53738/REVMED.2023.19.837.1474'
  Status: Enriched 6 field(s) during run.
  ❌ FAILED / STILL MISSING COLUMNS (1): ['Article References']

• [Row 3571] Source: Asano-original-simplified.csv
  Title: 'Building a central repository landmarks a new era for a' | DOI: '10.1016/j.ejca.2021.03.018'
  Status: Enriched 6 field(s) during run.
  ❌ FAILED / STILL MISSING COLUMNS (1): ['Abstract']

• [Row 3573] Source: Asano-original-simplified.csv
  Title: '[Artificial Intelligence and Intellectual Property of t' | DOI: '10.11477/mf.1416201342'
  Status: Enriched 6 field(s) during run.
  ❌ FAILED / STILL MISSING COLUMNS (1): ['Article References']

• [Row 3574] Source: Asano-original-simplified.csv
  Title: '[Artificial Intelligence in Psychiatry]' | DOI: '10.11477/mf.1416201212'
  Status: Enriched 6 field(s) during run.
  ❌ FAILED / STILL MISSING COLUMNS (1): ['Article References']

• [Row 3575] Source: Asano-original-simplified.csv
  Title: 'The Role of Artificial Intelligence in Interventional O' | DOI: '10.1016/j.jvir.2018.08.032'
  Status: Enriched 6 field(s) during run.
  ❌ FAILED / STILL MISSING COLUMNS (1): ['Abstract']

• [Row 3576] Source: Asano-original-simplified.csv
  Title: 'Artificial Intelligence and Radiology: Collaboration Is' | DOI: '10.1016/j.jacr.2017.12.037'
  Status: Enriched 6 field(s) during run.
  ❌ FAILED / STILL MISSING COLUMNS (1): ['Abstract']

• [Row 3578] Source: Asano-original-simplified.csv
  Title: '[Ethical Considerations and Stakeholder Engagement in M' | DOI: '10.11477/mf.188160960770091023'
  Status: Enriched 6 field(s) during run.
  ❌ FAILED / STILL MISSING COLUMNS (1): ['Article References']

• [Row 3581] Source: Asano-original-simplified.csv
  Title: '[Real-Time Artificial Intelligence Assistance in Neuroe' | DOI: '10.11477/mf.030126030530020340'
  Status: Enriched 6 field(s) during run.
  ❌ FAILED / STILL MISSING COLUMNS (1): ['Article References']

• [Row 3582] Source: Asano-original-simplified.csv
  Title: 'Potential of Artificial Intelligence in Evidence-Based ' | DOI: '10.1590/0034-7167.2024770501'
  Status: Enriched 6 field(s) during run.
  ❌ FAILED / STILL MISSING COLUMNS (1): ['Article References']

• [Row 3584] Source: Asano-original-simplified.csv
  Title: 'Artificial Intelligence, Academic Publishing, Scientifi' | DOI: '10.21470/1678-9741-2023-0377'
  Status: Enriched 6 field(s) during run.
  ❌ FAILED / STILL MISSING COLUMNS (1): ['Abstract']

• [Row 3585] Source: Asano-original-simplified.csv
  Title: 'Gorilla in the room: Even experts can miss polyps at co' | DOI: '10.1016/j.dld.2022.10.004'
  Status: Enriched 6 field(s) during run.
  ❌ FAILED / STILL MISSING COLUMNS (1): ['Abstract']

• [Row 3589] Source: Asano-original-simplified.csv
  Title: '[Application of Artificial Intelligence in Radiology]' | DOI: 'No DOI'
  Status: Enriched 1 field(s) during run.
  ❌ FAILED / STILL MISSING COLUMNS (4): ['Author', 'Article References', 'Times Cited', 'Publication Year']

• [Row 3592] Source: Asano-original-simplified.csv
  Title: '[CLINICAL APPLICATION OF ARTIFICIAL INTELLIGENCE ON AUX' | DOI: '10.15036/arerugi.73.978'
  Status: Enriched 5 field(s) during run.
  ❌ FAILED / STILL MISSING COLUMNS (2): ['Abstract', 'Article References']

• [Row 3593] Source: Asano-original-simplified.csv
  Title: 'What educational standards are acceptable to maintain w' | DOI: '10.1016/j.outlook.2024.102243'
  Status: Enriched 6 field(s) during run.
  ❌ FAILED / STILL MISSING COLUMNS (1): ['Abstract']

• [Row 3594] Source: Asano-original-simplified.csv
  Title: 'Editorial Comment: Artificial Intelligence Triage Varie' | DOI: '10.2214/AJR.24.31683'
  Status: Enriched 6 field(s) during run.
  ❌ FAILED / STILL MISSING COLUMNS (1): ['Abstract']

• [Row 3595] Source: Asano-original-simplified.csv
  Title: 'The Rise of AI Companions and the Quest for Authentic C' | DOI: '10.1089/cyber.2024.0309'
  Status: Enriched 6 field(s) during run.
  ❌ FAILED / STILL MISSING COLUMNS (1): ['Abstract']

• [Row 3597] Source: Asano-original-simplified.csv
  Title: 'Is Artificial Intelligence Ready to Take Over Triage?' | DOI: '10.1016/j.annemergmed.2024.03.011'
  Status: Enriched 6 field(s) during run.
  ❌ FAILED / STILL MISSING COLUMNS (1): ['Abstract']

• [Row 3598] Source: Asano-original-simplified.csv
  Title: 'Liability Exposure of Clinicians in Artificial Intellig' | DOI: '10.2345/0899-8205-58.2.39'
  Status: Enriched 6 field(s) during run.
  ❌ FAILED / STILL MISSING COLUMNS (1): ['Abstract']

• [Row 3599] Source: Asano-original-simplified.csv
  Title: 'Introduction to artificial intelligence in medicine' | DOI: '10.4103/singaporemedj.SMJ-2024-060'
  Status: Enriched 6 field(s) during run.
  ❌ FAILED / STILL MISSING COLUMNS (1): ['Article References']

• [Row 3600] Source: Asano-original-simplified.csv
  Title: 'Is Artificial Intelligence for Retinopathy of Prematuri' | DOI: '10.1001/jamaophthalmol.2024.0218'
  Status: Enriched 6 field(s) during run.
  ❌ FAILED / STILL MISSING COLUMNS (1): ['Abstract']

• [Row 3601] Source: Asano-original-simplified.csv
  Title: 'Artificial Intelligence and Echocardiography: A Genuine' | DOI: '10.1053/j.jvca.2024.01.014'
  Status: Enriched 6 field(s) during run.
  ❌ FAILED / STILL MISSING COLUMNS (1): ['Abstract']

• [Row 3602] Source: Asano-original-simplified.csv
  Title: 'Human Near the Loop: Implications for Artificial Intell' | DOI: '10.1177/10547738241227699'
  Status: Enriched 6 field(s) during run.
  ❌ FAILED / STILL MISSING COLUMNS (1): ['Abstract']

• [Row 3603] Source: Asano-original-simplified.csv
  Title: 'Artificial intelligence in nursing: From speculation to' | DOI: '10.1111/wvn.12706'
  Status: Enriched 6 field(s) during run.
  ❌ FAILED / STILL MISSING COLUMNS (1): ['Abstract']

• [Row 3604] Source: Asano-original-simplified.csv
  Title: 'Integrating artificial intelligence with bioinformatics' | DOI: '10.1177/15353702231223575'
  Status: Enriched 6 field(s) during run.
  ❌ FAILED / STILL MISSING COLUMNS (1): ['Abstract']

• [Row 3607] Source: Asano-original-simplified.csv
  Title: 'Artificial Intelligence to Patient-Targeted Health Info' | DOI: '10.1053/j.jrn.2023.11.002'
  Status: Enriched 6 field(s) during run.
  ❌ FAILED / STILL MISSING COLUMNS (1): ['Abstract']

• [Row 3609] Source: Asano-original-simplified.csv
  Title: 'Will artificial intelligence render optometrists redund' | DOI: '10.1080/08164622.2023.2216378'
  Status: Enriched 6 field(s) during run.
  ❌ FAILED / STILL MISSING COLUMNS (1): ['Abstract']

• [Row 3613] Source: Asano-original-simplified.csv
  Title: '[Artificial intelligence and immersive reality in healt' | DOI: '10.1016/j.semerg.2023.101985'
  Status: Enriched 6 field(s) during run.
  ❌ FAILED / STILL MISSING COLUMNS (1): ['Abstract']

• [Row 3614] Source: Asano-original-simplified.csv
  Title: 'What Artificial Intelligence Chatbots Mean for Editors,' | DOI: '10.1001/jamaophthalmol.2023.1370'
  Status: Enriched 6 field(s) during run.
  ❌ FAILED / STILL MISSING COLUMNS (1): ['Abstract']

• [Row 3617] Source: Asano-original-simplified.csv
  Title: 'Collaborating with artificial intelligence' | DOI: '10.1002/vetr.2013'
  Status: Enriched 5 field(s) during run.
  ❌ FAILED / STILL MISSING COLUMNS (2): ['Abstract', 'Article References']

• [Row 3620] Source: Asano-original-simplified.csv
  Title: 'A Prospective Applicant's Outlook on Radiology in Light' | DOI: '10.1016/j.jacr.2021.04.004'
  Status: Enriched 6 field(s) during run.
  ❌ FAILED / STILL MISSING COLUMNS (1): ['Abstract']

• [Row 3622] Source: Asano-original-simplified.csv
  Title: 'Guns, germs, and steeland artificial intelligence' | DOI: '10.1016/j.gie.2020.07.021'
  Status: Enriched 6 field(s) during run.
  ❌ FAILED / STILL MISSING COLUMNS (1): ['Abstract']

• [Row 3623] Source: Asano-original-simplified.csv
  Title: 'Digital cytology: Look how much has been achieved' | DOI: '10.1111/cyt.12866'
  Status: Enriched 6 field(s) during run.
  ❌ FAILED / STILL MISSING COLUMNS (1): ['Abstract']

• [Row 3624] Source: Asano-original-simplified.csv
  Title: 'Editorial for the Special Section "Artificial Intellige' | DOI: '10.1016/j.ddtec.2020.12.001'
  Status: Enriched 6 field(s) during run.
  ❌ FAILED / STILL MISSING COLUMNS (1): ['Abstract']

• [Row 3625] Source: Asano-original-simplified.csv
  Title: 'Artificial intelligence - The next frontier in pediatri' | DOI: '10.4103/JISPPD.JISPPD_319_19'
  Status: Enriched 5 field(s) during run.
  ❌ FAILED / STILL MISSING COLUMNS (2): ['Abstract', 'Article References']

• [Row 3627] Source: Asano-original-simplified.csv
  Title: 'Don't let industry write the rules for AI' | DOI: '10.1038/d41586-019-01413-1'
  Status: Enriched 5 field(s) during run.
  ❌ FAILED / STILL MISSING COLUMNS (2): ['Abstract', 'Article References']

• [Row 3630] Source: Asano-original-simplified.csv
  Title: '[Challenges to evidence-based medicine in an era of art' | DOI: 'No DOI'
  Status: Enriched 0 field(s) during run.
  ❌ FAILED / STILL MISSING COLUMNS (5): ['Author', 'Abstract', 'Article References', 'Times Cited', 'Publication Year']

• [Row 3631] Source: Asano-original-simplified.csv
  Title: 'Artificial intelligence. The synthetic therapist' | DOI: '10.1126/science.349.6245.250'
  Status: Enriched 6 field(s) during run.
  ❌ FAILED / STILL MISSING COLUMNS (1): ['Article References']

• [Row 3632] Source: Asano-original-simplified.csv
  Title: 'Artificial intelligence: can computers help solve the p' | DOI: '10.1016/j.ajog.2005.12.054'
  Status: Enriched 6 field(s) during run.
  ❌ FAILED / STILL MISSING COLUMNS (1): ['Abstract']

• [Row 3633] Source: Asano-original-simplified.csv
  Title: '[Artificial intelligence in medicine. Current status an' | DOI: 'No DOI'
  Status: Enriched 0 field(s) during run.
  ❌ FAILED / STILL MISSING COLUMNS (5): ['Author', 'Abstract', 'Article References', 'Times Cited', 'Publication Year']

• [Row 3634] Source: Asano-original-simplified.csv
  Title: 'Artificial intelligence in medicine: the commercial rea' | DOI: 'No DOI'
  Status: Enriched 1 field(s) during run.
  ❌ FAILED / STILL MISSING COLUMNS (4): ['Author', 'Article References', 'Times Cited', 'Publication Year']

• [Row 3636] Source: Asano-original-simplified.csv
  Title: 'Artificial Intelligence and the Art of Medicine: A Fram' | DOI: 'No DOI'
  Status: Enriched 1 field(s) during run.
  ❌ FAILED / STILL MISSING COLUMNS (4): ['Author', 'Article References', 'Times Cited', 'Publication Year']

• [Row 3639] Source: Asano-original-simplified.csv
  Title: 'The artificial intelligence disclosure penalty: Humans ' | DOI: '10.1037/xge0001889'
  Status: Enriched 6 field(s) during run.
  ❌ FAILED / STILL MISSING COLUMNS (1): ['Article References']

• [Row 3644] Source: Asano-original-simplified.csv
  Title: '[Artificial intelligence in emergency radiology: fictio' | DOI: '10.53738/REVMED.2024.20.883.1422'
  Status: Enriched 6 field(s) during run.
  ❌ FAILED / STILL MISSING COLUMNS (1): ['Article References']

• [Row 3649] Source: Asano-original-simplified.csv
  Title: '[What form of governance should be adopted for artifici' | DOI: '10.1701/4743.47595'
  Status: Enriched 6 field(s) during run.
  ❌ FAILED / STILL MISSING COLUMNS (1): ['Article References']

• [Row 3659] Source: Asano-original-simplified.csv
  Title: 'An Overview of Generative Artificial Intelligence in Me' | DOI: '10.29271/jcpsp.2025.06.793'
  Status: Enriched 6 field(s) during run.
  ❌ FAILED / STILL MISSING COLUMNS (1): ['Article References']

• [Row 3668] Source: Asano-original-simplified.csv
  Title: '[Artificial intelligence in cardiac imaging: status and' | DOI: '10.23785/TU.2026.02.004'
  Status: Enriched 6 field(s) during run.
  ❌ FAILED / STILL MISSING COLUMNS (1): ['Article References']

• [Row 3679] Source: Asano-original-simplified.csv
  Title: 'The Impact of Artificial Intelligence in Reducing the C' | DOI: '10.3233/SHTI250053'
  Status: Enriched 6 field(s) during run.
  ❌ FAILED / STILL MISSING COLUMNS (1): ['Article References']

• [Row 3680] Source: Asano-original-simplified.csv
  Title: 'Challenges of Artificial Intelligence in Medicine' | DOI: '10.3233/SHTI250039'
  Status: Enriched 6 field(s) during run.
  ❌ FAILED / STILL MISSING COLUMNS (1): ['Article References']

• [Row 3688] Source: Asano-original-simplified.csv
  Title: 'Author Guidelines in Dermatology Journals Regarding Use' | DOI: '10.1177/12034754261445883'
  Status: Enriched 6 field(s) during run.
  ❌ FAILED / STILL MISSING COLUMNS (1): ['Abstract']

• [Row 3689] Source: Asano-original-simplified.csv
  Title: 'A Call for Leadership: Lessons Learnt from a Case of Ar' | DOI: '10.1177/07067437261441384'
  Status: Enriched 6 field(s) during run.
  ❌ FAILED / STILL MISSING COLUMNS (1): ['Abstract']

• [Row 3690] Source: Asano-original-simplified.csv
  Title: 'Artificial intelligence uncovers latent signals of port' | DOI: '10.1016/j.jhep.2026.03.032'
  Status: Enriched 6 field(s) during run.
  ❌ FAILED / STILL MISSING COLUMNS (1): ['Abstract']

• [Row 3692] Source: Asano-original-simplified.csv
  Title: 'Access for Artificial Intelligence in Radiology: A Hong' | DOI: '10.3348/kjr.2025.1655'
  Status: Enriched 6 field(s) during run.
  ❌ FAILED / STILL MISSING COLUMNS (1): ['Article References']

• [Row 3693] Source: Asano-original-simplified.csv
  Title: 'Integrating Artificial Intelligence into Hematology: Ne' | DOI: '10.1159/000546889'
  Status: Enriched 6 field(s) during run.
  ❌ FAILED / STILL MISSING COLUMNS (1): ['Abstract']

• [Row 3695] Source: Asano-original-simplified.csv
  Title: 'Using Artificial Intelligence to Derive Environmental D' | DOI: '10.1016/j.jacc.2024.09.014'
  Status: Enriched 6 field(s) during run.
  ❌ FAILED / STILL MISSING COLUMNS (1): ['Abstract']

• [Row 3698] Source: Asano-original-simplified.csv
  Title: 'Editorial: The application of artificial intelligence i' | DOI: '10.3389/fnins.2023.1290961'
  Status: Enriched 6 field(s) during run.
  ❌ FAILED / STILL MISSING COLUMNS (1): ['Article References']

• [Row 3700] Source: Asano-original-simplified.csv
  Title: 'Editorial: Spotlight on artificial intelligence in expe' | DOI: '10.3389/fphar.2023.1261141'
  Status: Enriched 6 field(s) during run.
  ❌ FAILED / STILL MISSING COLUMNS (1): ['Article References']

• [Row 3704] Source: Asano-original-simplified.csv
  Title: 'Governance of artificial intelligence for health system' | DOI: '10.2471/BLT.25.294978'
  Status: Enriched 6 field(s) during run.
  ❌ FAILED / STILL MISSING COLUMNS (1): ['Article References']

• [Row 3709] Source: Asano-original-simplified.csv
  Title: 'Artificial Intelligence in Nursing: The Leadership Read' | DOI: '10.12927/cjnl.2026.27881'
  Status: Enriched 6 field(s) during run.
  ❌ FAILED / STILL MISSING COLUMNS (1): ['Article References']

• [Row 3715] Source: Asano-original-simplified.csv
  Title: 'Comment on "Artificial Intelligence in Health Care: A R' | DOI: '10.1016/j.clon.2026.104295'
  Status: Enriched 6 field(s) during run.
  ❌ FAILED / STILL MISSING COLUMNS (1): ['Abstract']

• [Row 3716] Source: Asano-original-simplified.csv
  Title: '[Esophageal Surgery with Artificial Intelligence]' | DOI: 'No DOI'
  Status: Enriched 1 field(s) during run.
  ❌ FAILED / STILL MISSING COLUMNS (4): ['Author', 'Article References', 'Times Cited', 'Publication Year']

• [Row 3717] Source: Asano-original-simplified.csv
  Title: 'Will artificial intelligence chatbots revolutionize the' | DOI: '10.1016/j.jormas.2023.101703'
  Status: Enriched 6 field(s) during run.
  ❌ FAILED / STILL MISSING COLUMNS (1): ['Abstract']

• [Row 3719] Source: Asano-original-simplified.csv
  Title: 'Artificial Intelligence in Diagnostic Imaging and Radia' | DOI: 'No DOI'
  Status: Enriched 1 field(s) during run.
  ❌ FAILED / STILL MISSING COLUMNS (4): ['Author', 'Article References', 'Times Cited', 'Publication Year']

• [Row 3720] Source: Asano-original-simplified.csv
  Title: 'Artificial Intelligence in Medical Imaging' | DOI: 'No DOI'
  Status: Enriched 1 field(s) during run.
  ❌ FAILED / STILL MISSING COLUMNS (4): ['Author', 'Article References', 'Times Cited', 'Publication Year']

• [Row 3721] Source: Asano-original-simplified.csv
  Title: 'Artificial intelligence elements in multimedia system f' | DOI: 'No DOI'
  Status: Enriched 1 field(s) during run.
  ❌ FAILED / STILL MISSING COLUMNS (4): ['Author', 'Article References', 'Times Cited', 'Publication Year']

• [Row 3722] Source: Asano-original-simplified.csv
  Title: 'A Prescriptive Validation Framework for a Scalable Mult' | DOI: '10.3233/SHTI260805'
  Status: Enriched 6 field(s) during run.
  ❌ FAILED / STILL MISSING COLUMNS (1): ['Article References']

• [Row 3750] Source: Asano-original-simplified.csv
  Title: 'Med-KAG: Preliminary Results of a Medical Knowledge-Aug' | DOI: '10.3233/SHTI260261'
  Status: Enriched 6 field(s) during run.
  ❌ FAILED / STILL MISSING COLUMNS (1): ['Article References']

• [Row 3756] Source: Asano-original-simplified.csv
  Title: 'Comparative analysis of artificial intelligence chatbot' | DOI: '10.2319/021825-146.1'
  Status: Enriched 6 field(s) during run.
  ❌ FAILED / STILL MISSING COLUMNS (1): ['Article References']

• [Row 3760] Source: Asano-original-simplified.csv
  Title: 'Digital Health and AI Chatbots to Promote Sexual and Re' | DOI: '10.3233/SHTI251365'
  Status: Enriched 6 field(s) during run.
  ❌ FAILED / STILL MISSING COLUMNS (1): ['Article References']

• [Row 3769] Source: Asano-original-simplified.csv
  Title: 'Assessing the Readiness of European Healthcare Institut' | DOI: '10.3233/SHTI250047'
  Status: Enriched 6 field(s) during run.
  ❌ FAILED / STILL MISSING COLUMNS (1): ['Article References']

• [Row 3779] Source: Asano-original-simplified.csv
  Title: '[Design and practice of integrating artificial intellig' | DOI: '10.13345/j.cjb.240317'
  Status: Enriched 6 field(s) during run.
  ❌ FAILED / STILL MISSING COLUMNS (1): ['Article References']

• [Row 3785] Source: Asano-original-simplified.csv
  Title: '[Application of artificial intelligence in the diagnosi' | DOI: 'No DOI'
  Status: Enriched 1 field(s) during run.
  ❌ FAILED / STILL MISSING COLUMNS (4): ['Author', 'Article References', 'Times Cited', 'Publication Year']

• [Row 3795] Source: Asano-original-simplified.csv
  Title: 'Artificial Intelligence Chatbots in Patient Communicati' | DOI: '10.11607/prd.6925'
  Status: Enriched 6 field(s) during run.
  ❌ FAILED / STILL MISSING COLUMNS (1): ['Article References']

• [Row 3824] Source: Asano-original-simplified.csv
  Title: 'Strengthening Behavior and Social Functioning Among Per' | DOI: '10.3233/SHTI200461'
  Status: Enriched 6 field(s) during run.
  ❌ FAILED / STILL MISSING COLUMNS (1): ['Article References']

• [Row 3832] Source: Asano-original-simplified.csv
  Title: 'Forensic toxicology and Artificial intelligence: broade' | DOI: '10.7417/CT.2026.1988'
  Status: Enriched 6 field(s) during run.
  ❌ FAILED / STILL MISSING COLUMNS (1): ['Article References']

• [Row 3835] Source: Asano-original-simplified.csv
  Title: 'Transformation of Home Physical Therapy Guidance with G' | DOI: '10.3233/SHTI260841'
  Status: Enriched 6 field(s) during run.
  ❌ FAILED / STILL MISSING COLUMNS (1): ['Article References']

• [Row 3838] Source: Asano-original-simplified.csv
  Title: 'Advances and Trends in Clinical Information Systems: Fr' | DOI: '10.3233/SHTI260266'
  Status: Enriched 6 field(s) during run.
  ❌ FAILED / STILL MISSING COLUMNS (1): ['Article References']

• [Row 3841] Source: Asano-original-simplified.csv
  Title: 'Reframing the Performance and Ethics of Empathic AI: Wi' | DOI: '10.1177/17456916261419718'
  Status: Enriched 4 field(s) during run.
  ❌ FAILED / STILL MISSING COLUMNS (2): ['Article References', 'Times Cited']

• [Row 3846] Source: Asano-original-simplified.csv
  Title: 'Nursing student's awareness, intention and perception t' | DOI: '10.47391/JPMA.21258'
  Status: Enriched 6 field(s) during run.
  ❌ FAILED / STILL MISSING COLUMNS (1): ['Article References']

• [Row 3851] Source: Asano-original-simplified.csv
  Title: 'Artificial Intelligence and Its Influence on Dental Hyg' | DOI: 'No DOI'
  Status: Enriched 1 field(s) during run.
  ❌ FAILED / STILL MISSING COLUMNS (4): ['Author', 'Article References', 'Times Cited', 'Publication Year']

• [Row 3855] Source: Asano-original-simplified.csv
  Title: 'Recent dental practices using Artificial Intelligence (' | DOI: '10.6026/973206300210514'
  Status: Enriched 6 field(s) during run.
  ❌ FAILED / STILL MISSING COLUMNS (1): ['Article References']

• [Row 3861] Source: Asano-original-simplified.csv
  Title: '[Research Progress and Prospects of Minimally Invasive ' | DOI: '10.12455/j.issn.1671-7104.240436'
  Status: Enriched 6 field(s) during run.
  ❌ FAILED / STILL MISSING COLUMNS (1): ['Article References']

• [Row 3863] Source: Asano-original-simplified.csv
  Title: 'Examples of implementations and the future of AI in med' | DOI: '10.32394/pe/195240'
  Status: Enriched 6 field(s) during run.
  ❌ FAILED / STILL MISSING COLUMNS (1): ['Article References']

• [Row 3877] Source: Asano-original-simplified.csv
  Title: 'Artificial Intelligence in Medicine: Issues When Determ' | DOI: 'No DOI'
  Status: Enriched 1 field(s) during run.
  ❌ FAILED / STILL MISSING COLUMNS (4): ['Author', 'Article References', 'Times Cited', 'Publication Year']

• [Row 3879] Source: Asano-original-simplified.csv
  Title: '[Application of artificial intelligence in digital ches' | DOI: '10.3760/cma.j.cn121094-20230522-00181'
  Status: Enriched 6 field(s) during run.
  ❌ FAILED / STILL MISSING COLUMNS (1): ['Article References']

• [Row 3901] Source: Asano-original-simplified.csv
  Title: 'Artificial Intelligence for Epigenetics: Towards Person' | DOI: '10.2174/0929867327666201117142006'
  Status: Enriched 6 field(s) during run.
  ❌ FAILED / STILL MISSING COLUMNS (1): ['Article References']

• [Row 3907] Source: Asano-original-simplified.csv
  Title: 'Ethical Use of Artificial Intelligence for Clinical Vig' | DOI: '10.36518/2689-0216.2240'
  Status: Enriched 6 field(s) during run.
  ❌ FAILED / STILL MISSING COLUMNS (1): ['Article References']

• [Row 3910] Source: Asano-original-simplified.csv
  Title: 'Mandibular incisors angulation and position among vario' | DOI: '10.6026/973206300210113'
  Status: Enriched 6 field(s) during run.
  ❌ FAILED / STILL MISSING COLUMNS (1): ['Article References']

• [Row 3911] Source: Asano-original-simplified.csv
  Title: 'Artificial intelligence in the radiological diagnosis o' | DOI: '10.6026/9732063002001512'
  Status: Enriched 6 field(s) during run.
  ❌ FAILED / STILL MISSING COLUMNS (1): ['Article References']

• [Row 3912] Source: Asano-original-simplified.csv
  Title: 'Artificial Intelligence and Mitral Regurgitation: Frien' | DOI: '10.1161/CIRCULATIONAHA.124.070954'
  Status: Enriched 6 field(s) during run.
  ❌ FAILED / STILL MISSING COLUMNS (1): ['Abstract']

• [Row 3916] Source: Asano-original-simplified.csv
  Title: 'Artificial Intelligence for Assessment of Epicardial Ad' | DOI: '10.1016/j.jcmg.2022.12.004'
  Status: Enriched 6 field(s) during run.
  ❌ FAILED / STILL MISSING COLUMNS (1): ['Abstract']

• [Row 3920] Source: Asano-original-simplified.csv
  Title: 'COVID-19 Epidemic: Possibility of Artificial Intelligen' | DOI: '10.2188/jea.JE20200203'
  Status: Enriched 6 field(s) during run.
  ❌ FAILED / STILL MISSING COLUMNS (1): ['Abstract']

• [Row 3929] Source: Asano-original-simplified.csv
  Title: 'Future Perspectives for Artificial Intelligence in Alle' | DOI: '10.18176/jiaci.1154'
  Status: Enriched 6 field(s) during run.
  ❌ FAILED / STILL MISSING COLUMNS (1): ['Article References']

• [Row 3931] Source: Asano-original-simplified.csv
  Title: '[Advances in Application of Artificial Intelligence for' | DOI: '10.12455/j.issn.1671-7104.250421'
  Status: Enriched 6 field(s) during run.
  ❌ FAILED / STILL MISSING COLUMNS (1): ['Article References']

• [Row 3947] Source: Asano-original-simplified.csv
  Title: 'Potential Use and Limitation of Artificial Intelligence' | DOI: 'No DOI'
  Status: Enriched 1 field(s) during run.
  ❌ FAILED / STILL MISSING COLUMNS (4): ['Author', 'Article References', 'Times Cited', 'Publication Year']

• [Row 3993] Source: Asano-original-simplified.csv
  Title: '[Technical Exploration of Classification Management for' | DOI: '10.12455/j.issn.1671-7104.250774'
  Status: Enriched 6 field(s) during run.
  ❌ FAILED / STILL MISSING COLUMNS (1): ['Article References']

• [Row 3994] Source: Asano-original-simplified.csv
  Title: 'Artificial Intelligence in Medicine: A Definition of Te' | DOI: '10.55729/2000-9666.1562'
  Status: Enriched 6 field(s) during run.
  ❌ FAILED / STILL MISSING COLUMNS (1): ['Article References']

• [Row 3998] Source: Asano-original-simplified.csv
  Title: 'ChatGPT Research in Healthcare is Increasing Dramatical' | DOI: '10.3233/SHTI240296'
  Status: Enriched 6 field(s) during run.
  ❌ FAILED / STILL MISSING COLUMNS (1): ['Article References']

• [Row 4001] Source: Asano-original-simplified.csv
  Title: 'How has artificial intelligence impacted COVID-19 drug ' | DOI: '10.1080/17460441.2022.2128333'
  Status: Enriched 6 field(s) during run.
  ❌ FAILED / STILL MISSING COLUMNS (1): ['Abstract']

• [Row 4003] Source: Asano-original-simplified.csv
  Title: 'Can Artificial Intelligence Solve Pulmonary Hypertensio' | DOI: '10.1016/j.jcin.2022.01.277'
  Status: Enriched 6 field(s) during run.
  ❌ FAILED / STILL MISSING COLUMNS (1): ['Abstract']

• [Row 4005] Source: Asano-original-simplified.csv
  Title: '[The urgent need for a new ecosystem in healthcare]' | DOI: 'No DOI'
  Status: Enriched 1 field(s) during run.
  ❌ FAILED / STILL MISSING COLUMNS (4): ['Author', 'Article References', 'Times Cited', 'Publication Year']

• [Row 4012] Source: Asano-original-simplified.csv
  Title: '[Tooth-size discrepancy: a clinical necessity]' | DOI: '10.1684/orthodfr.2024.147'
  Status: Enriched 6 field(s) during run.
  ❌ FAILED / STILL MISSING COLUMNS (1): ['Article References']

• [Row 4025] Source: Asano-original-simplified.csv
  Title: 'Ethics of artificial intelligence-assisted diagnosis in' | DOI: '10.1016/j.jaad.2026.08.054'
  Status: Enriched 6 field(s) during run.
  ❌ FAILED / STILL MISSING COLUMNS (1): ['Abstract']

• [Row 4026] Source: Asano-original-simplified.csv
  Title: 'Editorial: Adoption of artificial intelligence in human' | DOI: '10.3389/fmolb.2026.1949944'
  Status: Enriched 6 field(s) during run.
  ❌ FAILED / STILL MISSING COLUMNS (1): ['Article References']

• [Row 4028] Source: Asano-original-simplified.csv
  Title: 'Editorial: Artificial intelligence in microbial and mic' | DOI: '10.3389/fmicb.2026.1909573'
  Status: Enriched 6 field(s) during run.
  ❌ FAILED / STILL MISSING COLUMNS (1): ['Article References']

• [Row 4029] Source: Asano-original-simplified.csv
  Title: 'Evaluating the quality of artificial intelligence respo' | DOI: '10.1007/s12630-026-03164-w'
  Status: Enriched 6 field(s) during run.
  ❌ FAILED / STILL MISSING COLUMNS (1): ['Abstract']

• [Row 4030] Source: Asano-original-simplified.csv
  Title: 'Pitfalls in the use of artificial intelligence in derma' | DOI: '10.1016/j.jaad.2026.07.094'
  Status: Enriched 6 field(s) during run.
  ❌ FAILED / STILL MISSING COLUMNS (1): ['Abstract']

• [Row 4031] Source: Asano-original-simplified.csv
  Title: 'Artificial intelligence-assisted autism screening and i' | DOI: '10.1016/j.ajp.2026.105092'
  Status: Enriched 6 field(s) during run.
  ❌ FAILED / STILL MISSING COLUMNS (1): ['Abstract']

• [Row 4032] Source: Asano-original-simplified.csv
  Title: 'Artificial intelligence (AI) agents assemble: The new a' | DOI: '10.1016/j.jaad.2026.04.2007'
  Status: Enriched 6 field(s) during run.
  ❌ FAILED / STILL MISSING COLUMNS (1): ['Abstract']

• [Row 4033] Source: Asano-original-simplified.csv
  Title: 'The impact of artificial intelligence on emergency musc' | DOI: '10.1016/j.diii.2026.04.005'
  Status: Enriched 6 field(s) during run.
  ❌ FAILED / STILL MISSING COLUMNS (1): ['Abstract']

• [Row 4034] Source: Asano-original-simplified.csv
  Title: 'Artificial intelligence-guided pulsed field ablation fo' | DOI: '10.1007/s10840-026-02329-3'
  Status: Enriched 6 field(s) during run.
  ❌ FAILED / STILL MISSING COLUMNS (1): ['Abstract']

• [Row 4035] Source: Asano-original-simplified.csv
  Title: 'Artificial intelligence and immune topography transform' | DOI: '10.21037/gs-2025-aw-511'
  Status: Enriched 5 field(s) during run.
  ❌ FAILED / STILL MISSING COLUMNS (2): ['Abstract', 'Article References']

• [Row 4036] Source: Asano-original-simplified.csv
  Title: 'Correction: Artificial intelligence in breast ultrasoun' | DOI: '10.3389/fonc.2026.1823077'
  Status: Enriched 6 field(s) during run.
  ❌ FAILED / STILL MISSING COLUMNS (1): ['Article References']

• [Row 4038] Source: Asano-original-simplified.csv
  Title: 'Anatomic Characterisation of the Vascular System of the' | DOI: '10.1016/j.ejvs.2026.02.045'
  Status: Enriched 5 field(s) during run.
  ❌ FAILED / STILL MISSING COLUMNS (2): ['Abstract', 'Article References']

• [Row 4039] Source: Asano-original-simplified.csv
  Title: 'Artificial intelligence in urology training: practical ' | DOI: '10.1111/bju.70205'
  Status: Enriched 6 field(s) during run.
  ❌ FAILED / STILL MISSING COLUMNS (1): ['Article References']

• [Row 4040] Source: Asano-original-simplified.csv
  Title: 'Peer review and the limits of artificial intelligence (' | DOI: '10.1093/postmj/qgag020'
  Status: Enriched 6 field(s) during run.
  ❌ FAILED / STILL MISSING COLUMNS (1): ['Abstract']

• [Row 4041] Source: Asano-original-simplified.csv
  Title: 'Artificial intelligence-driven digital scribes in clini' | DOI: '10.1016/j.jaad.2026.02.037'
  Status: Enriched 6 field(s) during run.
  ❌ FAILED / STILL MISSING COLUMNS (1): ['Abstract']

• [Row 4042] Source: Asano-original-simplified.csv
  Title: 'Ethical accountability for artificial intelligence-writ' | DOI: '10.1016/j.jaad.2026.01.084'
  Status: Enriched 6 field(s) during run.
  ❌ FAILED / STILL MISSING COLUMNS (1): ['Abstract']

• [Row 4043] Source: Asano-original-simplified.csv
  Title: 'Comment on: "Man Plus Machine: A Randomized Control Tri' | DOI: '10.1111/jgh.70230'
  Status: Enriched 6 field(s) during run.
  ❌ FAILED / STILL MISSING COLUMNS (1): ['Abstract']

• [Row 4047] Source: Asano-original-simplified.csv
  Title: 'Single lattice-tip catheter workflow for artificial int' | DOI: '10.1016/j.hrthm.2025.11.001'
  Status: Enriched 6 field(s) during run.
  ❌ FAILED / STILL MISSING COLUMNS (1): ['Abstract']

• [Row 4048] Source: Asano-original-simplified.csv
  Title: 'Artificial Intelligence-Enabled Electrocardiograms: Do ' | DOI: '10.1016/j.jacadv.2025.101866'
  Status: Enriched 6 field(s) during run.
  ❌ FAILED / STILL MISSING COLUMNS (1): ['Abstract']

• [Row 4049] Source: Asano-original-simplified.csv
  Title: 'Leveraging artificial intelligence for medical educatio' | DOI: '10.1016/j.jaci.2025.06.016'
  Status: Enriched 6 field(s) during run.
  ❌ FAILED / STILL MISSING COLUMNS (1): ['Abstract']

• [Row 4050] Source: Asano-original-simplified.csv
  Title: 'Editorial: Biomedical signals and artificial intelligen' | DOI: '10.3389/fnbot.2025.1570870'
  Status: Enriched 6 field(s) during run.
  ❌ FAILED / STILL MISSING COLUMNS (1): ['Article References']

• [Row 4051] Source: Asano-original-simplified.csv
  Title: 'Potential Obstacles and Strategic Interventions for Add' | DOI: '10.3348/kjr.2025.0361'
  Status: Enriched 6 field(s) during run.
  ❌ FAILED / STILL MISSING COLUMNS (1): ['Abstract']

• [Row 4052] Source: Asano-original-simplified.csv
  Title: 'Critical considerations remain for utilizing artificial' | DOI: '10.1016/j.jaad.2025.01.105'
  Status: Enriched 6 field(s) during run.
  ❌ FAILED / STILL MISSING COLUMNS (1): ['Abstract']

• [Row 4054] Source: Asano-original-simplified.csv
  Title: 'Exploring the applications of artificial intelligence i' | DOI: '10.1016/j.jds.2025.02.004'
  Status: Enriched 6 field(s) during run.
  ❌ FAILED / STILL MISSING COLUMNS (1): ['Abstract']

• [Row 4056] Source: Asano-original-simplified.csv
  Title: 'Artificial Intelligence Combined With Chest Radiography' | DOI: '10.3348/kjr.2025.0019'
  Status: Enriched 6 field(s) during run.
  ❌ FAILED / STILL MISSING COLUMNS (1): ['Abstract']

• [Row 4060] Source: Asano-original-simplified.csv
  Title: 'Artificial intelligence for bone fracture detection: A ' | DOI: '10.1016/j.diii.2024.10.004'
  Status: Enriched 6 field(s) during run.
  ❌ FAILED / STILL MISSING COLUMNS (1): ['Abstract']

• [Row 4061] Source: Asano-original-simplified.csv
  Title: 'Testing the ability of artificial intelligence chatbots' | DOI: '10.1016/j.jaad.2024.08.077'
  Status: Enriched 6 field(s) during run.
  ❌ FAILED / STILL MISSING COLUMNS (1): ['Abstract']

• [Row 4062] Source: Asano-original-simplified.csv
  Title: 'Large language models and artificial intelligence: the ' | DOI: '10.1111/anae.16441'
  Status: Enriched 6 field(s) during run.
  ❌ FAILED / STILL MISSING COLUMNS (1): ['Abstract']

• [Row 4063] Source: Asano-original-simplified.csv
  Title: 'Artificial intelligence solutions for head and neck CT ' | DOI: '10.1016/j.diii.2024.09.005'
  Status: Enriched 6 field(s) during run.
  ❌ FAILED / STILL MISSING COLUMNS (1): ['Abstract']

• [Row 4065] Source: Asano-original-simplified.csv
  Title: 'Artificial intelligence in lung cancer' | DOI: '10.21037/atm-22-2918'
  Status: Enriched 6 field(s) during run.
  ❌ FAILED / STILL MISSING COLUMNS (1): ['Abstract']

• [Row 4066] Source: Asano-original-simplified.csv
  Title: 'Large language models as partners in medical literature' | DOI: '10.1016/j.hrthm.2024.07.097'
  Status: Enriched 6 field(s) during run.
  ❌ FAILED / STILL MISSING COLUMNS (1): ['Abstract']

• [Row 4071] Source: Asano-original-simplified.csv
  Title: 'Editorial: Artificial intelligence, biosensing, and bra' | DOI: '10.3389/fnagi.2024.1362574'
  Status: Enriched 6 field(s) during run.
  ❌ FAILED / STILL MISSING COLUMNS (1): ['Article References']

• [Row 4074] Source: Asano-original-simplified.csv
  Title: 'Artificial intelligence in colonoscopy: where have we b' | DOI: '10.21037/tgh-23-25'
  Status: Enriched 6 field(s) during run.
  ❌ FAILED / STILL MISSING COLUMNS (1): ['Abstract']

• [Row 4076] Source: Asano-original-simplified.csv
  Title: 'Editorial: Radiomics and artificial intelligence in rad' | DOI: '10.3389/fmed.2023.1216434'
  Status: Enriched 6 field(s) during run.
  ❌ FAILED / STILL MISSING COLUMNS (1): ['Article References']

• [Row 4079] Source: Asano-original-simplified.csv
  Title: 'Editorial: The application of artificial intelligence i' | DOI: '10.3389/fonc.2022.1118442'
  Status: Enriched 6 field(s) during run.
  ❌ FAILED / STILL MISSING COLUMNS (1): ['Article References']

• [Row 4082] Source: Asano-original-simplified.csv
  Title: 'Reconstructing Type B Aortic Dissection Care With Artif' | DOI: '10.1016/j.jacasi.2026.07.042'
  Status: Enriched 6 field(s) during run.
  ❌ FAILED / STILL MISSING COLUMNS (1): ['Abstract']

• [Row 4083] Source: Asano-original-simplified.csv
  Title: 'Artificial Intelligence to Unmask LVOT Obstruction in H' | DOI: '10.1161/CIRCIMAGING.126.020318'
  Status: Enriched 6 field(s) during run.
  ❌ FAILED / STILL MISSING COLUMNS (1): ['Abstract']

• [Row 4084] Source: Asano-original-simplified.csv
  Title: 'Artificial intelligence as a clinical capability enhanc' | DOI: '10.1016/j.tjog.2026.07.001'
  Status: Enriched 6 field(s) during run.
  ❌ FAILED / STILL MISSING COLUMNS (1): ['Abstract']

• [Row 4085] Source: Asano-original-simplified.csv
  Title: 'Agentic and Generative AI for Drug Discovery' | DOI: '10.1161/CIRCULATIONAHA.126.080880'
  Status: Enriched 6 field(s) during run.
  ❌ FAILED / STILL MISSING COLUMNS (1): ['Abstract']

• [Row 4086] Source: Asano-original-simplified.csv
  Title: 'Comment on "Artificial intelligence in the management o' | DOI: '10.1016/j.clnesp.2026.103621'
  Status: Enriched 6 field(s) during run.
  ❌ FAILED / STILL MISSING COLUMNS (1): ['Abstract']

• [Row 4087] Source: Asano-original-simplified.csv
  Title: 'Artificial Intelligence for Cardiovascular Health in Ch' | DOI: '10.1016/j.jacasi.2026.04.019'
  Status: Enriched 6 field(s) during run.
  ❌ FAILED / STILL MISSING COLUMNS (1): ['Abstract']

• [Row 4088] Source: Asano-original-simplified.csv
  Title: 'Artificial Intelligence in Dermatology: New Regulatory ' | DOI: '10.1111/srt.70364'
  Status: Enriched 6 field(s) during run.
  ❌ FAILED / STILL MISSING COLUMNS (1): ['Abstract']

• [Row 4089] Source: Asano-original-simplified.csv
  Title: 'Artificial Intelligence Deep Learning Methods in the As' | DOI: '10.1016/j.hlc.2025.11.011'
  Status: Enriched 6 field(s) during run.
  ❌ FAILED / STILL MISSING COLUMNS (1): ['Abstract']

• [Row 4091] Source: Asano-original-simplified.csv
  Title: 'Correction: Application of artificial intelligence in d' | DOI: '10.3389/fmed.2026.1792399'
  Status: Enriched 6 field(s) during run.
  ❌ FAILED / STILL MISSING COLUMNS (1): ['Article References']

• [Row 4096] Source: Asano-original-simplified.csv
  Title: 'Correction: Artificial intelligence as a tool to enhanc' | DOI: '10.3389/frai.2025.1718188'
  Status: Enriched 6 field(s) during run.
  ❌ FAILED / STILL MISSING COLUMNS (1): ['Article References']

• [Row 4098] Source: Asano-original-simplified.csv
  Title: 'Comment on "The revolutionary impact of artificial inte' | DOI: '10.1007/s11701-025-02737-z'
  Status: Enriched 6 field(s) during run.
  ❌ FAILED / STILL MISSING COLUMNS (1): ['Abstract']

• [Row 4099] Source: Asano-original-simplified.csv
  Title: 'Reply to: Letter to the editor: Prediction of adverse c' | DOI: '10.1016/j.ijcard.2025.133540'
  Status: Enriched 6 field(s) during run.
  ❌ FAILED / STILL MISSING COLUMNS (1): ['Abstract']

• [Row 4100] Source: Asano-original-simplified.csv
  Title: 'Artificial intelligence in acromegaly: Why, when and ho' | DOI: '10.1007/s11102-025-01534-z'
  Status: Enriched 6 field(s) during run.
  ❌ FAILED / STILL MISSING COLUMNS (1): ['Abstract']

• [Row 4101] Source: Asano-original-simplified.csv
  Title: 'Artificial Intelligence in Pediatrics: An Opportunity t' | DOI: '10.1016/j.jpeds.2025.114641'
  Status: Enriched 6 field(s) during run.
  ❌ FAILED / STILL MISSING COLUMNS (1): ['Abstract']

• [Row 4102] Source: Asano-original-simplified.csv
  Title: 'Unresolved questions in the application of artificial i' | DOI: '10.1186/s40779-025-00608-0'
  Status: Enriched 6 field(s) during run.
  ❌ FAILED / STILL MISSING COLUMNS (1): ['Abstract']

• [Row 4105] Source: Asano-original-simplified.csv
  Title: 'Predictive modeling for organ transplant rejection: The' | DOI: '10.1016/j.trim.2025.102223'
  Status: Enriched 6 field(s) during run.
  ❌ FAILED / STILL MISSING COLUMNS (1): ['Abstract']

• [Row 4107] Source: Asano-original-simplified.csv
  Title: 'Comparison of artificial intelligence chatbots in deliv' | DOI: '10.1016/j.bja.2025.01.004'
  Status: Enriched 6 field(s) during run.
  ❌ FAILED / STILL MISSING COLUMNS (1): ['Abstract']

• [Row 4108] Source: Asano-original-simplified.csv
  Title: 'Editorial: Cybersecurity and artificial intelligence: a' | DOI: '10.3389/fdata.2024.1537878'
  Status: Enriched 6 field(s) during run.
  ❌ FAILED / STILL MISSING COLUMNS (1): ['Article References']

• [Row 4112] Source: Asano-original-simplified.csv
  Title: 'Augmenting colonoscopy with AI: insights and future dir' | DOI: '10.1016/S2468-1253(24)00276-0'
  Status: Enriched 6 field(s) during run.
  ❌ FAILED / STILL MISSING COLUMNS (1): ['Abstract']

• [Row 4113] Source: Asano-original-simplified.csv
  Title: 'Artificial Intelligence in Echocardiographic Evaluation' | DOI: '10.1016/j.jcmg.2024.05.026'
  Status: Enriched 6 field(s) during run.
  ❌ FAILED / STILL MISSING COLUMNS (1): ['Abstract']

• [Row 4115] Source: Asano-original-simplified.csv
  Title: 'Editorial letter: Artificial Intelligence can be used t' | DOI: '10.1007/s00405-024-08691-0'
  Status: Enriched 6 field(s) during run.
  ❌ FAILED / STILL MISSING COLUMNS (1): ['Abstract']

• [Row 4116] Source: Asano-original-simplified.csv
  Title: 'Did GPT-4 really perform electrocardiography assessment' | DOI: '10.1016/j.ajem.2024.04.008'
  Status: Enriched 6 field(s) during run.
  ❌ FAILED / STILL MISSING COLUMNS (1): ['Abstract']

• [Row 4117] Source: Asano-original-simplified.csv
  Title: 'The Pharmacy Students' Guide to Artificial Intelligence' | DOI: '10.5863/1551-6776-29.1.85'
  Status: Enriched 6 field(s) during run.
  ❌ FAILED / STILL MISSING COLUMNS (1): ['Article References']

• [Row 4120] Source: Asano-original-simplified.csv
  Title: 'The Synergy of Artificial Intelligence (AI) and Geograp' | DOI: '10.1017/dmp.2023.174'
  Status: Enriched 6 field(s) during run.
  ❌ FAILED / STILL MISSING COLUMNS (1): ['Abstract']

• [Row 4122] Source: Asano-original-simplified.csv
  Title: 'Lessons on regulation and implementation from the first' | DOI: '10.1016/j.hjdsi.2023.100692'
  Status: Enriched 6 field(s) during run.
  ❌ FAILED / STILL MISSING COLUMNS (1): ['Abstract']

• [Row 4124] Source: Asano-original-simplified.csv
  Title: 'Visual Snow Syndrome: Use of Text-To-Image Artificial I' | DOI: '10.1017/cjn.2022.317'
  Status: Enriched 6 field(s) during run.
  ❌ FAILED / STILL MISSING COLUMNS (1): ['Abstract']

• [Row 4126] Source: Asano-original-simplified.csv
  Title: 'Editorial: Computer-aided drug design: Drug discovery, ' | DOI: '10.3389/fchem.2022.968687'
  Status: Enriched 6 field(s) during run.
  ❌ FAILED / STILL MISSING COLUMNS (1): ['Article References']

• [Row 4130] Source: Asano-original-simplified.csv
  Title: 'Editorial: Artificial Intelligence for eHealth' | DOI: '10.3389/fpubh.2022.852840'
  Status: Enriched 6 field(s) during run.
  ❌ FAILED / STILL MISSING COLUMNS (1): ['Article References']

• [Row 4133] Source: Asano-original-simplified.csv
  Title: 'Editorial: Artificial Intelligence for Medical Image An' | DOI: '10.3389/fnins.2020.00480'
  Status: Enriched 6 field(s) during run.
  ❌ FAILED / STILL MISSING COLUMNS (1): ['Article References']

• [Row 4134] Source: Asano-original-simplified.csv
  Title: 'Participant Fraud: How Imposters and Bots Undermine Hea' | DOI: '10.2196/112019'
  Status: Enriched 6 field(s) during run.
  ❌ FAILED / STILL MISSING COLUMNS (1): ['Article References']

• [Row 4135] Source: Asano-original-simplified.csv
  Title: 'Reply: Artificial Intelligence in Respiratory Medicine:' | DOI: '10.4274/ThoracResPract.2026.2026-8-21'
  Status: Enriched 5 field(s) during run.
  ❌ FAILED / STILL MISSING COLUMNS (2): ['Abstract', 'Article References']

• [Row 4136] Source: Asano-original-simplified.csv
  Title: 'Artificial Intelligence in Respiratory Medicine: Episte' | DOI: '10.4274/ThoracResPract.2026.2026-8-8'
  Status: Enriched 5 field(s) during run.
  ❌ FAILED / STILL MISSING COLUMNS (2): ['Abstract', 'Article References']

• [Row 4137] Source: Asano-original-simplified.csv
  Title: 'Ad-supported artificial intelligence in dermatology: Et' | DOI: '10.1016/j.jaad.2026.08.067'
  Status: Enriched 6 field(s) during run.
  ❌ FAILED / STILL MISSING COLUMNS (1): ['Abstract']

• [Row 4138] Source: Asano-original-simplified.csv
  Title: 'Correction: Influencing public acceptance of artificial' | DOI: '10.3389/fdgth.2026.1895761'
  Status: Enriched 6 field(s) during run.
  ❌ FAILED / STILL MISSING COLUMNS (1): ['Article References']

• [Row 4139] Source: Asano-original-simplified.csv
  Title: 'Evidence-Based Medicine Meets Artificial Intelligence: ' | DOI: '10.1111/acem.70381'
  Status: Enriched 6 field(s) during run.
  ❌ FAILED / STILL MISSING COLUMNS (1): ['Abstract']

• [Row 4142] Source: Asano-original-simplified.csv
  Title: 'Lower artificial intelligence and clinician-derived der' | DOI: '10.1016/j.jaad.2026.06.004'
  Status: Enriched 6 field(s) during run.
  ❌ FAILED / STILL MISSING COLUMNS (1): ['Abstract']

• [Row 4143] Source: Asano-original-simplified.csv
  Title: 'Redrawing the Field: Artificial Intelligence and the Fa' | DOI: '10.1097/PRS.0000000000013227'
  Status: Enriched 5 field(s) during run.
  ❌ FAILED / STILL MISSING COLUMNS (2): ['Abstract', 'Article References']

• [Row 4144] Source: Asano-original-simplified.csv
  Title: 'Comment on "Validation of an artificial intelligence pr' | DOI: '10.1016/j.clinimag.2026.110831'
  Status: Enriched 6 field(s) during run.
  ❌ FAILED / STILL MISSING COLUMNS (1): ['Abstract']

• [Row 4147] Source: Asano-original-simplified.csv
  Title: 'Public Responses to the First Randomized Controlled Tri' | DOI: '10.1176/appi.ps.20250351'
  Status: Enriched 6 field(s) during run.
  ❌ FAILED / STILL MISSING COLUMNS (1): ['Abstract']

• [Row 4149] Source: Asano-original-simplified.csv
  Title: 'AI Act Demands for Responsible Innovation: Where to go ' | DOI: '10.1177/15266028251388730'
  Status: Enriched 6 field(s) during run.
  ❌ FAILED / STILL MISSING COLUMNS (1): ['Abstract']

• [Row 4150] Source: Asano-original-simplified.csv
  Title: 'Artificial intelligence and the airway: first steps tow' | DOI: '10.1111/anae.70069'
  Status: Enriched 6 field(s) during run.
  ❌ FAILED / STILL MISSING COLUMNS (1): ['Abstract']

• [Row 4151] Source: Asano-original-simplified.csv
  Title: 'Vessels Unveiled: Artificial Intelligence in Vascular I' | DOI: '10.1016/j.ejvs.2025.10.050'
  Status: Enriched 6 field(s) during run.
  ❌ FAILED / STILL MISSING COLUMNS (1): ['Abstract']

• [Row 4153] Source: Asano-original-simplified.csv
  Title: 'Diagnosis of Mitral Valve Prolapse Using Artificial Int' | DOI: '10.1016/j.jcmg.2025.09.002'
  Status: Enriched 6 field(s) during run.
  ❌ FAILED / STILL MISSING COLUMNS (1): ['Abstract']

• [Row 4154] Source: Asano-original-simplified.csv
  Title: 'Artificial intelligence in dermatology: Ethical dilemma' | DOI: '10.1016/j.jaad.2025.08.034'
  Status: Enriched 6 field(s) during run.
  ❌ FAILED / STILL MISSING COLUMNS (1): ['Abstract']

• [Row 4155] Source: Asano-original-simplified.csv
  Title: 'Ethical implications of artificial intelligence in resi' | DOI: '10.1016/j.jaad.2025.05.1416'
  Status: Enriched 6 field(s) during run.
  ❌ FAILED / STILL MISSING COLUMNS (1): ['Abstract']

• [Row 4156] Source: Asano-original-simplified.csv
  Title: 'Accuracy of chat-based artificial intelligence for pati' | DOI: '10.1007/s10286-025-01125-9'
  Status: Enriched 6 field(s) during run.
  ❌ FAILED / STILL MISSING COLUMNS (1): ['Abstract']

• [Row 4160] Source: Asano-original-simplified.csv
  Title: 'Artificial Intelligence in Cardiovascular Diseases and ' | DOI: '10.1177/00033197241273410'
  Status: Enriched 6 field(s) during run.
  ❌ FAILED / STILL MISSING COLUMNS (1): ['Abstract']

• [Row 4161] Source: Asano-original-simplified.csv
  Title: '[Application and research progress of artificial intell' | DOI: '10.3760/cma.j.cn112151-20231030-00322'
  Status: Enriched 6 field(s) during run.
  ❌ FAILED / STILL MISSING COLUMNS (1): ['Article References']

• [Row 4168] Source: Asano-original-simplified.csv
  Title: 'The ethics of artificial intelligence-driven diagnostic' | DOI: '10.1016/j.jaad.2023.09.074'
  Status: Enriched 6 field(s) during run.
  ❌ FAILED / STILL MISSING COLUMNS (1): ['Abstract']

• [Row 4169] Source: Asano-original-simplified.csv
  Title: 'Leveraging Artificial Intelligence in Cardiology: Inter' | DOI: '10.1016/j.amjcard.2023.08.081'
  Status: Enriched 6 field(s) during run.
  ❌ FAILED / STILL MISSING COLUMNS (1): ['Abstract']

• [Row 4171] Source: Asano-original-simplified.csv
  Title: 'Possibilities and challenges for artificial intelligenc' | DOI: '10.1016/j.bjae.2023.04.003'
  Status: Enriched 6 field(s) during run.
  ❌ FAILED / STILL MISSING COLUMNS (1): ['Abstract']

• [Row 4172] Source: Asano-original-simplified.csv
  Title: 'Corrigendum: Evolution of research trends in artificial' | DOI: '10.3389/fonc.2022.1061324'
  Status: Enriched 6 field(s) during run.
  ❌ FAILED / STILL MISSING COLUMNS (1): ['Article References']

• [Row 4173] Source: Asano-original-simplified.csv
  Title: 'The Digital Metaverse: Applications in Artificial Intel' | DOI: '10.1016/j.imr.2022.100917'
  Status: Enriched 6 field(s) during run.
  ❌ FAILED / STILL MISSING COLUMNS (1): ['Abstract']

• [Row 4175] Source: Asano-original-simplified.csv
  Title: 'Artificially Intelligent Interpretation of Stress Echoc' | DOI: '10.1016/j.jcmg.2021.11.010'
  Status: Enriched 6 field(s) during run.
  ❌ FAILED / STILL MISSING COLUMNS (1): ['Abstract']

• [Row 4177] Source: Asano-original-simplified.csv
  Title: 'Improving patient care through the development of a 5G-' | DOI: '10.1038/s41591-021-01376-9'
  Status: Enriched 6 field(s) during run.
  ❌ FAILED / STILL MISSING COLUMNS (1): ['Abstract']

• [Row 4178] Source: Asano-original-simplified.csv
  Title: 'Reply to Letter to the Editor' | DOI: '10.4274/tjo.galenos.2020.11455'
  Status: Enriched 5 field(s) during run.
  ❌ FAILED / STILL MISSING COLUMNS (2): ['Abstract', 'Article References']

• [Row 4182] Source: Asano-original-simplified.csv
  Title: '[Artificial intelligence in intravascular imaging]' | DOI: '10.3760/cma.j.cn112148-20250630-00478'
  Status: Enriched 5 field(s) during run.
  ❌ FAILED / STILL MISSING COLUMNS (2): ['Abstract', 'Article References']

• [Row 4183] Source: Asano-original-simplified.csv
  Title: 'Measuring Empathy in Artificial Intelligence: Insights ' | DOI: '10.4088/PCC.24lr03782'
  Status: Enriched 5 field(s) during run.
  ❌ FAILED / STILL MISSING COLUMNS (2): ['Abstract', 'Article References']

• [Row 4184] Source: Asano-original-simplified.csv
  Title: 'Roadmap for the Use of Machine Learning and Artificial ' | DOI: '10.1021/acssensors.4c02069'
  Status: Enriched 5 field(s) during run.
  ❌ FAILED / STILL MISSING COLUMNS (2): ['Abstract', 'Article References']

• [Row 4186] Source: Asano-original-simplified.csv
  Title: '[How artificial intelligence and large language models ' | DOI: '10.1007/s00105-024-05379-8'
  Status: Enriched 6 field(s) during run.
  ❌ FAILED / STILL MISSING COLUMNS (1): ['Abstract']

• [Row 4187] Source: Asano-original-simplified.csv
  Title: 'Artificial general intelligence for neurosurgery and me' | DOI: '10.1016/j.jocn.2024.05.018'
  Status: Enriched 6 field(s) during run.
  ❌ FAILED / STILL MISSING COLUMNS (1): ['Abstract']

• [Row 4188] Source: Asano-original-simplified.csv
  Title: 'Four change-makers seek impact in medical research' | DOI: '10.1038/d41586-024-00754-w'
  Status: Enriched 6 field(s) during run.
  ❌ FAILED / STILL MISSING COLUMNS (1): ['Abstract']

• [Row 4189] Source: Asano-original-simplified.csv
  Title: 'Artificial intelligence and biomedical research: reflec' | DOI: '10.24875/GMM.M23000815'
  Status: Enriched 6 field(s) during run.
  ❌ FAILED / STILL MISSING COLUMNS (1): ['Abstract']

• [Row 4190] Source: Asano-original-simplified.csv
  Title: 'The Natural Language Artificial Intelligence Revolution' | DOI: '10.1016/j.annemergmed.2023.06.022'
  Status: Enriched 6 field(s) during run.
  ❌ FAILED / STILL MISSING COLUMNS (1): ['Abstract']

• [Row 4191] Source: Asano-original-simplified.csv
  Title: 'Ultrasound diagnostic criteria for thyroid nodules arou' | DOI: '10.1007/s10396-023-01363-2'
  Status: Enriched 6 field(s) during run.
  ❌ FAILED / STILL MISSING COLUMNS (1): ['Abstract']

• [Row 4192] Source: Asano-original-simplified.csv
  Title: 'AI beats human sleuth at finding problematic images in ' | DOI: '10.1038/d41586-023-02920-y'
  Status: Enriched 6 field(s) during run.
  ❌ FAILED / STILL MISSING COLUMNS (1): ['Abstract']

• [Row 4193] Source: Asano-original-simplified.csv
  Title: 'Editors' statement on the responsible use of generative' | DOI: '10.1111/dewb.12424'
  Status: Enriched 6 field(s) during run.
  ❌ FAILED / STILL MISSING COLUMNS (1): ['Article References']

• [Row 4194] Source: Asano-original-simplified.csv
  Title: 'Letter to the Editor: Artificial Intelligence in Pallia' | DOI: '10.1089/jpm.2023.0374'
  Status: Enriched 6 field(s) during run.
  ❌ FAILED / STILL MISSING COLUMNS (1): ['Abstract']

• [Row 4196] Source: Asano-original-simplified.csv
  Title: 'Thoughts on artificial intelligence use in medical prac' | DOI: '10.1007/s00264-023-05936-1'
  Status: Enriched 6 field(s) during run.
  ❌ FAILED / STILL MISSING COLUMNS (1): ['Abstract']

• [Row 4197] Source: Asano-original-simplified.csv
  Title: 'Artificial intelligence: Is it wizardry, witchcraft, or' | DOI: '10.1111/evj.13969'
  Status: Enriched 6 field(s) during run.
  ❌ FAILED / STILL MISSING COLUMNS (1): ['Abstract']

• [Row 4198] Source: Asano-original-simplified.csv
  Title: 'Letter to the Editor Regarding "Artificial Intelligence' | DOI: '10.1016/j.wneu.2023.04.077'
  Status: Enriched 6 field(s) during run.
  ❌ FAILED / STILL MISSING COLUMNS (1): ['Abstract']

• [Row 4201] Source: Asano-original-simplified.csv
  Title: 'Audit AI search tools now, before they skew research' | DOI: '10.1038/d41586-023-01613-w'
  Status: Enriched 5 field(s) during run.
  ❌ FAILED / STILL MISSING COLUMNS (2): ['Abstract', 'Article References']

• [Row 4203] Source: Asano-original-simplified.csv
  Title: '[Artificial intelligence and chatGPT. Would you read an' | DOI: 'No DOI'
  Status: Enriched 0 field(s) during run.
  ❌ FAILED / STILL MISSING COLUMNS (5): ['Author', 'Abstract', 'Article References', 'Times Cited', 'Publication Year']

• [Row 4204] Source: Asano-original-simplified.csv
  Title: 'An Ignatian approach to incorporating artificial intell' | DOI: '10.1016/j.nepr.2023.103608'
  Status: Enriched 6 field(s) during run.
  ❌ FAILED / STILL MISSING COLUMNS (1): ['Abstract']

• [Row 4205] Source: Asano-original-simplified.csv
  Title: 'How Will Artificial Intelligence Affect Scientific Writ' | DOI: '10.1016/j.arthro.2023.01.014'
  Status: Enriched 6 field(s) during run.
  ❌ FAILED / STILL MISSING COLUMNS (1): ['Article References']

• [Row 4210] Source: Asano-original-simplified.csv
  Title: 'Neglect what is near. Commentary regarding the August 2' | DOI: '10.1016/j.oftale.2021.09.002'
  Status: Enriched 6 field(s) during run.
  ❌ FAILED / STILL MISSING COLUMNS (1): ['Abstract']

• [Row 4211] Source: Asano-original-simplified.csv
  Title: 'Artificial Intelligence in Electrocardiology for Arrhyt' | DOI: '10.1253/circj.CJ-22-0229'
  Status: Enriched 6 field(s) during run.
  ❌ FAILED / STILL MISSING COLUMNS (1): ['Abstract']

• [Row 4214] Source: Asano-original-simplified.csv
  Title: '[Application of artificial intelligence in gastroentero' | DOI: '10.3760/cma.j.cn112138-20210921-00652'
  Status: Enriched 6 field(s) during run.
  ❌ FAILED / STILL MISSING COLUMNS (1): ['Article References']

• [Row 4215] Source: Asano-original-simplified.csv
  Title: 'What Is Needed for Artificial Intelligence to Be Truste' | DOI: '10.1016/j.amjmed.2021.11.010'
  Status: Enriched 6 field(s) during run.
  ❌ FAILED / STILL MISSING COLUMNS (1): ['Abstract']

• [Row 4216] Source: Asano-original-simplified.csv
  Title: 'Readiness for mammography and artificial intelligence' | DOI: '10.1016/S0140-6736(21)02484-3'
  Status: Enriched 6 field(s) during run.
  ❌ FAILED / STILL MISSING COLUMNS (1): ['Abstract']

• [Row 4218] Source: Asano-original-simplified.csv
  Title: 'Brain Connectivity in the Era of Artificial Intelligenc' | DOI: '10.1089/brain.2020.29014.ped'
  Status: Enriched 5 field(s) during run.
  ❌ FAILED / STILL MISSING COLUMNS (2): ['Abstract', 'Article References']

• [Row 4219] Source: Asano-original-simplified.csv
  Title: 'Chapitre 6. Lhybridation des réseaux' | DOI: '10.3917/jibes.303.0103'
  Status: Enriched 6 field(s) during run.
  ❌ FAILED / STILL MISSING COLUMNS (1): ['Article References']

• [Row 4221] Source: Asano-original-simplified.csv
  Title: '[Pay attention to the research of artificial intelligen' | DOI: '10.3760/cma.j.issn.0376-2491.2020.03.001'
  Status: Enriched 6 field(s) during run.
  ❌ FAILED / STILL MISSING COLUMNS (1): ['Article References']

• [Row 4226] Source: Asano-original-simplified.csv
  Title: 'Hypothesis: Is "Terminator Syndrome" a Barrier to Democ' | DOI: '10.1089/omi.2019.0070'
  Status: Enriched 6 field(s) during run.
  ❌ FAILED / STILL MISSING COLUMNS (1): ['Abstract']

• [Row 4228] Source: Asano-original-simplified.csv
  Title: 'Medical writing and artificial intelligence' | DOI: '10.1016/j.diii.2018.12.003'
  Status: Enriched 6 field(s) during run.
  ❌ FAILED / STILL MISSING COLUMNS (1): ['Abstract']

• [Row 4229] Source: Asano-original-simplified.csv
  Title: '[Medicine in New Era with Artificial Intelligence and S' | DOI: '10.6009/jjrt.2018_JSRT_74.11.1343'
  Status: Enriched 6 field(s) during run.
  ❌ FAILED / STILL MISSING COLUMNS (1): ['Abstract']

• [Row 4230] Source: Asano-original-simplified.csv
  Title: 'Skin cancer diagnosed using artificial intelligence on ' | DOI: '10.1111/odi.12668'
  Status: Enriched 6 field(s) during run.
  ❌ FAILED / STILL MISSING COLUMNS (1): ['Abstract']

• [Row 4231] Source: Asano-original-simplified.csv
  Title: 'Artificial intelligence and neural networks: concept, a' | DOI: 'No DOI'
  Status: Enriched 0 field(s) during run.
  ❌ FAILED / STILL MISSING COLUMNS (5): ['Author', 'Abstract', 'Article References', 'Times Cited', 'Publication Year']

• [Row 4232] Source: Asano-original-simplified.csv
  Title: 'Video nasty?' | DOI: '10.1002/vetr.71111'
  Status: Enriched 6 field(s) during run.
  ❌ FAILED / STILL MISSING COLUMNS (1): ['Article References']

• [Row 4234] Source: Asano-original-simplified.csv
  Title: 'AI and Euro 2024: VAR is shaking up football - and it's' | DOI: '10.1038/d41586-024-01764-4'
  Status: Enriched 5 field(s) during run.
  ❌ FAILED / STILL MISSING COLUMNS (2): ['Abstract', 'Article References']

• [Row 4235] Source: Asano-original-simplified.csv
  Title: 'Major AlphaFold upgrade offers boost for drug discovery' | DOI: '10.1038/d41586-024-01383-z'
  Status: Enriched 6 field(s) during run.
  ❌ FAILED / STILL MISSING COLUMNS (1): ['Abstract']

• [Row 4236] Source: Asano-original-simplified.csv
  Title: 'Minimizing possible negative effects of artificial inte' | DOI: '10.1007/s11548-024-03105-2'
  Status: Enriched 6 field(s) during run.
  ❌ FAILED / STILL MISSING COLUMNS (1): ['Abstract']

• [Row 4242] Source: Asano-original-simplified.csv
  Title: 'What we need to do to integrate artificial intelligence' | DOI: '10.1016/j.gie.2023.09.006'
  Status: Enriched 5 field(s) during run.
  ❌ FAILED / STILL MISSING COLUMNS (2): ['Abstract', 'Article References']

• [Row 4243] Source: Asano-original-simplified.csv
  Title: 'Reply to Damani et al.-Concerns About the Use of Artifi' | DOI: '10.1016/j.cjca.2023.09.003'
  Status: Enriched 6 field(s) during run.
  ❌ FAILED / STILL MISSING COLUMNS (1): ['Abstract']

• [Row 4244] Source: Asano-original-simplified.csv
  Title: 'Neuroradiology and generative artificial intelligence: ' | DOI: '10.1177/19714009231203429'
  Status: Enriched 6 field(s) during run.
  ❌ FAILED / STILL MISSING COLUMNS (1): ['Abstract']

• [Row 4246] Source: Asano-original-simplified.csv
  Title: 'Reply to: "Artificial intelligence in scientific publis' | DOI: '10.1016/j.medine.2023.07.004'
  Status: Enriched 6 field(s) during run.
  ❌ FAILED / STILL MISSING COLUMNS (1): ['Abstract']

• [Row 4247] Source: Asano-original-simplified.csv
  Title: 'ChatGPT in Radiology: Transforming Patient Care With Ar' | DOI: '10.1016/j.jacr.2023.06.029'
  Status: Enriched 6 field(s) during run.
  ❌ FAILED / STILL MISSING COLUMNS (1): ['Abstract']

• [Row 4249] Source: Asano-original-simplified.csv
  Title: 'Artificial intelligence, will it change the way article' | DOI: '10.1016/j.medine.2023.04.002'
  Status: Enriched 6 field(s) during run.
  ❌ FAILED / STILL MISSING COLUMNS (1): ['Abstract']

• [Row 4252] Source: Asano-original-simplified.csv
  Title: 'Using Artificial intelligence technology- for diagnosin' | DOI: '10.47391/JPMA.6866'
  Status: Enriched 6 field(s) during run.
  ❌ FAILED / STILL MISSING COLUMNS (1): ['Article References']

• [Row 4256] Source: Asano-original-simplified.csv
  Title: 'How Artificial Intelligence Aspires to Change the Diagn' | DOI: '10.3928/23258160-20220817-01'
  Status: Enriched 6 field(s) during run.
  ❌ FAILED / STILL MISSING COLUMNS (1): ['Abstract']

• [Row 4258] Source: Asano-original-simplified.csv
  Title: '[Improve the quality of clinical cardiovascular researc' | DOI: '10.3760/cma.j.cn112148-20210826-00737'
  Status: Enriched 6 field(s) during run.
  ❌ FAILED / STILL MISSING COLUMNS (1): ['Article References']

• [Row 4259] Source: Asano-original-simplified.csv
  Title: 'Artificial intelligence and cancer diagnosis: caution n' | DOI: '10.1016/S1470-2045(21)00533-7'
  Status: Enriched 5 field(s) during run.
  ❌ FAILED / STILL MISSING COLUMNS (2): ['Abstract', 'Article References']

• [Row 4263] Source: Asano-original-simplified.csv
  Title: 'Artificial intelligence applications in EUS: the journe' | DOI: '10.1016/j.gie.2020.09.034'
  Status: Enriched 6 field(s) during run.
  ❌ FAILED / STILL MISSING COLUMNS (1): ['Abstract']

• [Row 4264] Source: Asano-original-simplified.csv
  Title: 'Can artificial intelligence drive optimal sperm selecti' | DOI: '10.1016/j.fertnstert.2021.02.004'
  Status: Enriched 6 field(s) during run.
  ❌ FAILED / STILL MISSING COLUMNS (1): ['Abstract']

• [Row 4268] Source: Asano-original-simplified.csv
  Title: 'Artificial Intelligence as an ally to human reproductio' | DOI: '10.5935/1518-0557.20200065'
  Status: Enriched 6 field(s) during run.
  ❌ FAILED / STILL MISSING COLUMNS (1): ['Abstract']

• [Row 4271] Source: Asano-original-simplified.csv
  Title: 'Tze-Yun Leong: the need for intelligent regulation' | DOI: '10.2471/BLT.20.030420'
  Status: Enriched 5 field(s) during run.
  ❌ FAILED / STILL MISSING COLUMNS (2): ['Author', 'Article References']

• [Row 4272] Source: Asano-original-simplified.csv
  Title: 'Artificial Intelligence in Respiratory Diseases' | DOI: '10.1016/j.arbres.2019.12.037'
  Status: Enriched 6 field(s) during run.
  ❌ FAILED / STILL MISSING COLUMNS (1): ['Abstract']

• [Row 4275] Source: Asano-original-simplified.csv
  Title: 'Artificial intelligence - upping the game in gastrointe' | DOI: '10.1038/s41575-019-0178-y'
  Status: Enriched 6 field(s) during run.
  ❌ FAILED / STILL MISSING COLUMNS (1): ['Abstract']

• [Row 4279] Source: Asano-original-simplified.csv
  Title: 'Cutting edge technology in dermatology: virtual reality' | DOI: 'No DOI'
  Status: Enriched 0 field(s) during run.
  ❌ FAILED / STILL MISSING COLUMNS (5): ['Author', 'Abstract', 'Article References', 'Times Cited', 'Publication Year']

• [Row 4280] Source: Asano-original-simplified.csv
  Title: '[French comment on article Artificial intelligence may ' | DOI: '10.1055/s-0044-101930'
  Status: Enriched 5 field(s) during run.
  ❌ FAILED / STILL MISSING COLUMNS (2): ['Author', 'Article References']

• [Row 4281] Source: Asano-original-simplified.csv
  Title: 'Information and Artificial Intelligence' | DOI: '10.1016/j.jacr.2017.12.025'
  Status: Enriched 6 field(s) during run.
  ❌ FAILED / STILL MISSING COLUMNS (1): ['Abstract']

• [Row 4283] Source: Asano-original-simplified.csv
  Title: 'Budding UK innovation agency gains cash - and clout' | DOI: '10.1038/547390a'
  Status: Enriched 6 field(s) during run.
  ❌ FAILED / STILL MISSING COLUMNS (1): ['Article References']

• [Row 4284] Source: Asano-original-simplified.csv
  Title: 'Artificial intelligence: the future of medicine?' | DOI: '10.1001/jamaoto.2013.6465'
  Status: Enriched 5 field(s) during run.
  ❌ FAILED / STILL MISSING COLUMNS (2): ['Abstract', 'Article References']

• [Row 4285] Source: Asano-original-simplified.csv
  Title: 'Wearable computing and artificial intelligence for heal' | DOI: '10.1016/j.artmed.2007.12.002'
  Status: Enriched 6 field(s) during run.
  ❌ FAILED / STILL MISSING COLUMNS (1): ['Abstract']

• [Row 4286] Source: Asano-original-simplified.csv
  Title: 'Artificial intelligence and medicine: discussion paper' | DOI: '10.1177/014107688708000910'
  Status: Enriched 6 field(s) during run.
  ❌ FAILED / STILL MISSING COLUMNS (1): ['Abstract']

• [Row 4288] Source: Asano-original-simplified.csv
  Title: 'Ethical considerations for the integration of artificia' | DOI: '10.1016/j.adaj.2024.05.010'
  Status: Enriched 5 field(s) during run.
  ❌ FAILED / STILL MISSING COLUMNS (2): ['Abstract', 'Article References']

• [Row 4290] Source: Asano-original-simplified.csv
  Title: 'Artificial Intelligence and the Practice of Patient Saf' | DOI: '10.1016/j.jcjq.2024.05.007'
  Status: Enriched 6 field(s) during run.
  ❌ FAILED / STILL MISSING COLUMNS (1): ['Abstract']

• [Row 4292] Source: Asano-original-simplified.csv
  Title: 'Computational intelligence in bioinformatics and biomed' | DOI: '10.1016/j.ymeth.2024.05.006'
  Status: Enriched 6 field(s) during run.
  ❌ FAILED / STILL MISSING COLUMNS (1): ['Abstract']

• [Row 4294] Source: Asano-original-simplified.csv
  Title: 'Erratum to "MO-11.2 - Explainable artificial intelligen' | DOI: '10.1016/j.ejmp.2023.103198'
  Status: Enriched 5 field(s) during run.
  ❌ FAILED / STILL MISSING COLUMNS (2): ['Abstract', 'Article References']

• [Row 4295] Source: Asano-original-simplified.csv
  Title: 'Artificial Intelligence and the Doctor-Patient Relation' | DOI: '10.1016/j.amjmed.2024.01.005'
  Status: Enriched 6 field(s) during run.
  ❌ FAILED / STILL MISSING COLUMNS (1): ['Abstract']

• [Row 4296] Source: Asano-original-simplified.csv
  Title: 'The science events to watch for in 2024' | DOI: '10.1038/d41586-023-04044-9'
  Status: Enriched 5 field(s) during run.
  ❌ FAILED / STILL MISSING COLUMNS (2): ['Abstract', 'Article References']

• [Row 4297] Source: Asano-original-simplified.csv
  Title: 'Artificial intelligence-based self-feedback on medical ' | DOI: '10.1111/medu.15279'
  Status: Enriched 6 field(s) during run.
  ❌ FAILED / STILL MISSING COLUMNS (1): ['Article References']

• [Row 4298] Source: Asano-original-simplified.csv
  Title: 'Advances in Artificial Intelligence Chatbot Technology ' | DOI: '10.1001/jamaophthalmol.2023.4619'
  Status: Enriched 6 field(s) during run.
  ❌ FAILED / STILL MISSING COLUMNS (1): ['Abstract']

• [Row 4299] Source: Asano-original-simplified.csv
  Title: 'Editorial:Framing artificial intelligence to neuromuscu' | DOI: '10.1097/WCO.0000000000001190'
  Status: Enriched 6 field(s) during run.
  ❌ FAILED / STILL MISSING COLUMNS (1): ['Article References']

• [Row 4301] Source: Asano-original-simplified.csv
  Title: 'Letter to the Editor: Addressing Diversity in Artificia' | DOI: '10.1016/j.wneu.2023.04.084'
  Status: Enriched 6 field(s) during run.
  ❌ FAILED / STILL MISSING COLUMNS (1): ['Abstract']

• [Row 4302] Source: Asano-original-simplified.csv
  Title: 'Global research trends and prospects of artificial inte' | DOI: '10.1016/j.asjsur.2023.07.025'
  Status: Enriched 6 field(s) during run.
  ❌ FAILED / STILL MISSING COLUMNS (1): ['Abstract']

• [Row 4303] Source: Asano-original-simplified.csv
  Title: 'What artificial intelligence can and cannot do (yet) in' | DOI: '10.5546/aap.2023-10104.eng'
  Status: Enriched 5 field(s) during run.
  ❌ FAILED / STILL MISSING COLUMNS (2): ['Abstract', 'Article References']

• [Row 4305] Source: Asano-original-simplified.csv
  Title: '[[PET] 6. Overview of Clinical Applications of Artifici' | DOI: '10.6009/jjrt.2023-2212'
  Status: Enriched 6 field(s) during run.
  ❌ FAILED / STILL MISSING COLUMNS (1): ['Abstract']

• [Row 4307] Source: Asano-original-simplified.csv
  Title: 'How an artificial intelligence application is changing ' | DOI: '10.3171/2023.2.JNS23226'
  Status: Enriched 6 field(s) during run.
  ❌ FAILED / STILL MISSING COLUMNS (1): ['Abstract']

• [Row 4308] Source: Asano-original-simplified.csv
  Title: 'Artificial Intelligence in the Clinical Laboratory' | DOI: '10.1016/j.cll.2022.09.001'
  Status: Enriched 5 field(s) during run.
  ❌ FAILED / STILL MISSING COLUMNS (2): ['Abstract', 'Article References']

• [Row 4311] Source: Asano-original-simplified.csv
  Title: 'Prediction of Post Stroke recovery: Artificial intellig' | DOI: '10.47391/JPMA.5058'
  Status: Enriched 6 field(s) during run.
  ❌ FAILED / STILL MISSING COLUMNS (1): ['Article References']

• [Row 4312] Source: Asano-original-simplified.csv
  Title: '[Development and application of artificial intelligence' | DOI: '10.11405/nisshoshi.119.626'
  Status: Enriched 5 field(s) during run.
  ❌ FAILED / STILL MISSING COLUMNS (2): ['Abstract', 'Article References']

• [Row 4314] Source: Asano-original-simplified.csv
  Title: 'Artificial intelligence for routine esophagogastroduode' | DOI: '10.1016/j.gie.2022.02.030'
  Status: Enriched 6 field(s) during run.
  ❌ FAILED / STILL MISSING COLUMNS (1): ['Abstract']

• [Row 4315] Source: Asano-original-simplified.csv
  Title: 'Editorial Comment: Artificial Intelligence in Mammograp' | DOI: '10.2214/AJR.22.27345'
  Status: Enriched 6 field(s) during run.
  ❌ FAILED / STILL MISSING COLUMNS (1): ['Abstract']

• [Row 4320] Source: Asano-original-simplified.csv
  Title: 'Trustworthiness of Artificial Intelligence Models in Ra' | DOI: '10.1016/j.jacr.2021.02.008'
  Status: Enriched 6 field(s) during run.
  ❌ FAILED / STILL MISSING COLUMNS (1): ['Abstract']

• [Row 4322] Source: Asano-original-simplified.csv
  Title: '[The History and Current Status of Artificial Intellige' | DOI: '10.6009/jjrt.2020_JSRT_76.11.1197'
  Status: Enriched 6 field(s) during run.
  ❌ FAILED / STILL MISSING COLUMNS (1): ['Abstract']

• [Row 4323] Source: Asano-original-simplified.csv
  Title: '[(7)Artificial Intelligence Technology and Medical Imag' | DOI: '10.11477/mf.1436204246'
  Status: Enriched 5 field(s) during run.
  ❌ FAILED / STILL MISSING COLUMNS (2): ['Abstract', 'Article References']

• [Row 4326] Source: Asano-original-simplified.csv
  Title: 'Reactive Artificial Intelligence Using Big Data in the ' | DOI: '10.1001/jamasurg.2020.0839'
  Status: Enriched 6 field(s) during run.
  ❌ FAILED / STILL MISSING COLUMNS (1): ['Abstract']

• [Row 4328] Source: Asano-original-simplified.csv
  Title: 'Moving Artificial Intelligence from Feasible to Real: T' | DOI: '10.1148/radiol.2019192527'
  Status: Enriched 6 field(s) during run.
  ❌ FAILED / STILL MISSING COLUMNS (1): ['Abstract']

• [Row 4333] Source: Asano-original-simplified.csv
  Title: 'Elusive adenomyosis: a plea for an international classi' | DOI: '10.1016/j.fertnstert.2018.08.008'
  Status: Enriched 6 field(s) during run.
  ❌ FAILED / STILL MISSING COLUMNS (1): ['Abstract']

• [Row 4334] Source: Asano-original-simplified.csv
  Title: 'The machine learning approach: Artificial intelligence ' | DOI: '10.1007/s12350-018-1344-2'
  Status: Enriched 6 field(s) during run.
  ❌ FAILED / STILL MISSING COLUMNS (1): ['Abstract']

• [Row 4335] Source: Asano-original-simplified.csv
  Title: 'Artificial Intelligence Can Predict GFR Decline During ' | DOI: '10.1053/j.ajkd.2018.01.051'
  Status: Enriched 6 field(s) during run.
  ❌ FAILED / STILL MISSING COLUMNS (1): ['Abstract']

• [Row 4336] Source: Asano-original-simplified.csv
  Title: '[Have computers consciousness?--An artificial intellige' | DOI: 'No DOI'
  Status: Enriched 0 field(s) during run.
  ❌ FAILED / STILL MISSING COLUMNS (5): ['Author', 'Abstract', 'Article References', 'Times Cited', 'Publication Year']

• [Row 4345] Source: Asano-original-simplified.csv
  Title: 'State of the Art: Artificial Intelligence Approaches fo' | DOI: '10.3233/SHTI260812'
  Status: Enriched 6 field(s) during run.
  ❌ FAILED / STILL MISSING COLUMNS (1): ['Article References']

• [Row 4349] Source: Asano-original-simplified.csv
  Title: 'Will healthcare workers incorporate artificial intellig' | DOI: '10.47391/JPMA.30505'
  Status: Enriched 6 field(s) during run.
  ❌ FAILED / STILL MISSING COLUMNS (1): ['Article References']

• [Row 4353] Source: Asano-original-simplified.csv
  Title: 'Utilizing artificial intelligence to address dermatolog' | DOI: '10.25251/70k6fb79'
  Status: Enriched 6 field(s) during run.
  ❌ FAILED / STILL MISSING COLUMNS (1): ['Article References']

• [Row 4354] Source: Asano-original-simplified.csv
  Title: '[Recent advances in artificial intelligence for auxilia' | DOI: '10.7499/j.issn.1008-8830.2503023'
  Status: Enriched 6 field(s) during run.
  ❌ FAILED / STILL MISSING COLUMNS (1): ['Article References']

• [Row 4363] Source: Asano-original-simplified.csv
  Title: 'AI and Expert Medical Evidence' | DOI: 'No DOI'
  Status: Enriched 1 field(s) during run.
  ❌ FAILED / STILL MISSING COLUMNS (4): ['Author', 'Article References', 'Times Cited', 'Publication Year']

• [Row 4377] Source: Asano-original-simplified.csv
  Title: '[The ethics of IA in medicine must be based on the prac' | DOI: 'No DOI'
  Status: Enriched 1 field(s) during run.
  ❌ FAILED / STILL MISSING COLUMNS (4): ['Author', 'Article References', 'Times Cited', 'Publication Year']

• [Row 4406] Source: Asano-original-simplified.csv
  Title: '[Artificial intelligence (AI) and hematological disease' | DOI: '10.11406/rinketsu.61.564'
  Status: Enriched 6 field(s) during run.
  ❌ FAILED / STILL MISSING COLUMNS (1): ['Article References']

• [Row 4423] Source: Asano-original-simplified.csv
  Title: 'Artificial Intelligence With Deep Learning Enables Asse' | DOI: '10.1016/j.ejvs.2024.04.004'
  Status: Enriched 6 field(s) during run.
  ❌ FAILED / STILL MISSING COLUMNS (1): ['Abstract']

• [Row 4430] Source: Asano-original-simplified.csv
  Title: 'The issue of evidence-based medicine and artificial int' | DOI: '10.1016/j.ajp.2023.103627'
  Status: Enriched 6 field(s) during run.
  ❌ FAILED / STILL MISSING COLUMNS (1): ['Abstract']

• [Row 4434] Source: Asano-original-simplified.csv
  Title: '[Telemedicine in arrhythmology]' | DOI: 'No DOI'
  Status: Enriched 1 field(s) during run.
  ❌ FAILED / STILL MISSING COLUMNS (4): ['Author', 'Article References', 'Times Cited', 'Publication Year']

• [Row 4439] Source: Asano-original-simplified.csv
  Title: 'Healthcare Transformation Towards Personalized Medicine' | DOI: 'No DOI'
  Status: Enriched 1 field(s) during run.
  ❌ FAILED / STILL MISSING COLUMNS (4): ['Author', 'Article References', 'Times Cited', 'Publication Year']

• [Row 4441] Source: Asano-original-simplified.csv
  Title: 'Adoption, use, and barriers to artificial intelligence ' | DOI: '10.1701/4764.47845'
  Status: Enriched 6 field(s) during run.
  ❌ FAILED / STILL MISSING COLUMNS (1): ['Article References']

• [Row 4444] Source: Asano-original-simplified.csv
  Title: 'Building Fair and Trustworthy Biomedical AI: A Tool for' | DOI: '10.1142/9789819824755_0042'
  Status: Enriched 6 field(s) during run.
  ❌ FAILED / STILL MISSING COLUMNS (1): ['Article References']

• [Row 4448] Source: Asano-original-simplified.csv
  Title: 'From monitoring to meaning: why artificial intelligence' | DOI: '10.5603/cj.111908'
  Status: Enriched 5 field(s) during run.
  ❌ FAILED / STILL MISSING COLUMNS (2): ['Abstract', 'Article References']

• [Row 4449] Source: Asano-original-simplified.csv
  Title: 'First, Do NoHarm: How Pharmaceutical AI Is Improving Ca' | DOI: '10.2196/107255'
  Status: Enriched 6 field(s) during run.
  ❌ FAILED / STILL MISSING COLUMNS (1): ['Article References']

• [Row 4450] Source: Asano-original-simplified.csv
  Title: 'Correction: The relationship between patterns of artifi' | DOI: '10.3389/fpsyg.2026.1898628'
  Status: Enriched 6 field(s) during run.
  ❌ FAILED / STILL MISSING COLUMNS (1): ['Article References']

• [Row 4451] Source: Asano-original-simplified.csv
  Title: 'Responsible use of artificial intelligence in peer-revi' | DOI: '10.1002/epi.70383'
  Status: Enriched 6 field(s) during run.
  ❌ FAILED / STILL MISSING COLUMNS (1): ['Abstract']

• [Row 4452] Source: Asano-original-simplified.csv
  Title: 'Comment on "An Artificial intelligence malnutrition scr' | DOI: '10.1016/j.clnesp.2026.103455'
  Status: Enriched 6 field(s) during run.
  ❌ FAILED / STILL MISSING COLUMNS (1): ['Abstract']

• [Row 4453] Source: Asano-original-simplified.csv
  Title: 'Artificial intelligence and clinical responsibility in ' | DOI: '10.1016/j.ejim.2026.107050'
  Status: Enriched 6 field(s) during run.
  ❌ FAILED / STILL MISSING COLUMNS (1): ['Abstract']

• [Row 4454] Source: Asano-original-simplified.csv
  Title: 'Comment on "Toward Timely Diagnosis of Pancreatic Cance' | DOI: '10.1111/jgh.70501'
  Status: Enriched 6 field(s) during run.
  ❌ FAILED / STILL MISSING COLUMNS (1): ['Abstract']

• [Row 4456] Source: Asano-original-simplified.csv
  Title: 'Application of artificial intelligence in the Hong Kong' | DOI: '10.12809/hkmj2514630'
  Status: Enriched 5 field(s) during run.
  ❌ FAILED / STILL MISSING COLUMNS (2): ['Abstract', 'Article References']

• [Row 4457] Source: Asano-original-simplified.csv
  Title: 'Ethical and Medico-Legal Considerations of Ambient Arti' | DOI: '10.1177/12034754261427451'
  Status: Enriched 6 field(s) during run.
  ❌ FAILED / STILL MISSING COLUMNS (1): ['Abstract']

• [Row 4461] Source: Asano-original-simplified.csv
  Title: 'Artificial intelligence chatbots for atopic dermatitis:' | DOI: '10.1016/j.jaad.2025.09.089'
  Status: Enriched 6 field(s) during run.
  ❌ FAILED / STILL MISSING COLUMNS (1): ['Abstract']

• [Row 4462] Source: Asano-original-simplified.csv
  Title: 'Three-Dimensional Imaging of the Left Atrium and Adjace' | DOI: '10.1016/j.cjca.2025.08.010'
  Status: Enriched 6 field(s) during run.
  ❌ FAILED / STILL MISSING COLUMNS (1): ['Abstract']

• [Row 4464] Source: Asano-original-simplified.csv
  Title: 'Implications of artificial intelligence scribe usage' | DOI: '10.1016/j.jaad.2025.04.014'
  Status: Enriched 6 field(s) during run.
  ❌ FAILED / STILL MISSING COLUMNS (1): ['Abstract']

• [Row 4465] Source: Asano-original-simplified.csv
  Title: 'Generative artificial intelligence addiction syndrome: ' | DOI: '10.1016/j.ajp.2025.104476'
  Status: Enriched 6 field(s) during run.
  ❌ FAILED / STILL MISSING COLUMNS (1): ['Abstract']

• [Row 4466] Source: Asano-original-simplified.csv
  Title: 'Combining photon-counting coronary CT and artificial in' | DOI: '10.1016/j.diii.2024.11.005'
  Status: Enriched 6 field(s) during run.
  ❌ FAILED / STILL MISSING COLUMNS (1): ['Abstract']

• [Row 4468] Source: Asano-original-simplified.csv
  Title: 'Corrigendum: Acceptance, initial trust formation, and h' | DOI: '10.3389/fdgth.2024.1334266'
  Status: Enriched 6 field(s) during run.
  ❌ FAILED / STILL MISSING COLUMNS (1): ['Article References']

• [Row 4469] Source: Asano-original-simplified.csv
  Title: 'Editorial: Enhanced GNSS-based localization solutions w' | DOI: '10.3389/frobt.2023.1265989'
  Status: Enriched 6 field(s) during run.
  ❌ FAILED / STILL MISSING COLUMNS (1): ['Article References']

• [Row 4476] Source: Asano-original-simplified.csv
  Title: 'Editorial: Hardware for artificial intelligence' | DOI: '10.3389/fnins.2022.979495'
  Status: Enriched 6 field(s) during run.
  ❌ FAILED / STILL MISSING COLUMNS (1): ['Article References']

• [Row 4484] Source: Asano-original-simplified.csv
  Title: 'Ethical and legal challenges of medical AI on informed ' | DOI: '10.1111/dewb.12442'
  Status: Enriched 6 field(s) during run.
  ❌ FAILED / STILL MISSING COLUMNS (1): ['Article References']

• [Row 4487] Source: Asano-original-simplified.csv
  Title: 'Predictability-Computability-Stability workflow for ver' | DOI: '10.1098/rsta.2024.0605'
  Status: Enriched 6 field(s) during run.
  ❌ FAILED / STILL MISSING COLUMNS (1): ['Article References']

• [Row 4488] Source: Asano-original-simplified.csv
  Title: 'The ethics and law of medical AI in South Africa: Balan' | DOI: '10.7196/SAMJ.2025.v115i5b.3667'
  Status: Enriched 6 field(s) during run.
  ❌ FAILED / STILL MISSING COLUMNS (1): ['Article References']

• [Row 4489] Source: Asano-original-simplified.csv
  Title: 'How Should We Think About Ambient Listening and Transcr' | DOI: '10.1001/amajethics.2025.787'
  Status: Enriched 6 field(s) during run.
  ❌ FAILED / STILL MISSING COLUMNS (1): ['Article References']

• [Row 4490] Source: Asano-original-simplified.csv
  Title: '[Ai's use in health care and informed consent]' | DOI: '10.30444/CB.190'
  Status: Enriched 6 field(s) during run.
  ❌ FAILED / STILL MISSING COLUMNS (1): ['Article References']

• [Row 4494] Source: Asano-original-simplified.csv
  Title: 'Artificial intelligence in brain surgery: Improving pat' | DOI: '10.1007/s10143-024-03023-6'
  Status: Enriched 6 field(s) during run.
  ❌ FAILED / STILL MISSING COLUMNS (1): ['Abstract']

• [Row 4500] Source: Asano-original-simplified.csv
  Title: 'Re: Artificial intelligence technology in surgery' | DOI: '10.1111/ans.18809'
  Status: Enriched 6 field(s) during run.
  ❌ FAILED / STILL MISSING COLUMNS (1): ['Abstract']

• [Row 4501] Source: Asano-original-simplified.csv
  Title: 'NASS 2023 Presidential Address: Artificial Intelligence' | DOI: '10.1016/j.spinee.2023.11.001'
  Status: Enriched 6 field(s) during run.
  ❌ FAILED / STILL MISSING COLUMNS (1): ['Abstract']

• [Row 4502] Source: Asano-original-simplified.csv
  Title: 'Artificial Intelligence-Powered Patient Education for C' | DOI: '10.1016/j.cgh.2023.10.027'
  Status: Enriched 6 field(s) during run.
  ❌ FAILED / STILL MISSING COLUMNS (1): ['Abstract']

• [Row 4503] Source: Asano-original-simplified.csv
  Title: 'Editorial Comment: Artificial Intelligence for Detectio' | DOI: '10.2214/AJR.23.30297'
  Status: Enriched 6 field(s) during run.
  ❌ FAILED / STILL MISSING COLUMNS (1): ['Article References']

• [Row 4504] Source: Asano-original-simplified.csv
  Title: '[[MRI] 2. Recent Research on MR Image Reconstruction Us' | DOI: '10.6009/jjrt.2023-2236'
  Status: Enriched 6 field(s) during run.
  ❌ FAILED / STILL MISSING COLUMNS (1): ['Abstract']

• [Row 4505] Source: Asano-original-simplified.csv
  Title: '[Artificial intelligence in medicine]' | DOI: '10.1007/s00104-023-01955-1'
  Status: Enriched 6 field(s) during run.
  ❌ FAILED / STILL MISSING COLUMNS (1): ['Article References']

• [Row 4506] Source: Asano-original-simplified.csv
  Title: 'I, Robot: Healthcare Decisions Made With Artificial Int' | DOI: '10.1053/j.jvca.2023.06.045'
  Status: Enriched 6 field(s) during run.
  ❌ FAILED / STILL MISSING COLUMNS (1): ['Abstract']

• [Row 4507] Source: Asano-original-simplified.csv
  Title: 'The Application of Artificial Intelligence in the Diagn' | DOI: '10.1089/gtmb.2023.29074.persp'
  Status: Enriched 6 field(s) during run.
  ❌ FAILED / STILL MISSING COLUMNS (1): ['Abstract']

• [Row 4508] Source: Asano-original-simplified.csv
  Title: 'Artificial Intelligence and Health Care: What's to Worr' | DOI: '10.1089/tmj.2023.29095.editorial'
  Status: Enriched 6 field(s) during run.
  ❌ FAILED / STILL MISSING COLUMNS (1): ['Abstract']

• [Row 4509] Source: Asano-original-simplified.csv
  Title: 'The ChatGPT Era: Artificial Intelligence in Emergency M' | DOI: '10.1016/j.annemergmed.2023.01.022'
  Status: Enriched 5 field(s) during run.
  ❌ FAILED / STILL MISSING COLUMNS (2): ['Abstract', 'Article References']

• [Row 4510] Source: Asano-original-simplified.csv
  Title: 'NAVIGATING THE ADVANTAGES AND CHALLENGES OF INTEGRATING' | DOI: '10.1590/S0004-2803.202301000-01'
  Status: Enriched 6 field(s) during run.
  ❌ FAILED / STILL MISSING COLUMNS (1): ['Abstract']

• [Row 4511] Source: Asano-original-simplified.csv
  Title: 'Using Open Artificial Intelligence Platforms as a Resou' | DOI: '10.1097/NNE.0000000000001454'
  Status: Enriched 6 field(s) during run.
  ❌ FAILED / STILL MISSING COLUMNS (1): ['Article References']

• [Row 4512] Source: Asano-original-simplified.csv
  Title: 'Artificial Intelligence in Health Care: The Challenge o' | DOI: '10.1080/01947648.2022.2158682'
  Status: Enriched 6 field(s) during run.
  ❌ FAILED / STILL MISSING COLUMNS (1): ['Article References']

• [Row 4513] Source: Asano-original-simplified.csv
  Title: 'Melissa McCradden' | DOI: '10.1016/j.xcrm.2022.100853'
  Status: Enriched 5 field(s) during run.
  ❌ FAILED / STILL MISSING COLUMNS (2): ['Author', 'Article References']

• [Row 4515] Source: Asano-original-simplified.csv
  Title: 'Re: Artificial Intelligence for Diagnosis and Gleason G' | DOI: '10.1016/j.eururo.2022.07.028'
  Status: Enriched 6 field(s) during run.
  ❌ FAILED / STILL MISSING COLUMNS (1): ['Abstract']

• [Row 4516] Source: Asano-original-simplified.csv
  Title: 'A special issue on artificial intelligence for drug dis' | DOI: '10.1016/j.bmc.2022.116939'
  Status: Enriched 6 field(s) during run.
  ❌ FAILED / STILL MISSING COLUMNS (1): ['Abstract']

• [Row 4518] Source: Asano-original-simplified.csv
  Title: 'Artificial intelligence and predictive analytics in nur' | DOI: '10.1016/j.nepr.2021.103224'
  Status: Enriched 6 field(s) during run.
  ❌ FAILED / STILL MISSING COLUMNS (1): ['Abstract']

• [Row 4519] Source: Asano-original-simplified.csv
  Title: '[The electronic health record, data revolution and arti' | DOI: 'No DOI'
  Status: Enriched 0 field(s) during run.
  ❌ FAILED / STILL MISSING COLUMNS (5): ['Author', 'Abstract', 'Article References', 'Times Cited', 'Publication Year']

• [Row 4520] Source: Asano-original-simplified.csv
  Title: 'Artificial intelligence in cardiology: the next big thi' | DOI: '10.23736/S2724-5683.21.05788-4'
  Status: Enriched 6 field(s) during run.
  ❌ FAILED / STILL MISSING COLUMNS (1): ['Abstract']

• [Row 4525] Source: Asano-original-simplified.csv
  Title: '[Artificial intelligence in Pathological Anatomy]' | DOI: '10.1016/j.patol.2019.09.001'
  Status: Enriched 6 field(s) during run.
  ❌ FAILED / STILL MISSING COLUMNS (1): ['Abstract']

• [Row 4527] Source: Asano-original-simplified.csv
  Title: 'Data science and artificial intelligence to improve cli' | DOI: '10.1093/jamia/ocy136'
  Status: Enriched 6 field(s) during run.
  ❌ FAILED / STILL MISSING COLUMNS (1): ['Article References']

• [Row 4530] Source: Asano-original-simplified.csv
  Title: 'DeepMind algorithm beats people at classic video games' | DOI: '10.1038/518465a'
  Status: Enriched 5 field(s) during run.
  ❌ FAILED / STILL MISSING COLUMNS (2): ['Abstract', 'Article References']

• [Row 4532] Source: Asano-original-simplified.csv
  Title: 'Tech and tenderness. TPA uses predictive modeling based' | DOI: 'No DOI'
  Status: Enriched 0 field(s) during run.
  ❌ FAILED / STILL MISSING COLUMNS (5): ['Author', 'Abstract', 'Article References', 'Times Cited', 'Publication Year']

• [Row 4534] Source: Asano-original-simplified.csv
  Title: 'ARTIFICIAL INTELLIGENCE AND BRAIN MECHANISMS. MEM RM-35' | DOI: 'No DOI'
  Status: Enriched 0 field(s) during run.
  ❌ FAILED / STILL MISSING COLUMNS (5): ['Author', 'Abstract', 'Article References', 'Times Cited', 'Publication Year']

• [Row 4557] Source: Asano-original-simplified.csv
  Title: '[Empowering narrative medicine with artificial intellig' | DOI: '10.7499/j.issn.1008-8830.2511184'
  Status: Enriched 6 field(s) during run.
  ❌ FAILED / STILL MISSING COLUMNS (1): ['Article References']

• [Row 4579] Source: Asano-original-simplified.csv
  Title: 'Feasibility Assessment of an Intelligent Agent to Assis' | DOI: '10.3233/SHTI260969'
  Status: Enriched 4 field(s) during run.
  ❌ FAILED / STILL MISSING COLUMNS (2): ['Article References', 'Times Cited']

• [Row 4586] Source: Asano-original-simplified.csv
  Title: 'Requisiti tecnici minimi per interfacce IA in medicina:' | DOI: '10.1701/4573.45792'
  Status: Enriched 6 field(s) during run.
  ❌ FAILED / STILL MISSING COLUMNS (1): ['Article References']

• [Row 4590] Source: Asano-original-simplified.csv
  Title: 'Radiology staff perspectives are a key determinant for ' | DOI: '10.1016/j.ejrad.2024.111692'
  Status: Enriched 6 field(s) during run.
  ❌ FAILED / STILL MISSING COLUMNS (1): ['Abstract']

• [Row 4591] Source: Asano-original-simplified.csv
  Title: 'Cardiac arrest and medical technological innovations in' | DOI: '10.1016/j.resuscitation.2024.110290'
  Status: Enriched 6 field(s) during run.
  ❌ FAILED / STILL MISSING COLUMNS (1): ['Abstract']

• [Row 4594] Source: Asano-original-simplified.csv
  Title: 'Clinical science and practice in the age of large langu' | DOI: '10.1037/ccp0000848'
  Status: Enriched 6 field(s) during run.
  ❌ FAILED / STILL MISSING COLUMNS (1): ['Article References']

• [Row 4595] Source: Asano-original-simplified.csv
  Title: '[Artificial intelligence in cardiology]' | DOI: '10.1714/3881.38641'
  Status: Enriched 6 field(s) during run.
  ❌ FAILED / STILL MISSING COLUMNS (1): ['Article References']

• [Row 4597] Source: Asano-original-simplified.csv
  Title: '[Artificial intelligence for diagnostic imaging]' | DOI: 'No DOI'
  Status: Enriched 1 field(s) during run.
  ❌ FAILED / STILL MISSING COLUMNS (4): ['Author', 'Article References', 'Times Cited', 'Publication Year']

• [Row 4598] Source: Asano-original-simplified.csv
  Title: '[Genomic medicine and artificial intelligence]' | DOI: 'No DOI'
  Status: Enriched 1 field(s) during run.
  ❌ FAILED / STILL MISSING COLUMNS (4): ['Author', 'Article References', 'Times Cited', 'Publication Year']

• [Row 4602] Source: Asano-original-simplified.csv
  Title: '[Transformation of Epidemiology in the Age of Artificia' | DOI: '10.5281/zenodo.19076288'
  Status: Enriched 6 field(s) during run.
  ❌ FAILED / STILL MISSING COLUMNS (1): ['Article References']

• [Row 4603] Source: Asano-original-simplified.csv
  Title: 'Artificial intelligence for medical writing in doctors ' | DOI: '10.47391/JPMA.20978'
  Status: Enriched 6 field(s) during run.
  ❌ FAILED / STILL MISSING COLUMNS (1): ['Article References']

• [Row 4623] Source: Asano-original-simplified.csv
  Title: '[AI (ARTIFICIAL INTELLIGENCE) IN AI (ARTIFICIAL INSEMIN' | DOI: 'No DOI'
  Status: Enriched 1 field(s) during run.
  ❌ FAILED / STILL MISSING COLUMNS (4): ['Author', 'Article References', 'Times Cited', 'Publication Year']

• [Row 4630] Source: Asano-original-simplified.csv
  Title: 'Advancing the use of artificial intelligence in health ' | DOI: '10.1017/S0266462325103395'
  Status: Enriched 6 field(s) during run.
  ❌ FAILED / STILL MISSING COLUMNS (1): ['Article References']

• [Row 4633] Source: Asano-original-simplified.csv
  Title: '[Medical education and artificial intelligence: perspec' | DOI: '10.5281/zenodo.16748310'
  Status: Enriched 6 field(s) during run.
  ❌ FAILED / STILL MISSING COLUMNS (1): ['Article References']

• [Row 4651] Source: Asano-original-simplified.csv
  Title: 'Detection of cardiac sarcoidosis with the artificial in' | DOI: '10.1016/j.hrthm.2024.08.013'
  Status: Enriched 6 field(s) during run.
  ❌ FAILED / STILL MISSING COLUMNS (1): ['Abstract']

• [Row 4654] Source: Asano-original-simplified.csv
  Title: '[Brief analysis of research and application status of a' | DOI: '10.3760/cma.j.cn112144-20230505-00183'
  Status: Enriched 6 field(s) during run.
  ❌ FAILED / STILL MISSING COLUMNS (1): ['Article References']

• [Row 4655] Source: Asano-original-simplified.csv
  Title: 'Artificial Intelligence-Based Mobile Application for Em' | DOI: '10.3233/SHTI220302'
  Status: Enriched 6 field(s) during run.
  ❌ FAILED / STILL MISSING COLUMNS (1): ['Article References']

• [Row 4656] Source: Asano-original-simplified.csv
  Title: 'Artificial Intelligence in Medicine' | DOI: 'No DOI'
  Status: Enriched 1 field(s) during run.
  ❌ FAILED / STILL MISSING COLUMNS (4): ['Author', 'Article References', 'Times Cited', 'Publication Year']

• [Row 4659] Source: Asano-original-simplified.csv
  Title: '[Artificial intelligence in Danish healthcare]' | DOI: 'No DOI'
  Status: Enriched 1 field(s) during run.
  ❌ FAILED / STILL MISSING COLUMNS (4): ['Author', 'Article References', 'Times Cited', 'Publication Year']

• [Row 4660] Source: Asano-original-simplified.csv
  Title: '[Human and artificial intelligence: comparison and clas' | DOI: '10.1702/3080.30726'
  Status: Enriched 6 field(s) during run.
  ❌ FAILED / STILL MISSING COLUMNS (1): ['Article References']

• [Row 4661] Source: Asano-original-simplified.csv
  Title: '[Heart rate measurement algorithm based on artificial i' | DOI: 'No DOI'
  Status: Enriched 1 field(s) during run.
  ❌ FAILED / STILL MISSING COLUMNS (4): ['Author', 'Article References', 'Times Cited', 'Publication Year']

• [Row 4664] Source: Asano-original-simplified.csv
  Title: 'Whose Knowledge Counts in Labour? Obstetric Nurses Nego' | DOI: '10.1111/nin.70166'
  Status: Enriched 4 field(s) during run.
  ❌ FAILED / STILL MISSING COLUMNS (2): ['Article References', 'Times Cited']

• [Row 4687] Source: Asano-original-simplified.csv
  Title: 'Intelligenza artificiale generativa in medicina del lav' | DOI: '10.1701/4573.45789'
  Status: Enriched 6 field(s) during run.
  ❌ FAILED / STILL MISSING COLUMNS (1): ['Article References']

• [Row 4692] Source: Asano-original-simplified.csv
  Title: 'Artificial Intelligence for Improved Patient Outcomes-T' | DOI: '10.3348/kjr.2023.1016'
  Status: Enriched 6 field(s) during run.
  ❌ FAILED / STILL MISSING COLUMNS (1): ['Abstract']

• [Row 4694] Source: Asano-original-simplified.csv
  Title: 'Technical and practical aspects of artificial intellige' | DOI: '10.4149/BLL_2022_003'
  Status: Enriched 6 field(s) during run.
  ❌ FAILED / STILL MISSING COLUMNS (1): ['Article References']

• [Row 4696] Source: Asano-original-simplified.csv
  Title: 'Artificial Intelligence's Leap Toward Large-Scale Myopi' | DOI: '10.1001/jamanetworkopen.2025.53488'
  Status: Enriched 6 field(s) during run.
  ❌ FAILED / STILL MISSING COLUMNS (1): ['Abstract']

• [Row 4697] Source: Asano-original-simplified.csv
  Title: 'Abstracts of the International Congress of Pathology & ' | DOI: 'No DOI'
  Status: Enriched 1 field(s) during run.
  ❌ FAILED / STILL MISSING COLUMNS (4): ['Author', 'Article References', 'Times Cited', 'Publication Year']

• [Row 4698] Source: Asano-original-simplified.csv
  Title: 'Scientific Publishing in Times of Artificial Intelligen' | DOI: '10.11607/ijp.2025.6e'
  Status: Enriched 6 field(s) during run.
  ❌ FAILED / STILL MISSING COLUMNS (1): ['Article References']

• [Row 4700] Source: Asano-original-simplified.csv
  Title: 'Assessment of Artificial Intelligence Chatbot Attitudes' | DOI: '10.1016/j.jadohealth.2024.02.030'
  Status: Enriched 6 field(s) during run.
  ❌ FAILED / STILL MISSING COLUMNS (1): ['Abstract']

• [Row 4702] Source: Asano-original-simplified.csv
  Title: 'Artificial Intelligence and Promoting Open Access in Ac' | DOI: 'No DOI'
  Status: Enriched 0 field(s) during run.
  ❌ FAILED / STILL MISSING COLUMNS (5): ['Author', 'Abstract', 'Article References', 'Times Cited', 'Publication Year']

• [Row 4703] Source: Asano-original-simplified.csv
  Title: 'AlphaFold found thousands of possible psychedelics. Wil' | DOI: '10.1038/d41586-024-00130-8'
  Status: Enriched 6 field(s) during run.
  ❌ FAILED / STILL MISSING COLUMNS (1): ['Abstract']

• [Row 4705] Source: Asano-original-simplified.csv
  Title: 'The Role of Artificial Intelligence Tools on Advancing ' | DOI: '10.1007/s00266-023-03526-5'
  Status: Enriched 6 field(s) during run.
  ❌ FAILED / STILL MISSING COLUMNS (1): ['Abstract']

• [Row 4707] Source: Asano-original-simplified.csv
  Title: 'Let's Chat (GPT) about the new age of fitness: are we r' | DOI: '10.23736/S0022-4707.23.15106-1'
  Status: Enriched 6 field(s) during run.
  ❌ FAILED / STILL MISSING COLUMNS (1): ['Abstract']

• [Row 4709] Source: Asano-original-simplified.csv
  Title: 'Editorial. Generative artificial intelligence, chatbots' | DOI: '10.3171/2023.4.JNS23482'
  Status: Enriched 6 field(s) during run.
  ❌ FAILED / STILL MISSING COLUMNS (1): ['Abstract']

• [Row 4710] Source: Asano-original-simplified.csv
  Title: 'Artificial intelligence assists nanoparticles to enter ' | DOI: '10.1038/s41565-023-01382-7'
  Status: Enriched 6 field(s) during run.
  ❌ FAILED / STILL MISSING COLUMNS (1): ['Abstract']

• [Row 4711] Source: Asano-original-simplified.csv
  Title: 'A New Dawn, or the Sunset on Science? Artificial intell' | DOI: '10.1016/j.jmig.2023.02.020'
  Status: Enriched 6 field(s) during run.
  ❌ FAILED / STILL MISSING COLUMNS (1): ['Abstract']

• [Row 4713] Source: Asano-original-simplified.csv
  Title: '[Current status and future prospects of artificial inte' | DOI: '10.11405/nisshoshi.119.600'
  Status: Enriched 5 field(s) during run.
  ❌ FAILED / STILL MISSING COLUMNS (2): ['Abstract', 'Article References']

• [Row 4714] Source: Asano-original-simplified.csv
  Title: 'Editorial Comment: Exciting Future of Artificial Intell' | DOI: '10.2214/AJR.22.28174'
  Status: Enriched 6 field(s) during run.
  ❌ FAILED / STILL MISSING COLUMNS (1): ['Article References']

• [Row 4715] Source: Asano-original-simplified.csv
  Title: 'The application of artificial intelligence in reproduct' | DOI: '10.1016/j.fertnstert.2022.05.002'
  Status: Enriched 6 field(s) during run.
  ❌ FAILED / STILL MISSING COLUMNS (1): ['Abstract']

• [Row 4717] Source: Asano-original-simplified.csv
  Title: 'Primer on Artificial Intelligence Used in Electronic He' | DOI: '10.4037/aacnacc2022390'
  Status: Enriched 5 field(s) during run.
  ❌ FAILED / STILL MISSING COLUMNS (2): ['Abstract', 'Article References']

• [Row 4718] Source: Asano-original-simplified.csv
  Title: 'Meta-surrogate decision making and artificial intellige' | DOI: '10.1136/medethics-2022-108307'
  Status: Enriched 6 field(s) during run.
  ❌ FAILED / STILL MISSING COLUMNS (1): ['Abstract']

• [Row 4719] Source: Asano-original-simplified.csv
  Title: '[Will medical decisions be made by artificial intellige' | DOI: '10.1007/s00105-022-04975-w'
  Status: Enriched 6 field(s) during run.
  ❌ FAILED / STILL MISSING COLUMNS (1): ['Abstract']

• [Row 4720] Source: Asano-original-simplified.csv
  Title: 'Re: "Lessons Learned From the Front Lines of Artificial' | DOI: '10.1016/j.jacr.2021.11.012'
  Status: Enriched 6 field(s) during run.
  ❌ FAILED / STILL MISSING COLUMNS (1): ['Abstract']

• [Row 4721] Source: Asano-original-simplified.csv
  Title: '[Starting to integrate artificial intelligence for trea' | DOI: '10.1051/medsci/2021235'
  Status: Enriched 6 field(s) during run.
  ❌ FAILED / STILL MISSING COLUMNS (1): ['Abstract']

• [Row 4722] Source: Asano-original-simplified.csv
  Title: '[Value of artificial intelligence in the diagnosis and ' | DOI: '10.3760/cma.j.cn112148-20210715-00594'
  Status: Enriched 6 field(s) during run.
  ❌ FAILED / STILL MISSING COLUMNS (1): ['Article References']

• [Row 4724] Source: Asano-original-simplified.csv
  Title: 'Artificial intelligence or colonoscopy quality the like' | DOI: '10.1016/j.gie.2021.05.007'
  Status: Enriched 6 field(s) during run.
  ❌ FAILED / STILL MISSING COLUMNS (1): ['Abstract']

• [Row 4725] Source: Asano-original-simplified.csv
  Title: 'Integrating artificial intelligence into radiology prac' | DOI: '10.1007/s00259-021-05558-y'
  Status: Enriched 6 field(s) during run.
  ❌ FAILED / STILL MISSING COLUMNS (1): ['Abstract']

• [Row 4726] Source: Asano-original-simplified.csv
  Title: 'Artificial Intelligence for gastrointestinal endoscopy:' | DOI: '10.1016/j.bpg.2021.101725'
  Status: Enriched 5 field(s) during run.
  ❌ FAILED / STILL MISSING COLUMNS (2): ['Abstract', 'Article References']

• [Row 4729] Source: Asano-original-simplified.csv
  Title: 'Artificial Intelligence Techniques to Computational Pro' | DOI: '10.2174/138920372111201203091924'
  Status: Enriched 5 field(s) during run.
  ❌ FAILED / STILL MISSING COLUMNS (2): ['Abstract', 'Article References']

• [Row 4730] Source: Asano-original-simplified.csv
  Title: 'Choosing the best embryo with the help of artificial in' | DOI: '10.1016/j.fertnstert.2020.09.166'
  Status: Enriched 6 field(s) during run.
  ❌ FAILED / STILL MISSING COLUMNS (1): ['Abstract']

• [Row 4733] Source: Asano-original-simplified.csv
  Title: '[Application of artificial intelligence for the predict' | DOI: '10.1539/sangyoeisei.2020-031-C'
  Status: Enriched 6 field(s) during run.
  ❌ FAILED / STILL MISSING COLUMNS (1): ['Abstract']

• [Row 4735] Source: Asano-original-simplified.csv
  Title: 'Artificial intelligence system seems to be able to dete' | DOI: '10.1016/j.adaj.2020.04.006'
  Status: Enriched 5 field(s) during run.
  ❌ FAILED / STILL MISSING COLUMNS (2): ['Abstract', 'Article References']

• [Row 4736] Source: Asano-original-simplified.csv
  Title: 'Artificial Intelligence in IR-Here Comes the Heavy Lift' | DOI: '10.1016/j.jvir.2019.12.795'
  Status: Enriched 6 field(s) during run.
  ❌ FAILED / STILL MISSING COLUMNS (1): ['Abstract']

• [Row 4737] Source: Asano-original-simplified.csv
  Title: 'Artificial Intelligence: A Singapore Response' | DOI: 'No DOI'
  Status: Enriched 0 field(s) during run.
  ❌ FAILED / STILL MISSING COLUMNS (5): ['Author', 'Abstract', 'Article References', 'Times Cited', 'Publication Year']

• [Row 4740] Source: Asano-original-simplified.csv
  Title: 'Artificial intelligence in gastrointestinal endoscopy: ' | DOI: '10.1016/S1470-2045(19)30677-1'
  Status: Enriched 6 field(s) during run.
  ❌ FAILED / STILL MISSING COLUMNS (1): ['Abstract']

• [Row 4742] Source: Asano-original-simplified.csv
  Title: 'The Future Evolution of Hospitals' | DOI: 'No DOI'
  Status: Enriched 0 field(s) during run.
  ❌ FAILED / STILL MISSING COLUMNS (5): ['Author', 'Abstract', 'Article References', 'Times Cited', 'Publication Year']

• [Row 4744] Source: Asano-original-simplified.csv
  Title: 'The power and limitations of machine learning and artif' | DOI: '10.1016/j.jcct.2018.05.007'
  Status: Enriched 6 field(s) during run.
  ❌ FAILED / STILL MISSING COLUMNS (1): ['Abstract']

• [Row 4745] Source: Asano-original-simplified.csv
  Title: 'Deep Learning Algorithms for Detection of Lymph Node Me' | DOI: '10.1001/jama.2017.14580'
  Status: Enriched 6 field(s) during run.
  ❌ FAILED / STILL MISSING COLUMNS (1): ['Abstract']

• [Row 4747] Source: Asano-original-simplified.csv
  Title: 'Artificial intelligence: Robots with instincts' | DOI: '10.1038/521426a'
  Status: Enriched 6 field(s) during run.
  ❌ FAILED / STILL MISSING COLUMNS (1): ['Abstract']

• [Row 4752] Source: Asano-original-simplified.csv
  Title: 'RE: Assessing the Potential Role of Artificial Intellig' | DOI: '10.1016/j.joms.2024.03.032'
  Status: Enriched 6 field(s) during run.
  ❌ FAILED / STILL MISSING COLUMNS (1): ['Abstract']

• [Row 4753] Source: Asano-original-simplified.csv
  Title: 'How I'm using AI tools to help universities maximize re' | DOI: '10.1038/d41586-024-02081-6'
  Status: Enriched 5 field(s) during run.
  ❌ FAILED / STILL MISSING COLUMNS (2): ['Abstract', 'Article References']

• [Row 4754] Source: Asano-original-simplified.csv
  Title: 'Seeking Details on Artificial Intelligence Diagnosis fo' | DOI: '10.1001/jamapediatrics.2024.1732'
  Status: Enriched 6 field(s) during run.
  ❌ FAILED / STILL MISSING COLUMNS (1): ['Abstract']

• [Row 4755] Source: Asano-original-simplified.csv
  Title: 'Artificial intelligence in dermatology: GPT-3.5-Turbo d' | DOI: '10.5070/D330163300'
  Status: Enriched 6 field(s) during run.
  ❌ FAILED / STILL MISSING COLUMNS (1): ['Abstract']

• [Row 4756] Source: Asano-original-simplified.csv
  Title: 'Artificial Intelligence - AI - Present and Future. The ' | DOI: '10.1097/SCS.0000000000010332'
  Status: Enriched 4 field(s) during run.
  ❌ FAILED / STILL MISSING COLUMNS (3): ['Author', 'Abstract', 'Article References']

• [Row 4758] Source: Asano-original-simplified.csv
  Title: 'How OpenAI's text-to-video tool Sora could change scien' | DOI: '10.1038/d41586-024-00661-0'
  Status: Enriched 5 field(s) during run.
  ❌ FAILED / STILL MISSING COLUMNS (2): ['Abstract', 'Article References']

• [Row 4759] Source: Asano-original-simplified.csv
  Title: 'Artificial Intelligence Technologies used for the Asses' | DOI: '10.2174/0113816128285827240119095013'
  Status: Enriched 6 field(s) during run.
  ❌ FAILED / STILL MISSING COLUMNS (1): ['Abstract']

• [Row 4761] Source: Asano-original-simplified.csv
  Title: 'Preface: Artificial Intelligence and Oncogenesis' | DOI: '10.1615/CritRevOncog.2023049813'
  Status: Enriched 6 field(s) during run.
  ❌ FAILED / STILL MISSING COLUMNS (1): ['Abstract']

• [Row 4763] Source: Asano-original-simplified.csv
  Title: 'Why the UK-led global AI summit is missing the point' | DOI: '10.1038/d41586-023-03333-7'
  Status: Enriched 4 field(s) during run.
  ❌ FAILED / STILL MISSING COLUMNS (3): ['Author', 'Abstract', 'Article References']

• [Row 4765] Source: Asano-original-simplified.csv
  Title: 'Artificial intelligence in scholarly publishing: opport' | DOI: '10.4415/ANN_23_03_01'
  Status: Enriched 5 field(s) during run.
  ❌ FAILED / STILL MISSING COLUMNS (2): ['Abstract', 'Article References']

• [Row 4767] Source: Asano-original-simplified.csv
  Title: 'Rebooting cancer screening with artificial intelligence' | DOI: '10.1016/S0140-6736(23)01576-3'
  Status: Enriched 6 field(s) during run.
  ❌ FAILED / STILL MISSING COLUMNS (1): ['Abstract']

• [Row 4768] Source: Asano-original-simplified.csv
  Title: 'Modern threats in academia: evaluating plagiarism and a' | DOI: '10.1038/s41433-023-02678-7'
  Status: Enriched 6 field(s) during run.
  ❌ FAILED / STILL MISSING COLUMNS (1): ['Abstract']

• [Row 4770] Source: Asano-original-simplified.csv
  Title: 'It AIn't perfect: Artificial intelligence errors in all' | DOI: '10.1016/j.jaci.2023.06.009'
  Status: Enriched 6 field(s) during run.
  ❌ FAILED / STILL MISSING COLUMNS (1): ['Abstract']

• [Row 4774] Source: Asano-original-simplified.csv
  Title: 'Artificial intelligence, science, and learning' | DOI: '10.1016/j.jtha.2023.01.026'
  Status: Enriched 6 field(s) during run.
  ❌ FAILED / STILL MISSING COLUMNS (1): ['Abstract']

• [Row 4775] Source: Asano-original-simplified.csv
  Title: 'Can You Picture It? Using Smartphone Artificial Intelli' | DOI: '10.1089/derm.2022.0042'
  Status: Enriched 6 field(s) during run.
  ❌ FAILED / STILL MISSING COLUMNS (1): ['Abstract']

• [Row 4776] Source: Asano-original-simplified.csv
  Title: 'The Impact of Artificial Intelligence (AI) Programs on ' | DOI: '10.1007/s10439-023-03140-1'
  Status: Enriched 6 field(s) during run.
  ❌ FAILED / STILL MISSING COLUMNS (1): ['Abstract']

• [Row 4778] Source: Asano-original-simplified.csv
  Title: 'Openness and Transparency in the Evaluation of Bias in ' | DOI: '10.1148/radiol.222263'
  Status: Enriched 6 field(s) during run.
  ❌ FAILED / STILL MISSING COLUMNS (1): ['Abstract']

• [Row 4779] Source: Asano-original-simplified.csv
  Title: 'Artificial Intelligence in Clinical Echocardiography: M' | DOI: '10.1016/j.echo.2022.08.005'
  Status: Enriched 6 field(s) during run.
  ❌ FAILED / STILL MISSING COLUMNS (1): ['Abstract']

• [Row 4780] Source: Asano-original-simplified.csv
  Title: 'Impact of Artificial Intelligence on Clinical Decision-' | DOI: '10.1016/j.clinthera.2022.05.005'
  Status: Enriched 6 field(s) during run.
  ❌ FAILED / STILL MISSING COLUMNS (1): ['Abstract']

• [Row 4782] Source: Asano-original-simplified.csv
  Title: 'Artificial Intelligence, Automation, and Medical Educat' | DOI: '10.1016/j.jacr.2021.05.002'
  Status: Enriched 6 field(s) during run.
  ❌ FAILED / STILL MISSING COLUMNS (1): ['Abstract']

• [Row 4787] Source: Asano-original-simplified.csv
  Title: 'Editorial: Shaping Ethical Futures in Brain-Based and A' | DOI: '10.1007/s11948-020-00235-z'
  Status: Enriched 6 field(s) during run.
  ❌ FAILED / STILL MISSING COLUMNS (1): ['Abstract']

• [Row 4788] Source: Asano-original-simplified.csv
  Title: 'The AI Era: The Role of Medical Imaging and Radiation T' | DOI: 'No DOI'
  Status: Enriched 0 field(s) during run.
  ❌ FAILED / STILL MISSING COLUMNS (5): ['Author', 'Abstract', 'Article References', 'Times Cited', 'Publication Year']

• [Row 4790] Source: Asano-original-simplified.csv
  Title: '[Chapter 6. Hybridisation of networks.]' | DOI: '10.3917/jibes.303.0103'
  Status: Enriched 6 field(s) during run.
  ❌ FAILED / STILL MISSING COLUMNS (1): ['Article References']

• [Row 4791] Source: Asano-original-simplified.csv
  Title: 'Artificial intelligence applications in upper gastroint' | DOI: '10.1016/S1470-2045(19)30721-1'
  Status: Enriched 6 field(s) during run.
  ❌ FAILED / STILL MISSING COLUMNS (1): ['Abstract']

• [Row 4798] Source: Asano-original-simplified.csv
  Title: 'Use of artificial intelligence in monitoring HIV diseas' | DOI: 'No DOI'
  Status: Enriched 0 field(s) during run.
  ❌ FAILED / STILL MISSING COLUMNS (5): ['Author', 'Abstract', 'Article References', 'Times Cited', 'Publication Year']

• [Row 4799] Source: Asano-original-simplified.csv
  Title: 'California hospital stakes a claim in growing use of ar' | DOI: 'No DOI'
  Status: Enriched 1 field(s) during run.
  ❌ FAILED / STILL MISSING COLUMNS (4): ['Author', 'Article References', 'Times Cited', 'Publication Year']

• [Row 4800] Source: Asano-original-simplified.csv
  Title: 'Can artificial intelligence help us understand "spontan' | DOI: 'No DOI'
  Status: Enriched 0 field(s) during run.
  ❌ FAILED / STILL MISSING COLUMNS (5): ['Author', 'Abstract', 'Article References', 'Times Cited', 'Publication Year']

• [Row 4801] Source: Asano-original-simplified.csv
  Title: 'Artificial intelligence and its relevance in the cranio' | DOI: '10.1016/0889-5406(88)90137-0'
  Status: Enriched 5 field(s) during run.
  ❌ FAILED / STILL MISSING COLUMNS (2): ['Abstract', 'Article References']

• [Row 4802] Source: Asano-original-simplified.csv
  Title: 'Artificial intelligence in endodontics: A comprehensive' | DOI: '10.6026/973206300223658'
  Status: Enriched 6 field(s) during run.
  ❌ FAILED / STILL MISSING COLUMNS (1): ['Article References']

• [Row 4804] Source: Asano-original-simplified.csv
  Title: 'Artificial Intelligence for Public Health Surveillance:' | DOI: '10.4103/aam.aam_21_26'
  Status: Enriched 6 field(s) during run.
  ❌ FAILED / STILL MISSING COLUMNS (1): ['Article References']

• [Row 4809] Source: Asano-original-simplified.csv
  Title: 'A short review on the role of Artificial Intelligence (' | DOI: '10.6026/973206300211824'
  Status: Enriched 6 field(s) during run.
  ❌ FAILED / STILL MISSING COLUMNS (1): ['Article References']

• [Row 4811] Source: Asano-original-simplified.csv
  Title: 'AI Chatbot for Post-Operative Oral Surgery Information ' | DOI: '10.3233/SHTI251288'
  Status: Enriched 6 field(s) during run.
  ❌ FAILED / STILL MISSING COLUMNS (1): ['Article References']

• [Row 4812] Source: Asano-original-simplified.csv
  Title: 'Human Hearts, Machine Minds: How Artificial Intelligenc' | DOI: '10.71480/nmj.v66i2.627'
  Status: Enriched 6 field(s) during run.
  ❌ FAILED / STILL MISSING COLUMNS (1): ['Article References']

• [Row 4816] Source: Asano-original-simplified.csv
  Title: 'Hidden in Plain Sight: The Harmful Side of AI-Based Men' | DOI: '10.3233/SHTI250322'
  Status: Enriched 6 field(s) during run.
  ❌ FAILED / STILL MISSING COLUMNS (1): ['Article References']

• [Row 4819] Source: Asano-original-simplified.csv
  Title: 'Artificial Intelligence in Medical Writing: Addressing ' | DOI: '10.31662/jmaj.2024-0268'
  Status: Enriched 6 field(s) during run.
  ❌ FAILED / STILL MISSING COLUMNS (1): ['Article References']

• [Row 4833] Source: Asano-original-simplified.csv
  Title: 'Lack of Data Access, but Not Availability, Hinders AI T' | DOI: '10.3233/SHTI231314'
  Status: Enriched 6 field(s) during run.
  ❌ FAILED / STILL MISSING COLUMNS (1): ['Article References']

• [Row 4839] Source: Asano-original-simplified.csv
  Title: 'Epistemological Challenges of Artificial Intelligence C' | DOI: '10.1002/ohn.410'
  Status: Enriched 6 field(s) during run.
  ❌ FAILED / STILL MISSING COLUMNS (1): ['Abstract']

• [Row 4857] Source: Asano-original-simplified.csv
  Title: '[Application of AI Technology in Diagnosis and Treatmen' | DOI: '10.3969/j.issn.1671-7104.2021.04.004'
  Status: Enriched 6 field(s) during run.
  ❌ FAILED / STILL MISSING COLUMNS (1): ['Article References']

• [Row 4866] Source: Asano-original-simplified.csv
  Title: 'Commercial Adoption of AI in the Healthcare Sector: An ' | DOI: '10.3233/SHTI200133'
  Status: Enriched 6 field(s) during run.
  ❌ FAILED / STILL MISSING COLUMNS (1): ['Article References']

• [Row 4878] Source: Asano-original-simplified.csv
  Title: '[Research progress of large artificial intelligence mod' | DOI: '10.3760/cma.j.cn112138-20251215-00767'
  Status: Enriched 5 field(s) during run.
  ❌ FAILED / STILL MISSING COLUMNS (2): ['Abstract', 'Article References']

• [Row 4880] Source: Asano-original-simplified.csv
  Title: 'The Rise of AI' | DOI: '10.1097/AJN.0000000000000213'
  Status: Enriched 6 field(s) during run.
  ❌ FAILED / STILL MISSING COLUMNS (1): ['Article References']

• [Row 4883] Source: Asano-original-simplified.csv
  Title: 'The Opportunities and Challenges of Large Language Mode' | DOI: '10.1016/j.jacadv.2023.100438'
  Status: Enriched 6 field(s) during run.
  ❌ FAILED / STILL MISSING COLUMNS (1): ['Abstract']

• [Row 4884] Source: Asano-original-simplified.csv
  Title: 'Artificial intelligence and data analytics competencies' | DOI: '10.1057/s41271-024-00499-w'
  Status: Enriched 6 field(s) during run.
  ❌ FAILED / STILL MISSING COLUMNS (1): ['Abstract']

• [Row 4887] Source: Asano-original-simplified.csv
  Title: 'Artificial intelligence - the next generation of sequen' | DOI: '10.1038/s41431-024-01595-x'
  Status: Enriched 6 field(s) during run.
  ❌ FAILED / STILL MISSING COLUMNS (1): ['Abstract']

• [Row 4889] Source: Asano-original-simplified.csv
  Title: 'Artificial Intelligence in Healthcare: A New Frontier i' | DOI: 'No DOI'
  Status: Enriched 0 field(s) during run.
  ❌ FAILED / STILL MISSING COLUMNS (5): ['Author', 'Abstract', 'Article References', 'Times Cited', 'Publication Year']

• [Row 4892] Source: Asano-original-simplified.csv
  Title: 'Can AI deliver advice that is judgement-free for scienc' | DOI: '10.1038/d41586-023-03949-9'
  Status: Enriched 5 field(s) during run.
  ❌ FAILED / STILL MISSING COLUMNS (2): ['Abstract', 'Article References']

• [Row 4893] Source: Asano-original-simplified.csv
  Title: 'Generative Artificial Intelligence (AI) and Medical Eth' | DOI: '10.1016/j.joms.2023.09.015'
  Status: Enriched 6 field(s) during run.
  ❌ FAILED / STILL MISSING COLUMNS (1): ['Abstract']

• [Row 4894] Source: Asano-original-simplified.csv
  Title: '[Artificial intelligence in geriatrics: ChatGPT and AI ' | DOI: '10.1016/j.regg.2023.101403'
  Status: Enriched 6 field(s) during run.
  ❌ FAILED / STILL MISSING COLUMNS (1): ['Abstract']

• [Row 4900] Source: Asano-original-simplified.csv
  Title: 'Commentary: The Emerging Role of Artificial Intelligenc' | DOI: '10.1016/j.jvir.2023.06.011'
  Status: Enriched 6 field(s) during run.
  ❌ FAILED / STILL MISSING COLUMNS (1): ['Abstract']

• [Row 4901] Source: Asano-original-simplified.csv
  Title: 'Artificial intelligence in cardiology: Exciting but han' | DOI: '10.1016/j.ijcard.2023.06.008'
  Status: Enriched 6 field(s) during run.
  ❌ FAILED / STILL MISSING COLUMNS (1): ['Abstract']

• [Row 4902] Source: Asano-original-simplified.csv
  Title: 'Teaching Artificial Intelligence Literacy: A Challenge ' | DOI: '10.1016/j.acra.2023.04.035'
  Status: Enriched 6 field(s) during run.
  ❌ FAILED / STILL MISSING COLUMNS (1): ['Abstract']

• [Row 4905] Source: Asano-original-simplified.csv
  Title: 'Surgical Decision Making, Evidence, and Artificial Inte' | DOI: '10.1016/j.suc.2023.01.001'
  Status: Enriched 5 field(s) during run.
  ❌ FAILED / STILL MISSING COLUMNS (2): ['Abstract', 'Article References']

• [Row 4906] Source: Asano-original-simplified.csv
  Title: 'Fostering Artificial Intelligence Education within Radi' | DOI: '10.1016/j.acra.2022.12.009'
  Status: Enriched 6 field(s) during run.
  ❌ FAILED / STILL MISSING COLUMNS (1): ['Abstract']

• [Row 4907] Source: Asano-original-simplified.csv
  Title: 'Artificial intelligence can improve patients' experienc' | DOI: '10.1038/s41591-022-02034-4'
  Status: Enriched 6 field(s) during run.
  ❌ FAILED / STILL MISSING COLUMNS (1): ['Abstract']

• [Row 4908] Source: Asano-original-simplified.csv
  Title: 'Telemedicine in Neurosurgery and Artificial Intelligenc' | DOI: '10.1016/j.wneu.2022.04.078'
  Status: Enriched 6 field(s) during run.
  ❌ FAILED / STILL MISSING COLUMNS (1): ['Abstract']

• [Row 4909] Source: Asano-original-simplified.csv
  Title: 'Robots and Artificial Intelligence be Helpful in future' | DOI: 'No DOI'
  Status: Enriched 0 field(s) during run.
  ❌ FAILED / STILL MISSING COLUMNS (5): ['Author', 'Abstract', 'Article References', 'Times Cited', 'Publication Year']

• [Row 4910] Source: Asano-original-simplified.csv
  Title: '[Future perspectives: how does artificial intelligence ' | DOI: '10.1007/s00117-022-00969-w'
  Status: Enriched 6 field(s) during run.
  ❌ FAILED / STILL MISSING COLUMNS (1): ['Abstract']

• [Row 4913] Source: Asano-original-simplified.csv
  Title: '[Artificial intelligence application in the field of ca' | DOI: '10.3760/cma.j.cn112148-20210730-00639'
  Status: Enriched 6 field(s) during run.
  ❌ FAILED / STILL MISSING COLUMNS (1): ['Article References']

• [Row 4914] Source: Asano-original-simplified.csv
  Title: 'Artificial Intelligence in Medicine: Disease Diagnosis,' | DOI: '10.2174/092986732832210914102719'
  Status: Enriched 6 field(s) during run.
  ❌ FAILED / STILL MISSING COLUMNS (1): ['Abstract']

• [Row 4915] Source: Asano-original-simplified.csv
  Title: 'Lessons Learned From the Front Lines of Artificial Inte' | DOI: '10.1016/j.jacr.2021.09.019'
  Status: Enriched 6 field(s) during run.
  ❌ FAILED / STILL MISSING COLUMNS (1): ['Abstract']

• [Row 4921] Source: Asano-original-simplified.csv
  Title: '[Artificial Intelligence in surgery: The Precision Medi' | DOI: '10.1016/j.jhqr.2020.03.009'
  Status: Enriched 6 field(s) during run.
  ❌ FAILED / STILL MISSING COLUMNS (1): ['Abstract']

• [Row 4924] Source: Asano-original-simplified.csv
  Title: 'Wiring Minds' | DOI: '10.1038/d41586-019-03849-x'
  Status: Enriched 6 field(s) during run.
  ❌ FAILED / STILL MISSING COLUMNS (1): ['Article References']

• [Row 4928] Source: Asano-original-simplified.csv
  Title: 'Technology Is Transforming Work for Nurses and Care for' | DOI: '10.1097/01.NAJ.0000554030.43840.b3'
  Status: Enriched 6 field(s) during run.
  ❌ FAILED / STILL MISSING COLUMNS (1): ['Article References']

• [Row 4929] Source: Asano-original-simplified.csv
  Title: 'Making digital government a better government' | DOI: '10.1038/d41586-018-07502-x'
  Status: Enriched 6 field(s) during run.
  ❌ FAILED / STILL MISSING COLUMNS (1): ['Article References']

• [Row 4930] Source: Asano-original-simplified.csv
  Title: 'How AI technology can tame the scientific literature' | DOI: '10.1038/d41586-018-06617-5'
  Status: Enriched 6 field(s) during run.
  ❌ FAILED / STILL MISSING COLUMNS (1): ['Article References']

• [Row 4931] Source: Asano-original-simplified.csv
  Title: 'Artificial intelligence for cancer-associated thrombosi' | DOI: '10.1016/S2352-3026(18)30118-2'
  Status: Enriched 6 field(s) during run.
  ❌ FAILED / STILL MISSING COLUMNS (1): ['Abstract']

• [Row 4932] Source: Asano-original-simplified.csv
  Title: 'Artificial Intelligence and the Practice of Radiology: ' | DOI: '10.1016/j.jacr.2018.03.046'
  Status: Enriched 6 field(s) during run.
  ❌ FAILED / STILL MISSING COLUMNS (1): ['Abstract']

• [Row 4933] Source: Asano-original-simplified.csv
  Title: 'Artificial Intelligence in Health Care: Brave New World' | DOI: '10.1016/j.jacr.2018.01.010'
  Status: Enriched 5 field(s) during run.
  ❌ FAILED / STILL MISSING COLUMNS (2): ['Abstract', 'Article References']

• [Row 4935] Source: Asano-original-simplified.csv
  Title: 'Steer driverless cars towards full automation' | DOI: '10.1038/536127a'
  Status: Enriched 5 field(s) during run.
  ❌ FAILED / STILL MISSING COLUMNS (2): ['Abstract', 'Article References']

• [Row 4936] Source: Asano-original-simplified.csv
  Title: 'Artificial Intelligence and Medical Research: Time to A' | DOI: '10.1089/rej.2016.1827'
  Status: Enriched 6 field(s) during run.
  ❌ FAILED / STILL MISSING COLUMNS (1): ['Abstract']

• [Row 4937] Source: Asano-original-simplified.csv
  Title: 'Q&A. Former head of China's genome powerhouse starts ne' | DOI: '10.1126/science.349.6247.463'
  Status: Enriched 6 field(s) during run.
  ❌ FAILED / STILL MISSING COLUMNS (1): ['Article References']

• [Row 4938] Source: Asano-original-simplified.csv
  Title: 'Leave it to Florence' | DOI: '10.7748/ns.29.16.63.s48'
  Status: Enriched 6 field(s) during run.
  ❌ FAILED / STILL MISSING COLUMNS (1): ['Article References']

• [Row 4939] Source: Asano-original-simplified.csv
  Title: 'Use of artificial intelligence in cardiac imaging' | DOI: 'No DOI'
  Status: Enriched 0 field(s) during run.
  ❌ FAILED / STILL MISSING COLUMNS (5): ['Author', 'Abstract', 'Article References', 'Times Cited', 'Publication Year']

• [Row 4940] Source: Asano-original-simplified.csv
  Title: 'An overview of issues in robotic and artificial intelli' | DOI: 'No DOI'
  Status: Enriched 0 field(s) during run.
  ❌ FAILED / STILL MISSING COLUMNS (5): ['Author', 'Abstract', 'Article References', 'Times Cited', 'Publication Year']

• [Row 4945] Source: Asano-original-simplified.csv
  Title: 'Feasibility of Causality-Aware Machine Learning for Dru' | DOI: '10.3233/SHTI260141'
  Status: Enriched 6 field(s) during run.
  ❌ FAILED / STILL MISSING COLUMNS (1): ['Article References']

• [Row 4954] Source: Asano-original-simplified.csv
  Title: '[How to detect scientific texts generated with artifici' | DOI: '10.5281/zenodo.17477984'
  Status: Enriched 6 field(s) during run.
  ❌ FAILED / STILL MISSING COLUMNS (1): ['Article References']

• [Row 4956] Source: Asano-original-simplified.csv
  Title: 'RETRACTED: Evaluating Nurse Practitioner Students' Enga' | DOI: '10.3233/SHTI251582'
  Status: Enriched 6 field(s) during run.
  ❌ FAILED / STILL MISSING COLUMNS (1): ['Article References']

• [Row 4960] Source: Asano-original-simplified.csv
  Title: 'Recent Advances in AI for Parkinson's Disease Diagnosis' | DOI: '10.3233/SHTI251297'
  Status: Enriched 6 field(s) during run.
  ❌ FAILED / STILL MISSING COLUMNS (1): ['Article References']

• [Row 4968] Source: Asano-original-simplified.csv
  Title: 'Tabula Rasa: A Case Study in Chronic Pain Management Us' | DOI: '10.3233/SHTI240899'
  Status: Enriched 6 field(s) during run.
  ❌ FAILED / STILL MISSING COLUMNS (1): ['Article References']

• [Row 5001] Source: Asano-original-simplified.csv
  Title: '[The Role and Requirement of Datasets in the Quality Co' | DOI: '10.3969/j.issn.1671-7104.2019.01.014'
  Status: Enriched 6 field(s) during run.
  ❌ FAILED / STILL MISSING COLUMNS (1): ['Article References']

• [Row 5009] Source: Asano-original-simplified.csv
  Title: 'Preparing an AI-Enabled Workforce: Results of a Needs A' | DOI: '10.3233/SHTI260666'
  Status: Enriched 6 field(s) during run.
  ❌ FAILED / STILL MISSING COLUMNS (1): ['Article References']

• [Row 5014] Source: Asano-original-simplified.csv
  Title: 'AI in scientific writing and publishing: A call for cri' | DOI: '10.1192/j.eurpsy.2025.10061'
  Status: Enriched 6 field(s) during run.
  ❌ FAILED / STILL MISSING COLUMNS (1): ['Article References']

• [Row 5015] Source: Asano-original-simplified.csv
  Title: 'Relevance of Grounding AI for Health Care' | DOI: '10.3233/SHTI250690'
  Status: Enriched 6 field(s) during run.
  ❌ FAILED / STILL MISSING COLUMNS (1): ['Article References']

• [Row 5018] Source: Asano-original-simplified.csv
  Title: '[Research progress of panoramic evaluation of medical a' | DOI: '10.3760/cma.j.cn112338-20241105-00695'
  Status: Enriched 6 field(s) during run.
  ❌ FAILED / STILL MISSING COLUMNS (1): ['Article References']

• [Row 5019] Source: Asano-original-simplified.csv
  Title: 'The Relevance of General Intelligence Measurement in De' | DOI: '10.3233/SHTI250052'
  Status: Enriched 6 field(s) during run.
  ❌ FAILED / STILL MISSING COLUMNS (1): ['Article References']

• [Row 5030] Source: Asano-original-simplified.csv
  Title: 'Computational and Translational Fractal-Based Analysis ' | DOI: '10.1007/978-3-031-47606-8_39'
  Status: Enriched 6 field(s) during run.
  ❌ FAILED / STILL MISSING COLUMNS (1): ['Article References']

• [Row 5031] Source: Asano-original-simplified.csv
  Title: 'Artificial intelligence-aided 3D computed-tomography vi' | DOI: '10.1016/j.asjsur.2024.02.009'
  Status: Enriched 6 field(s) during run.
  ❌ FAILED / STILL MISSING COLUMNS (1): ['Abstract']

• [Row 5037] Source: Asano-original-simplified.csv
  Title: 'Artificial Intelligence-Enabled Electrocardiogram in th' | DOI: '10.1161/CIRCEP.123.012033'
  Status: Enriched 6 field(s) during run.
  ❌ FAILED / STILL MISSING COLUMNS (1): ['Abstract']

• [Row 5040] Source: Asano-original-simplified.csv
  Title: 'The Artificial intelligence large language models and n' | DOI: '10.1016/j.ajp.2023.103577'
  Status: Enriched 6 field(s) during run.
  ❌ FAILED / STILL MISSING COLUMNS (1): ['Abstract']

• [Row 5062] Source: Asano-original-simplified.csv
  Title: 'Protocol: Effectiveness of Artificial Intelligence-Base' | DOI: '10.1177/18911803261439274'
  Status: Enriched 6 field(s) during run.
  ❌ FAILED / STILL MISSING COLUMNS (1): ['Article References']

• [Row 5064] Source: Asano-original-simplified.csv
  Title: 'Explainable Artificial Intelligence: A Crucial Frontier' | DOI: '10.29271/jcpsp.2026.01.130'
  Status: Enriched 5 field(s) during run.
  ❌ FAILED / STILL MISSING COLUMNS (2): ['Abstract', 'Article References']

• [Row 5066] Source: Asano-original-simplified.csv
  Title: 'Generative Artificial Intelligence Tools in Gastroenter' | DOI: '10.1016/j.cgh.2024.05.050'
  Status: Enriched 6 field(s) during run.
  ❌ FAILED / STILL MISSING COLUMNS (1): ['Abstract']

• [Row 5067] Source: Asano-original-simplified.csv
  Title: 'Comment on "Geriatrics and artificial intelligence in S' | DOI: '10.1007/s41999-024-00988-x'
  Status: Enriched 6 field(s) during run.
  ❌ FAILED / STILL MISSING COLUMNS (1): ['Abstract']

• [Row 5068] Source: Asano-original-simplified.csv
  Title: 'Artificial-intelligence-based neurological outcome pred' | DOI: '10.55633/s3me/029.2024'
  Status: Enriched 6 field(s) during run.
  ❌ FAILED / STILL MISSING COLUMNS (1): ['Article References']

• [Row 5071] Source: Asano-original-simplified.csv
  Title: 'Artificial Intelligence Innovat?ons In Psychiatry: Glob' | DOI: '10.5080/u27384'
  Status: Enriched 6 field(s) during run.
  ❌ FAILED / STILL MISSING COLUMNS (1): ['Abstract']

• [Row 5072] Source: Asano-original-simplified.csv
  Title: 'The Emergence Phenomenon in Artificial Intelligence: A ' | DOI: 'No DOI'
  Status: Enriched 0 field(s) during run.
  ❌ FAILED / STILL MISSING COLUMNS (5): ['Author', 'Abstract', 'Article References', 'Times Cited', 'Publication Year']

• [Row 5074] Source: Asano-original-simplified.csv
  Title: 'Centres of Excellence in AI for global health equity - ' | DOI: '10.1038/d41586-024-00113-9'
  Status: Enriched 5 field(s) during run.
  ❌ FAILED / STILL MISSING COLUMNS (2): ['Abstract', 'Article References']

• [Row 5075] Source: Asano-original-simplified.csv
  Title: 'Navigating New Realities in Aging Care as Artificial In' | DOI: '10.1016/j.jagp.2024.01.011'
  Status: Enriched 6 field(s) during run.
  ❌ FAILED / STILL MISSING COLUMNS (1): ['Abstract']

• [Row 5078] Source: Asano-original-simplified.csv
  Title: 'AI's potential to accelerate drug discovery needs a rea' | DOI: '10.1038/d41586-023-03172-6'
  Status: Enriched 6 field(s) during run.
  ❌ FAILED / STILL MISSING COLUMNS (1): ['Author']

• [Row 5082] Source: Asano-original-simplified.csv
  Title: 'Implications of ChatGPT for cytopathology and recommend' | DOI: '10.1016/j.jasc.2023.07.001'
  Status: Enriched 6 field(s) during run.
  ❌ FAILED / STILL MISSING COLUMNS (1): ['Abstract']

• [Row 5083] Source: Asano-original-simplified.csv
  Title: 'Are Nutrition Professionals Ready for Artificial Intell' | DOI: '10.1016/j.jneb.2023.07.007'
  Status: Enriched 6 field(s) during run.
  ❌ FAILED / STILL MISSING COLUMNS (1): ['Abstract']

• [Row 5084] Source: Asano-original-simplified.csv
  Title: 'The Promise & Peril of Artificial Intelligence: A Conve' | DOI: 'No DOI'
  Status: Enriched 0 field(s) during run.
  ❌ FAILED / STILL MISSING COLUMNS (5): ['Author', 'Abstract', 'Article References', 'Times Cited', 'Publication Year']

• [Row 5086] Source: Asano-original-simplified.csv
  Title: 'Artificial intelligence - a new wine in an old bottle?' | DOI: '10.1038/s41415-023-5853-2'
  Status: Enriched 6 field(s) during run.
  ❌ FAILED / STILL MISSING COLUMNS (1): ['Abstract']

• [Row 5088] Source: Asano-original-simplified.csv
  Title: 'Can We Write a Research Paper Using Artificial Intellig' | DOI: '10.1016/j.joms.2023.01.011'
  Status: Enriched 6 field(s) during run.
  ❌ FAILED / STILL MISSING COLUMNS (1): ['Abstract']

• [Row 5089] Source: Asano-original-simplified.csv
  Title: 'Artificial Intelligence, Emerging Threats, and Diagnost' | DOI: '10.1001/jama.2023.6066'
  Status: Enriched 6 field(s) during run.
  ❌ FAILED / STILL MISSING COLUMNS (1): ['Article References']

• [Row 5096] Source: Asano-original-simplified.csv
  Title: 'The potential role of artificial intelligence besides p' | DOI: '10.1016/j.gie.2022.07.015'
  Status: Enriched 6 field(s) during run.
  ❌ FAILED / STILL MISSING COLUMNS (1): ['Abstract']

• [Row 5098] Source: Asano-original-simplified.csv
  Title: 'Medical student's artificial intelligence education and' | DOI: '10.3946/kjme.2022.243'
  Status: Enriched 6 field(s) during run.
  ❌ FAILED / STILL MISSING COLUMNS (1): ['Abstract']

• [Row 5099] Source: Asano-original-simplified.csv
  Title: 'Choosing the Best Antiseizure Medication-Can Artificial' | DOI: '10.1001/jamaneurol.2022.2441'
  Status: Enriched 6 field(s) during run.
  ❌ FAILED / STILL MISSING COLUMNS (1): ['Abstract']

• [Row 5106] Source: Asano-original-simplified.csv
  Title: 'Dawn of artificial intelligence - Enable digital Pathol' | DOI: '10.47391/JPMA.013257'
  Status: Enriched 6 field(s) during run.
  ❌ FAILED / STILL MISSING COLUMNS (1): ['Article References']

• [Row 5107] Source: Asano-original-simplified.csv
  Title: 'Preface: Artificial Intelligence in Radiology: Opportun' | DOI: '10.1016/j.rcl.2021.08.010'
  Status: Enriched 5 field(s) during run.
  ❌ FAILED / STILL MISSING COLUMNS (2): ['Abstract', 'Article References']

• [Row 5108] Source: Asano-original-simplified.csv
  Title: 'Artificial intelligence in ECG screening: Ready for pri' | DOI: '10.1016/j.ijcard.2021.09.048'
  Status: Enriched 6 field(s) during run.
  ❌ FAILED / STILL MISSING COLUMNS (1): ['Abstract']

• [Row 5111] Source: Asano-original-simplified.csv
  Title: '[?. The Potential of Artificial Intelligence in the Tre' | DOI: 'No DOI'
  Status: Enriched 0 field(s) during run.
  ❌ FAILED / STILL MISSING COLUMNS (5): ['Author', 'Abstract', 'Article References', 'Times Cited', 'Publication Year']

• [Row 5113] Source: Asano-original-simplified.csv
  Title: 'Failures Hiding in Success for Artificial Intelligence ' | DOI: '10.1016/j.jacr.2020.11.008'
  Status: Enriched 6 field(s) during run.
  ❌ FAILED / STILL MISSING COLUMNS (1): ['Abstract']

• [Row 5114] Source: Asano-original-simplified.csv
  Title: 'Noninferiority Design in Trials Involving Artificial In' | DOI: '10.1053/j.gastro.2021.01.215'
  Status: Enriched 6 field(s) during run.
  ❌ FAILED / STILL MISSING COLUMNS (1): ['Abstract']

• [Row 5115] Source: Asano-original-simplified.csv
  Title: 'The Present and Future of Team Documentation: The Role ' | DOI: '10.1016/j.mayocp.2020.01.034'
  Status: Enriched 6 field(s) during run.
  ❌ FAILED / STILL MISSING COLUMNS (1): ['Abstract']

• [Row 5116] Source: Asano-original-simplified.csv
  Title: 'Siri here, cecum reached, but please wash that fold: Wi' | DOI: '10.1016/j.gie.2019.10.027'
  Status: Enriched 6 field(s) during run.
  ❌ FAILED / STILL MISSING COLUMNS (1): ['Abstract']

• [Row 5118] Source: Asano-original-simplified.csv
  Title: 'Meeting of the Minds: Considering the Real Impact of Ar' | DOI: '10.1016/j.jmir.2019.11.137'
  Status: Enriched 5 field(s) during run.
  ❌ FAILED / STILL MISSING COLUMNS (2): ['Abstract', 'Article References']

• [Row 5119] Source: Asano-original-simplified.csv
  Title: 'A Medical Student's Outlook on Radiology in Light of Ar' | DOI: '10.1016/j.jacr.2019.08.026'
  Status: Enriched 6 field(s) during run.
  ❌ FAILED / STILL MISSING COLUMNS (1): ['Abstract']

• [Row 5120] Source: Asano-original-simplified.csv
  Title: 'Autonomous Self-Driving Vehicles' | DOI: '10.1016/j.annemergmed.2019.02.036'
  Status: Enriched 4 field(s) during run.
  ❌ FAILED / STILL MISSING COLUMNS (3): ['Author', 'Abstract', 'Article References']

• [Row 5123] Source: Asano-original-simplified.csv
  Title: '[Big data and artificial intelligence]' | DOI: '10.1007/s00115-018-0567-4'
  Status: Enriched 6 field(s) during run.
  ❌ FAILED / STILL MISSING COLUMNS (1): ['Abstract']

• [Row 5124] Source: Asano-original-simplified.csv
  Title: 'M. D. Anderson Breaks With IBM Watson, Raising Question' | DOI: '10.1093/jnci/djx113'
  Status: Enriched 6 field(s) during run.
  ❌ FAILED / STILL MISSING COLUMNS (1): ['Article References']

• [Row 5125] Source: Asano-original-simplified.csv
  Title: 'Rationalisiert IT die Ärzte weg?' | DOI: '10.1055/s-0042-124047'
  Status: Enriched 5 field(s) during run.
  ❌ FAILED / STILL MISSING COLUMNS (2): ['Author', 'Article References']

• [Row 5127] Source: Asano-original-simplified.csv
  Title: 'Experts' Perception of AI-Generated Personalised Storie' | DOI: '10.3233/SHTI260253'
  Status: Enriched 6 field(s) during run.
  ❌ FAILED / STILL MISSING COLUMNS (1): ['Article References']

• [Row 5130] Source: Asano-original-simplified.csv
  Title: 'Artificial Intelligence and Social Determinants of Heal' | DOI: '10.1016/j.rdc.2026.02.009'
  Status: Enriched 4 field(s) during run.
  ❌ FAILED / STILL MISSING COLUMNS (2): ['Article References', 'Times Cited']

• [Row 5133] Source: Asano-original-simplified.csv
  Title: 'Building Ontario's Health AI: A Learning System Approac' | DOI: '10.3233/SHTI260026'
  Status: Enriched 6 field(s) during run.
  ❌ FAILED / STILL MISSING COLUMNS (1): ['Article References']

• [Row 5138] Source: Asano-original-simplified.csv
  Title: 'ChatGPT for Dermatology Students: Studying How Input Fo' | DOI: '10.3233/SHTI250675'
  Status: Enriched 6 field(s) during run.
  ❌ FAILED / STILL MISSING COLUMNS (1): ['Article References']

• [Row 5141] Source: Asano-original-simplified.csv
  Title: 'Advances in Electrocardiogram-Based Artificial Intellig' | DOI: 'No DOI'
  Status: Enriched 1 field(s) during run.
  ❌ FAILED / STILL MISSING COLUMNS (4): ['Author', 'Article References', 'Times Cited', 'Publication Year']

• [Row 5142] Source: Asano-original-simplified.csv
  Title: 'From Concept to Practice: Unlocking the Potential of Di' | DOI: '10.3233/SHTI250176'
  Status: Enriched 6 field(s) during run.
  ❌ FAILED / STILL MISSING COLUMNS (1): ['Article References']

• [Row 5148] Source: Asano-original-simplified.csv
  Title: 'Leveraging AI tools for streamlined library event plann' | DOI: '10.5195/jmla.2025.2087'
  Status: Enriched 6 field(s) during run.
  ❌ FAILED / STILL MISSING COLUMNS (1): ['Article References']

• [Row 5157] Source: Asano-original-simplified.csv
  Title: 'Artificial intelligence supported ultrasonography: Can ' | DOI: '10.1016/j.ejim.2024.04.015'
  Status: Enriched 6 field(s) during run.
  ❌ FAILED / STILL MISSING COLUMNS (1): ['Abstract']

• [Row 5172] Source: Asano-original-simplified.csv
  Title: 'On the Use of Bayesian Artificial Intelligence for Hypo' | DOI: 'No DOI'
  Status: Enriched 1 field(s) during run.
  ❌ FAILED / STILL MISSING COLUMNS (4): ['Author', 'Article References', 'Times Cited', 'Publication Year']

• [Row 5182] Source: Asano-original-simplified.csv
  Title: 'Regulation of AI in Health Care: A Cautionary Tale Cons' | DOI: 'No DOI'
  Status: Enriched 1 field(s) during run.
  ❌ FAILED / STILL MISSING COLUMNS (4): ['Author', 'Article References', 'Times Cited', 'Publication Year']

• [Row 5183] Source: Asano-original-simplified.csv
  Title: '[Review of Medical Drainage Devices and Systems]' | DOI: '10.3969/j.issn.1671-7104.2021.04.015'
  Status: Enriched 6 field(s) during run.
  ❌ FAILED / STILL MISSING COLUMNS (1): ['Article References']

• [Row 5185] Source: Asano-original-simplified.csv
  Title: '[Development of Intelligent Management System for High ' | DOI: '10.3969/j.issn.1671-7104.2021.01.009'
  Status: Enriched 6 field(s) during run.
  ❌ FAILED / STILL MISSING COLUMNS (1): ['Article References']

• [Row 5192] Source: Asano-original-simplified.csv
  Title: 'The utilization of artificial intelligence in mental he' | DOI: '10.1708/4548.45486'
  Status: Enriched 6 field(s) during run.
  ❌ FAILED / STILL MISSING COLUMNS (1): ['Article References']

• [Row 5202] Source: Asano-original-simplified.csv
  Title: 'Artificial Intelligence at the Intersection of Chemistr' | DOI: '10.3390/ai7030089'
  Status: Enriched 6 field(s) during run.
  ❌ FAILED / STILL MISSING COLUMNS (1): ['Article References']

• [Row 5205] Source: Asano-original-simplified.csv
  Title: 'AI in Child Psychiatry: Exploring Future Tools for the ' | DOI: 'No DOI'
  Status: Enriched 1 field(s) during run.
  ❌ FAILED / STILL MISSING COLUMNS (4): ['Author', 'Article References', 'Times Cited', 'Publication Year']

• [Row 5220] Source: Asano-original-simplified.csv
  Title: 'Join the disruptors of health science' | DOI: '10.1038/551023a'
  Status: Enriched 6 field(s) during run.
  ❌ FAILED / STILL MISSING COLUMNS (1): ['Abstract']

• [Row 5221] Source: Asano-original-simplified.csv
  Title: 'Consideration of Statin Therapy in the Interpretation o' | DOI: '10.3348/kjr.2026.0980'
  Status: Enriched 6 field(s) during run.
  ❌ FAILED / STILL MISSING COLUMNS (1): ['Abstract']

• [Row 5222] Source: Asano-original-simplified.csv
  Title: 'Letter to the Editor re: "A living scoping review and o' | DOI: '10.1016/j.jpurol.2026.106147'
  Status: Enriched 6 field(s) during run.
  ❌ FAILED / STILL MISSING COLUMNS (1): ['Abstract']

• [Row 5223] Source: Asano-original-simplified.csv
  Title: 'AI-Powered Robotics Are Personalizing Rehabilitation' | DOI: '10.2196/108878'
  Status: Enriched 6 field(s) during run.
  ❌ FAILED / STILL MISSING COLUMNS (1): ['Article References']

• [Row 5226] Source: Asano-original-simplified.csv
  Title: 'Comment on "using mobile applications for body composit' | DOI: '10.1016/j.clnesp.2026.103365'
  Status: Enriched 6 field(s) during run.
  ❌ FAILED / STILL MISSING COLUMNS (1): ['Abstract']

• [Row 5227] Source: Asano-original-simplified.csv
  Title: 'Response to "Comment on 'Carbohydrate counting in tradi' | DOI: '10.1016/j.nut.2026.113235'
  Status: Enriched 6 field(s) during run.
  ❌ FAILED / STILL MISSING COLUMNS (1): ['Abstract']

• [Row 5228] Source: Asano-original-simplified.csv
  Title: 'Shifting from pens to algorithms-detecting artificial i' | DOI: '10.1016/j.amjms.2026.04.012'
  Status: Enriched 6 field(s) during run.
  ❌ FAILED / STILL MISSING COLUMNS (1): ['Abstract']

• [Row 5229] Source: Asano-original-simplified.csv
  Title: 'Ethics in the age of artificial intelligence: reflectio' | DOI: '10.1515/jcim-2026-0082'
  Status: Enriched 6 field(s) during run.
  ❌ FAILED / STILL MISSING COLUMNS (1): ['Abstract']

• [Row 5231] Source: Asano-original-simplified.csv
  Title: 'Why Medical Education Without Artificial Intelligence S' | DOI: '10.2196/94594'
  Status: Enriched 6 field(s) during run.
  ❌ FAILED / STILL MISSING COLUMNS (1): ['Abstract']

• [Row 5232] Source: Asano-original-simplified.csv
  Title: 'Comments on "Artificial Intelligence-Driven Drafting of' | DOI: '10.3348/kjr.2025.1965'
  Status: Enriched 6 field(s) during run.
  ❌ FAILED / STILL MISSING COLUMNS (1): ['Abstract']

• [Row 5233] Source: Asano-original-simplified.csv
  Title: 'Comment on "The optimal labelling method for artificial' | DOI: '10.1016/j.jfma.2026.03.045'
  Status: Enriched 6 field(s) during run.
  ❌ FAILED / STILL MISSING COLUMNS (1): ['Abstract']

• [Row 5234] Source: Asano-original-simplified.csv
  Title: 'Correction: Artificial intelligence readiness and its i' | DOI: '10.3389/fmed.2026.1798340'
  Status: Enriched 6 field(s) during run.
  ❌ FAILED / STILL MISSING COLUMNS (1): ['Article References']

• [Row 5235] Source: Asano-original-simplified.csv
  Title: 'Psychotherapists versus artificial intelligence: let's ' | DOI: '10.1192/bjp.2025.10514'
  Status: Enriched 6 field(s) during run.
  ❌ FAILED / STILL MISSING COLUMNS (1): ['Abstract']

• [Row 5236] Source: Asano-original-simplified.csv
  Title: 'Rising Role of Artificial Intelligence in Clinical Phar' | DOI: '10.5863/JPPT-25-01207'
  Status: Enriched 5 field(s) during run.
  ❌ FAILED / STILL MISSING COLUMNS (2): ['Abstract', 'Article References']

• [Row 5238] Source: Asano-original-simplified.csv
  Title: 'Editorial: Breakthroughs in Cryo-EM with machine learni' | DOI: '10.3389/fmolb.2025.1739481'
  Status: Enriched 6 field(s) during run.
  ❌ FAILED / STILL MISSING COLUMNS (1): ['Article References']

• [Row 5239] Source: Asano-original-simplified.csv
  Title: 'Beyond algorithms: How agent-based artificial intellige' | DOI: '10.1016/j.diii.2025.11.009'
  Status: Enriched 6 field(s) during run.
  ❌ FAILED / STILL MISSING COLUMNS (1): ['Abstract']

• [Row 5240] Source: Asano-original-simplified.csv
  Title: 'Artificial Intelligence in Meta-Analysis: A Potential T' | DOI: '10.1016/j.chest.2025.06.016'
  Status: Enriched 6 field(s) during run.
  ❌ FAILED / STILL MISSING COLUMNS (1): ['Abstract']

• [Row 5241] Source: Asano-original-simplified.csv
  Title: 'An educational tool using artificial-intelligence-gener' | DOI: '10.1192/bjp.2025.10464'
  Status: Enriched 6 field(s) during run.
  ❌ FAILED / STILL MISSING COLUMNS (1): ['Abstract']

• [Row 5244] Source: Asano-original-simplified.csv
  Title: 'Authors' Reply: Foundation Models for Generative AI in ' | DOI: '10.2196/79772'
  Status: Enriched 6 field(s) during run.
  ❌ FAILED / STILL MISSING COLUMNS (1): ['Abstract']

• [Row 5245] Source: Asano-original-simplified.csv
  Title: 'Editorial: Integrating sensors and artificial intellige' | DOI: '10.3389/fpain.2025.1654743'
  Status: Enriched 6 field(s) during run.
  ❌ FAILED / STILL MISSING COLUMNS (1): ['Article References']

• [Row 5246] Source: Asano-original-simplified.csv
  Title: '3D-Printed Cosmetic Enhancements Guided by Artificial I' | DOI: '10.1111/jocd.70263'
  Status: Enriched 6 field(s) during run.
  ❌ FAILED / STILL MISSING COLUMNS (1): ['Abstract']

• [Row 5248] Source: Asano-original-simplified.csv
  Title: 'New navigation for laparoscopic and robotic cholecystec' | DOI: '10.1016/j.gassur.2025.102063'
  Status: Enriched 6 field(s) during run.
  ❌ FAILED / STILL MISSING COLUMNS (1): ['Abstract']

• [Row 5249] Source: Asano-original-simplified.csv
  Title: 'Uncovering Disparities in Skin Tone Representation amon' | DOI: '10.1016/j.jid.2025.03.011'
  Status: Enriched 6 field(s) during run.
  ❌ FAILED / STILL MISSING COLUMNS (1): ['Abstract']

• [Row 5252] Source: Asano-original-simplified.csv
  Title: 'Letter to the Editor "Survey on Value Elements Provided' | DOI: '10.3348/kjr.2024.0727'
  Status: Enriched 6 field(s) during run.
  ❌ FAILED / STILL MISSING COLUMNS (1): ['Abstract']

• [Row 5253] Source: Asano-original-simplified.csv
  Title: 'Transforming depression care with artificial intelligen' | DOI: '10.1016/j.ajp.2024.104235'
  Status: Enriched 6 field(s) during run.
  ❌ FAILED / STILL MISSING COLUMNS (1): ['Abstract']

• [Row 5258] Source: Asano-original-simplified.csv
  Title: 'The Potential Role of Artificial Intelligence in Allerg' | DOI: '10.1177/01455613231200773'
  Status: Enriched 6 field(s) during run.
  ❌ FAILED / STILL MISSING COLUMNS (1): ['Abstract']

• [Row 5262] Source: Asano-original-simplified.csv
  Title: 'AI in radiology: is it the time for randomized controll' | DOI: '10.1007/s00330-022-09381-3'
  Status: Enriched 6 field(s) during run.
  ❌ FAILED / STILL MISSING COLUMNS (1): ['Abstract']

• [Row 5269] Source: Asano-original-simplified.csv
  Title: 'Role of Artificial Intelligence in Cardiovascular Healt' | DOI: '10.1016/j.jacadv.2023.100578'
  Status: Enriched 6 field(s) during run.
  ❌ FAILED / STILL MISSING COLUMNS (1): ['Abstract']

• [Row 5271] Source: Asano-original-simplified.csv
  Title: 'Highlights from JAAD International November 2026: Artif' | DOI: '10.1016/j.jaad.2026.08.094'
  Status: Enriched 6 field(s) during run.
  ❌ FAILED / STILL MISSING COLUMNS (1): ['Abstract']

• [Row 5272] Source: Asano-original-simplified.csv
  Title: 'AI Scribes Move Quickly Into Canadian Care Settings' | DOI: '10.2196/108859'
  Status: Enriched 6 field(s) during run.
  ❌ FAILED / STILL MISSING COLUMNS (1): ['Article References']

• [Row 5273] Source: Asano-original-simplified.csv
  Title: 'Printed artificial intelligence-generated images for la' | DOI: '10.1016/j.jaad.2026.08.012'
  Status: Enriched 6 field(s) during run.
  ❌ FAILED / STILL MISSING COLUMNS (1): ['Abstract']

• [Row 5274] Source: Asano-original-simplified.csv
  Title: 'From "How Much?" to "Why?": Artificial Intelligence and' | DOI: '10.1016/j.echo.2026.07.005'
  Status: Enriched 6 field(s) during run.
  ❌ FAILED / STILL MISSING COLUMNS (1): ['Abstract']

• [Row 5275] Source: Asano-original-simplified.csv
  Title: 'Comment on "Intelligent diet recommendation system powe' | DOI: '10.1016/j.clnesp.2026.103457'
  Status: Enriched 6 field(s) during run.
  ❌ FAILED / STILL MISSING COLUMNS (1): ['Abstract']

• [Row 5276] Source: Asano-original-simplified.csv
  Title: 'Artificial-intelligence-assisted radiographic assessmen' | DOI: '10.1016/j.jormas.2026.102869'
  Status: Enriched 6 field(s) during run.
  ❌ FAILED / STILL MISSING COLUMNS (1): ['Abstract']

• [Row 5278] Source: Asano-original-simplified.csv
  Title: 'Real-World Implementation of Artificial Intelligence: F' | DOI: '10.3348/kjr.2025.1978'
  Status: Enriched 6 field(s) during run.
  ❌ FAILED / STILL MISSING COLUMNS (1): ['Abstract']

• [Row 5283] Source: Asano-original-simplified.csv
  Title: 'Artificial Intelligence Lifts the Fog in SPECT Myocardi' | DOI: '10.1016/j.jcmg.2025.09.009'
  Status: Enriched 6 field(s) during run.
  ❌ FAILED / STILL MISSING COLUMNS (1): ['Abstract']

• [Row 5284] Source: Asano-original-simplified.csv
  Title: 'Scribe smarter, not harder: how artificial intelligence' | DOI: '10.1111/bju.70037'
  Status: Enriched 6 field(s) during run.
  ❌ FAILED / STILL MISSING COLUMNS (1): ['Abstract']

• [Row 5285] Source: Asano-original-simplified.csv
  Title: 'Effectiveness of artificial intelligence as a support t' | DOI: '10.1016/j.bja.2025.08.013'
  Status: Enriched 6 field(s) during run.
  ❌ FAILED / STILL MISSING COLUMNS (1): ['Abstract']

• [Row 5288] Source: Asano-original-simplified.csv
  Title: 'Artificial intelligence in radiology reports: Is it the' | DOI: '10.1016/j.diii.2025.02.005'
  Status: Enriched 6 field(s) during run.
  ❌ FAILED / STILL MISSING COLUMNS (1): ['Abstract']

• [Row 5289] Source: Asano-original-simplified.csv
  Title: 'Emerging New Era of Artificial Intelligence and Digital' | DOI: '10.31662/jmaj.2024-0221'
  Status: Enriched 5 field(s) during run.
  ❌ FAILED / STILL MISSING COLUMNS (2): ['Abstract', 'Article References']

• [Row 5290] Source: Asano-original-simplified.csv
  Title: 'Robotics and artificial intelligence in the real world ' | DOI: '10.1016/j.diii.2025.01.006'
  Status: Enriched 6 field(s) during run.
  ❌ FAILED / STILL MISSING COLUMNS (1): ['Abstract']

• [Row 5291] Source: Asano-original-simplified.csv
  Title: 'Determining the medical Spanish translation capabilitie' | DOI: '10.1016/j.jaad.2024.09.070'
  Status: Enriched 6 field(s) during run.
  ❌ FAILED / STILL MISSING COLUMNS (1): ['Abstract']

• [Row 5293] Source: Asano-original-simplified.csv
  Title: 'Challenges of Implementing Artificial Intelligence-enab' | DOI: '10.1148/ryai.240411'
  Status: Enriched 6 field(s) during run.
  ❌ FAILED / STILL MISSING COLUMNS (1): ['Abstract']

• [Row 5294] Source: Asano-original-simplified.csv
  Title: 'Spotlight commentary: Integrating artificial intelligen' | DOI: '10.1111/bcp.16241'
  Status: Enriched 6 field(s) during run.
  ❌ FAILED / STILL MISSING COLUMNS (1): ['Abstract']

• [Row 5298] Source: Asano-original-simplified.csv
  Title: 'Editorial: Artificial intelligence-of-things (AIoT) in ' | DOI: '10.3389/fpls.2024.1369791'
  Status: Enriched 6 field(s) during run.
  ❌ FAILED / STILL MISSING COLUMNS (1): ['Article References']

• [Row 5304] Source: Asano-original-simplified.csv
  Title: 'Introduction to "Artificial intelligence and health inf' | DOI: '10.1016/j.ahjo.2022.100156'
  Status: Enriched 6 field(s) during run.
  ❌ FAILED / STILL MISSING COLUMNS (1): ['Abstract']

• [Row 5306] Source: Asano-original-simplified.csv
  Title: 'Foreword: computational special focus issue' | DOI: '10.4155/fmc-2018-0177'
  Status: Enriched 6 field(s) during run.
  ❌ FAILED / STILL MISSING COLUMNS (1): ['Abstract']

• [Row 5307] Source: Asano-original-simplified.csv
  Title: 'Letter to the editor: Comparing dermatologists' and art' | DOI: '10.1016/j.jaad.2026.05.147'
  Status: Enriched 5 field(s) during run.
  ❌ FAILED / STILL MISSING COLUMNS (2): ['Abstract', 'Article References']

• [Row 5308] Source: Asano-original-simplified.csv
  Title: 'Cardiology Rounds in the Age of Artificial Intelligence' | DOI: '10.1016/j.jacadv.2026.103125'
  Status: Enriched 6 field(s) during run.
  ❌ FAILED / STILL MISSING COLUMNS (1): ['Abstract']

• [Row 5309] Source: Asano-original-simplified.csv
  Title: 'Comment on "artificial intelligence in clinical nutriti' | DOI: '10.1016/j.clnesp.2026.105019'
  Status: Enriched 6 field(s) during run.
  ❌ FAILED / STILL MISSING COLUMNS (1): ['Abstract']

• [Row 5310] Source: Asano-original-simplified.csv
  Title: 'Comment on "The efficacy of artificial intelligence in ' | DOI: '10.1016/j.ijcrp.2026.200668'
  Status: Enriched 5 field(s) during run.
  ❌ FAILED / STILL MISSING COLUMNS (2): ['Abstract', 'Article References']

• [Row 5311] Source: Asano-original-simplified.csv
  Title: 'Identity Theft in Academia: Predatory Journals, AI, and' | DOI: '10.2196/104934'
  Status: Enriched 6 field(s) during run.
  ❌ FAILED / STILL MISSING COLUMNS (1): ['Article References']

• [Row 5312] Source: Asano-original-simplified.csv
  Title: 'Correct Enough? Board Accuracy Is Not Clinical Competen' | DOI: '10.1097/CCM.0000000000007259'
  Status: Enriched 6 field(s) during run.
  ❌ FAILED / STILL MISSING COLUMNS (1): ['Abstract']

• [Row 5313] Source: Asano-original-simplified.csv
  Title: 'Recommendations for Pathologist-Led Deployment of Artif' | DOI: '10.1016/j.labinv.2026.106131'
  Status: Enriched 6 field(s) during run.
  ❌ FAILED / STILL MISSING COLUMNS (1): ['Abstract']

• [Row 5315] Source: Asano-original-simplified.csv
  Title: 'A Custom Artificial Intelligence GPT-4 Model for Pediat' | DOI: '10.1016/j.cjca.2025.11.030'
  Status: Enriched 6 field(s) during run.
  ❌ FAILED / STILL MISSING COLUMNS (1): ['Abstract']

• [Row 5318] Source: Asano-original-simplified.csv
  Title: 'The role of artificial intelligence in psychosocial sup' | DOI: '10.1016/j.apnu.2025.151919'
  Status: Enriched 6 field(s) during run.
  ❌ FAILED / STILL MISSING COLUMNS (1): ['Abstract']

• [Row 5320] Source: Asano-original-simplified.csv
  Title: 'The Future of Artificial Intelligence-Assisted Event Ad' | DOI: '10.1016/j.jchf.2025.03.015'
  Status: Enriched 6 field(s) during run.
  ❌ FAILED / STILL MISSING COLUMNS (1): ['Abstract']

• [Row 5325] Source: Asano-original-simplified.csv
  Title: 'Artificial Intelligence Chatbots (ChatGPT and Google Ge' | DOI: '10.22599/bioj.423'
  Status: Enriched 6 field(s) during run.
  ❌ FAILED / STILL MISSING COLUMNS (1): ['Abstract']

• [Row 5327] Source: Asano-original-simplified.csv
  Title: 'Utility of conversational artificial intelligence with ' | DOI: '10.1016/j.hrthm.2024.10.007'
  Status: Enriched 6 field(s) during run.
  ❌ FAILED / STILL MISSING COLUMNS (1): ['Abstract']

• [Row 5328] Source: Asano-original-simplified.csv
  Title: 'Artificial Intelligence and Health Equity: Opportunitie' | DOI: '10.1016/j.jacadv.2024.101045'
  Status: Enriched 6 field(s) during run.
  ❌ FAILED / STILL MISSING COLUMNS (1): ['Abstract']

• [Row 5329] Source: Asano-original-simplified.csv
  Title: 'ReconGPT: A novel artificial intelligence tool and its ' | DOI: '10.1016/j.jaad.2024.08.048'
  Status: Enriched 6 field(s) during run.
  ❌ FAILED / STILL MISSING COLUMNS (1): ['Abstract']

• [Row 5331] Source: Asano-original-simplified.csv
  Title: 'Response to Letter to the Editor from Partha Pratim Ray' | DOI: '10.1007/s11604-024-01626-z'
  Status: Enriched 6 field(s) during run.
  ❌ FAILED / STILL MISSING COLUMNS (1): ['Abstract']

• [Row 5333] Source: Asano-original-simplified.csv
  Title: 'Using AI to help address skin health challenges caused ' | DOI: '10.1111/ijd.17222'
  Status: Enriched 6 field(s) during run.
  ❌ FAILED / STILL MISSING COLUMNS (1): ['Abstract']

• [Row 5335] Source: Asano-original-simplified.csv
  Title: 'Artificial Intelligence and Prediction of Response to B' | DOI: 'No DOI'
  Status: Enriched 0 field(s) during run.
  ❌ FAILED / STILL MISSING COLUMNS (5): ['Author', 'Abstract', 'Article References', 'Times Cited', 'Publication Year']

• [Row 5339] Source: Asano-original-simplified.csv
  Title: 'Beauty is in the explainable artificial intelligence (X' | DOI: '10.21037/tcr-22-2664'
  Status: Enriched 6 field(s) during run.
  ❌ FAILED / STILL MISSING COLUMNS (1): ['Abstract']

• [Row 5340] Source: Asano-original-simplified.csv
  Title: 'Consulting ChatGPT: Ethical dilemmas in language model ' | DOI: '10.1016/j.jaad.2023.02.052'
  Status: Enriched 6 field(s) during run.
  ❌ FAILED / STILL MISSING COLUMNS (1): ['Abstract']

• [Row 5341] Source: Asano-original-simplified.csv
  Title: 'Editorial: Big data and artificial intelligence technol' | DOI: '10.3389/fpls.2023.1149740'
  Status: Enriched 6 field(s) during run.
  ❌ FAILED / STILL MISSING COLUMNS (1): ['Article References']

• [Row 5383] Source: Asano-original-simplified.csv
  Title: 'Should Doctor Robot possess moral empathy?' | DOI: '10.1111/bioe.13345'
  Status: Enriched 6 field(s) during run.
  ❌ FAILED / STILL MISSING COLUMNS (1): ['Article References']

• [Row 5388] Source: Asano-original-simplified.csv
  Title: 'Radiologists and Radiographers Perspectives on Artifi' | DOI: '10.2174/0115734056250970231117111810'
  Status: Enriched 6 field(s) during run.
  ❌ FAILED / STILL MISSING COLUMNS (1): ['Article References']

• [Row 5404] Source: Asano-original-simplified.csv
  Title: '[Comparative study of two software for the detection of' | DOI: '10.1684/orthodfr.2022.73'
  Status: Enriched 6 field(s) during run.
  ❌ FAILED / STILL MISSING COLUMNS (1): ['Article References']

• [Row 5436] Source: Asano-original-simplified.csv
  Title: '[Current applications of artificial intelligence in tum' | DOI: '10.3760/cma.j.issn.0253-3766.2018.12.002'
  Status: Enriched 6 field(s) during run.
  ❌ FAILED / STILL MISSING COLUMNS (1): ['Article References']

• [Row 5438] Source: Asano-original-simplified.csv
  Title: '[Artificial intelligence to assist clinical diagnosis i' | DOI: 'No DOI'
  Status: Enriched 1 field(s) during run.
  ❌ FAILED / STILL MISSING COLUMNS (4): ['Author', 'Article References', 'Times Cited', 'Publication Year']

• [Row 5440] Source: Asano-original-simplified.csv
  Title: 'Pricing Simulator for AI-Based Diagnostic Decision Supp' | DOI: '10.3233/SHTI260802'
  Status: Enriched 6 field(s) during run.
  ❌ FAILED / STILL MISSING COLUMNS (1): ['Article References']

• [Row 5450] Source: Asano-original-simplified.csv
  Title: 'The Role of Artificial Intelligence for the Radiotherap' | DOI: '10.1097/PPO.0000000000000809'
  Status: Enriched 6 field(s) during run.
  ❌ FAILED / STILL MISSING COLUMNS (1): ['Article References']

• [Row 5452] Source: Asano-original-simplified.csv
  Title: 'Artificial Intelligence Readiness Among Young Family Do' | DOI: '10.1370/afm.250045'
  Status: Enriched 6 field(s) during run.
  ❌ FAILED / STILL MISSING COLUMNS (1): ['Article References']

• [Row 5457] Source: Asano-original-simplified.csv
  Title: 'Leveraging ChatGPT-4 for Evidence Synthesis: A Case Stu' | DOI: '10.3233/SHTI251488'
  Status: Enriched 6 field(s) during run.
  ❌ FAILED / STILL MISSING COLUMNS (1): ['Article References']

• [Row 5460] Source: Asano-original-simplified.csv
  Title: 'Utilization of Artificial Intelligence Algorithms for t' | DOI: 'No DOI'
  Status: Enriched 1 field(s) during run.
  ❌ FAILED / STILL MISSING COLUMNS (4): ['Author', 'Article References', 'Times Cited', 'Publication Year']

• [Row 5473] Source: Asano-original-simplified.csv
  Title: 'Zogala D. Artificial intelligence in medical imaging' | DOI: 'No DOI'
  Status: Enriched 1 field(s) during run.
  ❌ FAILED / STILL MISSING COLUMNS (4): ['Author', 'Article References', 'Times Cited', 'Publication Year']

• [Row 5496] Source: Asano-original-simplified.csv
  Title: 'Research Progress of Automatic Diatom Test by Artificia' | DOI: '10.12116/j.issn.1004-5619.2021.410404'
  Status: Enriched 6 field(s) during run.
  ❌ FAILED / STILL MISSING COLUMNS (1): ['Article References']

• [Row 5501] Source: Asano-original-simplified.csv
  Title: 'Artificial intelligence in radiology: Are Saudi residen' | DOI: '10.15537/smj.2022.43.1.20210337'
  Status: Enriched 6 field(s) during run.
  ❌ FAILED / STILL MISSING COLUMNS (1): ['Article References']

• [Row 5502] Source: Asano-original-simplified.csv
  Title: '[A Reflection on Nursing Education: Assuring the Readin' | DOI: '10.6224/JN.202112_68(6).05'
  Status: Enriched 6 field(s) during run.
  ❌ FAILED / STILL MISSING COLUMNS (1): ['Article References']

• [Row 5520] Source: Asano-original-simplified.csv
  Title: 'Artificial intelligence in dentistry: current applicati' | DOI: '10.3290/j.qi.a43952'
  Status: Enriched 6 field(s) during run.
  ❌ FAILED / STILL MISSING COLUMNS (1): ['Article References']

• [Row 5526] Source: Asano-original-simplified.csv
  Title: 'Possibilities of using artificial intelligence in ortho' | DOI: '10.36740/WLek/220838'
  Status: Enriched 3 field(s) during run.
  ❌ FAILED / STILL MISSING COLUMNS (3): ['Article References', 'Times Cited', 'Publication Year']

• [Row 5539] Source: Asano-original-simplified.csv
  Title: 'Can AI chatbots accurately provide information on ortho' | DOI: '10.2319/121424-1021.1'
  Status: Enriched 6 field(s) during run.
  ❌ FAILED / STILL MISSING COLUMNS (1): ['Article References']

• [Row 5544] Source: Asano-original-simplified.csv
  Title: 'Integrating Artificial Intelligence into Mixed Reality ' | DOI: '10.3233/SHTI250971'
  Status: Enriched 6 field(s) during run.
  ❌ FAILED / STILL MISSING COLUMNS (1): ['Article References']

• [Row 5549] Source: Asano-original-simplified.csv
  Title: 'Artificial Intelligence in Cognitive Decline Diagnosis:' | DOI: '10.3233/SHTI250670'
  Status: Enriched 6 field(s) during run.
  ❌ FAILED / STILL MISSING COLUMNS (1): ['Article References']

• [Row 5550] Source: Asano-original-simplified.csv
  Title: '[Research on interdisciplinary issues of artificial int' | DOI: '10.7507/1001-5515.202407052'
  Status: Enriched 6 field(s) during run.
  ❌ FAILED / STILL MISSING COLUMNS (1): ['Article References']

• [Row 5552] Source: Asano-original-simplified.csv
  Title: 'The Next Frontiers in Preventive and Personalized Healt' | DOI: '10.3961/jpmph.25.080'
  Status: Enriched 6 field(s) during run.
  ❌ FAILED / STILL MISSING COLUMNS (1): ['Article References']

• [Row 5553] Source: Asano-original-simplified.csv
  Title: 'Formative Usability Testing of Artificial Intelligence ' | DOI: '10.3233/SHTI250330'
  Status: Enriched 6 field(s) during run.
  ❌ FAILED / STILL MISSING COLUMNS (1): ['Article References']

• [Row 5554] Source: Asano-original-simplified.csv
  Title: '[Application and considerations of artificial intellige' | DOI: '10.13703/j.0255-2930.20241124-0001'
  Status: Enriched 6 field(s) during run.
  ❌ FAILED / STILL MISSING COLUMNS (1): ['Article References']

• [Row 5555] Source: Asano-original-simplified.csv
  Title: 'Development of an Interactive Online Course on Artifici' | DOI: '10.3233/SHTI250142'
  Status: Enriched 6 field(s) during run.
  ❌ FAILED / STILL MISSING COLUMNS (1): ['Article References']

• [Row 5566] Source: Asano-original-simplified.csv
  Title: 'Universally Designed Augmented Reality as Interface for' | DOI: '10.3233/SHTI241043'
  Status: Enriched 6 field(s) during run.
  ❌ FAILED / STILL MISSING COLUMNS (1): ['Article References']

• [Row 5627] Source: Asano-original-simplified.csv
  Title: '[Chest radiological lesions in COVID-19 : from classica' | DOI: 'No DOI'
  Status: Enriched 1 field(s) during run.
  ❌ FAILED / STILL MISSING COLUMNS (4): ['Author', 'Article References', 'Times Cited', 'Publication Year']

• [Row 5628] Source: Asano-original-simplified.csv
  Title: '[Technical Realization of Integrating Bone Age Artifici' | DOI: '10.3969/j.issn.1671-7104.2020.05.008'
  Status: Enriched 6 field(s) during run.
  ❌ FAILED / STILL MISSING COLUMNS (1): ['Article References']

• [Row 5639] Source: Asano-original-simplified.csv
  Title: 'Artificial intelligence for science: The easy and hard ' | DOI: '10.1098/rsta.2024.0530'
  Status: Enriched 6 field(s) during run.
  ❌ FAILED / STILL MISSING COLUMNS (1): ['Article References']

• [Row 5640] Source: Asano-original-simplified.csv
  Title: 'Artificial Intelligence as a Catalyst for Quality, Safe' | DOI: 'No DOI'
  Status: Enriched 1 field(s) during run.
  ❌ FAILED / STILL MISSING COLUMNS (4): ['Author', 'Article References', 'Times Cited', 'Publication Year']

• [Row 5644] Source: Asano-original-simplified.csv
  Title: 'Clinician Perceptions of Generative Artificial Intellig' | DOI: 'No DOI'
  Status: Enriched 1 field(s) during run.
  ❌ FAILED / STILL MISSING COLUMNS (4): ['Author', 'Article References', 'Times Cited', 'Publication Year']

• [Row 5655] Source: Asano-original-simplified.csv
  Title: 'Artificial Intelligence in Hemophilia Management: Revol' | DOI: '10.1159/000546954'
  Status: Enriched 6 field(s) during run.
  ❌ FAILED / STILL MISSING COLUMNS (1): ['Article References']

• [Row 5661] Source: Asano-original-simplified.csv
  Title: 'Correction: Artificial intelligence and machine learnin' | DOI: '10.3389/fruro.2026.1962187'
  Status: Enriched 6 field(s) during run.
  ❌ FAILED / STILL MISSING COLUMNS (1): ['Article References']

• [Row 5662] Source: Asano-original-simplified.csv
  Title: 'The impact of artificial intelligence evolution on the ' | DOI: '10.1016/j.jds.2026.01.020'
  Status: Enriched 6 field(s) during run.
  ❌ FAILED / STILL MISSING COLUMNS (1): ['Abstract']

• [Row 5663] Source: Asano-original-simplified.csv
  Title: 'Perspective: The Future of Peritoneal Dialysis in the E' | DOI: '10.1159/bpu/abpag005'
  Status: Enriched 5 field(s) during run.
  ❌ FAILED / STILL MISSING COLUMNS (2): ['Abstract', 'Article References']

• [Row 5665] Source: Asano-original-simplified.csv
  Title: 'Comment on "A novel artificial intelligence-based endos' | DOI: '10.1007/s00535-026-02470-w'
  Status: Enriched 6 field(s) during run.
  ❌ FAILED / STILL MISSING COLUMNS (1): ['Abstract']

• [Row 5667] Source: Asano-original-simplified.csv
  Title: 'Monitoring What Matters: Artificial Intelligence, Inspi' | DOI: '10.1097/CCM.0000000000007197'
  Status: Enriched 6 field(s) during run.
  ❌ FAILED / STILL MISSING COLUMNS (1): ['Abstract']

• [Row 5668] Source: Asano-original-simplified.csv
  Title: 'The Use of Artificial Intelligence in Dermatology for S' | DOI: '10.1177/12034754261442937'
  Status: Enriched 6 field(s) during run.
  ❌ FAILED / STILL MISSING COLUMNS (1): ['Abstract']

• [Row 5670] Source: Asano-original-simplified.csv
  Title: 'Artificial intelligence in early heart failure detectio' | DOI: '10.3389/fcvm.2026.1717911'
  Status: Enriched 6 field(s) during run.
  ❌ FAILED / STILL MISSING COLUMNS (1): ['Abstract']

• [Row 5671] Source: Asano-original-simplified.csv
  Title: 'Letter to the editor: "From promise to practice: A road' | DOI: '10.1016/j.jcrc.2026.155548'
  Status: Enriched 6 field(s) during run.
  ❌ FAILED / STILL MISSING COLUMNS (1): ['Abstract']

• [Row 5672] Source: Asano-original-simplified.csv
  Title: 'Editorial: Technology developments and clinical applica' | DOI: '10.3389/fneur.2026.1802039'
  Status: Enriched 6 field(s) during run.
  ❌ FAILED / STILL MISSING COLUMNS (1): ['Article References']

• [Row 5673] Source: Asano-original-simplified.csv
  Title: 'Ethical implications of artificial intelligence languag' | DOI: '10.1016/j.jaad.2026.02.117'
  Status: Enriched 6 field(s) during run.
  ❌ FAILED / STILL MISSING COLUMNS (1): ['Abstract']

• [Row 5674] Source: Asano-original-simplified.csv
  Title: 'Is there a role for deep neural networks-based artifici' | DOI: '10.1016/j.gassur.2026.102385'
  Status: Enriched 6 field(s) during run.
  ❌ FAILED / STILL MISSING COLUMNS (1): ['Abstract']

• [Row 5677] Source: Asano-original-simplified.csv
  Title: 'Use of artificial intelligence for dermatologic diagnos' | DOI: '10.1016/j.jaad.2025.11.069'
  Status: Enriched 6 field(s) during run.
  ❌ FAILED / STILL MISSING COLUMNS (1): ['Abstract']

• [Row 5680] Source: Asano-original-simplified.csv
  Title: 'Response to Thakker et al, "Bridging the dermatological' | DOI: '10.1016/j.jaad.2025.08.127'
  Status: Enriched 6 field(s) during run.
  ❌ FAILED / STILL MISSING COLUMNS (1): ['Abstract']

• [Row 5681] Source: Asano-original-simplified.csv
  Title: 'Beyond Sun Protection Factor: The Future of Personalize' | DOI: '10.1016/j.jid.2025.08.008'
  Status: Enriched 6 field(s) during run.
  ❌ FAILED / STILL MISSING COLUMNS (1): ['Abstract']

• [Row 5682] Source: Asano-original-simplified.csv
  Title: 'Editorial: Towards the embedding of artificial intellig' | DOI: '10.3389/fgene.2025.1562092'
  Status: Enriched 6 field(s) during run.
  ❌ FAILED / STILL MISSING COLUMNS (1): ['Article References']

• [Row 5683] Source: Asano-original-simplified.csv
  Title: 'Editorial: Emerging artificial intelligence technologie' | DOI: '10.3389/fnins.2024.1518442'
  Status: Enriched 6 field(s) during run.
  ❌ FAILED / STILL MISSING COLUMNS (1): ['Article References']

• [Row 5684] Source: Asano-original-simplified.csv
  Title: 'Artificial Intelligence in Orthodontics: Concerns, Conj' | DOI: '10.1016/j.identj.2024.11.002'
  Status: Enriched 6 field(s) during run.
  ❌ FAILED / STILL MISSING COLUMNS (1): ['Abstract']

• [Row 5685] Source: Asano-original-simplified.csv
  Title: 'Artificial Intelligence Led Telephone Triage of Patient' | DOI: '10.1111/coa.14226'
  Status: Enriched 6 field(s) during run.
  ❌ FAILED / STILL MISSING COLUMNS (1): ['Abstract']

• [Row 5686] Source: Asano-original-simplified.csv
  Title: 'AI-based computational H&E staining in lymphomas' | DOI: '10.1007/s12308-024-00590-x'
  Status: Enriched 6 field(s) during run.
  ❌ FAILED / STILL MISSING COLUMNS (1): ['Abstract']

• [Row 5691] Source: Asano-original-simplified.csv
  Title: 'ChatGPT and conversational artificial intelligence: Eth' | DOI: '10.1016/j.ajem.2023.06.023'
  Status: Enriched 6 field(s) during run.
  ❌ FAILED / STILL MISSING COLUMNS (1): ['Abstract']

• [Row 5693] Source: Asano-original-simplified.csv
  Title: 'Editorial: Artificial intelligence technology and the a' | DOI: '10.3389/fmedt.2022.989983'
  Status: Enriched 6 field(s) during run.
  ❌ FAILED / STILL MISSING COLUMNS (1): ['Article References']

• [Row 5696] Source: Asano-original-simplified.csv
  Title: 'Re: Artificial Intelligence for Diagnosis and Grading o' | DOI: '10.1016/j.eururo.2020.04.010'
  Status: Enriched 6 field(s) during run.
  ❌ FAILED / STILL MISSING COLUMNS (1): ['Abstract']

• [Row 5697] Source: Asano-original-simplified.csv
  Title: 'AI, people, and society' | DOI: '10.1126/science.aao2466'
  Status: Enriched 6 field(s) during run.
  ❌ FAILED / STILL MISSING COLUMNS (1): ['Article References']

• [Row 5716] Source: Asano-original-simplified.csv
  Title: 'Editorial: Advances in artificial intelligence (AI) in ' | DOI: '10.3389/fnhum.2023.1320536'
  Status: Enriched 6 field(s) during run.
  ❌ FAILED / STILL MISSING COLUMNS (1): ['Article References']

• [Row 5719] Source: Asano-original-simplified.csv
  Title: '[Artificial intelligence based on images in ophthalmolo' | DOI: '10.3760/cma.j.cn112142-20201224-00842'
  Status: Enriched 6 field(s) during run.
  ❌ FAILED / STILL MISSING COLUMNS (1): ['Article References']

• [Row 5721] Source: Asano-original-simplified.csv
  Title: 'Quantitative microscopy and artificial intelligence: so' | DOI: 'No DOI'
  Status: Enriched 1 field(s) during run.
  ❌ FAILED / STILL MISSING COLUMNS (4): ['Author', 'Article References', 'Times Cited', 'Publication Year']

• [Row 5722] Source: Asano-original-simplified.csv
  Title: 'Possible contribution of artificial intelligence to oph' | DOI: '10.26444/aaem/209777'
  Status: Enriched 6 field(s) during run.
  ❌ FAILED / STILL MISSING COLUMNS (1): ['Article References']

• [Row 5723] Source: Asano-original-simplified.csv
  Title: '[Bioethics and human person in the context of emerging ' | DOI: '10.30444/CB.188'
  Status: Enriched 6 field(s) during run.
  ❌ FAILED / STILL MISSING COLUMNS (1): ['Article References']

• [Row 5729] Source: Asano-original-simplified.csv
  Title: '[Artificial Intelligence: applications for the operatin' | DOI: 'No DOI'
  Status: Enriched 1 field(s) during run.
  ❌ FAILED / STILL MISSING COLUMNS (4): ['Author', 'Article References', 'Times Cited', 'Publication Year']

• [Row 5730] Source: Asano-original-simplified.csv
  Title: 'Editorial: Current and future role of artificial intell' | DOI: '10.3389/fcvm.2023.1220836'
  Status: Enriched 6 field(s) during run.
  ❌ FAILED / STILL MISSING COLUMNS (1): ['Article References']

• [Row 5732] Source: Asano-original-simplified.csv
  Title: 'Use of Artificial Intelligence in Dentistry: Current Cl' | DOI: 'No DOI'
  Status: Enriched 1 field(s) during run.
  ❌ FAILED / STILL MISSING COLUMNS (4): ['Author', 'Article References', 'Times Cited', 'Publication Year']

• [Row 5733] Source: Asano-original-simplified.csv
  Title: 'Let AI Take the Strain' | DOI: '10.1016/j.jcmg.2021.05.012'
  Status: Enriched 6 field(s) during run.
  ❌ FAILED / STILL MISSING COLUMNS (1): ['Abstract']

• [Row 5734] Source: Asano-original-simplified.csv
  Title: '[Present and future: artificial intelligence in medical' | DOI: '10.3760/cma.j.cn112137-20201213-03351'
  Status: Enriched 6 field(s) during run.
  ❌ FAILED / STILL MISSING COLUMNS (1): ['Article References']

• [Row 5737] Source: Asano-original-simplified.csv
  Title: 'The Future of Artificial Intelligence in Radiation Onco' | DOI: '10.1016/j.ijrobp.2018.05.072'
  Status: Enriched 6 field(s) during run.
  ❌ FAILED / STILL MISSING COLUMNS (1): ['Abstract']

• [Row 5738] Source: Asano-original-simplified.csv
  Title: '[Artificial intelligence in medicine: project of a mobi' | DOI: 'No DOI'
  Status: Enriched 1 field(s) during run.
  ❌ FAILED / STILL MISSING COLUMNS (4): ['Author', 'Article References', 'Times Cited', 'Publication Year']

• [Row 5739] Source: Asano-original-simplified.csv
  Title: '[Teaching reform and practice of a project-based gradua' | DOI: '10.13345/j.cjb.260078'
  Status: Enriched 6 field(s) during run.
  ❌ FAILED / STILL MISSING COLUMNS (1): ['Article References']

• [Row 5741] Source: Asano-original-simplified.csv
  Title: 'Artificial Intelligence in Dental Practice: Current Tre' | DOI: '10.4103/aam.aam_413_26'
  Status: Enriched 6 field(s) during run.
  ❌ FAILED / STILL MISSING COLUMNS (1): ['Article References']

• [Row 5748] Source: Asano-original-simplified.csv
  Title: 'Incorporating artificial intelligence into morphologica' | DOI: '10.3892/or.2026.9120'
  Status: Enriched 6 field(s) during run.
  ❌ FAILED / STILL MISSING COLUMNS (1): ['Article References']

• [Row 5755] Source: Asano-original-simplified.csv
  Title: 'Application of ultrasound and artificial intelligence i' | DOI: '10.16288/j.yczz.25-070'
  Status: Enriched 6 field(s) during run.
  ❌ FAILED / STILL MISSING COLUMNS (1): ['Article References']

• [Row 5765] Source: Asano-original-simplified.csv
  Title: 'Pros, Cons and Limits of AI in Public Health' | DOI: '10.3233/SHTI250303'
  Status: Enriched 6 field(s) during run.
  ❌ FAILED / STILL MISSING COLUMNS (1): ['Article References']

• [Row 5766] Source: Asano-original-simplified.csv
  Title: 'Artificial intelligence for chronic total occlusion per' | DOI: '10.25270/jic/25.00089'
  Status: Enriched 6 field(s) during run.
  ❌ FAILED / STILL MISSING COLUMNS (1): ['Article References']

• [Row 5768] Source: Asano-original-simplified.csv
  Title: 'What Is in There for Artificial Intelligence to Support' | DOI: '10.3233/SHTI250208'
  Status: Enriched 6 field(s) during run.
  ❌ FAILED / STILL MISSING COLUMNS (1): ['Article References']

• [Row 5788] Source: Asano-original-simplified.csv
  Title: '[The Future of Nursing Education: Necessary Elements an' | DOI: '10.6224/JN.202404_71(2).05'
  Status: Enriched 6 field(s) during run.
  ❌ FAILED / STILL MISSING COLUMNS (1): ['Article References']

• [Row 5848] Source: Asano-original-simplified.csv
  Title: '[Artificial Intelligence in Smart Health: Investigation' | DOI: '10.6224/JN.201904_66(2).02'
  Status: Enriched 6 field(s) during run.
  ❌ FAILED / STILL MISSING COLUMNS (1): ['Article References']

• [Row 5850] Source: Asano-original-simplified.csv
  Title: 'Artificial Intelligence and the Journal of Allied Healt' | DOI: 'No DOI'
  Status: Enriched 1 field(s) during run.
  ❌ FAILED / STILL MISSING COLUMNS (4): ['Author', 'Article References', 'Times Cited', 'Publication Year']

• [Row 5852] Source: Asano-original-simplified.csv
  Title: 'Ethical Concerns for Remote Computer Perception in Card' | DOI: '10.1161/CIRCOUTCOMES.123.010717'
  Status: Enriched 6 field(s) during run.
  ❌ FAILED / STILL MISSING COLUMNS (1): ['Abstract']

• [Row 5855] Source: Asano-original-simplified.csv
  Title: '[The Swecrit Biobank, associated clinical registries, a' | DOI: 'No DOI'
  Status: Enriched 1 field(s) during run.
  ❌ FAILED / STILL MISSING COLUMNS (4): ['Author', 'Article References', 'Times Cited', 'Publication Year']

• [Row 5856] Source: Asano-original-simplified.csv
  Title: '[Artificial intelligence applied to the electrocardiogr' | DOI: '10.1701/3981.39634'
  Status: Enriched 6 field(s) during run.
  ❌ FAILED / STILL MISSING COLUMNS (1): ['Article References']

• [Row 5858] Source: Asano-original-simplified.csv
  Title: 'Revival and Revision of Right Ventricular Assessment by' | DOI: '10.1016/j.jcmg.2022.01.019'
  Status: Enriched 6 field(s) during run.
  ❌ FAILED / STILL MISSING COLUMNS (1): ['Abstract']

• [Row 5859] Source: Asano-original-simplified.csv
  Title: '[Artificial intelligence and big data in healthcare: Ci' | DOI: '10.1701/3710.37000'
  Status: Enriched 6 field(s) during run.
  ❌ FAILED / STILL MISSING COLUMNS (1): ['Article References']

• [Row 5864] Source: Asano-original-simplified.csv
  Title: 'Revolutionizing Gastrointestinal Endoscopy: Artificial ' | DOI: '10.1016/j.giec.2024.12.011'
  Status: Enriched 5 field(s) during run.
  ❌ FAILED / STILL MISSING COLUMNS (2): ['Abstract', 'Article References']

• [Row 5867] Source: Asano-original-simplified.csv
  Title: 'Artificial intelligence to transform public health in A' | DOI: '10.1016/S1473-3099(24)00435-3'
  Status: Enriched 6 field(s) during run.
  ❌ FAILED / STILL MISSING COLUMNS (1): ['Abstract']

• [Row 5868] Source: Asano-original-simplified.csv
  Title: 'How Artificial Intelligence is changing scientific publ' | DOI: '10.1016/j.pulmoe.2024.04.011'
  Status: Enriched 6 field(s) during run.
  ❌ FAILED / STILL MISSING COLUMNS (1): ['Abstract']

• [Row 5869] Source: Asano-original-simplified.csv
  Title: 'Harnessing generative artificial intelligence for menin' | DOI: '10.1007/s10143-024-02404-1'
  Status: Enriched 6 field(s) during run.
  ❌ FAILED / STILL MISSING COLUMNS (1): ['Abstract']

• [Row 5870] Source: Asano-original-simplified.csv
  Title: 'Artificial Intelligence and Scholarly Publication in Fo' | DOI: '10.1177/10711007241232288'
  Status: Enriched 6 field(s) during run.
  ❌ FAILED / STILL MISSING COLUMNS (1): ['Abstract']

• [Row 5872] Source: Asano-original-simplified.csv
  Title: 'Letter to the editor, "How does artificial intelligence' | DOI: '10.1007/s00345-024-04844-2'
  Status: Enriched 6 field(s) during run.
  ❌ FAILED / STILL MISSING COLUMNS (1): ['Abstract']

• [Row 5873] Source: Asano-original-simplified.csv
  Title: 'Artificial Intelligence in Healthcare: A Revolutionary ' | DOI: '10.4274/balkanmedj.galenos.2024.2024-250124'
  Status: Enriched 6 field(s) during run.
  ❌ FAILED / STILL MISSING COLUMNS (1): ['Abstract']

• [Row 5875] Source: Asano-original-simplified.csv
  Title: 'The global patent landscape of artificial intelligence ' | DOI: '10.1038/s41587-023-02051-9'
  Status: Enriched 6 field(s) during run.
  ❌ FAILED / STILL MISSING COLUMNS (1): ['Abstract']

• [Row 5877] Source: Asano-original-simplified.csv
  Title: 'AI should focus on equity in pandemic preparedness' | DOI: '10.1038/d41586-023-03608-z'
  Status: Enriched 5 field(s) during run.
  ❌ FAILED / STILL MISSING COLUMNS (2): ['Abstract', 'Article References']

• [Row 5880] Source: Asano-original-simplified.csv
  Title: 'Research on the digital application of telemedicine bas' | DOI: '10.23736/S0026-4806.23.08814-6'
  Status: Enriched 6 field(s) during run.
  ❌ FAILED / STILL MISSING COLUMNS (1): ['Abstract']

• [Row 5881] Source: Asano-original-simplified.csv
  Title: '"The role of artificial intelligence in the future of u' | DOI: '10.1007/s00192-023-05624-z'
  Status: Enriched 5 field(s) during run.
  ❌ FAILED / STILL MISSING COLUMNS (2): ['Abstract', 'Article References']

• [Row 5884] Source: Asano-original-simplified.csv
  Title: 'Barriers to access: findings from an implementation stu' | DOI: '10.1016/j.fertnstert.2023.04.016'
  Status: Enriched 6 field(s) during run.
  ❌ FAILED / STILL MISSING COLUMNS (1): ['Abstract']

• [Row 5887] Source: Asano-original-simplified.csv
  Title: 'Surgical Clinics, Surgical Decision Making, Evidence, a' | DOI: '10.1016/j.suc.2023.01.002'
  Status: Enriched 5 field(s) during run.
  ❌ FAILED / STILL MISSING COLUMNS (2): ['Abstract', 'Article References']

• [Row 5888] Source: Asano-original-simplified.csv
  Title: 'ChatGPT, 'polypsychic' artificial intelligence, and psy' | DOI: '10.1016/j.ajp.2023.103548'
  Status: Enriched 6 field(s) during run.
  ❌ FAILED / STILL MISSING COLUMNS (1): ['Abstract']

• [Row 5890] Source: Asano-original-simplified.csv
  Title: 'Introduction to the Veterinary Radiology & Ultrasound S' | DOI: '10.1111/vru.13187'
  Status: Enriched 6 field(s) during run.
  ❌ FAILED / STILL MISSING COLUMNS (1): ['Abstract']

• [Row 5891] Source: Asano-original-simplified.csv
  Title: 'Artificial Intelligence and Clinical Reasoning-a Way to' | DOI: '10.1007/s11606-022-07831-8'
  Status: Enriched 6 field(s) during run.
  ❌ FAILED / STILL MISSING COLUMNS (1): ['Abstract']

• [Row 5893] Source: Asano-original-simplified.csv
  Title: 'Artificial Intelligence Improves Radiologist Performanc' | DOI: '10.1148/radiol.220571'
  Status: Enriched 6 field(s) during run.
  ❌ FAILED / STILL MISSING COLUMNS (1): ['Abstract']

• [Row 5895] Source: Asano-original-simplified.csv
  Title: 'Establishing Artificial Intelligence and Reducing Healt' | DOI: '10.7754/Clin.Lab.2021.210848'
  Status: Enriched 6 field(s) during run.
  ❌ FAILED / STILL MISSING COLUMNS (1): ['Article References']

• [Row 5896] Source: Asano-original-simplified.csv
  Title: 'Yulong Li' | DOI: '10.1016/j.neuron.2021.10.013'
  Status: Enriched 5 field(s) during run.
  ❌ FAILED / STILL MISSING COLUMNS (2): ['Author', 'Article References']

• [Row 5897] Source: Asano-original-simplified.csv
  Title: 'Artificial intelligence and gender bias in hiring surge' | DOI: '10.1016/j.amjsurg.2021.10.009'
  Status: Enriched 6 field(s) during run.
  ❌ FAILED / STILL MISSING COLUMNS (1): ['Abstract']

• [Row 5899] Source: Asano-original-simplified.csv
  Title: '[Current status and trends of pediatric pathology based' | DOI: '10.3760/cma.j.cn112151-20201118-00850'
  Status: Enriched 6 field(s) during run.
  ❌ FAILED / STILL MISSING COLUMNS (1): ['Article References']

• [Row 5900] Source: Asano-original-simplified.csv
  Title: 'Artificial Intelligence to Diagnose Heart Failure Based' | DOI: '10.1016/j.cjca.2021.02.016'
  Status: Enriched 6 field(s) during run.
  ❌ FAILED / STILL MISSING COLUMNS (1): ['Abstract']

• [Row 5901] Source: Asano-original-simplified.csv
  Title: 'A Health Rights Impact Assessment Guide for Artificial ' | DOI: 'No DOI'
  Status: Enriched 0 field(s) during run.
  ❌ FAILED / STILL MISSING COLUMNS (5): ['Author', 'Abstract', 'Article References', 'Times Cited', 'Publication Year']

• [Row 5902] Source: Asano-original-simplified.csv
  Title: 'Electric Dreams of Ukiyo: A Series of Japanese Artworks' | DOI: '10.1016/j.patter.2020.100026'
  Status: Enriched 6 field(s) during run.
  ❌ FAILED / STILL MISSING COLUMNS (1): ['Article References']

• [Row 5908] Source: Asano-original-simplified.csv
  Title: 'In Peer (Artificial Intelligence) Review We Trust' | DOI: '10.1016/j.eururo.2019.04.011'
  Status: Enriched 6 field(s) during run.
  ❌ FAILED / STILL MISSING COLUMNS (1): ['Abstract']

• [Row 5910] Source: Asano-original-simplified.csv
  Title: 'Artificial Intelligence in Oncology: Current Applicatio' | DOI: 'No DOI'
  Status: Enriched 0 field(s) during run.
  ❌ FAILED / STILL MISSING COLUMNS (5): ['Author', 'Abstract', 'Article References', 'Times Cited', 'Publication Year']

• [Row 5911] Source: Asano-original-simplified.csv
  Title: 'Artificial Intelligence in Radiology: Resident Recruitm' | DOI: '10.1016/j.acra.2019.01.005'
  Status: Enriched 6 field(s) during run.
  ❌ FAILED / STILL MISSING COLUMNS (1): ['Abstract']

• [Row 5912] Source: Asano-original-simplified.csv
  Title: 'The FDA and Artificial Intelligence in Radiology: Defin' | DOI: '10.1016/j.jacr.2018.09.057'
  Status: Enriched 6 field(s) during run.
  ❌ FAILED / STILL MISSING COLUMNS (1): ['Abstract']

• [Row 5914] Source: Asano-original-simplified.csv
  Title: 'Obituary. Seymour Papert (1928-2016)' | DOI: '10.1038/537308a'
  Status: Enriched 5 field(s) during run.
  ❌ FAILED / STILL MISSING COLUMNS (2): ['Abstract', 'Article References']

• [Row 5915] Source: Asano-original-simplified.csv
  Title: 'Radiologic diagnosis of bone tumours using Webonex, a W' | DOI: 'No DOI'
  Status: Enriched 0 field(s) during run.
  ❌ FAILED / STILL MISSING COLUMNS (5): ['Author', 'Abstract', 'Article References', 'Times Cited', 'Publication Year']

• [Row 5916] Source: Asano-original-simplified.csv
  Title: 'Scheduling personnel with an artificial intelligence pr' | DOI: 'No DOI'
  Status: Enriched 0 field(s) during run.
  ❌ FAILED / STILL MISSING COLUMNS (5): ['Author', 'Abstract', 'Article References', 'Times Cited', 'Publication Year']

• [Row 5917] Source: Asano-original-simplified.csv
  Title: '[Health for whom? Intersectionality and biases in the u' | DOI: '10.23938/ASSN.1077'
  Status: Enriched 6 field(s) during run.
  ❌ FAILED / STILL MISSING COLUMNS (1): ['Abstract']

• [Row 5935] Source: Asano-original-simplified.csv
  Title: 'Innovative Application of Large Language Models in Biol' | DOI: '10.3881/j.issn.1000-503X.16605'
  Status: Enriched 6 field(s) during run.
  ❌ FAILED / STILL MISSING COLUMNS (1): ['Article References']

• [Row 5968] Source: Asano-original-simplified.csv
  Title: 'Artificial Intelligence and Radiomics to Enhance the Qu' | DOI: '10.29271/jcpsp.2026.02.139'
  Status: Enriched 6 field(s) during run.
  ❌ FAILED / STILL MISSING COLUMNS (1): ['Article References']

• [Row 5969] Source: Asano-original-simplified.csv
  Title: 'Reply to: "Artificial Intelligence Content Detector in ' | DOI: '10.1245/s10434-024-16001-5'
  Status: Enriched 6 field(s) during run.
  ❌ FAILED / STILL MISSING COLUMNS (1): ['Abstract']

• [Row 5970] Source: Asano-original-simplified.csv
  Title: '[Artificial intelligence (AI) in age-related macular de' | DOI: '10.1007/s00347-024-02069-7'
  Status: Enriched 5 field(s) during run.
  ❌ FAILED / STILL MISSING COLUMNS (2): ['Abstract', 'Article References']

• [Row 5972] Source: Asano-original-simplified.csv
  Title: 'Editorial Comment: The Radiologist's Role in Artificial' | DOI: '10.2214/AJR.24.31555'
  Status: Enriched 6 field(s) during run.
  ❌ FAILED / STILL MISSING COLUMNS (1): ['Abstract']

• [Row 5974] Source: Asano-original-simplified.csv
  Title: 'Artificial intelligence and master urological board exa' | DOI: '10.1007/s00345-024-04964-9'
  Status: Enriched 6 field(s) during run.
  ❌ FAILED / STILL MISSING COLUMNS (1): ['Abstract']

• [Row 5975] Source: Asano-original-simplified.csv
  Title: 'Artificial Intelligence and the Sense of Self of Older ' | DOI: '10.1016/j.jagp.2024.03.005'
  Status: Enriched 6 field(s) during run.
  ❌ FAILED / STILL MISSING COLUMNS (1): ['Abstract']

• [Row 5979] Source: Asano-original-simplified.csv
  Title: 'The future of digital cytology and artificial intellige' | DOI: '10.1016/j.jasc.2023.12.002'
  Status: Enriched 6 field(s) during run.
  ❌ FAILED / STILL MISSING COLUMNS (1): ['Abstract']

• [Row 5980] Source: Asano-original-simplified.csv
  Title: 'Beyond the AJR: The Utility of Artificial Intelligence ' | DOI: '10.2214/AJR.23.30596'
  Status: Enriched 6 field(s) during run.
  ❌ FAILED / STILL MISSING COLUMNS (1): ['Abstract']

• [Row 5981] Source: Asano-original-simplified.csv
  Title: 'Artificial intelligence-aided colonoscopy in 10 years' | DOI: '10.1016/j.gie.2023.11.034'
  Status: Enriched 6 field(s) during run.
  ❌ FAILED / STILL MISSING COLUMNS (1): ['Abstract']

• [Row 5982] Source: Asano-original-simplified.csv
  Title: 'Beyond the AJR: Don't Believe Everything You Read-Nearl' | DOI: '10.2214/AJR.23.30331'
  Status: Enriched 6 field(s) during run.
  ❌ FAILED / STILL MISSING COLUMNS (1): ['Abstract']

• [Row 5984] Source: Asano-original-simplified.csv
  Title: 'Applications of artificial intelligence in special care' | DOI: '10.1111/scd.12911'
  Status: Enriched 6 field(s) during run.
  ❌ FAILED / STILL MISSING COLUMNS (1): ['Abstract']

• [Row 5987] Source: Asano-original-simplified.csv
  Title: 'Artificial Intelligence Syllabus Statement: Setting Exp' | DOI: '10.1097/NNE.0000000000001456'
  Status: Enriched 6 field(s) during run.
  ❌ FAILED / STILL MISSING COLUMNS (1): ['Article References']

• [Row 5988] Source: Asano-original-simplified.csv
  Title: 'Artificial Intelligence in Body Imaging: An Overview of' | DOI: '10.1053/j.ro.2023.02.007'
  Status: Enriched 6 field(s) during run.
  ❌ FAILED / STILL MISSING COLUMNS (1): ['Abstract']

• [Row 5995] Source: Asano-original-simplified.csv
  Title: '[Getting to know artificial intelligence well is the fi' | DOI: '10.1714/3881.38642'
  Status: Enriched 5 field(s) during run.
  ❌ FAILED / STILL MISSING COLUMNS (2): ['Abstract', 'Article References']

• [Row 5996] Source: Asano-original-simplified.csv
  Title: 'Artificial Intelligence in Clinical Echocardiography: M' | DOI: '10.1016/j.echo.2022.09.009'
  Status: Enriched 6 field(s) during run.
  ❌ FAILED / STILL MISSING COLUMNS (1): ['Abstract']

• [Row 6000] Source: Asano-original-simplified.csv
  Title: 'Artificial intelligence in colonoscopy' | DOI: '10.1016/S2468-1253(21)00379-4'
  Status: Enriched 6 field(s) during run.
  ❌ FAILED / STILL MISSING COLUMNS (1): ['Abstract']

• [Row 6001] Source: Asano-original-simplified.csv
  Title: 'Tailored use of ? blockers using artificial intelligenc' | DOI: '10.1016/S0140-6736(21)01822-5'
  Status: Enriched 6 field(s) during run.
  ❌ FAILED / STILL MISSING COLUMNS (1): ['Abstract']

• [Row 6002] Source: Asano-original-simplified.csv
  Title: '[The progress of the application of artificial intellig' | DOI: '10.3760/cma.j.cn112147-20201118-01103'
  Status: Enriched 5 field(s) during run.
  ❌ FAILED / STILL MISSING COLUMNS (2): ['Abstract', 'Article References']

• [Row 6003] Source: Asano-original-simplified.csv
  Title: 'Artificial intelligence-cogito, ergo sum' | DOI: '10.1007/s10555-021-09975-1'
  Status: Enriched 6 field(s) during run.
  ❌ FAILED / STILL MISSING COLUMNS (1): ['Abstract']

• [Row 6005] Source: Asano-original-simplified.csv
  Title: 'Robo-writers: the rise and risks of language-generating' | DOI: '10.1038/d41586-021-00530-0'
  Status: Enriched 6 field(s) during run.
  ❌ FAILED / STILL MISSING COLUMNS (1): ['Abstract']

• [Row 6009] Source: Asano-original-simplified.csv
  Title: 'Artificial intelligence in vascular surgery: The next g' | DOI: '10.1016/j.jvs.2019.12.027'
  Status: Enriched 6 field(s) during run.
  ❌ FAILED / STILL MISSING COLUMNS (1): ['Abstract']

• [Row 6012] Source: Asano-original-simplified.csv
  Title: 'Artificial Intelligence in Clinical Neurosciences' | DOI: '10.1016/j.wneu.2019.03.216'
  Status: Enriched 6 field(s) during run.
  ❌ FAILED / STILL MISSING COLUMNS (1): ['Abstract']

• [Row 6017] Source: Asano-original-simplified.csv
  Title: 'Artificial Intelligence and Machine Learning: Opportuni' | DOI: '10.1016/j.jacr.2018.05.024'
  Status: Enriched 6 field(s) during run.
  ❌ FAILED / STILL MISSING COLUMNS (1): ['Abstract']

• [Row 6018] Source: Asano-original-simplified.csv
  Title: 'Editorial from the new Editor-in-Chief: Artificial Inte' | DOI: '10.1016/j.artmed.2017.01.003'
  Status: Enriched 6 field(s) during run.
  ❌ FAILED / STILL MISSING COLUMNS (1): ['Abstract']

• [Row 6020] Source: Asano-original-simplified.csv
  Title: 'Expert systems and artificial intelligence in teaching ' | DOI: 'No DOI'
  Status: Enriched 0 field(s) during run.
  ❌ FAILED / STILL MISSING COLUMNS (5): ['Author', 'Abstract', 'Article References', 'Times Cited', 'Publication Year']

• [Row 6021] Source: Asano-original-simplified.csv
  Title: 'Standards and Guidance for Transparent Disclosure of Hu' | DOI: '10.3881/j.issn.1000-503X.17531'
  Status: Enriched 1 field(s) during run.
  ❌ FAILED / STILL MISSING COLUMNS (4): ['Author', 'Article References', 'Times Cited', 'Publication Year']

• [Row 6024] Source: Asano-original-simplified.csv
  Title: 'Edentulous space classification and planning of clasp-r' | DOI: '10.3290/j.qi.b7041769'
  Status: Enriched 6 field(s) during run.
  ❌ FAILED / STILL MISSING COLUMNS (1): ['Article References']

• [Row 6025] Source: Asano-original-simplified.csv
  Title: 'Analysis of artificial intelligence errors in practical' | DOI: '10.36740/WLek/220842'
  Status: Enriched 6 field(s) during run.
  ❌ FAILED / STILL MISSING COLUMNS (1): ['Article References']

• [Row 6028] Source: Asano-original-simplified.csv
  Title: 'Responsible AI in mental healthcare: policy directions ' | DOI: '10.3389/fpubh.2026.1814039'
  Status: Enriched 6 field(s) during run.
  ❌ FAILED / STILL MISSING COLUMNS (1): ['Article References']

• [Row 6035] Source: Asano-original-simplified.csv
  Title: 'The Effect of Generative Artificial Intelligence Simula' | DOI: '10.1097/CIN.0000000000001401'
  Status: Enriched 6 field(s) during run.
  ❌ FAILED / STILL MISSING COLUMNS (1): ['Article References']

• [Row 6063] Source: Asano-original-simplified.csv
  Title: '[Diagnostic Value of Micropure Imaging Combined with St' | DOI: '10.12455/j.issn.1671-7104.230710'
  Status: Enriched 6 field(s) during run.
  ❌ FAILED / STILL MISSING COLUMNS (1): ['Article References']

• [Row 6074] Source: Asano-original-simplified.csv
  Title: '[Research status and progress of artificial intelligenc' | DOI: '10.3760/cma.j.cn112151-20260105-00013'
  Status: Enriched 5 field(s) during run.
  ❌ FAILED / STILL MISSING COLUMNS (2): ['Abstract', 'Article References']

• [Row 6075] Source: Asano-original-simplified.csv
  Title: 'Potential of artificial intelligence in public health d' | DOI: '10.1016/j.puhe.2024.03.017'
  Status: Enriched 6 field(s) during run.
  ❌ FAILED / STILL MISSING COLUMNS (1): ['Abstract']

• [Row 6076] Source: Asano-original-simplified.csv
  Title: 'The Role, Applications and Challenges of Artificial Int' | DOI: '10.1177/20501684241235760'
  Status: Enriched 5 field(s) during run.
  ❌ FAILED / STILL MISSING COLUMNS (2): ['Abstract', 'Article References']

• [Row 6078] Source: Asano-original-simplified.csv
  Title: 'Advances in Artificial Intelligence Chatbot Technology ' | DOI: '10.1001/jamaophthalmol.2023.4623'
  Status: Enriched 6 field(s) during run.
  ❌ FAILED / STILL MISSING COLUMNS (1): ['Abstract']

• [Row 6079] Source: Asano-original-simplified.csv
  Title: 'Artificial Intelligence in U.S. Health Care Delivery. R' | DOI: '10.1056/NEJMc2310288'
  Status: Enriched 6 field(s) during run.
  ❌ FAILED / STILL MISSING COLUMNS (1): ['Abstract']

• [Row 6080] Source: Asano-original-simplified.csv
  Title: 'Artificial Intelligence and Cerebrovascular Diseases: C' | DOI: '10.1159/000533967'
  Status: Enriched 6 field(s) during run.
  ❌ FAILED / STILL MISSING COLUMNS (1): ['Abstract']

• [Row 6081] Source: Asano-original-simplified.csv
  Title: '[Retinal imaging: How is artificial intelligence gainin' | DOI: '10.1007/s15006-023-2874-3'
  Status: Enriched 5 field(s) during run.
  ❌ FAILED / STILL MISSING COLUMNS (2): ['Abstract', 'Article References']

• [Row 6083] Source: Asano-original-simplified.csv
  Title: 'ChatGPT and Other Natural Language Processing Artificia' | DOI: '10.1016/j.arth.2023.06.030'
  Status: Enriched 6 field(s) during run.
  ❌ FAILED / STILL MISSING COLUMNS (1): ['Abstract']

• [Row 6084] Source: Asano-original-simplified.csv
  Title: 'Artificial Intelligence in Chronic Urticaria: Unsupervi' | DOI: '10.1016/j.ad.2022.06.035'
  Status: Enriched 6 field(s) during run.
  ❌ FAILED / STILL MISSING COLUMNS (1): ['Abstract']

• [Row 6085] Source: Asano-original-simplified.csv
  Title: 'Intelligence or artificial intelligence? More hard prob' | DOI: '10.1016/j.biopsycho.2023.108590'
  Status: Enriched 6 field(s) during run.
  ❌ FAILED / STILL MISSING COLUMNS (1): ['Abstract']

• [Row 6088] Source: Asano-original-simplified.csv
  Title: 'Artificial Intelligence Bias and Ethics in Retinal Imag' | DOI: '10.1001/jamaophthalmol.2023.1490'
  Status: Enriched 6 field(s) during run.
  ❌ FAILED / STILL MISSING COLUMNS (1): ['Abstract']

• [Row 6089] Source: Asano-original-simplified.csv
  Title: 'An Artificial Intelligence Algorithm for ADPKD: Are We ' | DOI: '10.1016/j.mayocp.2023.03.013'
  Status: Enriched 6 field(s) during run.
  ❌ FAILED / STILL MISSING COLUMNS (1): ['Abstract']

• [Row 6091] Source: Asano-original-simplified.csv
  Title: 'Academic Radiology Departments Should Lead Artificial I' | DOI: '10.1016/j.acra.2023.03.024'
  Status: Enriched 6 field(s) during run.
  ❌ FAILED / STILL MISSING COLUMNS (1): ['Abstract']

• [Row 6092] Source: Asano-original-simplified.csv
  Title: 'Artificial Intelligence and Scholarship in the 21st Cen' | DOI: '10.1016/j.tmrv.2023.02.002'
  Status: Enriched 6 field(s) during run.
  ❌ FAILED / STILL MISSING COLUMNS (1): ['Abstract']

• [Row 6094] Source: Asano-original-simplified.csv
  Title: 'Open artificial intelligence platforms in nursing educa' | DOI: '10.1016/j.nepr.2022.103537'
  Status: Enriched 6 field(s) during run.
  ❌ FAILED / STILL MISSING COLUMNS (1): ['Abstract']

• [Row 6096] Source: Asano-original-simplified.csv
  Title: 'Artificial Intelligence in Pneumology: Diagnostic and P' | DOI: '10.1016/j.arbres.2022.07.007'
  Status: Enriched 6 field(s) during run.
  ❌ FAILED / STILL MISSING COLUMNS (1): ['Abstract']

• [Row 6098] Source: Asano-original-simplified.csv
  Title: 'Can artificial intelligence be your angel to diagnose e' | DOI: '10.1016/j.gie.2021.12.042'
  Status: Enriched 6 field(s) during run.
  ❌ FAILED / STILL MISSING COLUMNS (1): ['Abstract']

• [Row 6101] Source: Asano-original-simplified.csv
  Title: 'Artificial Intelligence in Pathology' | DOI: '10.1016/j.ajpath.2021.07.011'
  Status: Enriched 6 field(s) during run.
  ❌ FAILED / STILL MISSING COLUMNS (1): ['Abstract']

• [Row 6102] Source: Asano-original-simplified.csv
  Title: 'Artificial intelligence and ophthalmology: Current stat' | DOI: '10.1016/j.oftale.2021.06.001'
  Status: Enriched 6 field(s) during run.
  ❌ FAILED / STILL MISSING COLUMNS (1): ['Abstract']

• [Row 6104] Source: Asano-original-simplified.csv
  Title: 'Artificial Intelligence Application on Point-of-Care Ul' | DOI: '10.1053/j.jvca.2021.02.064'
  Status: Enriched 6 field(s) during run.
  ❌ FAILED / STILL MISSING COLUMNS (1): ['Abstract']

• [Row 6105] Source: Asano-original-simplified.csv
  Title: 'Commentary: Artificial intelligence for pulmonary nodul' | DOI: '10.1016/j.jtcvs.2021.02.039'
  Status: Enriched 6 field(s) during run.
  ❌ FAILED / STILL MISSING COLUMNS (1): ['Abstract']

• [Row 6106] Source: Asano-original-simplified.csv
  Title: 'Patient-Specific Computer Simulation in TAVR: Is Artifi' | DOI: '10.1016/j.jcin.2020.09.011'
  Status: Enriched 6 field(s) during run.
  ❌ FAILED / STILL MISSING COLUMNS (1): ['Abstract']

• [Row 6110] Source: Asano-original-simplified.csv
  Title: 'The Age of Artificial Intelligence: Does "Why" Still Ma' | DOI: '10.1016/j.jacr.2020.05.016'
  Status: Enriched 5 field(s) during run.
  ❌ FAILED / STILL MISSING COLUMNS (2): ['Abstract', 'Article References']

• [Row 6111] Source: Asano-original-simplified.csv
  Title: 'Artificial Intelligence in Magnetic Resonance Imaging: ' | DOI: '10.1016/j.jmir.2020.04.010'
  Status: Enriched 6 field(s) during run.
  ❌ FAILED / STILL MISSING COLUMNS (1): ['Abstract']

• [Row 6112] Source: Asano-original-simplified.csv
  Title: 'Artificial Intelligence and the Role of Radiologists' | DOI: '10.1016/j.acra.2020.03.031'
  Status: Enriched 6 field(s) during run.
  ❌ FAILED / STILL MISSING COLUMNS (1): ['Abstract']

• [Row 6113] Source: Asano-original-simplified.csv
  Title: 'Ai Driven Advanced Internet Of Things (Iotx2): The Futu' | DOI: '10.14744/AnatolJCardiol.2019.73466'
  Status: Enriched 5 field(s) during run.
  ❌ FAILED / STILL MISSING COLUMNS (2): ['Abstract', 'Article References']

• [Row 6115] Source: Asano-original-simplified.csv
  Title: 'Europe's next 1-billion science projects: six teams ma' | DOI: '10.1038/d41586-019-00541-y'
  Status: Enriched 6 field(s) during run.
  ❌ FAILED / STILL MISSING COLUMNS (1): ['Article References']

• [Row 6116] Source: Asano-original-simplified.csv
  Title: 'Technification versus humanisation. Artificial intellig' | DOI: '10.1016/j.oftal.2017.11.004'
  Status: Enriched 6 field(s) during run.
  ❌ FAILED / STILL MISSING COLUMNS (1): ['Abstract']

• [Row 6118] Source: Asano-original-simplified.csv
  Title: 'WHERE WILL AI TAKE US? Westworld triggers reflections a' | DOI: 'No DOI'
  Status: Enriched 0 field(s) during run.
  ❌ FAILED / STILL MISSING COLUMNS (5): ['Author', 'Abstract', 'Article References', 'Times Cited', 'Publication Year']

• [Row 6119] Source: Asano-original-simplified.csv
  Title: 'Artificial intelligence. DARPA sets out to automate res' | DOI: '10.1126/science.347.6221.465'
  Status: Enriched 6 field(s) during run.
  ❌ FAILED / STILL MISSING COLUMNS (1): ['Article References']

• [Row 6120] Source: Asano-original-simplified.csv
  Title: '[Artificial intelligence in medicine]' | DOI: 'No DOI'
  Status: Enriched 0 field(s) during run.
  ❌ FAILED / STILL MISSING COLUMNS (5): ['Author', 'Abstract', 'Article References', 'Times Cited', 'Publication Year']

• [Row 6121] Source: Asano-original-simplified.csv
  Title: 'Artificial intelligence in forensic science: Evaluation' | DOI: '10.17219/acem/211777'
  Status: Enriched 6 field(s) during run.
  ❌ FAILED / STILL MISSING COLUMNS (1): ['Article References']

• [Row 6124] Source: Asano-original-simplified.csv
  Title: 'Advances in Artificial Intelligence for Wrist Joint Inj' | DOI: '10.7150/ijms.134301'
  Status: Enriched 6 field(s) during run.
  ❌ FAILED / STILL MISSING COLUMNS (1): ['Article References']

• [Row 6126] Source: Asano-original-simplified.csv
  Title: 'A comparison of endodontists and artificial intelligenc' | DOI: '10.2334/josnusd.25-0375'
  Status: Enriched 6 field(s) during run.
  ❌ FAILED / STILL MISSING COLUMNS (1): ['Article References']

• [Row 6127] Source: Asano-original-simplified.csv
  Title: '[Application and Reflection of Artificial Intelligence ' | DOI: '10.12182/20260560304'
  Status: Enriched 6 field(s) during run.
  ❌ FAILED / STILL MISSING COLUMNS (1): ['Article References']

• [Row 6139] Source: Asano-original-simplified.csv
  Title: 'Perspectives from a workshop: intelligent assessment in' | DOI: '10.1152/advan.00246.2024'
  Status: Enriched 6 field(s) during run.
  ❌ FAILED / STILL MISSING COLUMNS (1): ['Article References']

• [Row 6143] Source: Asano-original-simplified.csv
  Title: 'Artificial Intelligence in Medicine: A Specialty-Level ' | DOI: '10.4293/JSLS.2025.00041'
  Status: Enriched 6 field(s) during run.
  ❌ FAILED / STILL MISSING COLUMNS (1): ['Article References']

• [Row 6163] Source: Asano-original-simplified.csv
  Title: '[Research on Current Situation of Quality Management of' | DOI: '10.3969/j.issn.1671-7104.2021.02.015'
  Status: Enriched 6 field(s) during run.
  ❌ FAILED / STILL MISSING COLUMNS (1): ['Article References']

• [Row 6192] Source: Asano-original-simplified.csv
  Title: 'Unexpected Inequality: Disparate-Impact From Artificial' | DOI: 'No DOI'
  Status: Enriched 1 field(s) during run.
  ❌ FAILED / STILL MISSING COLUMNS (4): ['Author', 'Article References', 'Times Cited', 'Publication Year']

• [Row 6200] Source: Asano-original-simplified.csv
  Title: '[Artificial intelligence: the inscrutability of algorit' | DOI: '10.1701/3559.35369'
  Status: Enriched 6 field(s) during run.
  ❌ FAILED / STILL MISSING COLUMNS (1): ['Article References']

• [Row 6204] Source: Asano-original-simplified.csv
  Title: '[Bigdata, artificial intelligence and blockchain for du' | DOI: 'No DOI'
  Status: Enriched 1 field(s) during run.
  ❌ FAILED / STILL MISSING COLUMNS (4): ['Author', 'Article References', 'Times Cited', 'Publication Year']

• [Row 6206] Source: Asano-original-simplified.csv
  Title: 'Multisensor system and artificial intelligence in housi' | DOI: 'No DOI'
  Status: Enriched 1 field(s) during run.
  ❌ FAILED / STILL MISSING COLUMNS (4): ['Author', 'Article References', 'Times Cited', 'Publication Year']

• [Row 6212] Source: Asano-original-simplified.csv
  Title: 'Expert Consensus on Ethical Governance for Clinical App' | DOI: '10.3881/j.issn.1000-503X.17220'
  Status: Enriched 6 field(s) during run.
  ❌ FAILED / STILL MISSING COLUMNS (1): ['Article References']

• [Row 6217] Source: Asano-original-simplified.csv
  Title: 'Face readers' | DOI: '10.1126/science.adw6475'
  Status: Enriched 6 field(s) during run.
  ❌ FAILED / STILL MISSING COLUMNS (1): ['Article References']

• [Row 6219] Source: Asano-original-simplified.csv
  Title: 'Travel Guide From the Brave New World of Artificial Int' | DOI: '10.1001/jamasurg.2024.1645'
  Status: Enriched 6 field(s) during run.
  ❌ FAILED / STILL MISSING COLUMNS (1): ['Abstract']

• [Row 6220] Source: Asano-original-simplified.csv
  Title: 'Artificial Intelligence and Technology for AD/ADRD and ' | DOI: '10.3928/00989134-20240502-01'
  Status: Enriched 6 field(s) during run.
  ❌ FAILED / STILL MISSING COLUMNS (1): ['Abstract']

• [Row 6221] Source: Asano-original-simplified.csv
  Title: 'Critical appraisal of artificial intelligence in roboti' | DOI: '10.1016/j.surg.2024.03.022'
  Status: Enriched 6 field(s) during run.
  ❌ FAILED / STILL MISSING COLUMNS (1): ['Abstract']

• [Row 6222] Source: Asano-original-simplified.csv
  Title: 'Artificial intelligence in drug discovery: A mirage or ' | DOI: '10.1016/j.drudis.2024.103994'
  Status: Enriched 6 field(s) during run.
  ❌ FAILED / STILL MISSING COLUMNS (1): ['Abstract']

• [Row 6223] Source: Asano-original-simplified.csv
  Title: 'Revolutionizing Plastic Surgery Education: Leveraging A' | DOI: '10.1097/PRS.0000000000011477'
  Status: Enriched 6 field(s) during run.
  ❌ FAILED / STILL MISSING COLUMNS (1): ['Abstract']

• [Row 6224] Source: Asano-original-simplified.csv
  Title: 'Artificial intelligence-based application in multiple m' | DOI: '10.1007/s00259-024-06711-z'
  Status: Enriched 6 field(s) during run.
  ❌ FAILED / STILL MISSING COLUMNS (1): ['Abstract']

• [Row 6226] Source: Asano-original-simplified.csv
  Title: 'Launching a New Era of Artificial Intelligence in Healt' | DOI: '10.1148/radiol.240474'
  Status: Enriched 6 field(s) during run.
  ❌ FAILED / STILL MISSING COLUMNS (1): ['Abstract']

• [Row 6227] Source: Asano-original-simplified.csv
  Title: 'Artificial Intelligence in Pediatric Respiratory Diseas' | DOI: '10.1089/ped.2024.0028'
  Status: Enriched 6 field(s) during run.
  ❌ FAILED / STILL MISSING COLUMNS (1): ['Abstract']

• [Row 6228] Source: Asano-original-simplified.csv
  Title: 'Artificial intelligence, natural stupidity or artificia' | DOI: '10.1007/s00264-024-06102-x'
  Status: Enriched 6 field(s) during run.
  ❌ FAILED / STILL MISSING COLUMNS (1): ['Abstract']

• [Row 6229] Source: Asano-original-simplified.csv
  Title: 'The unintended consequences of artificial intelligence ' | DOI: '10.1007/s00330-023-10553-y'
  Status: Enriched 6 field(s) during run.
  ❌ FAILED / STILL MISSING COLUMNS (1): ['Abstract']

• [Row 6231] Source: Asano-original-simplified.csv
  Title: 'Artificial Intelligence-Generated Imagery: A New Approa' | DOI: '10.1016/j.jacr.2023.10.011'
  Status: Enriched 6 field(s) during run.
  ❌ FAILED / STILL MISSING COLUMNS (1): ['Abstract']

• [Row 6232] Source: Asano-original-simplified.csv
  Title: 'The Role of Artificial Intelligence in Optimizing the D' | DOI: '10.1016/j.tracli.2023.08.004'
  Status: Enriched 6 field(s) during run.
  ❌ FAILED / STILL MISSING COLUMNS (1): ['Abstract']

• [Row 6233] Source: Asano-original-simplified.csv
  Title: 'Artificial intelligence and multiple sclerosis: ChatGPT' | DOI: '10.1016/j.msard.2023.104851'
  Status: Enriched 6 field(s) during run.
  ❌ FAILED / STILL MISSING COLUMNS (1): ['Abstract']

• [Row 6234] Source: Asano-original-simplified.csv
  Title: 'Artificial intelligence in scientific publishing: Embra' | DOI: '10.1016/j.medine.2023.05.017'
  Status: Enriched 6 field(s) during run.
  ❌ FAILED / STILL MISSING COLUMNS (1): ['Abstract']

• [Row 6235] Source: Asano-original-simplified.csv
  Title: 'Artificial intelligence in writing manuscripts: some co' | DOI: '10.1016/j.ajog.2023.06.001'
  Status: Enriched 6 field(s) during run.
  ❌ FAILED / STILL MISSING COLUMNS (1): ['Abstract']

• [Row 6237] Source: Asano-original-simplified.csv
  Title: 'Using artificial intelligence in medical research: Chal' | DOI: '10.1016/j.asjsur.2023.05.102'
  Status: Enriched 6 field(s) during run.
  ❌ FAILED / STILL MISSING COLUMNS (1): ['Abstract']

• [Row 6238] Source: Asano-original-simplified.csv
  Title: 'For chemists, the AI revolution has yet to happen' | DOI: '10.1038/d41586-023-01612-x'
  Status: Enriched 5 field(s) during run.
  ❌ FAILED / STILL MISSING COLUMNS (2): ['Author', 'Abstract']

• [Row 6239] Source: Asano-original-simplified.csv
  Title: 'Can an Artificial Intelligence (AI) Be an Author on a M' | DOI: '10.1016/j.jaip.2023.04.034'
  Status: Enriched 6 field(s) during run.
  ❌ FAILED / STILL MISSING COLUMNS (1): ['Abstract']

• [Row 6240] Source: Asano-original-simplified.csv
  Title: 'Can an Artificial Intelligence Model Pass an Examinatio' | DOI: '10.1016/j.arbres.2023.03.017'
  Status: Enriched 6 field(s) during run.
  ❌ FAILED / STILL MISSING COLUMNS (1): ['Abstract']

• [Row 6241] Source: Asano-original-simplified.csv
  Title: 'Specialty Society Support for Multicenter Research in A' | DOI: '10.1016/j.acra.2023.01.010'
  Status: Enriched 6 field(s) during run.
  ❌ FAILED / STILL MISSING COLUMNS (1): ['Abstract']

• [Row 6248] Source: Asano-original-simplified.csv
  Title: 'Neural Networks special issue on Artificial Intelligenc' | DOI: '10.1016/j.neunet.2022.08.018'
  Status: Enriched 6 field(s) during run.
  ❌ FAILED / STILL MISSING COLUMNS (1): ['Abstract']

• [Row 6249] Source: Asano-original-simplified.csv
  Title: '[Artificial intelligence based prognostic studies in pa' | DOI: '10.3760/cma.j.cn112148-20210721-00606'
  Status: Enriched 6 field(s) during run.
  ❌ FAILED / STILL MISSING COLUMNS (1): ['Article References']

• [Row 6250] Source: Asano-original-simplified.csv
  Title: 'Follow the Flow: Artificial Intelligence and Machine Le' | DOI: '10.1089/cyber.2022.29251.ceu'
  Status: Enriched 5 field(s) during run.
  ❌ FAILED / STILL MISSING COLUMNS (2): ['Abstract', 'Article References']

• [Row 6252] Source: Asano-original-simplified.csv
  Title: '[Application of artificial intelligence in nasopharynge' | DOI: '10.3760/cma.j.cn115330-20210715-00460'
  Status: Enriched 6 field(s) during run.
  ❌ FAILED / STILL MISSING COLUMNS (1): ['Article References']

• [Row 6253] Source: Asano-original-simplified.csv
  Title: 'Matthias Schiedel' | DOI: '10.1002/anie.202200131'
  Status: Enriched 5 field(s) during run.
  ❌ FAILED / STILL MISSING COLUMNS (2): ['Author', 'Article References']

• [Row 6254] Source: Asano-original-simplified.csv
  Title: '[Pandemic, artificial intelligence... : medical biology' | DOI: '10.1684/abc.2021.1681'
  Status: Enriched 6 field(s) during run.
  ❌ FAILED / STILL MISSING COLUMNS (1): ['Article References']

• [Row 6255] Source: Asano-original-simplified.csv
  Title: 'Data Management in Artificial Intelligence-Assisted Rad' | DOI: '10.1016/j.jacr.2021.09.017'
  Status: Enriched 6 field(s) during run.
  ❌ FAILED / STILL MISSING COLUMNS (1): ['Abstract']

• [Row 6258] Source: Asano-original-simplified.csv
  Title: 'The world is only ten years old: The dawn of artificial' | DOI: '10.1016/j.urolonc.2020.04.020'
  Status: Enriched 6 field(s) during run.
  ❌ FAILED / STILL MISSING COLUMNS (1): ['Abstract']

• [Row 6259] Source: Asano-original-simplified.csv
  Title: 'The Singularity is Near(ish): Emerging Applications of ' | DOI: '10.1016/j.eururo.2019.12.006'
  Status: Enriched 6 field(s) during run.
  ❌ FAILED / STILL MISSING COLUMNS (1): ['Abstract']

• [Row 6260] Source: Asano-original-simplified.csv
  Title: 'Artificial intelligence for real-time detection of earl' | DOI: '10.1016/j.gie.2019.09.036'
  Status: Enriched 6 field(s) during run.
  ❌ FAILED / STILL MISSING COLUMNS (1): ['Abstract']

• [Row 6261] Source: Asano-original-simplified.csv
  Title: 'Is ethics failing to keep up with scientific advances?' | DOI: '10.2144/btn-2019-0108'
  Status: Enriched 6 field(s) during run.
  ❌ FAILED / STILL MISSING COLUMNS (1): ['Article References']

• [Row 6262] Source: Asano-original-simplified.csv
  Title: '[Artificial intelligence in healthcare: A promise, a ch' | DOI: '10.3917/rsi.137.0005'
  Status: Enriched 6 field(s) during run.
  ❌ FAILED / STILL MISSING COLUMNS (1): ['Article References']

• [Row 6263] Source: Asano-original-simplified.csv
  Title: 'Response to Editorial "Artificial intelligence, machine' | DOI: '10.1016/j.oooo.2019.04.018'
  Status: Enriched 6 field(s) during run.
  ❌ FAILED / STILL MISSING COLUMNS (1): ['Abstract']

• [Row 6266] Source: Asano-original-simplified.csv
  Title: 'Digital revolution' | DOI: '10.1038/d41586-018-07500-z'
  Status: Enriched 6 field(s) during run.
  ❌ FAILED / STILL MISSING COLUMNS (1): ['Article References']

• [Row 6267] Source: Asano-original-simplified.csv
  Title: 'Artificial Intelligence in Clinical Implications' | DOI: '10.1016/j.cmpb.2018.10.022'
  Status: Enriched 6 field(s) during run.
  ❌ FAILED / STILL MISSING COLUMNS (1): ['Abstract']

• [Row 6268] Source: Asano-original-simplified.csv
  Title: 'Artificial Intelligence as a Third Eye in Lesion Detect' | DOI: '10.1016/j.cgh.2018.04.032'
  Status: Enriched 6 field(s) during run.
  ❌ FAILED / STILL MISSING COLUMNS (1): ['Abstract']

• [Row 6269] Source: Asano-original-simplified.csv
  Title: 'Using Artificial Intelligence in an Intelligent Way to ' | DOI: '10.1016/j.cardfail.2018.04.003'
  Status: Enriched 6 field(s) during run.
  ❌ FAILED / STILL MISSING COLUMNS (1): ['Abstract']

• [Row 6271] Source: Asano-original-simplified.csv
  Title: 'Ethics of Internet research trigger scrutiny' | DOI: '10.1038/550016a'
  Status: Enriched 6 field(s) during run.
  ❌ FAILED / STILL MISSING COLUMNS (1): ['Abstract']

• [Row 6272] Source: Asano-original-simplified.csv
  Title: 'What Is the Role of Artificial Intelligence in Sports?' | DOI: 'No DOI'
  Status: Enriched 0 field(s) during run.
  ❌ FAILED / STILL MISSING COLUMNS (5): ['Author', 'Abstract', 'Article References', 'Times Cited', 'Publication Year']

• [Row 6273] Source: Asano-original-simplified.csv
  Title: 'A world where everyone has a robot: why 2040 could blow' | DOI: '10.1038/530398a'
  Status: Enriched 5 field(s) during run.
  ❌ FAILED / STILL MISSING COLUMNS (2): ['Abstract', 'Article References']

• [Row 6274] Source: Asano-original-simplified.csv
  Title: 'Integration of artificial intelligence as a self-direct' | DOI: '10.1152/advan.00174.2025'
  Status: Enriched 6 field(s) during run.
  ❌ FAILED / STILL MISSING COLUMNS (1): ['Article References']

• [Row 6287] Source: Asano-original-simplified.csv
  Title: 'Artificial Intelligence Applicability in the Pharmaceut' | DOI: '10.1177/00469580261422674'
  Status: Enriched 6 field(s) during run.
  ❌ FAILED / STILL MISSING COLUMNS (1): ['Article References']

• [Row 6292] Source: Asano-original-simplified.csv
  Title: 'AI-RADS: A Framework for Assessment of Artificial Intel' | DOI: '10.1097/RLI.0000000000001272'
  Status: Enriched 6 field(s) during run.
  ❌ FAILED / STILL MISSING COLUMNS (1): ['Article References']

• [Row 6293] Source: Asano-original-simplified.csv
  Title: 'Factors influencing the intention to use generative art' | DOI: '10.1186/s40359-026-03957-0'
  Status: Enriched 6 field(s) during run.
  ❌ FAILED / STILL MISSING COLUMNS (1): ['Article References']

• [Row 6343] Source: Asano-original-simplified.csv
  Title: 'The 'Hippocratic Oath' for AI-based clinical decision s' | DOI: '10.1186/s12911-026-03474-5'
  Status: Enriched 6 field(s) during run.
  ❌ FAILED / STILL MISSING COLUMNS (1): ['Article References']

• [Row 6355] Source: Asano-original-simplified.csv
  Title: '[Artificial intelligence in the diagnosis and treatment' | DOI: '10.3760/cma.j.cn112148-20240918-00547'
  Status: Enriched 5 field(s) during run.
  ❌ FAILED / STILL MISSING COLUMNS (2): ['Abstract', 'Article References']

• [Row 6358] Source: Asano-original-simplified.csv
  Title: 'Ethical implications of AI-driven bias assessment in me' | DOI: '10.1136/bmjebm-2024-113095'
  Status: Enriched 6 field(s) during run.
  ❌ FAILED / STILL MISSING COLUMNS (1): ['Abstract']

• [Row 6359] Source: Asano-original-simplified.csv
  Title: 'Answer to the commentary on the paper "Geriatrics and a' | DOI: '10.1007/s41999-024-00994-z'
  Status: Enriched 6 field(s) during run.
  ❌ FAILED / STILL MISSING COLUMNS (1): ['Abstract']

• [Row 6361] Source: Asano-original-simplified.csv
  Title: 'Transparency in Artificial Intelligence-Enhanced Schola' | DOI: '10.1016/j.jacr.2023.08.051'
  Status: Enriched 6 field(s) during run.
  ❌ FAILED / STILL MISSING COLUMNS (1): ['Abstract']

• [Row 6362] Source: Asano-original-simplified.csv
  Title: 'Beyond implementation: the long-term economic impact of' | DOI: '10.1080/13696998.2023.2285186'
  Status: Enriched 6 field(s) during run.
  ❌ FAILED / STILL MISSING COLUMNS (1): ['Abstract']

• [Row 6364] Source: Asano-original-simplified.csv
  Title: 'How Artificial Intelligence will Reshape our Interventi' | DOI: '10.1007/s00270-023-03590-z'
  Status: Enriched 6 field(s) during run.
  ❌ FAILED / STILL MISSING COLUMNS (1): ['Abstract']

• [Row 6365] Source: Asano-original-simplified.csv
  Title: 'Reply to Dages et al: You AIn't using it right-artifici' | DOI: '10.1016/j.jaci.2023.09.023'
  Status: Enriched 6 field(s) during run.
  ❌ FAILED / STILL MISSING COLUMNS (1): ['Abstract']

• [Row 6371] Source: Asano-original-simplified.csv
  Title: 'Artificial intelligence and ChatGPT between worst enemy' | DOI: '10.1016/j.neurol.2023.03.004'
  Status: Enriched 6 field(s) during run.
  ❌ FAILED / STILL MISSING COLUMNS (1): ['Abstract']

• [Row 6372] Source: Asano-original-simplified.csv
  Title: 'Incorporating Artificial Intelligence Into Gastroentero' | DOI: '10.1016/j.cgh.2023.02.008'
  Status: Enriched 6 field(s) during run.
  ❌ FAILED / STILL MISSING COLUMNS (1): ['Abstract']

• [Row 6374] Source: Asano-original-simplified.csv
  Title: 'Advances in Chronic Kidney Disease Lead Editorial Outli' | DOI: '10.1053/j.akdh.2022.11.008'
  Status: Enriched 5 field(s) during run.
  ❌ FAILED / STILL MISSING COLUMNS (2): ['Abstract', 'Article References']

• [Row 6377] Source: Asano-original-simplified.csv
  Title: 'ASO Author Reflections: The Clinical Use of Radiomics w' | DOI: '10.1245/s10434-022-12518-9'
  Status: Enriched 6 field(s) during run.
  ❌ FAILED / STILL MISSING COLUMNS (1): ['Abstract']

• [Row 6379] Source: Asano-original-simplified.csv
  Title: '[Artificial intelligence for determining the optimal tu' | DOI: '10.1007/s00104-022-01683-y'
  Status: Enriched 5 field(s) during run.
  ❌ FAILED / STILL MISSING COLUMNS (2): ['Abstract', 'Article References']

• [Row 6380] Source: Asano-original-simplified.csv
  Title: '[Applications and future prospects of artificial intell' | DOI: '10.3760/cma.j.cn112140-20211129-01001'
  Status: Enriched 6 field(s) during run.
  ❌ FAILED / STILL MISSING COLUMNS (1): ['Article References']

• [Row 6381] Source: Asano-original-simplified.csv
  Title: 'Artificial Intelligence in Clinical Practice Is Here-No' | DOI: '10.1001/jamaophthalmol.2022.0040'
  Status: Enriched 6 field(s) during run.
  ❌ FAILED / STILL MISSING COLUMNS (1): ['Abstract']

• [Row 6383] Source: Asano-original-simplified.csv
  Title: 'Exploring the Utility of Artificial Intelligence During' | DOI: '10.12788/cutis.0318'
  Status: Enriched 6 field(s) during run.
  ❌ FAILED / STILL MISSING COLUMNS (1): ['Abstract']

• [Row 6384] Source: Asano-original-simplified.csv
  Title: 'Introduction to the special issue on artificial intelli' | DOI: '10.1007/s00256-021-03922-5'
  Status: Enriched 5 field(s) during run.
  ❌ FAILED / STILL MISSING COLUMNS (2): ['Abstract', 'Article References']

• [Row 6385] Source: Asano-original-simplified.csv
  Title: 'Can artificial intelligence and machine learning help u' | DOI: '10.1016/j.iccn.2021.103043'
  Status: Enriched 6 field(s) during run.
  ❌ FAILED / STILL MISSING COLUMNS (1): ['Abstract']

• [Row 6389] Source: Asano-original-simplified.csv
  Title: 'Artificial Intelligence and Machine Learning in Radiolo' | DOI: '10.1016/j.jacr.2020.04.022'
  Status: Enriched 6 field(s) during run.
  ❌ FAILED / STILL MISSING COLUMNS (1): ['Abstract']

• [Row 6390] Source: Asano-original-simplified.csv
  Title: 'Adding artificial intelligence to gastrointestinal endo' | DOI: '10.1016/S0140-6736(20)30294-4'
  Status: Enriched 6 field(s) during run.
  ❌ FAILED / STILL MISSING COLUMNS (1): ['Abstract']

• [Row 6393] Source: Asano-original-simplified.csv
  Title: 'Response to Letters to the Editor regarding the editori' | DOI: '10.1016/j.oooo.2019.06.007'
  Status: Enriched 5 field(s) during run.
  ❌ FAILED / STILL MISSING COLUMNS (2): ['Abstract', 'Article References']

• [Row 6394] Source: Asano-original-simplified.csv
  Title: 'Artificial intelligence for early gastric cancer: early' | DOI: '10.1016/j.gie.2018.12.019'
  Status: Enriched 6 field(s) during run.
  ❌ FAILED / STILL MISSING COLUMNS (1): ['Abstract']

• [Row 6395] Source: Asano-original-simplified.csv
  Title: 'How Structured Use Cases Can Drive the Adoption of Arti' | DOI: '10.1016/j.jacr.2018.09.002'
  Status: Enriched 6 field(s) during run.
  ❌ FAILED / STILL MISSING COLUMNS (1): ['Abstract']

• [Row 6396] Source: Asano-original-simplified.csv
  Title: 'Clinical Decision Support in the Era of Artificial Inte' | DOI: '10.1001/jama.2018.17163'
  Status: Enriched 6 field(s) during run.
  ❌ FAILED / STILL MISSING COLUMNS (1): ['Abstract']

• [Row 6397] Source: Asano-original-simplified.csv
  Title: 'Radiology: Apocalypse or the Dawn of a Golden Age?' | DOI: '10.1016/j.carj.2018.10.003'
  Status: Enriched 6 field(s) during run.
  ❌ FAILED / STILL MISSING COLUMNS (1): ['Article References']

• [Row 6398] Source: Asano-original-simplified.csv
  Title: 'Artificial intelligence for melanoma diagnosis: how can' | DOI: '10.1093/annonc/mdy191'
  Status: Enriched 6 field(s) during run.
  ❌ FAILED / STILL MISSING COLUMNS (1): ['Abstract']

• [Row 6400] Source: Asano-original-simplified.csv
  Title: 'How private-sector research is changing China' | DOI: '10.1038/d41586-018-00546-z'
  Status: Enriched 6 field(s) during run.
  ❌ FAILED / STILL MISSING COLUMNS (1): ['Article References']

• [Row 6402] Source: Asano-original-simplified.csv
  Title: 'Acceptance criteria for contributions involving machine' | DOI: '10.1364/JOSAA.544226'
  Status: Enriched 6 field(s) during run.
  ❌ FAILED / STILL MISSING COLUMNS (1): ['Article References']

• [Row 6403] Source: Asano-original-simplified.csv
  Title: 'Can AI have common sense? Finding out will be key to ac' | DOI: '10.1038/d41586-024-03262-z'
  Status: Enriched 6 field(s) during run.
  ❌ FAILED / STILL MISSING COLUMNS (1): ['Abstract']

• [Row 6404] Source: Asano-original-simplified.csv
  Title: 'Artificial intelligence in surgical oncology: Enhancing' | DOI: '10.1002/jso.27733'
  Status: Enriched 6 field(s) during run.
  ❌ FAILED / STILL MISSING COLUMNS (1): ['Abstract']

• [Row 6405] Source: Asano-original-simplified.csv
  Title: 'Artificial intelligence for personalized therapy' | DOI: '10.21037/cco-24-66'
  Status: Enriched 5 field(s) during run.
  ❌ FAILED / STILL MISSING COLUMNS (2): ['Abstract', 'Article References']

• [Row 6406] Source: Asano-original-simplified.csv
  Title: 'Integrating Artificial Intelligence Into Radiology Resi' | DOI: 'No DOI'
  Status: Enriched 0 field(s) during run.
  ❌ FAILED / STILL MISSING COLUMNS (5): ['Author', 'Abstract', 'Article References', 'Times Cited', 'Publication Year']

• [Row 6409] Source: Asano-original-simplified.csv
  Title: 'Generative artificial intelligence in surgery: balancin' | DOI: '10.1016/j.bjps.2024.02.007'
  Status: Enriched 6 field(s) during run.
  ❌ FAILED / STILL MISSING COLUMNS (1): ['Abstract']

• [Row 6411] Source: Asano-original-simplified.csv
  Title: 'Disentangling Hype from Reality for Artificial Intellig' | DOI: '10.1016/j.jid.2023.11.020'
  Status: Enriched 6 field(s) during run.
  ❌ FAILED / STILL MISSING COLUMNS (1): ['Abstract']

• [Row 6414] Source: Asano-original-simplified.csv
  Title: 'Artificial Intelligence Has Its Foot on the Gas Pedal-W' | DOI: '10.1016/j.jacr.2023.06.019'
  Status: Enriched 6 field(s) during run.
  ❌ FAILED / STILL MISSING COLUMNS (1): ['Abstract']

• [Row 6420] Source: Asano-original-simplified.csv
  Title: '[Artificial intelligence and machine learning technolog' | DOI: 'No DOI'
  Status: Enriched 0 field(s) during run.
  ❌ FAILED / STILL MISSING COLUMNS (5): ['Author', 'Abstract', 'Article References', 'Times Cited', 'Publication Year']

• [Row 6421] Source: Asano-original-simplified.csv
  Title: 'Who Will Get Paid for Artificial Intelligence in Medici' | DOI: '10.1148/ryai.220054'
  Status: Enriched 6 field(s) during run.
  ❌ FAILED / STILL MISSING COLUMNS (1): ['Abstract']

• [Row 6422] Source: Asano-original-simplified.csv
  Title: 'Pouring some water into the wine-Poor performance of en' | DOI: '10.1002/ueg2.12310'
  Status: Enriched 6 field(s) during run.
  ❌ FAILED / STILL MISSING COLUMNS (1): ['Abstract']

• [Row 6427] Source: Asano-original-simplified.csv
  Title: 'A Glimmer of Hope Within the Mountain of Hype - Reviewi' | DOI: '10.1016/j.clon.2021.12.001'
  Status: Enriched 6 field(s) during run.
  ❌ FAILED / STILL MISSING COLUMNS (1): ['Abstract']

• [Row 6430] Source: Asano-original-simplified.csv
  Title: 'Assessing Bone Age: A Paradigm for the Next Generation ' | DOI: '10.1148/radiol.2021211339'
  Status: Enriched 6 field(s) during run.
  ❌ FAILED / STILL MISSING COLUMNS (1): ['Abstract']

• [Row 6434] Source: Asano-original-simplified.csv
  Title: 'Validation of artificial intelligence application in cl' | DOI: '10.1016/j.jaad.2021.01.064'
  Status: Enriched 6 field(s) during run.
  ❌ FAILED / STILL MISSING COLUMNS (1): ['Abstract']

• [Row 6440] Source: Asano-original-simplified.csv
  Title: 'Commentary: Artificial intelligence to predict mortalit' | DOI: '10.1016/j.jtcvs.2020.08.055'
  Status: Enriched 6 field(s) during run.
  ❌ FAILED / STILL MISSING COLUMNS (1): ['Abstract']

• [Row 6441] Source: Asano-original-simplified.csv
  Title: 'Assessing Disease Activity in Ulcerative Colitis Using ' | DOI: '10.1053/j.gastro.2020.03.090'
  Status: Enriched 6 field(s) during run.
  ❌ FAILED / STILL MISSING COLUMNS (1): ['Abstract']

• [Row 6442] Source: Asano-original-simplified.csv
  Title: 'Transitional Mesothelioma and Artificial Intelligence: ' | DOI: '10.1016/j.jtho.2020.03.025'
  Status: Enriched 6 field(s) during run.
  ❌ FAILED / STILL MISSING COLUMNS (1): ['Abstract']

• [Row 6443] Source: Asano-original-simplified.csv
  Title: 'Steps Forward in Analyzing Optical Coherence Tomography' | DOI: '10.1001/jamaophthalmol.2020.1385'
  Status: Enriched 6 field(s) during run.
  ❌ FAILED / STILL MISSING COLUMNS (1): ['Abstract']

• [Row 6444] Source: Asano-original-simplified.csv
  Title: 'Medical Image Perception Research in the Emerging Age o' | DOI: '10.1148/radiol.2019192252'
  Status: Enriched 6 field(s) during run.
  ❌ FAILED / STILL MISSING COLUMNS (1): ['Abstract']

• [Row 6449] Source: Asano-original-simplified.csv
  Title: 'Data Science: Big Data, Machine Learning, and Artificia' | DOI: '10.1016/j.jacr.2018.01.029'
  Status: Enriched 6 field(s) during run.
  ❌ FAILED / STILL MISSING COLUMNS (1): ['Abstract']

• [Row 6451] Source: Asano-original-simplified.csv
  Title: '[Robotics and artificial intelligence in hospitals]' | DOI: 'No DOI'
  Status: Enriched 0 field(s) during run.
  ❌ FAILED / STILL MISSING COLUMNS (5): ['Author', 'Abstract', 'Article References', 'Times Cited', 'Publication Year']

• [Row 6452] Source: Asano-original-simplified.csv
  Title: '[Uses of artificial intelligence, expert systems and co' | DOI: 'No DOI'
  Status: Enriched 0 field(s) during run.
  ❌ FAILED / STILL MISSING COLUMNS (5): ['Author', 'Abstract', 'Article References', 'Times Cited', 'Publication Year']

• [Row 6455] Source: Asano-original-simplified.csv
  Title: 'Artificial Intelligence to Enhance Ureteral Identificat' | DOI: '10.1097/DCR.0000000000003434'
  Status: Enriched 6 field(s) during run.
  ❌ FAILED / STILL MISSING COLUMNS (1): ['Abstract']

• [Row 6456] Source: Asano-original-simplified.csv
  Title: 'Large language model, AI and scientific research' | DOI: '10.23736/S0390-5616.24.06233-7'
  Status: Enriched 6 field(s) during run.
  ❌ FAILED / STILL MISSING COLUMNS (1): ['Abstract']

• [Row 6457] Source: Asano-original-simplified.csv
  Title: 'Artificial Intelligence II' | DOI: '10.1016/j.clindermatol.2024.06.022'
  Status: Enriched 6 field(s) during run.
  ❌ FAILED / STILL MISSING COLUMNS (1): ['Abstract']

• [Row 6459] Source: Asano-original-simplified.csv
  Title: 'Harnessing artificial intelligence in bariatric surgery' | DOI: '10.1016/j.soard.2024.05.006'
  Status: Enriched 6 field(s) during run.
  ❌ FAILED / STILL MISSING COLUMNS (1): ['Abstract']

• [Row 6461] Source: Asano-original-simplified.csv
  Title: 'Privacy-Preserving Cameras for Fall Detection: Data Acq' | DOI: '10.1097/CIN.0000000000001136'
  Status: Enriched 6 field(s) during run.
  ❌ FAILED / STILL MISSING COLUMNS (1): ['Abstract']

• [Row 6462] Source: Asano-original-simplified.csv
  Title: 'Letter to the Editor Regarding "The Artificial Intellig' | DOI: '10.1016/j.wneu.2024.01.048'
  Status: Enriched 6 field(s) during run.
  ❌ FAILED / STILL MISSING COLUMNS (1): ['Abstract']

• [Row 6465] Source: Asano-original-simplified.csv
  Title: 'Reply Re: "Orbital and Oculofacial Diseases and Artific' | DOI: '10.1097/IOP.0000000000002637'
  Status: Enriched 6 field(s) during run.
  ❌ FAILED / STILL MISSING COLUMNS (1): ['Article References']

• [Row 6468] Source: Asano-original-simplified.csv
  Title: 'Revolutionizing oral oncology: The role of artificial i' | DOI: '10.1016/j.oraloncology.2024.106702'
  Status: Enriched 6 field(s) during run.
  ❌ FAILED / STILL MISSING COLUMNS (1): ['Abstract']

• [Row 6469] Source: Asano-original-simplified.csv
  Title: 'Accuracy of GPT's artificial intelligence on emergency ' | DOI: '10.1016/j.ajem.2023.11.061'
  Status: Enriched 6 field(s) during run.
  ❌ FAILED / STILL MISSING COLUMNS (1): ['Abstract']

• [Row 6470] Source: Asano-original-simplified.csv
  Title: 'Addressing Chatbots as Artificial Intelligence Aids in ' | DOI: '10.1177/10935266231212340'
  Status: Enriched 6 field(s) during run.
  ❌ FAILED / STILL MISSING COLUMNS (1): ['Abstract']

• [Row 6471] Source: Asano-original-simplified.csv
  Title: 'Artificial Intelligence-Driven Image Quality Selection ' | DOI: '10.1016/j.ultrasmedbio.2023.09.007'
  Status: Enriched 6 field(s) during run.
  ❌ FAILED / STILL MISSING COLUMNS (1): ['Abstract']

• [Row 6475] Source: Asano-original-simplified.csv
  Title: 'A New Era in Cardiometabolic Management: Unlocking the ' | DOI: '10.1016/j.eprac.2023.06.003'
  Status: Enriched 6 field(s) during run.
  ❌ FAILED / STILL MISSING COLUMNS (1): ['Abstract']

• [Row 6476] Source: Asano-original-simplified.csv
  Title: 'Artificial intelligence for global health: cautious opt' | DOI: '10.2471/BLT.23.290215'
  Status: Enriched 6 field(s) during run.
  ❌ FAILED / STILL MISSING COLUMNS (1): ['Abstract']

• [Row 6478] Source: Asano-original-simplified.csv
  Title: 'Adapting artificial intelligence into the evolution of ' | DOI: '10.3389/jpps.2023.11349'
  Status: Enriched 6 field(s) during run.
  ❌ FAILED / STILL MISSING COLUMNS (1): ['Article References']

• [Row 6479] Source: Asano-original-simplified.csv
  Title: 'The new era of evidence-based echocardiographic algorit' | DOI: '10.1016/j.ijcard.2023.03.029'
  Status: Enriched 6 field(s) during run.
  ❌ FAILED / STILL MISSING COLUMNS (1): ['Abstract']

• [Row 6480] Source: Asano-original-simplified.csv
  Title: 'Artificial Intelligence, Complementary and Integrative ' | DOI: '10.1089/jicm.2023.0040'
  Status: Enriched 6 field(s) during run.
  ❌ FAILED / STILL MISSING COLUMNS (1): ['Abstract']

• [Row 6482] Source: Asano-original-simplified.csv
  Title: 'Artificial intelligence and the creation of scientific ' | DOI: '10.1016/j.jse.2023.02.002'
  Status: Enriched 6 field(s) during run.
  ❌ FAILED / STILL MISSING COLUMNS (1): ['Abstract']

• [Row 6484] Source: Asano-original-simplified.csv
  Title: 'Deep Learning to Detect Pancreatic Cancer at CT: Artifi' | DOI: '10.1148/radiol.222126'
  Status: Enriched 6 field(s) during run.
  ❌ FAILED / STILL MISSING COLUMNS (1): ['Abstract']

• [Row 6487] Source: Asano-original-simplified.csv
  Title: 'Special issue: Artificial intelligence in genomics' | DOI: '10.1007/s00439-022-02472-7'
  Status: Enriched 6 field(s) during run.
  ❌ FAILED / STILL MISSING COLUMNS (1): ['Article References']

• [Row 6488] Source: Asano-original-simplified.csv
  Title: 'Assessing the Value of Artificial Intelligence in Retin' | DOI: '10.1001/jamaophthalmol.2022.0222'
  Status: Enriched 6 field(s) during run.
  ❌ FAILED / STILL MISSING COLUMNS (1): ['Abstract']

• [Row 6489] Source: Asano-original-simplified.csv
  Title: 'Not So Smart? Artificial Intelligence May Need to Go De' | DOI: '10.1053/j.gastro.2021.12.241'
  Status: Enriched 5 field(s) during run.
  ❌ FAILED / STILL MISSING COLUMNS (2): ['Abstract', 'Article References']

• [Row 6492] Source: Asano-original-simplified.csv
  Title: 'Artificial intelligence for the detection of gastric pr' | DOI: '10.1016/j.gie.2021.04.023'
  Status: Enriched 6 field(s) during run.
  ❌ FAILED / STILL MISSING COLUMNS (1): ['Abstract']

• [Row 6493] Source: Asano-original-simplified.csv
  Title: 'Beyond the Buzzwords: Artificial Intelligence in Laryng' | DOI: '10.1016/j.jvoice.2021.03.001'
  Status: Enriched 6 field(s) during run.
  ❌ FAILED / STILL MISSING COLUMNS (1): ['Abstract']

• [Row 6497] Source: Asano-original-simplified.csv
  Title: 'Omics Data and Artificial Intelligence: New Challenges ' | DOI: '10.2174/156652322001200604150041'
  Status: Enriched 5 field(s) during run.
  ❌ FAILED / STILL MISSING COLUMNS (2): ['Abstract', 'Article References']

• [Row 6500] Source: Asano-original-simplified.csv
  Title: 'Exploring the Bedside Clinician's Medical Intelligence ' | DOI: '10.1016/j.amjmed.2019.03.045'
  Status: Enriched 6 field(s) during run.
  ❌ FAILED / STILL MISSING COLUMNS (1): ['Abstract']

• [Row 6501] Source: Asano-original-simplified.csv
  Title: '[Implementation of artificial intelligence into colonos' | DOI: '10.11405/nisshoshi.115.1030'
  Status: Enriched 5 field(s) during run.
  ❌ FAILED / STILL MISSING COLUMNS (2): ['Abstract', 'Article References']

• [Row 6504] Source: Asano-original-simplified.csv
  Title: 'Artificial intelligence in neuroimaging: four challenge' | DOI: '10.1016/j.artmed.2003.12.001'
  Status: Enriched 6 field(s) during run.
  ❌ FAILED / STILL MISSING COLUMNS (1): ['Abstract']

• [Row 6505] Source: Asano-original-simplified.csv
  Title: 'Artificial intelligence and medical decision-making: ex' | DOI: 'No DOI'
  Status: Enriched 0 field(s) during run.
  ❌ FAILED / STILL MISSING COLUMNS (5): ['Author', 'Abstract', 'Article References', 'Times Cited', 'Publication Year']

• [Row 6506] Source: Asano-original-simplified.csv
  Title: 'Artificial intelligence and schizophrenic speech analys' | DOI: 'No DOI'
  Status: Enriched 0 field(s) during run.
  ❌ FAILED / STILL MISSING COLUMNS (5): ['Author', 'Abstract', 'Article References', 'Times Cited', 'Publication Year']

• [Row 6508] Source: Asano-original-simplified.csv
  Title: 'Artificial Intelligence-Derived CT Fractional Flow Rese' | DOI: '10.3348/kjr.2026.1068'
  Status: Enriched 6 field(s) during run.
  ❌ FAILED / STILL MISSING COLUMNS (1): ['Abstract']

• [Row 6509] Source: Asano-original-simplified.csv
  Title: 'Beyond predictive accuracy: Explainability, clinical ju' | DOI: '10.1016/j.ajp.2026.105090'
  Status: Enriched 6 field(s) during run.
  ❌ FAILED / STILL MISSING COLUMNS (1): ['Abstract']

• [Row 6510] Source: Asano-original-simplified.csv
  Title: 'Correction: Utilizing artificial intelligence to assess' | DOI: '10.3389/fpsyt.2026.1830610'
  Status: Enriched 6 field(s) during run.
  ❌ FAILED / STILL MISSING COLUMNS (1): ['Article References']

• [Row 6511] Source: Asano-original-simplified.csv
  Title: 'AI Models Could Improve Diagnosis and Care for Rare Dis' | DOI: '10.2196/106582'
  Status: Enriched 6 field(s) during run.
  ❌ FAILED / STILL MISSING COLUMNS (1): ['Article References']

• [Row 6513] Source: Asano-original-simplified.csv
  Title: 'Ethical implications of the use of artificial intellige' | DOI: '10.1016/j.jaad.2026.05.125'
  Status: Enriched 6 field(s) during run.
  ❌ FAILED / STILL MISSING COLUMNS (1): ['Abstract']

• [Row 6514] Source: Asano-original-simplified.csv
  Title: 'Risk of Widening Global Inequalities in Artificial Inte' | DOI: '10.3348/kjr.2026.0577'
  Status: Enriched 6 field(s) during run.
  ❌ FAILED / STILL MISSING COLUMNS (1): ['Abstract']

• [Row 6515] Source: Asano-original-simplified.csv
  Title: 'Design and Early Evaluation of an Algorithmovigilance S' | DOI: '10.3233/SHTI260279'
  Status: Enriched 6 field(s) during run.
  ❌ FAILED / STILL MISSING COLUMNS (1): ['Article References']

• [Row 6516] Source: Asano-original-simplified.csv
  Title: 'Correction: Artificial intelligence assessment of valvu' | DOI: '10.3389/fdgth.2026.1815054'
  Status: Enriched 6 field(s) during run.
  ❌ FAILED / STILL MISSING COLUMNS (1): ['Article References']

• [Row 6517] Source: Asano-original-simplified.csv
  Title: 'Impacts of AI scribing on premedical students: Comment ' | DOI: '10.1016/j.jaad.2026.02.111'
  Status: Enriched 6 field(s) during run.
  ❌ FAILED / STILL MISSING COLUMNS (1): ['Abstract']

• [Row 6518] Source: Asano-original-simplified.csv
  Title: 'Editorial: Leveraging information systems and artificia' | DOI: '10.3389/fpubh.2026.1789559'
  Status: Enriched 6 field(s) during run.
  ❌ FAILED / STILL MISSING COLUMNS (1): ['Article References']

• [Row 6519] Source: Asano-original-simplified.csv
  Title: 'Using artificial intelligence to rewrite the script on ' | DOI: '10.1016/j.ijporl.2026.112707'
  Status: Enriched 6 field(s) during run.
  ❌ FAILED / STILL MISSING COLUMNS (1): ['Abstract']

• [Row 6520] Source: Asano-original-simplified.csv
  Title: 'Beyond the Angio: When Seeing Isn't Enough - Imaging an' | DOI: '10.1016/j.cjca.2025.11.045'
  Status: Enriched 6 field(s) during run.
  ❌ FAILED / STILL MISSING COLUMNS (1): ['Abstract']

• [Row 6523] Source: Asano-original-simplified.csv
  Title: 'Can artificial intelligence deliver on the promise of p' | DOI: '10.21037/hbsn-2025-455'
  Status: Enriched 5 field(s) during run.
  ❌ FAILED / STILL MISSING COLUMNS (2): ['Abstract', 'Article References']

• [Row 6526] Source: Asano-original-simplified.csv
  Title: 'Beyond Model Performance: Information Needs for an Algo' | DOI: '10.3233/SHTI250358'
  Status: Enriched 6 field(s) during run.
  ❌ FAILED / STILL MISSING COLUMNS (1): ['Article References']

• [Row 6527] Source: Asano-original-simplified.csv
  Title: 'LTE: Enhancing colorectal cancer patient selection for ' | DOI: '10.1016/j.ejso.2025.110122'
  Status: Enriched 6 field(s) during run.
  ❌ FAILED / STILL MISSING COLUMNS (1): ['Abstract']

• [Row 6528] Source: Asano-original-simplified.csv
  Title: 'The role of artificial intelligence in enhancing CPT co' | DOI: '10.1016/j.bjps.2025.02.031'
  Status: Enriched 6 field(s) during run.
  ❌ FAILED / STILL MISSING COLUMNS (1): ['Abstract']

• [Row 6530] Source: Asano-original-simplified.csv
  Title: 'The future of Food and Drug Administration regulation o' | DOI: '10.1016/j.jse.2024.08.008'
  Status: Enriched 6 field(s) during run.
  ❌ FAILED / STILL MISSING COLUMNS (1): ['Abstract']

• [Row 6534] Source: Asano-original-simplified.csv
  Title: 'Revolutionizing Oral Cancer Screening: New Approaches a' | DOI: '10.31557/APJCP.2023.24.12.4007'
  Status: Enriched 6 field(s) during run.
  ❌ FAILED / STILL MISSING COLUMNS (1): ['Abstract']

• [Row 6542] Source: Asano-original-simplified.csv
  Title: '[Laennec versus Forbes : tied for the score ! How techn' | DOI: 'No DOI'
  Status: Enriched 1 field(s) during run.
  ❌ FAILED / STILL MISSING COLUMNS (4): ['Author', 'Article References', 'Times Cited', 'Publication Year']

• [Row 6543] Source: Asano-original-simplified.csv
  Title: 'Comment on "Intelligent diet recommendation system powe' | DOI: '10.1016/j.clnesp.2026.105133'
  Status: Enriched 5 field(s) during run.
  ❌ FAILED / STILL MISSING COLUMNS (2): ['Abstract', 'Article References']

• [Row 6544] Source: Asano-original-simplified.csv
  Title: 'The Rise of Shadow AI in Health Care: What It Means for' | DOI: '10.2196/110893'
  Status: Enriched 6 field(s) during run.
  ❌ FAILED / STILL MISSING COLUMNS (1): ['Article References']

• [Row 6545] Source: Asano-original-simplified.csv
  Title: 'Broken Networks: Why Your Machine Learning Model Isn't ' | DOI: '10.1007/978-1-0716-5408-8_14'
  Status: Enriched 6 field(s) during run.
  ❌ FAILED / STILL MISSING COLUMNS (1): ['Article References']

• [Row 6546] Source: Asano-original-simplified.csv
  Title: 'Comment on "nutritional impact of leucine-enriched supp' | DOI: '10.1016/j.clnesp.2026.104987'
  Status: Enriched 6 field(s) during run.
  ❌ FAILED / STILL MISSING COLUMNS (1): ['Abstract']

• [Row 6549] Source: Asano-original-simplified.csv
  Title: 'Editorial: Advancing public health through generative a' | DOI: '10.3389/fpubh.2026.1876366'
  Status: Enriched 6 field(s) during run.
  ❌ FAILED / STILL MISSING COLUMNS (1): ['Article References']

• [Row 6551] Source: Asano-original-simplified.csv
  Title: 'Comment on "Improving care for amyotrophic lateral scle' | DOI: '10.1016/j.jns.2026.125886'
  Status: Enriched 6 field(s) during run.
  ❌ FAILED / STILL MISSING COLUMNS (1): ['Abstract']

• [Row 6554] Source: Asano-original-simplified.csv
  Title: 'Generative artificial intelligence in health technology' | DOI: '10.1017/S0266462326103560'
  Status: Enriched 5 field(s) during run.
  ❌ FAILED / STILL MISSING COLUMNS (2): ['Abstract', 'Article References']

• [Row 6555] Source: Asano-original-simplified.csv
  Title: 'Error in: Artificial Intelligence-Assisted Capsule Endo' | DOI: '10.1111/jgh.70248'
  Status: Enriched 6 field(s) during run.
  ❌ FAILED / STILL MISSING COLUMNS (1): ['Abstract']

• [Row 6558] Source: Asano-original-simplified.csv
  Title: 'Editorial: Machine learning in radiation therapy for lu' | DOI: '10.3389/fonc.2024.1444543'
  Status: Enriched 6 field(s) during run.
  ❌ FAILED / STILL MISSING COLUMNS (1): ['Article References']

• [Row 6562] Source: Asano-original-simplified.csv
  Title: 'Statement on use of generative artificial intelligence ' | DOI: '10.1016/j.ajp.2024.103947'
  Status: Enriched 6 field(s) during run.
  ❌ FAILED / STILL MISSING COLUMNS (1): ['Abstract']

• [Row 6568] Source: Asano-original-simplified.csv
  Title: 'Insights into artificial intelligence in clinical oncol' | DOI: '10.1007/s11427-021-2010-8'
  Status: Enriched 6 field(s) during run.
  ❌ FAILED / STILL MISSING COLUMNS (1): ['Abstract']

• [Row 6571] Source: Asano-original-simplified.csv
  Title: 'Introduction of a Pathophysiology-Based Diagnostic Deci' | DOI: 'No DOI'
  Status: Enriched 1 field(s) during run.
  ❌ FAILED / STILL MISSING COLUMNS (4): ['Author', 'Article References', 'Times Cited', 'Publication Year']

• [Row 6575] Source: Asano-original-simplified.csv
  Title: 'Correction: Gastric cancer survival prediction using ar' | DOI: '10.3389/fdgth.2026.1920862'
  Status: Enriched 6 field(s) during run.
  ❌ FAILED / STILL MISSING COLUMNS (1): ['Article References']

• [Row 6577] Source: Asano-original-simplified.csv
  Title: 'Comment on "Artificial intelligence algorithms effectiv' | DOI: '10.1016/j.jfma.2026.04.079'
  Status: Enriched 6 field(s) during run.
  ❌ FAILED / STILL MISSING COLUMNS (1): ['Abstract']

• [Row 6581] Source: Asano-original-simplified.csv
  Title: 'Editorial: Artificial intelligence, machine learning, a' | DOI: '10.3389/fpubh.2024.1525628'
  Status: Enriched 6 field(s) during run.
  ❌ FAILED / STILL MISSING COLUMNS (1): ['Article References']

• [Row 6584] Source: Asano-original-simplified.csv
  Title: 'Corrigendum: Experimental validation of immunogenic SAR' | DOI: '10.3389/fimmu.2024.1377041'
  Status: Enriched 6 field(s) during run.
  ❌ FAILED / STILL MISSING COLUMNS (1): ['Article References']

• [Row 6589] Source: Asano-original-simplified.csv
  Title: 'Editorial: Artificial intelligence for mental disorder ' | DOI: '10.3389/fpsyt.2023.1161158'
  Status: Enriched 6 field(s) during run.
  ❌ FAILED / STILL MISSING COLUMNS (1): ['Article References']

• [Row 6591] Source: Asano-original-simplified.csv
  Title: 'Artificial Intelligence for Computer Vision in Surgery:' | DOI: '10.1097/SLA.0000000000005319'
  Status: Enriched 6 field(s) during run.
  ❌ FAILED / STILL MISSING COLUMNS (1): ['Abstract']

• [Row 6592] Source: Asano-original-simplified.csv
  Title: 'The new place of imaging in cardiology, from diagnosis ' | DOI: '10.1016/j.acvd.2019.03.005'
  Status: Enriched 6 field(s) during run.
  ❌ FAILED / STILL MISSING COLUMNS (1): ['Abstract']

• [Row 6594] Source: Asano-original-simplified.csv
  Title: 'Artificial Intelligence in Glaucoma Detection and Progr' | DOI: '10.1016/j.yaoo.2026.01.006'
  Status: Enriched 6 field(s) during run.
  ❌ FAILED / STILL MISSING COLUMNS (1): ['Abstract']

• [Row 6595] Source: Asano-original-simplified.csv
  Title: 'Efficiency in Action: How AI Drives Advances in Nursing' | DOI: '10.1097/NND.0000000000001270'
  Status: Enriched 3 field(s) during run.
  ❌ FAILED / STILL MISSING COLUMNS (3): ['Article References', 'Times Cited', 'Publication Year']

• [Row 6596] Source: Asano-original-simplified.csv
  Title: 'Artificial intelligence versus experts: Navigating chal' | DOI: '10.1016/j.jid.2026.05.003'
  Status: Enriched 6 field(s) during run.
  ❌ FAILED / STILL MISSING COLUMNS (1): ['Abstract']

• [Row 6597] Source: Asano-original-simplified.csv
  Title: 'Regulating Innovation: Addressing the Challenges of Can' | DOI: '10.3233/SHTI250032'
  Status: Enriched 6 field(s) during run.
  ❌ FAILED / STILL MISSING COLUMNS (1): ['Article References']

• [Row 6598] Source: Asano-original-simplified.csv
  Title: 'The Perspectives of Robotic Surgeons' | DOI: '10.52198/24.STI.44.SO1785'
  Status: Enriched 6 field(s) during run.
  ❌ FAILED / STILL MISSING COLUMNS (1): ['Article References']

• [Row 6605] Source: Asano-original-simplified.csv
  Title: '[Endoscopic Diagnosis Using Artificial Intelligence]' | DOI: 'No DOI'
  Status: Enriched 1 field(s) during run.
  ❌ FAILED / STILL MISSING COLUMNS (4): ['Author', 'Article References', 'Times Cited', 'Publication Year']

• [Row 6615] Source: Asano-original-simplified.csv
  Title: '[Expert consensus on data acquisition and annotation of' | DOI: '10.3760/cma.j.cn112151-20240112-00028'
  Status: Enriched 4 field(s) during run.
  ❌ FAILED / STILL MISSING COLUMNS (3): ['Author', 'Abstract', 'Article References']

• [Row 6616] Source: Asano-original-simplified.csv
  Title: 'Future directions of generative artificial intelligence' | DOI: '10.1016/j.survophthal.2024.06.003'
  Status: Enriched 6 field(s) during run.
  ❌ FAILED / STILL MISSING COLUMNS (1): ['Abstract']

• [Row 6620] Source: Asano-original-simplified.csv
  Title: 'Session Introduction: Precision Medicine: Using Artific' | DOI: 'No DOI'
  Status: Enriched 1 field(s) during run.
  ❌ FAILED / STILL MISSING COLUMNS (4): ['Author', 'Article References', 'Times Cited', 'Publication Year']

• [Row 6621] Source: Asano-original-simplified.csv
  Title: 'Practical Artificial Intelligence: Realistic Ways It Ca' | DOI: 'No DOI'
  Status: Enriched 1 field(s) during run.
  ❌ FAILED / STILL MISSING COLUMNS (4): ['Author', 'Article References', 'Times Cited', 'Publication Year']

• [Row 6626] Source: Asano-original-simplified.csv
  Title: '[Artificial intelligence for cancer detection in breast' | DOI: 'No DOI'
  Status: Enriched 1 field(s) during run.
  ❌ FAILED / STILL MISSING COLUMNS (4): ['Author', 'Article References', 'Times Cited', 'Publication Year']

• [Row 6628] Source: Asano-original-simplified.csv
  Title: '[The application and development of artificial intellig' | DOI: 'No DOI'
  Status: Enriched 1 field(s) during run.
  ❌ FAILED / STILL MISSING COLUMNS (4): ['Author', 'Article References', 'Times Cited', 'Publication Year']

• [Row 6629] Source: Asano-original-simplified.csv
  Title: 'Artificial intelligence in the diagnosis of low back pa' | DOI: 'No DOI'
  Status: Enriched 1 field(s) during run.
  ❌ FAILED / STILL MISSING COLUMNS (4): ['Author', 'Article References', 'Times Cited', 'Publication Year']

• [Row 6635] Source: Asano-original-simplified.csv
  Title: 'How Should Surgeons Consider Emerging Innovations in Ar' | DOI: '10.1001/amajethics.2023.589'
  Status: Enriched 6 field(s) during run.
  ❌ FAILED / STILL MISSING COLUMNS (1): ['Article References']

• [Row 6636] Source: Asano-original-simplified.csv
  Title: '[Artificial intelligence applied to the electrocardiogr' | DOI: '10.1701/3981.39637'
  Status: Enriched 6 field(s) during run.
  ❌ FAILED / STILL MISSING COLUMNS (1): ['Article References']

• [Row 6639] Source: Asano-original-simplified.csv
  Title: 'AI (artificial intelligence)-assisted planning within e' | DOI: '10.5055/jem.0622'
  Status: Enriched 6 field(s) during run.
  ❌ FAILED / STILL MISSING COLUMNS (1): ['Article References']

• [Row 6642] Source: Asano-original-simplified.csv
  Title: 'Artificial Intelligence and Interval Cancers in Screeni' | DOI: '10.1093/jbi/wbag042'
  Status: Enriched 3 field(s) during run.
  ❌ FAILED / STILL MISSING COLUMNS (3): ['Article References', 'Times Cited', 'Publication Year']

• [Row 6645] Source: Asano-original-simplified.csv
  Title: 'Designing Effective Laboratory Sessions of AI in Medici' | DOI: '10.3233/SHTI260885'
  Status: Enriched 6 field(s) during run.
  ❌ FAILED / STILL MISSING COLUMNS (1): ['Article References']

• [Row 6646] Source: Asano-original-simplified.csv
  Title: 'GPT-5 Series for Dermoscopic Image Labeling' | DOI: '10.3233/SHTI260833'
  Status: Enriched 6 field(s) during run.
  ❌ FAILED / STILL MISSING COLUMNS (1): ['Article References']

• [Row 6650] Source: Asano-original-simplified.csv
  Title: 'Bridging the Gap: Towards a Standardized Framework for ' | DOI: '10.3233/SHTI260024'
  Status: Enriched 6 field(s) during run.
  ❌ FAILED / STILL MISSING COLUMNS (1): ['Article References']

• [Row 6651] Source: Asano-original-simplified.csv
  Title: 'Integrating Artificial Intelligence into Personalized P' | DOI: '10.31662/jmaj.2025-0125'
  Status: Enriched 6 field(s) during run.
  ❌ FAILED / STILL MISSING COLUMNS (1): ['Article References']

• [Row 6652] Source: Asano-original-simplified.csv
  Title: 'Artificial Intelligence and Machine Learning in Optical' | DOI: '10.3390/s25247442'
  Status: Enriched 6 field(s) during run.
  ❌ FAILED / STILL MISSING COLUMNS (1): ['Article References']

• [Row 6653] Source: Asano-original-simplified.csv
  Title: 'Artificial intelligence for dental implant classificati' | DOI: '10.6026/973206300212361'
  Status: Enriched 6 field(s) during run.
  ❌ FAILED / STILL MISSING COLUMNS (1): ['Article References']

• [Row 6659] Source: Asano-original-simplified.csv
  Title: 'Have to Shake It Up: STEM Education Feeling the Heat fr' | DOI: '10.2533/chimia.2025.684'
  Status: Enriched 6 field(s) during run.
  ❌ FAILED / STILL MISSING COLUMNS (1): ['Article References']

• [Row 6664] Source: Asano-original-simplified.csv
  Title: 'Predictive AI Model for Endotracheal Intubation Timing ' | DOI: '10.3233/SHTI251242'
  Status: Enriched 6 field(s) during run.
  ❌ FAILED / STILL MISSING COLUMNS (1): ['Article References']

• [Row 6665] Source: Asano-original-simplified.csv
  Title: 'Key Considerations for Governing Safe and Responsible U' | DOI: '10.3233/SHTI251062'
  Status: Enriched 6 field(s) during run.
  ❌ FAILED / STILL MISSING COLUMNS (1): ['Article References']

• [Row 6667] Source: Asano-original-simplified.csv
  Title: 'Editorial: Contemporary applications of machine learnin' | DOI: '10.3389/fcvm.2025.1611859'
  Status: Enriched 6 field(s) during run.
  ❌ FAILED / STILL MISSING COLUMNS (1): ['Article References']

• [Row 6672] Source: Asano-original-simplified.csv
  Title: 'The fifty shades of black: about black box AI and expla' | DOI: '10.1093/medlaw/fwaf005'
  Status: Enriched 6 field(s) during run.
  ❌ FAILED / STILL MISSING COLUMNS (1): ['Article References']

• [Row 6677] Source: Asano-original-simplified.csv
  Title: 'Development of an AI Platform for Advanced Breast Cance' | DOI: '10.3233/SHTI241095'
  Status: Enriched 6 field(s) during run.
  ❌ FAILED / STILL MISSING COLUMNS (1): ['Article References']

• [Row 6723] Source: Asano-original-simplified.csv
  Title: 'Application of artificial intelligence to the diagnosis' | DOI: 'No DOI'
  Status: Enriched 1 field(s) during run.
  ❌ FAILED / STILL MISSING COLUMNS (4): ['Author', 'Article References', 'Times Cited', 'Publication Year']

• [Row 6736] Source: Asano-original-simplified.csv
  Title: 'The VA Was an Early Adopter of Artificial Intelligence ' | DOI: '10.1001/jama.2024.20563'
  Status: Enriched 6 field(s) during run.
  ❌ FAILED / STILL MISSING COLUMNS (1): ['Article References']

• [Row 6737] Source: Asano-original-simplified.csv
  Title: 'Personalizing neurosurgical strategies for epidermoid c' | DOI: '10.1007/s10143-024-02907-x'
  Status: Enriched 6 field(s) during run.
  ❌ FAILED / STILL MISSING COLUMNS (1): ['Abstract']

• [Row 6738] Source: Asano-original-simplified.csv
  Title: 'Transforming neurosurgical approaches to Aicardi syndro' | DOI: '10.1007/s10143-024-02912-0'
  Status: Enriched 6 field(s) during run.
  ❌ FAILED / STILL MISSING COLUMNS (1): ['Abstract']

• [Row 6739] Source: Asano-original-simplified.csv
  Title: 'Artificial Intelligence in the Hands of Perfusionists: ' | DOI: '10.21470/1678-9741-2024-0005'
  Status: Enriched 6 field(s) during run.
  ❌ FAILED / STILL MISSING COLUMNS (1): ['Abstract']

• [Row 6742] Source: Asano-original-simplified.csv
  Title: 'Human neuroscience is entering a new era - it mustn't f' | DOI: '10.1038/d41586-024-02022-3'
  Status: Enriched 5 field(s) during run.
  ❌ FAILED / STILL MISSING COLUMNS (2): ['Author', 'Abstract']

• [Row 6743] Source: Asano-original-simplified.csv
  Title: 'Generative artificial intelligence in ophthalmology: Co' | DOI: '10.1016/j.survophthal.2024.06.002'
  Status: Enriched 6 field(s) during run.
  ❌ FAILED / STILL MISSING COLUMNS (1): ['Abstract']

• [Row 6744] Source: Asano-original-simplified.csv
  Title: 'Artificial intelligence for scoring prostate MRI: ready' | DOI: '10.1016/S1470-2045(24)00284-5'
  Status: Enriched 6 field(s) during run.
  ❌ FAILED / STILL MISSING COLUMNS (1): ['Abstract']

• [Row 6745] Source: Asano-original-simplified.csv
  Title: 'One Day, AI Could Mean Better Mental Health for All' | DOI: '10.1001/jama.2023.27727'
  Status: Enriched 6 field(s) during run.
  ❌ FAILED / STILL MISSING COLUMNS (1): ['Article References']

• [Row 6748] Source: Asano-original-simplified.csv
  Title: 'Electronic Health Records Failed to Make Clinicians' Li' | DOI: '10.1001/jama.2023.19138'
  Status: Enriched 6 field(s) during run.
  ❌ FAILED / STILL MISSING COLUMNS (1): ['Article References']

• [Row 6749] Source: Asano-original-simplified.csv
  Title: '[Artificial intelligence, ChatGPT and primary care]' | DOI: '10.1016/j.semerg.2023.102069'
  Status: Enriched 6 field(s) during run.
  ❌ FAILED / STILL MISSING COLUMNS (1): ['Abstract']

• [Row 6752] Source: Asano-original-simplified.csv
  Title: '"Incidentalomas" in the Age of Artificial Intelligence' | DOI: '10.1007/s11606-023-08325-x'
  Status: Enriched 6 field(s) during run.
  ❌ FAILED / STILL MISSING COLUMNS (1): ['Abstract']

• [Row 6755] Source: Asano-original-simplified.csv
  Title: 'Artificial intelligence in nuclear cardiology: your cru' | DOI: '10.1007/s12350-023-03276-6'
  Status: Enriched 6 field(s) during run.
  ❌ FAILED / STILL MISSING COLUMNS (1): ['Abstract']

• [Row 6757] Source: Asano-original-simplified.csv
  Title: 'Ultralow-Field-Strength MRI and Artificial Intelligence' | DOI: '10.1148/radiol.222302'
  Status: Enriched 6 field(s) during run.
  ❌ FAILED / STILL MISSING COLUMNS (1): ['Abstract']

• [Row 6760] Source: Asano-original-simplified.csv
  Title: 'Artificial intelligence in surgery: A research team per' | DOI: '10.1016/j.cpsurg.2022.101125'
  Status: Enriched 6 field(s) during run.
  ❌ FAILED / STILL MISSING COLUMNS (1): ['Abstract']

• [Row 6764] Source: Asano-original-simplified.csv
  Title: 'The Business of Artificial Intelligence in Radiology Ha' | DOI: '10.1016/j.jacr.2022.01.006'
  Status: Enriched 6 field(s) during run.
  ❌ FAILED / STILL MISSING COLUMNS (1): ['Abstract']

• [Row 6765] Source: Asano-original-simplified.csv
  Title: 'The Future of Artificial Intelligence in the Medical Fi' | DOI: '10.1016/j.joms.2021.11.014'
  Status: Enriched 5 field(s) during run.
  ❌ FAILED / STILL MISSING COLUMNS (2): ['Abstract', 'Article References']

• [Row 6767] Source: Asano-original-simplified.csv
  Title: 'Characterizing dermatology mobile applications that use' | DOI: '10.5070/D327955147'
  Status: Enriched 5 field(s) during run.
  ❌ FAILED / STILL MISSING COLUMNS (2): ['Abstract', 'Article References']

• [Row 6770] Source: Asano-original-simplified.csv
  Title: 'Artificial intelligence, bias, and patients' perspectiv' | DOI: '10.1016/S0140-6736(21)01152-1'
  Status: Enriched 6 field(s) during run.
  ❌ FAILED / STILL MISSING COLUMNS (1): ['Abstract']

• [Row 6772] Source: Asano-original-simplified.csv
  Title: 'Cooperative AI: machines must learn to find common grou' | DOI: '10.1038/d41586-021-01170-0'
  Status: Enriched 6 field(s) during run.
  ❌ FAILED / STILL MISSING COLUMNS (1): ['Abstract']

• [Row 6774] Source: Asano-original-simplified.csv
  Title: 'Guiding ultrasound image capture with artificial intell' | DOI: '10.1016/S0140-6736(20)31875-4'
  Status: Enriched 6 field(s) during run.
  ❌ FAILED / STILL MISSING COLUMNS (1): ['Abstract']

• [Row 6776] Source: Asano-original-simplified.csv
  Title: 'Artificial intelligence plays an important role in cont' | DOI: '10.1017/ice.2020.103'
  Status: Enriched 6 field(s) during run.
  ❌ FAILED / STILL MISSING COLUMNS (1): ['Article References']

• [Row 6777] Source: Asano-original-simplified.csv
  Title: 'Hype or Reality? Will Artificial Intelligence Actually ' | DOI: '10.1053/j.gastro.2020.03.038'
  Status: Enriched 6 field(s) during run.
  ❌ FAILED / STILL MISSING COLUMNS (1): ['Abstract']

• [Row 6778] Source: Asano-original-simplified.csv
  Title: 'Integrating Artificial Intelligence Into Radiologic Pra' | DOI: '10.1016/j.jacr.2019.10.010'
  Status: Enriched 6 field(s) during run.
  ❌ FAILED / STILL MISSING COLUMNS (1): ['Abstract']

• [Row 6779] Source: Asano-original-simplified.csv
  Title: 'Artificial intelligence and the diagnosis of abnormal p' | DOI: '10.1016/j.fertnstert.2019.07.001'
  Status: Enriched 6 field(s) during run.
  ❌ FAILED / STILL MISSING COLUMNS (1): ['Abstract']

• [Row 6781] Source: Asano-original-simplified.csv
  Title: 'AI empowers conservation biology' | DOI: '10.1038/d41586-019-00746-1'
  Status: Enriched 5 field(s) during run.
  ❌ FAILED / STILL MISSING COLUMNS (2): ['Abstract', 'Article References']

• [Row 6782] Source: Asano-original-simplified.csv
  Title: 'Artificial Intelligence, Big Data and Beyond Are We Re' | DOI: '10.1016/j.rx.2018.07.001'
  Status: Enriched 6 field(s) during run.
  ❌ FAILED / STILL MISSING COLUMNS (1): ['Abstract']

• [Row 6783] Source: Asano-original-simplified.csv
  Title: 'Is the Fourth Industrial Revolution relevant to you?' | DOI: '10.1111/nhs.12542'
  Status: Enriched 6 field(s) during run.
  ❌ FAILED / STILL MISSING COLUMNS (1): ['Abstract']

• [Row 6785] Source: Asano-original-simplified.csv
  Title: 'Artificial intelligence for clinicians' | DOI: '10.1177/014107689909200302'
  Status: Enriched 6 field(s) during run.
  ❌ FAILED / STILL MISSING COLUMNS (1): ['Abstract']

• [Row 6786] Source: Asano-original-simplified.csv
  Title: 'Biomedical image processing and artificial intelligence' | DOI: 'No DOI'
  Status: Enriched 0 field(s) during run.
  ❌ FAILED / STILL MISSING COLUMNS (5): ['Author', 'Abstract', 'Article References', 'Times Cited', 'Publication Year']

• [Row 6790] Source: Asano-original-simplified.csv
  Title: 'AI-Enabled Public Health Surveillance: Interim Findings' | DOI: '10.3233/SHTI260831'
  Status: Enriched 6 field(s) during run.
  ❌ FAILED / STILL MISSING COLUMNS (1): ['Article References']

• [Row 6791] Source: Asano-original-simplified.csv
  Title: 'Balancing innovation and risk: artificial intelligence ' | DOI: '10.1186/s40794-026-00309-z'
  Status: Enriched 6 field(s) during run.
  ❌ FAILED / STILL MISSING COLUMNS (1): ['Article References']

• [Row 6794] Source: Asano-original-simplified.csv
  Title: 'Knowledge and awareness of artificial intelligence amon' | DOI: '10.6026/973206300220817'
  Status: Enriched 6 field(s) during run.
  ❌ FAILED / STILL MISSING COLUMNS (1): ['Article References']

• [Row 6815] Source: Asano-original-simplified.csv
  Title: 'Selective Deployment of AI in Healthcare and the Proble' | DOI: '10.1111/bioe.13424'
  Status: Enriched 6 field(s) during run.
  ❌ FAILED / STILL MISSING COLUMNS (1): ['Article References']

• [Row 6834] Source: Asano-original-simplified.csv
  Title: 'Dermatoscopic features and potential pitfalls of artifi' | DOI: '10.1016/j.jaad.2024.02.058'
  Status: Enriched 6 field(s) during run.
  ❌ FAILED / STILL MISSING COLUMNS (1): ['Abstract']

• [Row 6835] Source: Asano-original-simplified.csv
  Title: 'Artificial Intelligence and Neurorehabilitation: Fact v' | DOI: 'No DOI'
  Status: Enriched 1 field(s) during run.
  ❌ FAILED / STILL MISSING COLUMNS (4): ['Author', 'Article References', 'Times Cited', 'Publication Year']

• [Row 6847] Source: Asano-original-simplified.csv
  Title: '[Progress of researches on medical big data analytics t' | DOI: '10.16250/j.32.1374.2022210'
  Status: Enriched 6 field(s) during run.
  ❌ FAILED / STILL MISSING COLUMNS (1): ['Article References']

• [Row 6863] Source: Asano-original-simplified.csv
  Title: 'Application of Industry 4.0 Concept to Health Care' | DOI: '10.3233/SHTI200613'
  Status: Enriched 6 field(s) during run.
  ❌ FAILED / STILL MISSING COLUMNS (1): ['Article References']

• [Row 6864] Source: Asano-original-simplified.csv
  Title: 'Machine Learning and Artificial Intelligence in Pediatr' | DOI: '10.1016/j.jpeds.2020.02.039'
  Status: Enriched 6 field(s) during run.
  ❌ FAILED / STILL MISSING COLUMNS (1): ['Abstract']

• [Row 6865] Source: Asano-original-simplified.csv
  Title: '[Medical imaging professionals and related specialties ' | DOI: 'No DOI'
  Status: Enriched 6 field(s) during run.
  ❌ FAILED / STILL MISSING COLUMNS (1): ['Article References']

• [Row 6876] Source: Asano-original-simplified.csv
  Title: 'Turkish Validity and Reliability Study of the Fear of A' | DOI: '10.1891/JNM-2025-0195'
  Status: Enriched 6 field(s) during run.
  ❌ FAILED / STILL MISSING COLUMNS (1): ['Article References']

• [Row 6880] Source: Asano-original-simplified.csv
  Title: 'Editorials: Dual Reflections on Telerehabilitation' | DOI: '10.63144/ijt.2026.6770'
  Status: Enriched 6 field(s) during run.
  ❌ FAILED / STILL MISSING COLUMNS (1): ['Article References']

• [Row 6881] Source: Asano-original-simplified.csv
  Title: 'Artificial Intelligence in Scientific Judgment: Assista' | DOI: '10.12669/pjms.42.6.19570'
  Status: Enriched 6 field(s) during run.
  ❌ FAILED / STILL MISSING COLUMNS (1): ['Article References']

• [Row 6883] Source: Asano-original-simplified.csv
  Title: 'Building Relationships: A Scoping Review of Empathy in ' | DOI: '10.3233/SHTI260263'
  Status: Enriched 6 field(s) during run.
  ❌ FAILED / STILL MISSING COLUMNS (1): ['Article References']

• [Row 6891] Source: Asano-original-simplified.csv
  Title: 'AI in Healthcare: How Relevant to Medical Risk Selectio' | DOI: '10.17849/insm-53-1-1-9.2'
  Status: Enriched 6 field(s) during run.
  ❌ FAILED / STILL MISSING COLUMNS (1): ['Article References']

• [Row 6907] Source: Asano-original-simplified.csv
  Title: 'Artificial Intelligence in dentistry: Balancing innovat' | DOI: '10.6026/973206300210489'
  Status: Enriched 6 field(s) during run.
  ❌ FAILED / STILL MISSING COLUMNS (1): ['Article References']

• [Row 6910] Source: Asano-original-simplified.csv
  Title: 'Artificial Intelligence Powered Audiomics: The Futurist' | DOI: '10.3233/SHTI250491'
  Status: Enriched 6 field(s) during run.
  ❌ FAILED / STILL MISSING COLUMNS (1): ['Article References']

• [Row 6912] Source: Asano-original-simplified.csv
  Title: 'Radiologists' perceptions and readiness for integrating' | DOI: '10.6026/9732063002001943'
  Status: Enriched 6 field(s) during run.
  ❌ FAILED / STILL MISSING COLUMNS (1): ['Article References']

• [Row 6916] Source: Asano-original-simplified.csv
  Title: 'Artificial Intelligence in Minimally Invasive Surgery: ' | DOI: '10.31662/jmaj.2024-0175'
  Status: Enriched 6 field(s) during run.
  ❌ FAILED / STILL MISSING COLUMNS (1): ['Article References']

• [Row 6918] Source: Asano-original-simplified.csv
  Title: 'AI in Software Development and Its Potential Influence ' | DOI: '10.3233/SHTI241046'
  Status: Enriched 6 field(s) during run.
  ❌ FAILED / STILL MISSING COLUMNS (1): ['Article References']

• [Row 6941] Source: Asano-original-simplified.csv
  Title: '[ChatGPT in scientific research: a guide to informed us' | DOI: '10.19191/EP23.3.A639.051'
  Status: Enriched 6 field(s) during run.
  ❌ FAILED / STILL MISSING COLUMNS (1): ['Article References']

• [Row 6949] Source: Asano-original-simplified.csv
  Title: 'Automated Artificial Intelligence-Guided Diagnosis of P' | DOI: '10.1016/j.jcin.2022.09.023'
  Status: Enriched 6 field(s) during run.
  ❌ FAILED / STILL MISSING COLUMNS (1): ['Abstract']

• [Row 6953] Source: Asano-original-simplified.csv
  Title: '[Progress in Precision Medicine of Radiomics in Abdomin' | DOI: '10.3969/j.issn.1671-7104.2022.02.015'
  Status: Enriched 6 field(s) during run.
  ❌ FAILED / STILL MISSING COLUMNS (1): ['Article References']

• [Row 6984] Source: Asano-original-simplified.csv
  Title: '[ARTIFICIAL INTELLIGENCE TOOLS AND THEIR USE IN MEDICIN' | DOI: 'No DOI'
  Status: Enriched 1 field(s) during run.
  ❌ FAILED / STILL MISSING COLUMNS (4): ['Author', 'Article References', 'Times Cited', 'Publication Year']

• [Row 6985] Source: Asano-original-simplified.csv
  Title: 'Rising Influence of Artificial Intelligence: Trends in ' | DOI: '10.36849/JDD.8914'
  Status: Enriched 6 field(s) during run.
  ❌ FAILED / STILL MISSING COLUMNS (1): ['Article References']

• [Row 6993] Source: Asano-original-simplified.csv
  Title: 'A qualitative evidence synthesis on the bioethical issu' | DOI: '10.30444/CB.201'
  Status: Enriched 6 field(s) during run.
  ❌ FAILED / STILL MISSING COLUMNS (1): ['Article References']

• [Row 6994] Source: Asano-original-simplified.csv
  Title: '[Artificial intelligence in nephrology : promises, chal' | DOI: '10.53738/REVMED.2026.22.951.48310'
  Status: Enriched 6 field(s) during run.
  ❌ FAILED / STILL MISSING COLUMNS (1): ['Article References']

• [Row 7000] Source: Asano-original-simplified.csv
  Title: 'Artificial Intelligence in Cardiology: Early Diagnosis ' | DOI: '10.3233/SHTI260914'
  Status: Enriched 6 field(s) during run.
  ❌ FAILED / STILL MISSING COLUMNS (1): ['Article References']

• [Row 7012] Source: Asano-original-simplified.csv
  Title: 'Virtual lab of artificial intelligence agents accelerat' | DOI: '10.7150/ijbs.126093'
  Status: Enriched 6 field(s) during run.
  ❌ FAILED / STILL MISSING COLUMNS (1): ['Article References']

• [Row 7017] Source: Asano-original-simplified.csv
  Title: '[Exploration of Implementation Paths of Ethical Review ' | DOI: '10.12455/j.issn.1671-7104.250287'
  Status: Enriched 6 field(s) during run.
  ❌ FAILED / STILL MISSING COLUMNS (1): ['Article References']

• [Row 7032] Source: Asano-original-simplified.csv
  Title: 'Establishing new boundaries for medical liability: The ' | DOI: '10.17219/acem/208596'
  Status: Enriched 6 field(s) during run.
  ❌ FAILED / STILL MISSING COLUMNS (1): ['Article References']

• [Row 7040] Source: Asano-original-simplified.csv
  Title: 'Understanding artificial intelligence through the eyes ' | DOI: '10.15537/smj.2025.46.3.20241069'
  Status: Enriched 6 field(s) during run.
  ❌ FAILED / STILL MISSING COLUMNS (1): ['Article References']

• [Row 7098] Source: Asano-original-simplified.csv
  Title: '[Application of artificial intelligence technology in t' | DOI: '10.3760/cma.j.cn.441530-20200213-00054'
  Status: Enriched 6 field(s) during run.
  ❌ FAILED / STILL MISSING COLUMNS (1): ['Article References']

• [Row 7099] Source: Asano-original-simplified.csv
  Title: '[Application of artificial intelligence in prevention a' | DOI: '10.3760/cma.j.cn112150-20200330-00476'
  Status: Enriched 6 field(s) during run.
  ❌ FAILED / STILL MISSING COLUMNS (1): ['Article References']

• [Row 7108] Source: Asano-original-simplified.csv
  Title: 'Prediction of Human Intestinal Absorption of Compounds ' | DOI: '10.2174/1570163814666170404160911'
  Status: Enriched 6 field(s) during run.
  ❌ FAILED / STILL MISSING COLUMNS (1): ['Article References']

• [Row 7109] Source: Asano-original-simplified.csv
  Title: 'Deep Gamification and Artificial Intelligence as Cataly' | DOI: '10.12688/f1000research.171453.4'
  Status: Enriched 6 field(s) during run.
  ❌ FAILED / STILL MISSING COLUMNS (1): ['Article References']

• [Row 7114] Source: Asano-original-simplified.csv
  Title: 'Exploring Documentation Burden and the Use of Artificia' | DOI: '10.3233/SHTI260489'
  Status: Enriched 6 field(s) during run.
  ❌ FAILED / STILL MISSING COLUMNS (1): ['Article References']

• [Row 7124] Source: Asano-original-simplified.csv
  Title: 'Artificial Intelligence for Healthcare in Canada: Contr' | DOI: '10.12927/hcpap.2025.27574'
  Status: Enriched 6 field(s) during run.
  ❌ FAILED / STILL MISSING COLUMNS (1): ['Article References']

• [Row 7125] Source: Asano-original-simplified.csv
  Title: 'Does artificial intelligence cause artificial confidenc' | DOI: '10.1037/pspa0000450'
  Status: Enriched 6 field(s) during run.
  ❌ FAILED / STILL MISSING COLUMNS (1): ['Article References']

• [Row 7127] Source: Asano-original-simplified.csv
  Title: 'On stethoscopes, patient records, artificial intelligen' | DOI: '10.24875/ACM.20000269'
  Status: Enriched 1 field(s) during run.
  ❌ FAILED / STILL MISSING COLUMNS (4): ['Author', 'Article References', 'Times Cited', 'Publication Year']

• [Row 7131] Source: Asano-original-simplified.csv
  Title: '[Innovative drug development: ethical and regulatory ch' | DOI: '10.23785/TU.2026.04.007'
  Status: Enriched 6 field(s) during run.
  ❌ FAILED / STILL MISSING COLUMNS (1): ['Article References']

• [Row 7133] Source: Asano-original-simplified.csv
  Title: 'Artificial Intelligence in Pharmaceutical Care: Transfo' | DOI: '10.15537/1658-3175.8820'
  Status: Enriched 6 field(s) during run.
  ❌ FAILED / STILL MISSING COLUMNS (1): ['Article References']

• [Row 7136] Source: Asano-original-simplified.csv
  Title: '[Expert consensus on artificial intelligence-assisted m' | DOI: '10.7499/j.issn.1008-8830.2603032'
  Status: Enriched 5 field(s) during run.
  ❌ FAILED / STILL MISSING COLUMNS (2): ['Author', 'Article References']

• [Row 7141] Source: Asano-original-simplified.csv
  Title: '[Research progress in artificial intelligence for the d' | DOI: '10.7499/j.issn.1008-8830.2507030'
  Status: Enriched 6 field(s) during run.
  ❌ FAILED / STILL MISSING COLUMNS (1): ['Article References']

• [Row 7144] Source: Asano-original-simplified.csv
  Title: 'Traditional learning meets adaptive learning: the prese' | DOI: '10.1097/ACO.0000000000001662'
  Status: Enriched 6 field(s) during run.
  ❌ FAILED / STILL MISSING COLUMNS (1): ['Article References']

• [Row 7152] Source: Asano-original-simplified.csv
  Title: 'Artificial intelligence in cancer diagnostics: Governan' | DOI: '10.29063/ajrh2025/v29i12s.10'
  Status: Enriched 6 field(s) during run.
  ❌ FAILED / STILL MISSING COLUMNS (1): ['Article References']

• [Row 7156] Source: Asano-original-simplified.csv
  Title: 'Artificial intelligence's role in dentistry and dental ' | DOI: 'No DOI'
  Status: Enriched 1 field(s) during run.
  ❌ FAILED / STILL MISSING COLUMNS (4): ['Author', 'Article References', 'Times Cited', 'Publication Year']

• [Row 7160] Source: Asano-original-simplified.csv
  Title: 'Artificial intelligence in disease diagnosis: Applicati' | DOI: '10.36740/WLek/208997'
  Status: Enriched 6 field(s) during run.
  ❌ FAILED / STILL MISSING COLUMNS (1): ['Article References']

• [Row 7162] Source: Asano-original-simplified.csv
  Title: 'Artificial Intelligence in Narrative Feedback Analysis ' | DOI: '10.3233/SHTI250637'
  Status: Enriched 6 field(s) during run.
  ❌ FAILED / STILL MISSING COLUMNS (1): ['Article References']

• [Row 7217] Source: Asano-original-simplified.csv
  Title: 'Application of Artificial Intelligence Automatic Diatom' | DOI: '10.12116/j.issn.1004-5619.2020.02.017'
  Status: Enriched 6 field(s) during run.
  ❌ FAILED / STILL MISSING COLUMNS (1): ['Article References']

• [Row 7230] Source: Asano-original-simplified.csv
  Title: 'Artificial Intelligence, Real Radiology' | DOI: '10.1148/ryai.2019184001'
  Status: Enriched 6 field(s) during run.
  ❌ FAILED / STILL MISSING COLUMNS (1): ['Abstract']

• [Row 7233] Source: Asano-original-simplified.csv
  Title: 'Explainable artificial intelligence in medical imaging:' | DOI: '10.4274/dir.2026.264319'
  Status: Enriched 6 field(s) during run.
  ❌ FAILED / STILL MISSING COLUMNS (1): ['Article References']

• [Row 7235] Source: Asano-original-simplified.csv
  Title: 'Artificial Intelligence and Urology in Spain: From Tech' | DOI: '10.56434/j.arch.esp.urol.20267905.84'
  Status: Enriched 6 field(s) during run.
  ❌ FAILED / STILL MISSING COLUMNS (1): ['Article References']

• [Row 7238] Source: Asano-original-simplified.csv
  Title: 'The Impact of Generative Artificial Intelligence Use on' | DOI: '10.3390/bs16050643'
  Status: Enriched 6 field(s) during run.
  ❌ FAILED / STILL MISSING COLUMNS (1): ['Article References']

• [Row 7239] Source: Asano-original-simplified.csv
  Title: 'Expert Evaluation of an AI Governance and Ethics Framew' | DOI: '10.3233/SHTI260265'
  Status: Enriched 6 field(s) during run.
  ❌ FAILED / STILL MISSING COLUMNS (1): ['Article References']

• [Row 7241] Source: Asano-original-simplified.csv
  Title: 'Exploration and practice of artificial intelligence-ass' | DOI: '10.16288/j.yczz.25-347'
  Status: Enriched 6 field(s) during run.
  ❌ FAILED / STILL MISSING COLUMNS (1): ['Article References']

• [Row 7253] Source: Asano-original-simplified.csv
  Title: '[Expert consensus on artificial intelligence-assisted d' | DOI: '10.13201/j.issn.2096-7993.2026.02.003'
  Status: Enriched 6 field(s) during run.
  ❌ FAILED / STILL MISSING COLUMNS (1): ['Article References']

• [Row 7258] Source: Asano-original-simplified.csv
  Title: 'Recommendations of the National Academy of Medicine of ' | DOI: '10.24875/GMM.M25001008'
  Status: Enriched 6 field(s) during run.
  ❌ FAILED / STILL MISSING COLUMNS (1): ['Article References']

• [Row 7264] Source: Asano-original-simplified.csv
  Title: 'Utilizing artificial intelligence to increase the reada' | DOI: '10.3171/2025.5.PEDS25122'
  Status: Enriched 6 field(s) during run.
  ❌ FAILED / STILL MISSING COLUMNS (1): ['Article References']

• [Row 7266] Source: Asano-original-simplified.csv
  Title: 'Research Trends and Focus of Trust in Healthcare-Based ' | DOI: '10.3233/SHTI250994'
  Status: Enriched 6 field(s) during run.
  ❌ FAILED / STILL MISSING COLUMNS (1): ['Article References']

• [Row 7269] Source: Asano-original-simplified.csv
  Title: 'Empowering clinicians with artificial intelligence in h' | DOI: '10.36185/2532-1900-927'
  Status: Enriched 6 field(s) during run.
  ❌ FAILED / STILL MISSING COLUMNS (1): ['Article References']

• [Row 7318] Source: Asano-original-simplified.csv
  Title: 'LEGAL AND PRACTICAL PROBLEMS OF USE OF ARTIFICIAL INTEL' | DOI: 'No DOI'
  Status: Enriched 1 field(s) during run.
  ❌ FAILED / STILL MISSING COLUMNS (4): ['Author', 'Article References', 'Times Cited', 'Publication Year']

• [Row 7327] Source: Asano-original-simplified.csv
  Title: '[Discussion on current state and research strategies of' | DOI: '10.13702/j.1000-0607.20210017'
  Status: Enriched 6 field(s) during run.
  ❌ FAILED / STILL MISSING COLUMNS (1): ['Article References']

• [Row 7338] Source: Asano-original-simplified.csv
  Title: '[Research progress of radiomics with artificial intelli' | DOI: '10.3760/cma.j.cn501113-20201022-00573'
  Status: Enriched 6 field(s) during run.
  ❌ FAILED / STILL MISSING COLUMNS (1): ['Article References']

• [Row 7351] Source: Asano-original-simplified.csv
  Title: '[Human versus Artificial Intelligence: who makes the de' | DOI: '10.1055/a-2179-9964'
  Status: Enriched 6 field(s) during run.
  ❌ FAILED / STILL MISSING COLUMNS (1): ['Article References']

• [Row 7362] Source: Asano-original-simplified.csv
  Title: 'Artificial Intelligence and JAIDS' | DOI: '10.1097/QAI.0000000000003943'
  Status: Enriched 6 field(s) during run.
  ❌ FAILED / STILL MISSING COLUMNS (1): ['Article References']

• [Row 7364] Source: Asano-original-simplified.csv
  Title: 'Beyond efficiency: reimagining health technology assess' | DOI: '10.1017/S0266462326103778'
  Status: Enriched 5 field(s) during run.
  ❌ FAILED / STILL MISSING COLUMNS (2): ['Abstract', 'Article References']

• [Row 7366] Source: Asano-original-simplified.csv
  Title: 'Comment on "Measuring diet intake in adolescents: Relat' | DOI: '10.1016/j.clnu.2026.106615'
  Status: Enriched 6 field(s) during run.
  ❌ FAILED / STILL MISSING COLUMNS (1): ['Abstract']

• [Row 7370] Source: Asano-original-simplified.csv
  Title: 'Could Artificial Intelligence Change Our View on Left V' | DOI: '10.1016/j.jcmg.2025.11.007'
  Status: Enriched 6 field(s) during run.
  ❌ FAILED / STILL MISSING COLUMNS (1): ['Abstract']

• [Row 7374] Source: Asano-original-simplified.csv
  Title: 'Navigating the challenges of artificial intelligence in' | DOI: '10.21037/ccts-25-23'
  Status: Enriched 5 field(s) during run.
  ❌ FAILED / STILL MISSING COLUMNS (2): ['Abstract', 'Article References']

• [Row 7375] Source: Asano-original-simplified.csv
  Title: 'Artificial intelligence-driven exercise programmes in p' | DOI: '10.3399/BJGPO.2025.0094'
  Status: Enriched 6 field(s) during run.
  ❌ FAILED / STILL MISSING COLUMNS (1): ['Article References']

• [Row 7376] Source: Asano-original-simplified.csv
  Title: 'Photographic Quantification of Actinic Keratoses Using ' | DOI: '10.1016/j.jid.2025.08.015'
  Status: Enriched 6 field(s) during run.
  ❌ FAILED / STILL MISSING COLUMNS (1): ['Abstract']

• [Row 7377] Source: Asano-original-simplified.csv
  Title: 'Response to Wang et al's limitations and risks of custo' | DOI: '10.1016/j.jaad.2025.01.072'
  Status: Enriched 6 field(s) during run.
  ❌ FAILED / STILL MISSING COLUMNS (1): ['Abstract']

• [Row 7381] Source: Asano-original-simplified.csv
  Title: 'Unlocking the potential of artificial intelligence (AI)' | DOI: '10.1007/s10815-023-02893-x'
  Status: Enriched 5 field(s) during run.
  ❌ FAILED / STILL MISSING COLUMNS (2): ['Abstract', 'Article References']

• [Row 7383] Source: Asano-original-simplified.csv
  Title: 'Artificial Intelligence Applied to Contrast-enhanced Ma' | DOI: '10.1148/radiol.231140'
  Status: Enriched 6 field(s) during run.
  ❌ FAILED / STILL MISSING COLUMNS (1): ['Abstract']

• [Row 7400] Source: Asano-original-simplified.csv
  Title: '[Artificial intelligence in medical application: proble' | DOI: '10.3760/cma.j.cn112137-20220518-01097'
  Status: Enriched 6 field(s) during run.
  ❌ FAILED / STILL MISSING COLUMNS (1): ['Article References']

• [Row 7404] Source: Asano-original-simplified.csv
  Title: '[Promoting the application of federated learning in med' | DOI: '10.3760/cma.j.cn112137-20210619-01389'
  Status: Enriched 6 field(s) during run.
  ❌ FAILED / STILL MISSING COLUMNS (1): ['Article References']

• [Row 7405] Source: Asano-original-simplified.csv
  Title: '[Can artificial intelligence make a meaningful contribu' | DOI: '10.5177/ntvt.2022.01.20123'
  Status: Enriched 6 field(s) during run.
  ❌ FAILED / STILL MISSING COLUMNS (1): ['Article References']

• [Row 7408] Source: Asano-original-simplified.csv
  Title: 'Artificial intelligence guides system's best practices,' | DOI: 'No DOI'
  Status: Enriched 1 field(s) during run.
  ❌ FAILED / STILL MISSING COLUMNS (4): ['Author', 'Article References', 'Times Cited', 'Publication Year']

• [Row 7409] Source: Asano-original-simplified.csv
  Title: 'Artificial intelligence in medical diagnosis: the INTER' | DOI: 'No DOI'
  Status: Enriched 1 field(s) during run.
  ❌ FAILED / STILL MISSING COLUMNS (4): ['Author', 'Article References', 'Times Cited', 'Publication Year']

• [Row 7411] Source: Asano-original-simplified.csv
  Title: 'Assessment of dentists' knowledge, attitude and practic' | DOI: '10.6026/973206300222712'
  Status: Enriched 6 field(s) during run.
  ❌ FAILED / STILL MISSING COLUMNS (1): ['Article References']

• [Row 7416] Source: Asano-original-simplified.csv
  Title: 'US Food and Drug Administration Shifts to AI-Enhanced R' | DOI: '10.2196/101884'
  Status: Enriched 6 field(s) during run.
  ❌ FAILED / STILL MISSING COLUMNS (1): ['Article References']

• [Row 7421] Source: Asano-original-simplified.csv
  Title: 'Artificial intelligence in breast cancer diagnosis: A s' | DOI: '10.1017/pcm.2025.10006'
  Status: Enriched 6 field(s) during run.
  ❌ FAILED / STILL MISSING COLUMNS (1): ['Article References']

• [Row 7428] Source: Asano-original-simplified.csv
  Title: 'The Pepper Robot in Healthcare: A Scoping Review' | DOI: '10.3233/SHTI250057'
  Status: Enriched 6 field(s) during run.
  ❌ FAILED / STILL MISSING COLUMNS (1): ['Article References']

• [Row 7460] Source: Asano-original-simplified.csv
  Title: 'Assessing the Accuracy of an Online Chat-Based Artifici' | DOI: '10.1161/HYPERTENSIONAHA.123.21183'
  Status: Enriched 6 field(s) during run.
  ❌ FAILED / STILL MISSING COLUMNS (1): ['Abstract']

• [Row 7491] Source: Asano-original-simplified.csv
  Title: 'Computational Pathology as a Mechanistic Discipline: Fr' | DOI: '10.31083/FBL47914'
  Status: Enriched 6 field(s) during run.
  ❌ FAILED / STILL MISSING COLUMNS (1): ['Article References']

• [Row 7494] Source: Asano-original-simplified.csv
  Title: 'How are school psychologists using artificial intellige' | DOI: '10.1037/spq0000713'
  Status: Enriched 6 field(s) during run.
  ❌ FAILED / STILL MISSING COLUMNS (1): ['Article References']

• [Row 7504] Source: Asano-original-simplified.csv
  Title: 'The unintended negative consequences of artificial inte' | DOI: '10.3389/fpsyg.2026.1729050'
  Status: Enriched 6 field(s) during run.
  ❌ FAILED / STILL MISSING COLUMNS (1): ['Article References']

• [Row 7522] Source: Asano-original-simplified.csv
  Title: 'Comparative Detector Analysis for the Identification of' | DOI: '10.14744/bej.2025.70973'
  Status: Enriched 6 field(s) during run.
  ❌ FAILED / STILL MISSING COLUMNS (1): ['Article References']

• [Row 7523] Source: Asano-original-simplified.csv
  Title: 'Factors influencing the predictive performance of artif' | DOI: '10.2319/031025-197.1'
  Status: Enriched 6 field(s) during run.
  ❌ FAILED / STILL MISSING COLUMNS (1): ['Article References']

• [Row 7546] Source: Asano-original-simplified.csv
  Title: '[Application of Artificial Intelligence Models in Nursi' | DOI: '10.6224/JN.202410_71(5).03'
  Status: Enriched 6 field(s) during run.
  ❌ FAILED / STILL MISSING COLUMNS (1): ['Article References']

• [Row 7552] Source: Asano-original-simplified.csv
  Title: 'Applications of artificial intelligence in restorative ' | DOI: '10.3290/j.qi.b5437507'
  Status: Enriched 6 field(s) during run.
  ❌ FAILED / STILL MISSING COLUMNS (1): ['Article References']

• [Row 7554] Source: Asano-original-simplified.csv
  Title: '[Artificial intelligence: to a better predictive strate' | DOI: '10.1684/abc.2024.1882'
  Status: Enriched 6 field(s) during run.
  ❌ FAILED / STILL MISSING COLUMNS (1): ['Article References']

• [Row 7597] Source: Asano-original-simplified.csv
  Title: '[Application and progress of artificial intelligence in' | DOI: '10.3760/cma.j.cn112152-20200513-00445'
  Status: Enriched 6 field(s) during run.
  ❌ FAILED / STILL MISSING COLUMNS (1): ['Article References']

• [Row 7614] Source: Asano-original-simplified.csv
  Title: 'Expression of Concern: Liu et al. Optimization of a Spo' | DOI: '10.3390/ijerph23030396'
  Status: Enriched 6 field(s) during run.
  ❌ FAILED / STILL MISSING COLUMNS (1): ['Article References']

• [Row 7617] Source: Asano-original-simplified.csv
  Title: 'Artificial intelligence enhancements in the neurosurgic' | DOI: '10.1007/s10143-024-02883-2'
  Status: Enriched 6 field(s) during run.
  ❌ FAILED / STILL MISSING COLUMNS (1): ['Abstract']

• [Row 7618] Source: Asano-original-simplified.csv
  Title: 'AI-Augmented neurosurgery: a new era of ethical challen' | DOI: '10.1007/s10143-024-02774-6'
  Status: Enriched 6 field(s) during run.
  ❌ FAILED / STILL MISSING COLUMNS (1): ['Abstract']

• [Row 7619] Source: Asano-original-simplified.csv
  Title: 'Editorial Comment: Enhancing Radiologist Sensitivity fo' | DOI: '10.2214/AJR.24.31668'
  Status: Enriched 6 field(s) during run.
  ❌ FAILED / STILL MISSING COLUMNS (1): ['Abstract']

• [Row 7621] Source: Asano-original-simplified.csv
  Title: 'AI Use in Prostate Cancer: Potential Improvements in Tr' | DOI: '10.46883/2024.25921021'
  Status: Enriched 6 field(s) during run.
  ❌ FAILED / STILL MISSING COLUMNS (1): ['Article References']

• [Row 7622] Source: Asano-original-simplified.csv
  Title: 'The challenge of artificial intelligence in medical wri' | DOI: '10.1016/j.medcli.2024.01.039'
  Status: Enriched 6 field(s) during run.
  ❌ FAILED / STILL MISSING COLUMNS (1): ['Abstract']

• [Row 7629] Source: Asano-original-simplified.csv
  Title: 'Letter to the editor in response to Samuel Woodnutt, Ch' | DOI: '10.1111/jpm.12981'
  Status: Enriched 6 field(s) during run.
  ❌ FAILED / STILL MISSING COLUMNS (1): ['Article References']

• [Row 7633] Source: Asano-original-simplified.csv
  Title: 'Coronary X-ray angiography segmentation using Artificia' | DOI: '10.1007/s10554-023-02889-9'
  Status: Enriched 6 field(s) during run.
  ❌ FAILED / STILL MISSING COLUMNS (1): ['Abstract']

• [Row 7634] Source: Asano-original-simplified.csv
  Title: 'Francesco Ciompi' | DOI: '10.1016/j.xcrm.2022.100865'
  Status: Enriched 5 field(s) during run.
  ❌ FAILED / STILL MISSING COLUMNS (2): ['Author', 'Article References']

• [Row 7636] Source: Asano-original-simplified.csv
  Title: 'Reply to: Letter to the Editor: Comment on ''Radiomics ' | DOI: '10.1245/s10434-022-12822-4'
  Status: Enriched 6 field(s) during run.
  ❌ FAILED / STILL MISSING COLUMNS (1): ['Abstract']

• [Row 7638] Source: Asano-original-simplified.csv
  Title: 'High-quality Studies of Artificial Intelligence in Colo' | DOI: '10.1053/j.gastro.2022.06.074'
  Status: Enriched 6 field(s) during run.
  ❌ FAILED / STILL MISSING COLUMNS (1): ['Abstract']

• [Row 7640] Source: Asano-original-simplified.csv
  Title: 'Artificial intelligence application in vascular disease' | DOI: '10.1016/j.jvs.2022.03.895'
  Status: Enriched 6 field(s) during run.
  ❌ FAILED / STILL MISSING COLUMNS (1): ['Abstract']

• [Row 7641] Source: Asano-original-simplified.csv
  Title: 'Future Guidelines for Artificial Intelligence in Echoca' | DOI: '10.1016/j.echo.2022.04.005'
  Status: Enriched 6 field(s) during run.
  ❌ FAILED / STILL MISSING COLUMNS (1): ['Abstract']

• [Row 7644] Source: Asano-original-simplified.csv
  Title: '[Artificial Intelligence in medicine: What about gyneco' | DOI: '10.1016/j.gofs.2022.02.075'
  Status: Enriched 6 field(s) during run.
  ❌ FAILED / STILL MISSING COLUMNS (1): ['Abstract']

• [Row 7647] Source: Asano-original-simplified.csv
  Title: 'Towards artificial intelligence for identifying cases o' | DOI: '10.1016/j.burns.2021.05.007'
  Status: Enriched 6 field(s) during run.
  ❌ FAILED / STILL MISSING COLUMNS (1): ['Abstract']

• [Row 7648] Source: Asano-original-simplified.csv
  Title: 'Artificial intelligence to enhance the evaluation of re' | DOI: '10.1016/j.yebeh.2021.107776'
  Status: Enriched 6 field(s) during run.
  ❌ FAILED / STILL MISSING COLUMNS (1): ['Abstract']

• [Row 7649] Source: Asano-original-simplified.csv
  Title: 'A new approach to modelling in adult congenital heart d' | DOI: '10.1016/j.rec.2020.12.008'
  Status: Enriched 6 field(s) during run.
  ❌ FAILED / STILL MISSING COLUMNS (1): ['Abstract']

• [Row 7651] Source: Asano-original-simplified.csv
  Title: 'Prestigious AI meeting takes steps to improve ethics of' | DOI: '10.1038/d41586-020-03611-8'
  Status: Enriched 5 field(s) during run.
  ❌ FAILED / STILL MISSING COLUMNS (2): ['Abstract', 'Article References']

• [Row 7652] Source: Asano-original-simplified.csv
  Title: 'Making Your AI Smarter: Continuous Learning Artificial ' | DOI: '10.1148/radiol.2020202664'
  Status: Enriched 6 field(s) during run.
  ❌ FAILED / STILL MISSING COLUMNS (1): ['Abstract']

• [Row 7655] Source: Asano-original-simplified.csv
  Title: 'Safeguards for the use of artificial intelligence and m' | DOI: '10.2471/BLT.19.237099'
  Status: Enriched 6 field(s) during run.
  ❌ FAILED / STILL MISSING COLUMNS (1): ['Abstract']

• [Row 7656] Source: Asano-original-simplified.csv
  Title: 'Editorial: Dissecting the pathological bone marrow nich' | DOI: '10.1097/CCO.0000000000000604'
  Status: Enriched 6 field(s) during run.
  ❌ FAILED / STILL MISSING COLUMNS (1): ['Article References']

• [Row 7658] Source: Asano-original-simplified.csv
  Title: 'The Future Is Now: Artificial Intelligence in Drug Disc' | DOI: '10.1021/acs.jmedchem.9b00805'
  Status: Enriched 6 field(s) during run.
  ❌ FAILED / STILL MISSING COLUMNS (1): ['Article References']

• [Row 7659] Source: Asano-original-simplified.csv
  Title: 'Artificial intelligence, machine learning, and the huma' | DOI: '10.1016/j.oooo.2018.12.024'
  Status: Enriched 6 field(s) during run.
  ❌ FAILED / STILL MISSING COLUMNS (1): ['Abstract']

• [Row 7661] Source: Asano-original-simplified.csv
  Title: 'Artificial intelligence: Implications for the health ca' | DOI: '10.1002/jhrm.21351'
  Status: Enriched 5 field(s) during run.
  ❌ FAILED / STILL MISSING COLUMNS (2): ['Abstract', 'Article References']

• [Row 7662] Source: Asano-original-simplified.csv
  Title: 'Earth hacker' | DOI: '10.1038/d41586-018-05897-1'
  Status: Enriched 5 field(s) during run.
  ❌ FAILED / STILL MISSING COLUMNS (2): ['Abstract', 'Article References']

• [Row 7665] Source: Asano-original-simplified.csv
  Title: 'Artificial Intelligence in Medicine: Is Oral and Maxill' | DOI: '10.1016/j.joms.2024.05.042'
  Status: Enriched 6 field(s) during run.
  ❌ FAILED / STILL MISSING COLUMNS (1): ['Abstract']

• [Row 7666] Source: Asano-original-simplified.csv
  Title: 'Has your paper been used to train an AI model? Almost c' | DOI: '10.1038/d41586-024-02599-9'
  Status: Enriched 5 field(s) during run.
  ❌ FAILED / STILL MISSING COLUMNS (2): ['Abstract', 'Article References']

• [Row 7667] Source: Asano-original-simplified.csv
  Title: 'ASO Author Reflections: The Role of Artificial Intellig' | DOI: '10.1245/s10434-024-15659-1'
  Status: Enriched 6 field(s) during run.
  ❌ FAILED / STILL MISSING COLUMNS (1): ['Abstract']

• [Row 7670] Source: Asano-original-simplified.csv
  Title: 'The Use of Artificial Intelligence-based Technologies i' | DOI: 'No DOI'
  Status: Enriched 0 field(s) during run.
  ❌ FAILED / STILL MISSING COLUMNS (5): ['Author', 'Abstract', 'Article References', 'Times Cited', 'Publication Year']

• [Row 7673] Source: Asano-original-simplified.csv
  Title: 'Artificial Intelligence: Promise or Pitfalls? A Clinica' | DOI: '10.1007/s11606-024-08611-2'
  Status: Enriched 6 field(s) during run.
  ❌ FAILED / STILL MISSING COLUMNS (1): ['Abstract']

• [Row 7674] Source: Asano-original-simplified.csv
  Title: 'Artificial Intelligence for Image Reconstruction in Chi' | DOI: '10.2214/AJR.23.30706'
  Status: Enriched 6 field(s) during run.
  ❌ FAILED / STILL MISSING COLUMNS (1): ['Abstract']

• [Row 7675] Source: Asano-original-simplified.csv
  Title: 'Beyond the AJR: Early Applications of Generative Artifi' | DOI: '10.2214/AJR.23.30696'
  Status: Enriched 6 field(s) during run.
  ❌ FAILED / STILL MISSING COLUMNS (1): ['Abstract']

• [Row 7676] Source: Asano-original-simplified.csv
  Title: 'Artificial Intelligence in Nursing Education: Opportuni' | DOI: 'No DOI'
  Status: Enriched 0 field(s) during run.
  ❌ FAILED / STILL MISSING COLUMNS (5): ['Author', 'Abstract', 'Article References', 'Times Cited', 'Publication Year']

• [Row 7679] Source: Asano-original-simplified.csv
  Title: 'Facilitating the Next Paradigm Shift in Critical Care T' | DOI: '10.1016/j.ccc.2023.03.001'
  Status: Enriched 5 field(s) during run.
  ❌ FAILED / STILL MISSING COLUMNS (2): ['Abstract', 'Article References']

• [Row 7681] Source: Asano-original-simplified.csv
  Title: 'The Role of Organized Radiology in Advancing Imaging Ar' | DOI: '10.1016/j.jacr.2023.06.020'
  Status: Enriched 6 field(s) during run.
  ❌ FAILED / STILL MISSING COLUMNS (1): ['Abstract']

• [Row 7685] Source: Asano-original-simplified.csv
  Title: 'Status and problem summary of artificial intelligence i' | DOI: '10.1016/j.asjsur.2023.04.100'
  Status: Enriched 6 field(s) during run.
  ❌ FAILED / STILL MISSING COLUMNS (1): ['Abstract']

• [Row 7686] Source: Asano-original-simplified.csv
  Title: 'Letter From the Guest Editor - Artificial Intelligence ' | DOI: '10.1053/j.ro.2023.02.004'
  Status: Enriched 5 field(s) during run.
  ❌ FAILED / STILL MISSING COLUMNS (2): ['Abstract', 'Article References']

• [Row 7687] Source: Asano-original-simplified.csv
  Title: 'The Intersection of Lung Cancer Screening, Radiomics, a' | DOI: '10.1200/JCO.22.02885'
  Status: Enriched 6 field(s) during run.
  ❌ FAILED / STILL MISSING COLUMNS (1): ['Abstract']

• [Row 7689] Source: Asano-original-simplified.csv
  Title: 'Need for Medical Student Education in Emerging Technolo' | DOI: '10.1016/j.acra.2022.11.018'
  Status: Enriched 6 field(s) during run.
  ❌ FAILED / STILL MISSING COLUMNS (1): ['Abstract']

• [Row 7691] Source: Asano-original-simplified.csv
  Title: 'Can Artificial Intelligence (AI) assist in the diagnosi' | DOI: '10.1016/j.oooo.2022.07.004'
  Status: Enriched 6 field(s) during run.
  ❌ FAILED / STILL MISSING COLUMNS (1): ['Abstract']

• [Row 7692] Source: Asano-original-simplified.csv
  Title: 'From ultrasound to artificial intelligence: a new era o' | DOI: '10.23736/S0375-9393.22.16456-4'
  Status: Enriched 6 field(s) during run.
  ❌ FAILED / STILL MISSING COLUMNS (1): ['Abstract']

• [Row 7694] Source: Asano-original-simplified.csv
  Title: 'Early detection of gastric neoplasia: is artificial int' | DOI: '10.1016/S2468-1253(21)00254-5'
  Status: Enriched 6 field(s) during run.
  ❌ FAILED / STILL MISSING COLUMNS (1): ['Abstract']

• [Row 7699] Source: Asano-original-simplified.csv
  Title: 'Utilizing artificial intelligence for falls management ' | DOI: '10.1016/j.gerinurse.2020.03.011'
  Status: Enriched 6 field(s) during run.
  ❌ FAILED / STILL MISSING COLUMNS (1): ['Abstract']

• [Row 7703] Source: Asano-original-simplified.csv
  Title: 'Questions for Artificial Intelligence in Health Care' | DOI: '10.1001/jama.2018.18932'
  Status: Enriched 6 field(s) during run.
  ❌ FAILED / STILL MISSING COLUMNS (1): ['Abstract']

• [Row 7704] Source: Asano-original-simplified.csv
  Title: 'Regulatory Approval versus Clinical Validation of Artif' | DOI: '10.1148/radiol.2018181310'
  Status: Enriched 6 field(s) during run.
  ❌ FAILED / STILL MISSING COLUMNS (1): ['Abstract']

• [Row 7706] Source: Asano-original-simplified.csv
  Title: 'Artificial intelligence--the solution for scanned patie' | DOI: 'No DOI'
  Status: Enriched 0 field(s) during run.
  ❌ FAILED / STILL MISSING COLUMNS (5): ['Author', 'Abstract', 'Article References', 'Times Cited', 'Publication Year']

• [Row 7707] Source: Asano-original-simplified.csv
  Title: 'The new face of oral and maxillofacial surgery: artific' | DOI: '10.5125/jkaoms.2025.51.3.127'
  Status: Enriched 6 field(s) during run.
  ❌ FAILED / STILL MISSING COLUMNS (1): ['Abstract']

• [Row 7708] Source: Asano-original-simplified.csv
  Title: '[Artificial intelligence in radiology : From the Gartne' | DOI: '10.1007/s00117-024-01362-5'
  Status: Enriched 6 field(s) during run.
  ❌ FAILED / STILL MISSING COLUMNS (1): ['Abstract']

• [Row 7709] Source: Asano-original-simplified.csv
  Title: 'Harnessing artificial intelligence to improve surgical ' | DOI: '10.1007/s10143-024-02884-1'
  Status: Enriched 6 field(s) during run.
  ❌ FAILED / STILL MISSING COLUMNS (1): ['Abstract']

• [Row 7710] Source: Asano-original-simplified.csv
  Title: 'Artificial intelligence in the surgical management of a' | DOI: '10.1007/s10143-024-02886-z'
  Status: Enriched 6 field(s) during run.
  ❌ FAILED / STILL MISSING COLUMNS (1): ['Abstract']

• [Row 7711] Source: Asano-original-simplified.csv
  Title: 'Scapegoat-in-the-Loop? Human Control over Medical AI an' | DOI: '10.1080/15265161.2024.2377137'
  Status: Enriched 6 field(s) during run.
  ❌ FAILED / STILL MISSING COLUMNS (1): ['Abstract']

• [Row 7712] Source: Asano-original-simplified.csv
  Title: 'Beyond the Hype: Practical Artificial Intelligence Uses' | DOI: '10.1016/j.joms.2024.05.011'
  Status: Enriched 6 field(s) during run.
  ❌ FAILED / STILL MISSING COLUMNS (1): ['Abstract']

• [Row 7713] Source: Asano-original-simplified.csv
  Title: 'RE: Communicative competence of generative artificial i' | DOI: '10.1007/s00384-024-04677-w'
  Status: Enriched 6 field(s) during run.
  ❌ FAILED / STILL MISSING COLUMNS (1): ['Abstract']

• [Row 7715] Source: Asano-original-simplified.csv
  Title: 'Pitfalls and Opportunities for the Growing Role of AI i' | DOI: '10.1016/j.cardfail.2024.03.001'
  Status: Enriched 6 field(s) during run.
  ❌ FAILED / STILL MISSING COLUMNS (1): ['Abstract']

• [Row 7717] Source: Asano-original-simplified.csv
  Title: 'Picture Perfect: Artificial Intelligence in the Managem' | DOI: '10.14309/ajg.0000000000002659'
  Status: Enriched 6 field(s) during run.
  ❌ FAILED / STILL MISSING COLUMNS (1): ['Abstract']

• [Row 7718] Source: Asano-original-simplified.csv
  Title: 'Moving Forward: Evaluation of Artificial Intelligence C' | DOI: '10.1016/j.ejvs.2023.11.044'
  Status: Enriched 6 field(s) during run.
  ❌ FAILED / STILL MISSING COLUMNS (1): ['Abstract']

• [Row 7721] Source: Asano-original-simplified.csv
  Title: 'Artificial Intelligence for Visual Acuity-Gaps From Alg' | DOI: '10.1001/jamaophthalmol.2023.2554'
  Status: Enriched 6 field(s) during run.
  ❌ FAILED / STILL MISSING COLUMNS (1): ['Abstract']

• [Row 7722] Source: Asano-original-simplified.csv
  Title: 'Artificial intelligence-based model for lymph node meta' | DOI: '10.1016/S1470-2045(23)00209-7'
  Status: Enriched 6 field(s) during run.
  ❌ FAILED / STILL MISSING COLUMNS (1): ['Abstract']

• [Row 7723] Source: Asano-original-simplified.csv
  Title: 'Foot and Ankle Surgery declares use of generative artif' | DOI: '10.1016/j.fas.2023.05.002'
  Status: Enriched 6 field(s) during run.
  ❌ FAILED / STILL MISSING COLUMNS (1): ['Abstract']

• [Row 7725] Source: Asano-original-simplified.csv
  Title: 'Use of artificial intelligence to enhance detection of ' | DOI: '10.1016/S1470-2045(23)00101-8'
  Status: Enriched 6 field(s) during run.
  ❌ FAILED / STILL MISSING COLUMNS (1): ['Abstract']

• [Row 7727] Source: Asano-original-simplified.csv
  Title: 'Artificial intelligence in veterinary care will be a ma' | DOI: '10.1111/vru.13161'
  Status: Enriched 6 field(s) during run.
  ❌ FAILED / STILL MISSING COLUMNS (1): ['Abstract']

• [Row 7728] Source: Asano-original-simplified.csv
  Title: 'Invited Commentary: The Power and Promise of Artificial' | DOI: '10.1148/rg.220162'
  Status: Enriched 6 field(s) during run.
  ❌ FAILED / STILL MISSING COLUMNS (1): ['Abstract']

• [Row 7729] Source: Asano-original-simplified.csv
  Title: 'An invitation for contributions to a themed issue on ar' | DOI: '10.1093/intqhc/mzac081'
  Status: Enriched 6 field(s) during run.
  ❌ FAILED / STILL MISSING COLUMNS (1): ['Article References']

• [Row 7731] Source: Asano-original-simplified.csv
  Title: 'ASO Author Reflections: Can Artificial Intelligence Eva' | DOI: '10.1245/s10434-022-12007-z'
  Status: Enriched 6 field(s) during run.
  ❌ FAILED / STILL MISSING COLUMNS (1): ['Abstract']

• [Row 7732] Source: Asano-original-simplified.csv
  Title: 'Real-time use of artificial intelligence at colonoscopy' | DOI: '10.1016/j.gie.2021.12.048'
  Status: Enriched 6 field(s) during run.
  ❌ FAILED / STILL MISSING COLUMNS (1): ['Abstract']

• [Row 7733] Source: Asano-original-simplified.csv
  Title: '[Current status of artificial intelligence application ' | DOI: '10.3760/cma.j.cn112148-20210114-00047'
  Status: Enriched 6 field(s) during run.
  ❌ FAILED / STILL MISSING COLUMNS (1): ['Article References']

• [Row 7734] Source: Asano-original-simplified.csv
  Title: 'Artificial intelligence for celestial object census: th' | DOI: '10.1016/j.scib.2021.07.015'
  Status: Enriched 6 field(s) during run.
  ❌ FAILED / STILL MISSING COLUMNS (1): ['Abstract']

• [Row 7735] Source: Asano-original-simplified.csv
  Title: 'Artificial intelligence for the assessment of coronary ' | DOI: '10.1016/j.ijcard.2021.09.002'
  Status: Enriched 6 field(s) during run.
  ❌ FAILED / STILL MISSING COLUMNS (1): ['Abstract']

• [Row 7737] Source: Asano-original-simplified.csv
  Title: 'Introduction. Neurosurgical management of stroke, organ' | DOI: '10.3171/2021.4.FOCUS21264'
  Status: Enriched 6 field(s) during run.
  ❌ FAILED / STILL MISSING COLUMNS (1): ['Abstract']

• [Row 7740] Source: Asano-original-simplified.csv
  Title: 'Re: Bronchopulmonary dysplasia predicted at birth by ar' | DOI: '10.1111/apa.15500'
  Status: Enriched 6 field(s) during run.
  ❌ FAILED / STILL MISSING COLUMNS (1): ['Abstract']

• [Row 7741] Source: Asano-original-simplified.csv
  Title: 'Musculoskeletal Imaging Applications of Artificial Inte' | DOI: '10.1055/s-0039-3400511'
  Status: Enriched 6 field(s) during run.
  ❌ FAILED / STILL MISSING COLUMNS (1): ['Article References']

• [Row 7742] Source: Asano-original-simplified.csv
  Title: 'Opportunities and Challenges of Disruptive Innovation i' | DOI: '10.1016/j.amjmed.2019.12.016'
  Status: Enriched 5 field(s) during run.
  ❌ FAILED / STILL MISSING COLUMNS (2): ['Abstract', 'Article References']

• [Row 7745] Source: Asano-original-simplified.csv
  Title: '[Digital cardiology, artificial intelligence and the va' | DOI: '10.17992/lbl.2019.04.223'
  Status: Enriched 6 field(s) during run.
  ❌ FAILED / STILL MISSING COLUMNS (1): ['Abstract']

• [Row 7751] Source: Asano-original-simplified.csv
  Title: 'Is there an 'I' in AI?' | DOI: '10.1098/rsta.2024.0527'
  Status: Enriched 5 field(s) during run.
  ❌ FAILED / STILL MISSING COLUMNS (2): ['Abstract', 'Article References']

• [Row 7753] Source: Asano-original-simplified.csv
  Title: 'Letters' | DOI: 'No DOI'
  Status: Enriched 0 field(s) during run.
  ❌ FAILED / STILL MISSING COLUMNS (5): ['Author', 'Abstract', 'Article References', 'Times Cited', 'Publication Year']

• [Row 7754] Source: Asano-original-simplified.csv
  Title: '[Applications and advances of artificial intelligence i' | DOI: '10.3760/cma.j.cn112151-20250528-00368'
  Status: Enriched 5 field(s) during run.
  ❌ FAILED / STILL MISSING COLUMNS (2): ['Abstract', 'Article References']

• [Row 7756] Source: Asano-original-simplified.csv
  Title: 'AI model collapse might be prevented by studying human ' | DOI: '10.1038/d41586-024-03023-y'
  Status: Enriched 5 field(s) during run.
  ❌ FAILED / STILL MISSING COLUMNS (2): ['Abstract', 'Article References']

• [Row 7758] Source: Asano-original-simplified.csv
  Title: '[[PET] 9. Current Status of the Artificial Intelligence' | DOI: '10.6009/jjrt.2024-2386'
  Status: Enriched 6 field(s) during run.
  ❌ FAILED / STILL MISSING COLUMNS (1): ['Abstract']

• [Row 7761] Source: Asano-original-simplified.csv
  Title: ''This time is different': physician knowledge in the ag' | DOI: '10.1136/bmjqs-2024-017141'
  Status: Enriched 6 field(s) during run.
  ❌ FAILED / STILL MISSING COLUMNS (1): ['Abstract']

• [Row 7762] Source: Asano-original-simplified.csv
  Title: 'Artificial intelligence (AI) and alternative variables ' | DOI: '10.1016/j.drudis.2024.103978'
  Status: Enriched 6 field(s) during run.
  ❌ FAILED / STILL MISSING COLUMNS (1): ['Abstract']

• [Row 7763] Source: Asano-original-simplified.csv
  Title: 'Off-label use of artificial intelligence models in heal' | DOI: '10.1038/s41591-024-02870-6'
  Status: Enriched 6 field(s) during run.
  ❌ FAILED / STILL MISSING COLUMNS (1): ['Abstract']

• [Row 7765] Source: Asano-original-simplified.csv
  Title: 'Artificial Intelligence Individualized Risk Classifier ' | DOI: '10.1200/JCO.23.02781'
  Status: Enriched 6 field(s) during run.
  ❌ FAILED / STILL MISSING COLUMNS (1): ['Abstract']

• [Row 7766] Source: Asano-original-simplified.csv
  Title: 'Artificial intelligence in academic cardiothoracic surg' | DOI: '10.23736/S0021-9509.24.12962-X'
  Status: Enriched 6 field(s) during run.
  ❌ FAILED / STILL MISSING COLUMNS (1): ['Abstract']

• [Row 7769] Source: Asano-original-simplified.csv
  Title: 'Text-to-image artificial intelligence models for preope' | DOI: '10.1016/j.jcjo.2023.09.006'
  Status: Enriched 6 field(s) during run.
  ❌ FAILED / STILL MISSING COLUMNS (1): ['Abstract']

• [Row 7771] Source: Asano-original-simplified.csv
  Title: 'Artificial Intelligence and the Critical Care Nurse' | DOI: '10.4037/ccn2023755'
  Status: Enriched 6 field(s) during run.
  ❌ FAILED / STILL MISSING COLUMNS (1): ['Abstract']

• [Row 7773] Source: Asano-original-simplified.csv
  Title: 'Artificial intelligence for breast cancer screening: br' | DOI: '10.1016/S1470-2045(23)00336-4'
  Status: Enriched 6 field(s) during run.
  ❌ FAILED / STILL MISSING COLUMNS (1): ['Abstract']

• [Row 7774] Source: Asano-original-simplified.csv
  Title: '[Current research and application status of artificial ' | DOI: '10.3760/cma.j.cn112148-20230411-00210'
  Status: Enriched 6 field(s) during run.
  ❌ FAILED / STILL MISSING COLUMNS (1): ['Article References']

• [Row 7776] Source: Asano-original-simplified.csv
  Title: 'The Artificial Face (ART-F) Project: Addressing the Pro' | DOI: '10.1089/cyber.2023.29273.ceu'
  Status: Enriched 6 field(s) during run.
  ❌ FAILED / STILL MISSING COLUMNS (1): ['Abstract']

• [Row 7779] Source: Asano-original-simplified.csv
  Title: 'Artificial Intelligence in Surgical Education: Consider' | DOI: '10.1177/15533506211059269'
  Status: Enriched 6 field(s) during run.
  ❌ FAILED / STILL MISSING COLUMNS (1): ['Abstract']

• [Row 7780] Source: Asano-original-simplified.csv
  Title: '[Research progress in the application of artificial int' | DOI: '10.3760/cma.j.cn112148-20210422-00365'
  Status: Enriched 6 field(s) during run.
  ❌ FAILED / STILL MISSING COLUMNS (1): ['Article References']

• [Row 7786] Source: Asano-original-simplified.csv
  Title: 'Applications of artificial intelligence in the emergenc' | DOI: '10.1007/s10140-020-01794-1'
  Status: Enriched 6 field(s) during run.
  ❌ FAILED / STILL MISSING COLUMNS (1): ['Abstract']

• [Row 7787] Source: Asano-original-simplified.csv
  Title: 'The Future of Digital Communication: Improved Messaging' | DOI: '10.1016/j.jacr.2019.12.015'
  Status: Enriched 5 field(s) during run.
  ❌ FAILED / STILL MISSING COLUMNS (2): ['Abstract', 'Article References']

• [Row 7789] Source: Asano-original-simplified.csv
  Title: 'Using Big Data in eye research to answer important scie' | DOI: '10.5935/0004-2749.20190044'
  Status: Enriched 6 field(s) during run.
  ❌ FAILED / STILL MISSING COLUMNS (1): ['Abstract']

• [Row 7790] Source: Asano-original-simplified.csv
  Title: 'Artificial intelligence is selecting grant reviewers in' | DOI: '10.1038/d41586-019-01517-8'
  Status: Enriched 5 field(s) during run.
  ❌ FAILED / STILL MISSING COLUMNS (2): ['Abstract', 'Article References']

• [Row 7793] Source: Asano-original-simplified.csv
  Title: 'Artificial Intelligence in Dermatology: Crossing the Fr' | DOI: 'No DOI'
  Status: Enriched 1 field(s) during run.
  ❌ FAILED / STILL MISSING COLUMNS (4): ['Author', 'Article References', 'Times Cited', 'Publication Year']

• [Row 7794] Source: Asano-original-simplified.csv
  Title: '[On the shoulders of Chatbots: academic writing and art' | DOI: '10.1701/4649.46619'
  Status: Enriched 6 field(s) during run.
  ❌ FAILED / STILL MISSING COLUMNS (1): ['Article References']

• [Row 7795] Source: Asano-original-simplified.csv
  Title: 'Family Medicine in Today's World: Virtual Care, Artific' | DOI: '10.3122/jabfm.2025.250244R0'
  Status: Enriched 6 field(s) during run.
  ❌ FAILED / STILL MISSING COLUMNS (1): ['Article References']

• [Row 7797] Source: Asano-original-simplified.csv
  Title: '[APPLICATIONS OF ARTIFICIAL INTELLIGENCE AND MACHINE LE' | DOI: 'No DOI'
  Status: Enriched 1 field(s) during run.
  ❌ FAILED / STILL MISSING COLUMNS (4): ['Author', 'Article References', 'Times Cited', 'Publication Year']

• [Row 7803] Source: Asano-original-simplified.csv
  Title: '[Ability and inability of artificial intelligence in or' | DOI: '10.3760/cma.j.cn112144-20230313-00082'
  Status: Enriched 6 field(s) during run.
  ❌ FAILED / STILL MISSING COLUMNS (1): ['Article References']

• [Row 7807] Source: Asano-original-simplified.csv
  Title: 'Artificial Intelligence Opportunities for Vestibular Sc' | DOI: '10.1016/j.wneu.2021.03.010'
  Status: Enriched 6 field(s) during run.
  ❌ FAILED / STILL MISSING COLUMNS (1): ['Abstract']

• [Row 7813] Source: Asano-original-simplified.csv
  Title: 'Engineering Bias in AI' | DOI: '10.1109/MPULS.2018.2885857'
  Status: Enriched 6 field(s) during run.
  ❌ FAILED / STILL MISSING COLUMNS (1): ['Article References']

• [Row 7827] Source: Asano-original-simplified.csv
  Title: 'Recent Advances of Artificial Intelligence in Cardiovas' | DOI: '10.1166/jbn.2020.2955'
  Status: Enriched 6 field(s) during run.
  ❌ FAILED / STILL MISSING COLUMNS (1): ['Article References']

• [Row 7832] Source: Asano-original-simplified.csv
  Title: 'Artificial intelligence in internal medicine: Between s' | DOI: '10.1016/j.ejim.2018.01.027'
  Status: Enriched 6 field(s) during run.
  ❌ FAILED / STILL MISSING COLUMNS (1): ['Abstract']

• [Row 7833] Source: Asano-original-simplified.csv
  Title: 'Laboratory robotics and artificial intelligence' | DOI: 'No DOI'
  Status: Enriched 1 field(s) during run.
  ❌ FAILED / STILL MISSING COLUMNS (4): ['Author', 'Article References', 'Times Cited', 'Publication Year']

• [Row 7835] Source: Asano-original-simplified.csv
  Title: '[Promethean: a critical reflection on Artificial Intell' | DOI: '10.1701/4698.47105'
  Status: Enriched 6 field(s) during run.
  ❌ FAILED / STILL MISSING COLUMNS (1): ['Article References']

• [Row 7839] Source: Asano-original-simplified.csv
  Title: 'Use of Artificial Intelligence in Manuscript Preparatio' | DOI: '10.11607/prd.7022'
  Status: Enriched 6 field(s) during run.
  ❌ FAILED / STILL MISSING COLUMNS (1): ['Article References']

• [Row 7840] Source: Asano-original-simplified.csv
  Title: 'Artificial intelligence' | DOI: '10.1016/j.ccell.2024.05.021'
  Status: Enriched 6 field(s) during run.
  ❌ FAILED / STILL MISSING COLUMNS (1): ['Article References']

• [Row 7844] Source: Asano-original-simplified.csv
  Title: '[Why artificial intelligence applied to the electrocard' | DOI: '10.1701/3981.39635'
  Status: Enriched 6 field(s) during run.
  ❌ FAILED / STILL MISSING COLUMNS (1): ['Article References']

• [Row 7847] Source: Asano-original-simplified.csv
  Title: 'Reporting guidelines for clinical trials evaluating art' | DOI: '10.1038/s41591-019-0603-3'
  Status: Enriched 6 field(s) during run.
  ❌ FAILED / STILL MISSING COLUMNS (1): ['Abstract']

• [Row 7850] Source: Asano-original-simplified.csv
  Title: 'Artificial intelligence: the clinician of the future' | DOI: 'No DOI'
  Status: Enriched 1 field(s) during run.
  ❌ FAILED / STILL MISSING COLUMNS (4): ['Author', 'Article References', 'Times Cited', 'Publication Year']

• [Row 7852] Source: Asano-original-simplified.csv
  Title: 'Artificial intelligence in medicine - dermatology compa' | DOI: '10.5070/D329260766'
  Status: Enriched 6 field(s) during run.
  ❌ FAILED / STILL MISSING COLUMNS (1): ['Article References']

• [Row 7862] Source: Asano-original-simplified.csv
  Title: 'Toward context-aware and not context-driven, artificial' | DOI: '10.1016/j.jaad.2026.07.070'
  Status: Enriched 6 field(s) during run.
  ❌ FAILED / STILL MISSING COLUMNS (1): ['Abstract']

• [Row 7863] Source: Asano-original-simplified.csv
  Title: 'China's AI-Enabled Consumer Health Ecosystems' | DOI: '10.2196/107537'
  Status: Enriched 6 field(s) during run.
  ❌ FAILED / STILL MISSING COLUMNS (1): ['Article References']

• [Row 7864] Source: Asano-original-simplified.csv
  Title: 'Comments on: Use of artificial intelligence to draft a ' | DOI: '10.33393/grhta.2026.3937'
  Status: Enriched 6 field(s) during run.
  ❌ FAILED / STILL MISSING COLUMNS (1): ['Abstract']

• [Row 7865] Source: Asano-original-simplified.csv
  Title: 'Evaluating the Evidence Base for New Mental Health Tech' | DOI: '10.2196/105279'
  Status: Enriched 6 field(s) during run.
  ❌ FAILED / STILL MISSING COLUMNS (1): ['Article References']

• [Row 7872] Source: Asano-original-simplified.csv
  Title: 'Ethical challenges of artificial intelligence in otolar' | DOI: '10.1007/s00405-025-09374-0'
  Status: Enriched 6 field(s) during run.
  ❌ FAILED / STILL MISSING COLUMNS (1): ['Abstract']

• [Row 7874] Source: Asano-original-simplified.csv
  Title: 'Reconciling diversity in health and genomic data collec' | DOI: '10.1016/j.gim.2024.101127'
  Status: Enriched 6 field(s) during run.
  ❌ FAILED / STILL MISSING COLUMNS (1): ['Abstract']

• [Row 7875] Source: Asano-original-simplified.csv
  Title: 'Reply to a Letter to the Editor on Comparative performa' | DOI: '10.1186/s13244-023-01594-4'
  Status: Enriched 6 field(s) during run.
  ❌ FAILED / STILL MISSING COLUMNS (1): ['Abstract']

• [Row 7876] Source: Asano-original-simplified.csv
  Title: 'Artificial Intelligence for Humanity: Perspectives From' | DOI: '10.1016/j.jacr.2023.03.028'
  Status: Enriched 6 field(s) during run.
  ❌ FAILED / STILL MISSING COLUMNS (1): ['Abstract']

• [Row 7879] Source: Asano-original-simplified.csv
  Title: 'Editorial: Artificial Intelligence for Precision Medici' | DOI: '10.3389/frai.2021.834645'
  Status: Enriched 6 field(s) during run.
  ❌ FAILED / STILL MISSING COLUMNS (1): ['Article References']

• [Row 7883] Source: Asano-original-simplified.csv
  Title: 'Artificial Intelligence in Cardiovascular Science and P' | DOI: '10.1161/CIRCULATIONAHA.126.080230'
  Status: Enriched 6 field(s) during run.
  ❌ FAILED / STILL MISSING COLUMNS (1): ['Abstract']

• [Row 7890] Source: Asano-original-simplified.csv
  Title: 'Predicting mitral valve repair durability using artific' | DOI: '10.21037/jtd-2026-1402'
  Status: Enriched 5 field(s) during run.
  ❌ FAILED / STILL MISSING COLUMNS (2): ['Abstract', 'Article References']

• [Row 7891] Source: Asano-original-simplified.csv
  Title: 'Retrospective methodology, prospective conditions: The ' | DOI: '10.1016/j.legalmed.2026.102936'
  Status: Enriched 6 field(s) during run.
  ❌ FAILED / STILL MISSING COLUMNS (1): ['Abstract']

• [Row 7895] Source: Asano-original-simplified.csv
  Title: 'Training for the unknown: Artificial intelligence-drive' | DOI: '10.1016/j.diii.2026.02.006'
  Status: Enriched 6 field(s) during run.
  ❌ FAILED / STILL MISSING COLUMNS (1): ['Abstract']

• [Row 7896] Source: Asano-original-simplified.csv
  Title: 'From Telemedicine to Early Warning: Embedding Artificia' | DOI: '10.1177/19322968261423200'
  Status: Enriched 6 field(s) during run.
  ❌ FAILED / STILL MISSING COLUMNS (1): ['Abstract']

• [Row 7897] Source: Asano-original-simplified.csv
  Title: 'The evolution of digital surgery and the role of the su' | DOI: '10.1016/j.jpra.2025.09.015'
  Status: Enriched 4 field(s) during run.
  ❌ FAILED / STILL MISSING COLUMNS (2): ['Article References', 'Times Cited']

• [Row 7901] Source: Asano-original-simplified.csv
  Title: 'Combating cardiovascular disease disparities: The poten' | DOI: '10.1016/j.ajpc.2025.100954'
  Status: Enriched 6 field(s) during run.
  ❌ FAILED / STILL MISSING COLUMNS (1): ['Abstract']

• [Row 7903] Source: Asano-original-simplified.csv
  Title: 'Artificial intelligence for clinical oncology: current ' | DOI: '10.1016/j.scib.2023.02.015'
  Status: Enriched 6 field(s) during run.
  ❌ FAILED / STILL MISSING COLUMNS (1): ['Abstract']

• [Row 7905] Source: Asano-original-simplified.csv
  Title: 'Artificial intelligence in interdisciplinary life scien' | DOI: '10.2144/fsoa-2022-0010'
  Status: Enriched 6 field(s) during run.
  ❌ FAILED / STILL MISSING COLUMNS (1): ['Abstract']

• [Row 7909] Source: Asano-original-simplified.csv
  Title: 'Editorial Spotlight: Implications of Using Artificial I' | DOI: '10.3122/jabfm.2026.260341R0'
  Status: Enriched 6 field(s) during run.
  ❌ FAILED / STILL MISSING COLUMNS (1): ['Article References']

• [Row 7911] Source: Asano-original-simplified.csv
  Title: 'Comment on "Artificial intelligence-driven body composi' | DOI: '10.1016/j.clnesp.2026.103458'
  Status: Enriched 6 field(s) during run.
  ❌ FAILED / STILL MISSING COLUMNS (1): ['Abstract']

• [Row 7912] Source: Asano-original-simplified.csv
  Title: 'Correction: Integrating artificial intelligence with ge' | DOI: '10.3389/fpubh.2026.1824508'
  Status: Enriched 6 field(s) during run.
  ❌ FAILED / STILL MISSING COLUMNS (1): ['Article References']

• [Row 7920] Source: Asano-original-simplified.csv
  Title: 'Ethical implications and moral considerations of artifi' | DOI: '10.1016/j.jds.2025.01.023'
  Status: Enriched 6 field(s) during run.
  ❌ FAILED / STILL MISSING COLUMNS (1): ['Abstract']

• [Row 7921] Source: Asano-original-simplified.csv
  Title: 'Evaluating the appropriateness of skin cancer preventio' | DOI: '10.1016/j.jdin.2024.07.028'
  Status: Enriched 6 field(s) during run.
  ❌ FAILED / STILL MISSING COLUMNS (1): ['Abstract']

• [Row 7922] Source: Asano-original-simplified.csv
  Title: 'Editorial: Big data and artificial intelligence for gen' | DOI: '10.3389/fbinf.2024.1470107'
  Status: Enriched 6 field(s) during run.
  ❌ FAILED / STILL MISSING COLUMNS (1): ['Article References']

• [Row 7923] Source: Asano-original-simplified.csv
  Title: 'Editorial: Generalizable and explainable artificial int' | DOI: '10.3389/fmed.2024.1465369'
  Status: Enriched 6 field(s) during run.
  ❌ FAILED / STILL MISSING COLUMNS (1): ['Article References']

• [Row 7925] Source: Asano-original-simplified.csv
  Title: 'Enhancing healthcare AI: insights from comparing ChatGP' | DOI: '10.1038/s41440-024-01715-6'
  Status: Enriched 6 field(s) during run.
  ❌ FAILED / STILL MISSING COLUMNS (1): ['Abstract']

• [Row 7926] Source: Asano-original-simplified.csv
  Title: 'Re: Assessment of Artificial Intelligence Chatbot Respo' | DOI: '10.1016/j.eururo.2024.03.033'
  Status: Enriched 6 field(s) during run.
  ❌ FAILED / STILL MISSING COLUMNS (1): ['Abstract']

• [Row 7931] Source: Asano-original-simplified.csv
  Title: 'Editorial: Artificial intelligence in bioimaging and si' | DOI: '10.3389/fphys.2023.1267632'
  Status: Enriched 6 field(s) during run.
  ❌ FAILED / STILL MISSING COLUMNS (1): ['Article References']

• [Row 7948] Source: Asano-original-simplified.csv
  Title: 'Designing for Trust: Exploring User Perceptions of AI T' | DOI: '10.3233/SHTI260282'
  Status: Enriched 6 field(s) during run.
  ❌ FAILED / STILL MISSING COLUMNS (1): ['Article References']

• [Row 7950] Source: Asano-original-simplified.csv
  Title: 'Artificial intelligence and machine learning in cardiot' | DOI: '10.1016/j.jtcvs.2025.04.029'
  Status: Enriched 6 field(s) during run.
  ❌ FAILED / STILL MISSING COLUMNS (1): ['Abstract']

• [Row 7954] Source: Asano-original-simplified.csv
  Title: 'Artificial Intelligence: its Future and Impact on Acute' | DOI: 'No DOI'
  Status: Enriched 1 field(s) during run.
  ❌ FAILED / STILL MISSING COLUMNS (4): ['Author', 'Article References', 'Times Cited', 'Publication Year']

• [Row 7957] Source: Asano-original-simplified.csv
  Title: '[Let's open the black box: eXplainable Artificial Intel' | DOI: '10.1701/3696.36848'
  Status: Enriched 6 field(s) during run.
  ❌ FAILED / STILL MISSING COLUMNS (1): ['Article References']

• [Row 7966] Source: Asano-original-simplified.csv
  Title: 'Impact of an Artificial Intelligence-Based Computer Aid' | DOI: '10.62547/WOJD7191'
  Status: Enriched 6 field(s) during run.
  ❌ FAILED / STILL MISSING COLUMNS (1): ['Article References']

• [Row 7970] Source: Asano-original-simplified.csv
  Title: 'Artificial intelligence and medical futility' | DOI: '10.1186/s12911-026-03635-6'
  Status: Enriched 6 field(s) during run.
  ❌ FAILED / STILL MISSING COLUMNS (1): ['Article References']

• [Row 7980] Source: Asano-original-simplified.csv
  Title: 'Reimagining Graduate Study With Generative Artificial I' | DOI: '10.1891/JDNP-2025-0058'
  Status: Enriched 6 field(s) during run.
  ❌ FAILED / STILL MISSING COLUMNS (1): ['Article References']

• [Row 7988] Source: Asano-original-simplified.csv
  Title: '"Screening" for End of Life Using Artificial Intelligen' | DOI: '10.1177/10966218251363753'
  Status: Enriched 6 field(s) during run.
  ❌ FAILED / STILL MISSING COLUMNS (1): ['Article References']

• [Row 7996] Source: Asano-original-simplified.csv
  Title: 'Artificial Intelligence Revolution in Pharmaceutical Sc' | DOI: '10.2174/0113892010356115241224104018'
  Status: Enriched 6 field(s) during run.
  ❌ FAILED / STILL MISSING COLUMNS (1): ['Article References']

• [Row 8012] Source: Asano-original-simplified.csv
  Title: 'Ethical considerations of artificial intelligence in de' | DOI: '10.1093/geront/gnag158'
  Status: Enriched 6 field(s) during run.
  ❌ FAILED / STILL MISSING COLUMNS (1): ['Article References']

• [Row 8016] Source: Asano-original-simplified.csv
  Title: 'Bias and Fairness Across the Healthcare AI Lifecycle: A' | DOI: '10.4274/balkanmedj.galenos.2026.2026-6-3'
  Status: Enriched 6 field(s) during run.
  ❌ FAILED / STILL MISSING COLUMNS (1): ['Article References']

• [Row 8062] Source: Asano-original-simplified.csv
  Title: '[The application of artificial intelligence in healthca' | DOI: '10.1556/650.2026.33592'
  Status: Enriched 6 field(s) during run.
  ❌ FAILED / STILL MISSING COLUMNS (1): ['Article References']

• [Row 8077] Source: Asano-original-simplified.csv
  Title: 'Expert Consensus on the Artificial Intelligence Profici' | DOI: '10.3881/j.issn.1000-503X.17210'
  Status: Enriched 6 field(s) during run.
  ❌ FAILED / STILL MISSING COLUMNS (1): ['Article References']

• [Row 8131] Source: Asano-original-simplified.csv
  Title: 'Artificial Intelligence-Artificial Wisdom Medicine, Mea' | DOI: 'No DOI'
  Status: Enriched 1 field(s) during run.
  ❌ FAILED / STILL MISSING COLUMNS (4): ['Author', 'Article References', 'Times Cited', 'Publication Year']

• [Row 8132] Source: Asano-original-simplified.csv
  Title: 'A Double-Edged Algorithm: Artificial Intelligence's Pot' | DOI: '10.1177/10783903251411820'
  Status: Enriched 6 field(s) during run.
  ❌ FAILED / STILL MISSING COLUMNS (1): ['Abstract']

• [Row 8135] Source: Asano-original-simplified.csv
  Title: 'Author Reply to Letter to the Editor Regarding "Accurac' | DOI: '10.1016/j.amepre.2024.03.016'
  Status: Enriched 5 field(s) during run.
  ❌ FAILED / STILL MISSING COLUMNS (2): ['Abstract', 'Article References']

• [Row 8136] Source: Asano-original-simplified.csv
  Title: '[Comment on "ScreenGPT - The opportunities and limitati' | DOI: '10.1556/650.2024.27M'
  Status: Enriched 6 field(s) during run.
  ❌ FAILED / STILL MISSING COLUMNS (1): ['Abstract']

• [Row 8137] Source: Asano-original-simplified.csv
  Title: 'Management of orofacial clefts in times of artificial i' | DOI: '10.1007/s40368-024-00916-4'
  Status: Enriched 6 field(s) during run.
  ❌ FAILED / STILL MISSING COLUMNS (1): ['Abstract']

• [Row 8139] Source: Asano-original-simplified.csv
  Title: 'Balancing innovation and ethics in AI governance for he' | DOI: '10.1080/13696998.2024.2352821'
  Status: Enriched 6 field(s) during run.
  ❌ FAILED / STILL MISSING COLUMNS (1): ['Abstract']

• [Row 8143] Source: Asano-original-simplified.csv
  Title: 'I see, therefore I am? The value of artificial intellig' | DOI: '10.1016/j.nuclcard.2023.101773'
  Status: Enriched 6 field(s) during run.
  ❌ FAILED / STILL MISSING COLUMNS (1): ['Abstract']

• [Row 8144] Source: Asano-original-simplified.csv
  Title: 'Comparison of Artificial Intelligence Chatbots for Musc' | DOI: '10.1016/j.jvir.2023.12.017'
  Status: Enriched 6 field(s) during run.
  ❌ FAILED / STILL MISSING COLUMNS (1): ['Abstract']

• [Row 8145] Source: Asano-original-simplified.csv
  Title: 'Arcadia VR: Assistance and Rehabilitation of Eating Beh' | DOI: '10.1089/cyber.2023.29299.ceu'
  Status: Enriched 6 field(s) during run.
  ❌ FAILED / STILL MISSING COLUMNS (1): ['Abstract']

• [Row 8146] Source: Asano-original-simplified.csv
  Title: 'Special Section Editorial: Artificial Intelligence for ' | DOI: '10.1117/1.JMI.10.5.051801'
  Status: Enriched 6 field(s) during run.
  ❌ FAILED / STILL MISSING COLUMNS (1): ['Article References']

• [Row 8147] Source: Asano-original-simplified.csv
  Title: 'How AI can help to save endangered species' | DOI: '10.1038/d41586-023-03328-4'
  Status: Enriched 6 field(s) during run.
  ❌ FAILED / STILL MISSING COLUMNS (1): ['Abstract']

• [Row 8150] Source: Asano-original-simplified.csv
  Title: 'AI weapons: Russia's war in Ukraine shows why the world' | DOI: '10.1038/d41586-023-00511-5'
  Status: Enriched 6 field(s) during run.
  ❌ FAILED / STILL MISSING COLUMNS (1): ['Abstract']

• [Row 8151] Source: Asano-original-simplified.csv
  Title: 'Pressing issues in healthcare digital technologies and ' | DOI: '10.12968/bjon.2023.32.2.88'
  Status: Enriched 6 field(s) during run.
  ❌ FAILED / STILL MISSING COLUMNS (1): ['Article References']

• [Row 8157] Source: Asano-original-simplified.csv
  Title: 'Artificial Intelligence Detection of Left Ventricular S' | DOI: '10.1016/j.cjca.2022.02.010'
  Status: Enriched 6 field(s) during run.
  ❌ FAILED / STILL MISSING COLUMNS (1): ['Abstract']

• [Row 8158] Source: Asano-original-simplified.csv
  Title: 'Real-World Surveillance of FDA-Cleared Artificial Intel' | DOI: '10.1016/j.jacr.2021.06.025'
  Status: Enriched 6 field(s) during run.
  ❌ FAILED / STILL MISSING COLUMNS (1): ['Abstract']

• [Row 8160] Source: Asano-original-simplified.csv
  Title: 'Artificial intelligence and spine: rise of the machines' | DOI: '10.1016/j.spinee.2021.06.012'
  Status: Enriched 6 field(s) during run.
  ❌ FAILED / STILL MISSING COLUMNS (1): ['Abstract']

• [Row 8163] Source: Asano-original-simplified.csv
  Title: 'Patient Safety: Considerations for Artificial Intellige' | DOI: '10.1016/j.jacr.2020.08.001'
  Status: Enriched 6 field(s) during run.
  ❌ FAILED / STILL MISSING COLUMNS (1): ['Abstract']

• [Row 8164] Source: Asano-original-simplified.csv
  Title: 'Deploying artificial intelligence to find the needle in' | DOI: '10.1016/j.gie.2020.03.3851'
  Status: Enriched 6 field(s) during run.
  ❌ FAILED / STILL MISSING COLUMNS (1): ['Abstract']

• [Row 8165] Source: Asano-original-simplified.csv
  Title: 'Fatty Liver Disease: Artificial Intelligence Takes on t' | DOI: '10.1148/radiol.2020200058'
  Status: Enriched 6 field(s) during run.
  ❌ FAILED / STILL MISSING COLUMNS (1): ['Abstract']

• [Row 8166] Source: Asano-original-simplified.csv
  Title: 'Let's Get Digital' | DOI: '10.12927/cjnl.2019.25966'
  Status: Enriched 6 field(s) during run.
  ❌ FAILED / STILL MISSING COLUMNS (1): ['Article References']

• [Row 8168] Source: Asano-original-simplified.csv
  Title: 'Telemedicine, Telestroke, and Artificial Intelligence C' | DOI: '10.1089/tmj.2019.0072'
  Status: Enriched 6 field(s) during run.
  ❌ FAILED / STILL MISSING COLUMNS (1): ['Abstract']

• [Row 8169] Source: Asano-original-simplified.csv
  Title: 'Can Artificial Intelligence Fix the Reproducibility Pro' | DOI: '10.1148/radiol.2019191154'
  Status: Enriched 6 field(s) during run.
  ❌ FAILED / STILL MISSING COLUMNS (1): ['Abstract']

• [Row 8170] Source: Asano-original-simplified.csv
  Title: 'Using Artificial Intelligence to Combat Information Ove' | DOI: '10.1109/MPULS.2018.2885843'
  Status: Enriched 6 field(s) during run.
  ❌ FAILED / STILL MISSING COLUMNS (1): ['Article References']

• [Row 8171] Source: Asano-original-simplified.csv
  Title: 'Diagnostic Case-Control versus Diagnostic Cohort Studie' | DOI: '10.1148/radiol.2018182294'
  Status: Enriched 6 field(s) during run.
  ❌ FAILED / STILL MISSING COLUMNS (1): ['Abstract']

• [Row 8173] Source: Asano-original-simplified.csv
  Title: 'Artificial Intelligence With Deep Learning Technology L' | DOI: '10.1001/jama.2016.17563'
  Status: Enriched 6 field(s) during run.
  ❌ FAILED / STILL MISSING COLUMNS (1): ['Abstract']

• [Row 8174] Source: Asano-original-simplified.csv
  Title: 'What can synthetic biology offer to artificial intellig' | DOI: '10.1016/j.biosystems.2016.09.005'
  Status: Enriched 6 field(s) during run.
  ❌ FAILED / STILL MISSING COLUMNS (1): ['Abstract']

• [Row 8180] Source: Asano-original-simplified.csv
  Title: 'Medical AI and AI for Medical Sciences: An Editorial' | DOI: '10.31662/jmaj.2024-0355'
  Status: Enriched 5 field(s) during run.
  ❌ FAILED / STILL MISSING COLUMNS (2): ['Abstract', 'Article References']

• [Row 8181] Source: Asano-original-simplified.csv
  Title: 'Study Finds People Prefer AI Over Clinician Responses t' | DOI: '10.1001/jama.2024.24065'
  Status: Enriched 6 field(s) during run.
  ❌ FAILED / STILL MISSING COLUMNS (1): ['Article References']

• [Row 8182] Source: Asano-original-simplified.csv
  Title: 'What Are Artificial Intelligence-Driven Large Language ' | DOI: '10.1097/IOP.0000000000002743'
  Status: Enriched 6 field(s) during run.
  ❌ FAILED / STILL MISSING COLUMNS (1): ['Abstract']

• [Row 8183] Source: Asano-original-simplified.csv
  Title: 'Need for Custom Artificial Intelligence Chatbots in Oph' | DOI: '10.1001/jamaophthalmol.2024.2738'
  Status: Enriched 6 field(s) during run.
  ❌ FAILED / STILL MISSING COLUMNS (1): ['Abstract']

• [Row 8184] Source: Asano-original-simplified.csv
  Title: 'Can artificial intelligence help a digestive surgeon in' | DOI: '10.1016/j.jviscsurg.2024.05.008'
  Status: Enriched 6 field(s) during run.
  ❌ FAILED / STILL MISSING COLUMNS (1): ['Abstract']

• [Row 8186] Source: Asano-original-simplified.csv
  Title: 'People Also Ask: What Do Internet Users Want to Know Ab' | DOI: '10.1097/DSS.0000000000004203'
  Status: Enriched 6 field(s) during run.
  ❌ FAILED / STILL MISSING COLUMNS (1): ['Abstract']

• [Row 8187] Source: Asano-original-simplified.csv
  Title: 'Navigating the inevitable convergence of artificial int' | DOI: '10.1016/j.surge.2024.03.004'
  Status: Enriched 6 field(s) during run.
  ❌ FAILED / STILL MISSING COLUMNS (1): ['Abstract']

• [Row 8188] Source: Asano-original-simplified.csv
  Title: 'New AI regulation in the EU seeks to reduce risk withou' | DOI: '10.1038/s41591-024-02874-2'
  Status: Enriched 6 field(s) during run.
  ❌ FAILED / STILL MISSING COLUMNS (1): ['Abstract']

• [Row 8190] Source: Asano-original-simplified.csv
  Title: 'Commentary on: "Artificial Intelligence Versus Human Fo' | DOI: '10.1089/fpsam.2023.0328'
  Status: Enriched 6 field(s) during run.
  ❌ FAILED / STILL MISSING COLUMNS (1): ['Abstract']

• [Row 8191] Source: Asano-original-simplified.csv
  Title: 'The rise of artificial intelligence and the future of s' | DOI: '10.1007/s00417-023-06341-5'
  Status: Enriched 6 field(s) during run.
  ❌ FAILED / STILL MISSING COLUMNS (1): ['Abstract']

• [Row 8192] Source: Asano-original-simplified.csv
  Title: 'A New Era in Surgical Research: The Evolving Role of Ar' | DOI: '10.1016/j.amjsurg.2023.06.040'
  Status: Enriched 6 field(s) during run.
  ❌ FAILED / STILL MISSING COLUMNS (1): ['Abstract']

• [Row 8196] Source: Asano-original-simplified.csv
  Title: 'Leveraging Artificial Intelligence, Survey Tools, and U' | DOI: '10.1097/NNE.0000000000001465'
  Status: Enriched 6 field(s) during run.
  ❌ FAILED / STILL MISSING COLUMNS (1): ['Article References']

• [Row 8198] Source: Asano-original-simplified.csv
  Title: 'The Next-Generation Diagnostic and Therapeutic Algorith' | DOI: '10.3928/23258160-20230303-01'
  Status: Enriched 6 field(s) during run.
  ❌ FAILED / STILL MISSING COLUMNS (1): ['Abstract']

• [Row 8201] Source: Asano-original-simplified.csv
  Title: '[Search algorithms and artificial intelligence, an esse' | DOI: '10.20960/nh.04336'
  Status: Enriched 6 field(s) during run.
  ❌ FAILED / STILL MISSING COLUMNS (1): ['Abstract']

• [Row 8203] Source: Asano-original-simplified.csv
  Title: 'Reply to comment "Neglect what is near", related to the' | DOI: '10.1016/j.oftale.2022.03.003'
  Status: Enriched 6 field(s) during run.
  ❌ FAILED / STILL MISSING COLUMNS (1): ['Abstract']

• [Row 8205] Source: Asano-original-simplified.csv
  Title: 'Advancing Artificial Intelligence to Meet Breast Imagin' | DOI: '10.1148/radiol.213101'
  Status: Enriched 6 field(s) during run.
  ❌ FAILED / STILL MISSING COLUMNS (1): ['Abstract']

• [Row 8207] Source: Asano-original-simplified.csv
  Title: 'Using Artificial Intelligence to Interpret CT Scans: Ge' | DOI: '10.1016/j.jacr.2021.05.008'
  Status: Enriched 6 field(s) during run.
  ❌ FAILED / STILL MISSING COLUMNS (1): ['Abstract']

• [Row 8210] Source: Asano-original-simplified.csv
  Title: '[Artificial intelligence, of course!]' | DOI: '10.1016/j.ancard.2020.08.001'
  Status: Enriched 5 field(s) during run.
  ❌ FAILED / STILL MISSING COLUMNS (2): ['Abstract', 'Article References']

• [Row 8213] Source: Asano-original-simplified.csv
  Title: 'Artificial intelligence can augment global pathology in' | DOI: '10.1016/S0140-6736(18)32170-6'
  Status: Enriched 6 field(s) during run.
  ❌ FAILED / STILL MISSING COLUMNS (1): ['Abstract']

• [Row 8214] Source: Asano-original-simplified.csv
  Title: 'Straw Men, Deep Learning, and the Future of the Human M' | DOI: '10.5858/arpa.2017-0023-ED'
  Status: Enriched 6 field(s) during run.
  ❌ FAILED / STILL MISSING COLUMNS (1): ['Article References']

• [Row 8216] Source: Asano-original-simplified.csv
  Title: 'Artificial intelligence: a topic for MDM?' | DOI: '10.1177/0272989X8700700103'
  Status: Enriched 6 field(s) during run.
  ❌ FAILED / STILL MISSING COLUMNS (1): ['Abstract']

• [Row 8217] Source: Asano-original-simplified.csv
  Title: 'Generative AI and Language Models in Human Genetics and' | DOI: '10.3390/genes17060723'
  Status: Enriched 6 field(s) during run.
  ❌ FAILED / STILL MISSING COLUMNS (1): ['Article References']

• [Row 8242] Source: Asano-original-simplified.csv
  Title: 'Artificial Intelligence versus Radiologists: A Comparat' | DOI: '10.1148/rycan.249020'
  Status: Enriched 6 field(s) during run.
  ❌ FAILED / STILL MISSING COLUMNS (1): ['Abstract']

• [Row 8243] Source: Asano-original-simplified.csv
  Title: 'Comment on "Evaluation of responses to cardiac imaging ' | DOI: '10.1016/j.clinimag.2024.110272'
  Status: Enriched 6 field(s) during run.
  ❌ FAILED / STILL MISSING COLUMNS (1): ['Abstract']

• [Row 8246] Source: Asano-original-simplified.csv
  Title: 'Cancer Care in the Era of Artificial Intelligence' | DOI: '10.1001/jamaoncol.2023.7263'
  Status: Enriched 6 field(s) during run.
  ❌ FAILED / STILL MISSING COLUMNS (1): ['Article References']

• [Row 8248] Source: Asano-original-simplified.csv
  Title: 'Editorial policies of Journal of Educational Evaluation' | DOI: '10.3352/jeehp.2023.20.40'
  Status: Enriched 6 field(s) during run.
  ❌ FAILED / STILL MISSING COLUMNS (1): ['Abstract']

• [Row 8250] Source: Asano-original-simplified.csv
  Title: 'Leveraging artificial intelligence in radiology educati' | DOI: '10.1007/s00330-023-10112-5'
  Status: Enriched 6 field(s) during run.
  ❌ FAILED / STILL MISSING COLUMNS (1): ['Abstract']

• [Row 8252] Source: Asano-original-simplified.csv
  Title: 'Artificial Intelligence in Radiology: A Fast-Food Versu' | DOI: '10.1016/j.jacr.2023.04.023'
  Status: Enriched 6 field(s) during run.
  ❌ FAILED / STILL MISSING COLUMNS (1): ['Abstract']

• [Row 8253] Source: Asano-original-simplified.csv
  Title: 'Can Artificial Intelligence Ever Develop the Human Touc' | DOI: '10.1007/s10916-023-01974-9'
  Status: Enriched 6 field(s) during run.
  ❌ FAILED / STILL MISSING COLUMNS (1): ['Abstract']

• [Row 8255] Source: Asano-original-simplified.csv
  Title: 'Artificial intelligence-based model for lymph node meta' | DOI: '10.1016/S1470-2045(23)00225-5'
  Status: Enriched 6 field(s) during run.
  ❌ FAILED / STILL MISSING COLUMNS (1): ['Abstract']

• [Row 8256] Source: Asano-original-simplified.csv
  Title: 'Using artificial intelligence chatbots like 'ChatGPT' t' | DOI: '10.1016/j.ejogrb.2023.05.008'
  Status: Enriched 6 field(s) during run.
  ❌ FAILED / STILL MISSING COLUMNS (1): ['Abstract']

• [Row 8259] Source: Asano-original-simplified.csv
  Title: 'Artificial Intelligence: The Elephant in the Tumor Boar' | DOI: '10.1097/ACM.0000000000005073'
  Status: Enriched 6 field(s) during run.
  ❌ FAILED / STILL MISSING COLUMNS (1): ['Article References']

• [Row 8260] Source: Asano-original-simplified.csv
  Title: 'Artificial intelligence in oral oncology: Overcoming th' | DOI: '10.1016/j.oraloncology.2022.106187'
  Status: Enriched 6 field(s) during run.
  ❌ FAILED / STILL MISSING COLUMNS (1): ['Abstract']

• [Row 8261] Source: Asano-original-simplified.csv
  Title: 'Artificial intelligence, big data and precision spine c' | DOI: '10.1007/s00586-022-07316-6'
  Status: Enriched 6 field(s) during run.
  ❌ FAILED / STILL MISSING COLUMNS (1): ['Article References']

• [Row 8262] Source: Asano-original-simplified.csv
  Title: 'Peripheral nerve blocks and the use of artificial intel' | DOI: '10.1016/j.jclinane.2021.110597'
  Status: Enriched 6 field(s) during run.
  ❌ FAILED / STILL MISSING COLUMNS (1): ['Abstract']

• [Row 8264] Source: Asano-original-simplified.csv
  Title: '[Can we evaluate artificial intelligence in medicine?]' | DOI: 'No DOI'
  Status: Enriched 0 field(s) during run.
  ❌ FAILED / STILL MISSING COLUMNS (5): ['Author', 'Abstract', 'Article References', 'Times Cited', 'Publication Year']

• [Row 8265] Source: Asano-original-simplified.csv
  Title: 'Artificial intelligence in colonoscopy' | DOI: '10.1016/S2468-1253(21)00349-6'
  Status: Enriched 6 field(s) during run.
  ❌ FAILED / STILL MISSING COLUMNS (1): ['Abstract']

• [Row 8266] Source: Asano-original-simplified.csv
  Title: '[Artificial intelligence-augmented perioperative clinic' | DOI: '10.1007/s00101-021-00948-1'
  Status: Enriched 6 field(s) during run.
  ❌ FAILED / STILL MISSING COLUMNS (1): ['Abstract']

• [Row 8267] Source: Asano-original-simplified.csv
  Title: 'Editorial Comment: Imaging of the Postoperative Breast-' | DOI: '10.2214/AJR.21.26701'
  Status: Enriched 6 field(s) during run.
  ❌ FAILED / STILL MISSING COLUMNS (1): ['Article References']

• [Row 8270] Source: Asano-original-simplified.csv
  Title: 'Reply: Patient-Specific Computer Simulation in TAVR: Is' | DOI: '10.1016/j.jcin.2020.09.042'
  Status: Enriched 6 field(s) during run.
  ❌ FAILED / STILL MISSING COLUMNS (1): ['Abstract']

• [Row 8271] Source: Asano-original-simplified.csv
  Title: 'Reply to: Transparency and reproducibility in artificia' | DOI: '10.1038/s41586-020-2767-x'
  Status: Enriched 6 field(s) during run.
  ❌ FAILED / STILL MISSING COLUMNS (1): ['Abstract']

• [Row 8274] Source: Asano-original-simplified.csv
  Title: 'Artificial intelligence and TB management - The way for' | DOI: '10.1016/j.ijtb.2020.02.002'
  Status: Enriched 6 field(s) during run.
  ❌ FAILED / STILL MISSING COLUMNS (1): ['Abstract']

• [Row 8278] Source: Asano-original-simplified.csv
  Title: 'The Artificial Intelligence Ecosystem for the Radiologi' | DOI: '10.1016/j.jacr.2018.02.032'
  Status: Enriched 5 field(s) during run.
  ❌ FAILED / STILL MISSING COLUMNS (2): ['Abstract', 'Article References']

• [Row 8280] Source: Asano-original-simplified.csv
  Title: 'Artificial intelligence: a new generation of health car' | DOI: 'No DOI'
  Status: Enriched 0 field(s) during run.
  ❌ FAILED / STILL MISSING COLUMNS (5): ['Author', 'Abstract', 'Article References', 'Times Cited', 'Publication Year']

• [Row 8299] Source: Asano-original-simplified.csv
  Title: 'Can Humanlike Reasoning Be Replicated in Large Language' | DOI: '10.2196/103526'
  Status: Enriched 6 field(s) during run.
  ❌ FAILED / STILL MISSING COLUMNS (1): ['Article References']

• [Row 8301] Source: Asano-original-simplified.csv
  Title: 'ICU command centers and evidence-based artificial intel' | DOI: '10.1016/j.iccn.2026.104444'
  Status: Enriched 6 field(s) during run.
  ❌ FAILED / STILL MISSING COLUMNS (1): ['Abstract']

• [Row 8302] Source: Asano-original-simplified.csv
  Title: 'Artificial intelligence-generated music promoting medic' | DOI: '10.1016/j.jaad.2025.09.017'
  Status: Enriched 6 field(s) during run.
  ❌ FAILED / STILL MISSING COLUMNS (1): ['Abstract']

• [Row 8306] Source: Asano-original-simplified.csv
  Title: 'Transforming Nursing Education: Harnessing the Power of' | DOI: '10.1097/NUR.0000000000000901'
  Status: Enriched 6 field(s) during run.
  ❌ FAILED / STILL MISSING COLUMNS (1): ['Abstract']

• [Row 8307] Source: Asano-original-simplified.csv
  Title: 'Artificial intelligence applied to ECG predicts mortali' | DOI: '10.1016/j.pcad.2025.03.004'
  Status: Enriched 6 field(s) during run.
  ❌ FAILED / STILL MISSING COLUMNS (1): ['Abstract']

• [Row 8312] Source: Asano-original-simplified.csv
  Title: 'Letter to the Editor: Can ChatGPT be used in oral and m' | DOI: '10.1016/j.jormas.2023.101653'
  Status: Enriched 6 field(s) during run.
  ❌ FAILED / STILL MISSING COLUMNS (1): ['Abstract']

• [Row 8314] Source: Asano-original-simplified.csv
  Title: 'Editorial: Recent advances in artificial intelligence-e' | DOI: '10.3389/fphys.2023.1234611'
  Status: Enriched 6 field(s) during run.
  ❌ FAILED / STILL MISSING COLUMNS (1): ['Article References']

• [Row 8315] Source: Asano-original-simplified.csv
  Title: 'Using ChatGPT to Predict the Future of Diabetes Technol' | DOI: '10.1177/19322968231161095'
  Status: Enriched 5 field(s) during run.
  ❌ FAILED / STILL MISSING COLUMNS (2): ['Abstract', 'Article References']

• [Row 8319] Source: Asano-original-simplified.csv
  Title: 'Artificial intelligence for drug response prediction in' | DOI: '10.1093/bib/bbab450'
  Status: Enriched 6 field(s) during run.
  ❌ FAILED / STILL MISSING COLUMNS (1): ['Article References']

• [Row 8322] Source: Asano-original-simplified.csv
  Title: 'Welcome to BMJ Digital Health & AI' | DOI: '10.1136/bmjdhai-2024-000004'
  Status: Enriched 6 field(s) during run.
  ❌ FAILED / STILL MISSING COLUMNS (1): ['Article References']

• [Row 8326] Source: Asano-original-simplified.csv
  Title: 'Early Online' | DOI: '10.7196/SAMJ.2026.v116i5.5072'
  Status: Enriched 6 field(s) during run.
  ❌ FAILED / STILL MISSING COLUMNS (1): ['Article References']

• [Row 8328] Source: Asano-original-simplified.csv
  Title: 'Guidelines for glaucoma imaging classification, annotat' | DOI: '10.18240/ijo.2025.07.01'
  Status: Enriched 6 field(s) during run.
  ❌ FAILED / STILL MISSING COLUMNS (1): ['Article References']

• [Row 8340] Source: Asano-original-simplified.csv
  Title: 'Evaluation of the Usefulness of Machine Learning and Ar' | DOI: '10.1002/jbio.70319'
  Status: Enriched 4 field(s) during run.
  ❌ FAILED / STILL MISSING COLUMNS (2): ['Article References', 'Times Cited']

• [Row 8341] Source: Asano-original-simplified.csv
  Title: 'Psoriatic Disease Across Dimensions: Global Epidemiolog' | DOI: '10.3899/jrheum.2026-0468'
  Status: Enriched 6 field(s) during run.
  ❌ FAILED / STILL MISSING COLUMNS (1): ['Article References']

• [Row 8369] Source: Asano-original-simplified.csv
  Title: 'Implementation and Evaluation of ICD-10 Artificial Inte' | DOI: '10.3233/SHTI250807'
  Status: Enriched 6 field(s) during run.
  ❌ FAILED / STILL MISSING COLUMNS (1): ['Article References']

• [Row 8371] Source: Asano-original-simplified.csv
  Title: 'Use of artificial intelligence to prevent aggressions a' | DOI: '10.24875/GMM.25000035'
  Status: Enriched 6 field(s) during run.
  ❌ FAILED / STILL MISSING COLUMNS (1): ['Article References']

• [Row 8373] Source: Asano-original-simplified.csv
  Title: 'Is Artificial Intelligence an accurate tool for improvi' | DOI: '10.26444/aaem/195109'
  Status: Enriched 6 field(s) during run.
  ❌ FAILED / STILL MISSING COLUMNS (1): ['Article References']

• [Row 8377] Source: Asano-original-simplified.csv
  Title: 'The use of artificial intelligence in caries detection ' | DOI: '10.36740/WLek/202055'
  Status: Enriched 6 field(s) during run.
  ❌ FAILED / STILL MISSING COLUMNS (1): ['Article References']

• [Row 8381] Source: Asano-original-simplified.csv
  Title: '[Artificial intelligence applications in Ménière's dise' | DOI: '10.13201/j.issn.2096-7993.2025.05.020'
  Status: Enriched 6 field(s) during run.
  ❌ FAILED / STILL MISSING COLUMNS (1): ['Article References']

• [Row 8402] Source: Asano-original-simplified.csv
  Title: 'Policy brief Belgian EBCP mirror group Artificial Intel' | DOI: '10.1186/s13690-024-01367-5'
  Status: Enriched 6 field(s) during run.
  ❌ FAILED / STILL MISSING COLUMNS (1): ['Article References']

• [Row 8419] Source: Asano-original-simplified.csv
  Title: 'Artificial intelligence-integrated optical coherence to' | DOI: 'No DOI'
  Status: Enriched 1 field(s) during run.
  ❌ FAILED / STILL MISSING COLUMNS (4): ['Author', 'Article References', 'Times Cited', 'Publication Year']

• [Row 8441] Source: Asano-original-simplified.csv
  Title: 'Potential use of artificial intelligence for vaginal sw' | DOI: 'No DOI'
  Status: Enriched 1 field(s) during run.
  ❌ FAILED / STILL MISSING COLUMNS (4): ['Author', 'Article References', 'Times Cited', 'Publication Year']

• [Row 8461] Source: Asano-original-simplified.csv
  Title: 'Effectiveness of Artificial Intelligence Applications D' | DOI: 'No DOI'
  Status: Enriched 1 field(s) during run.
  ❌ FAILED / STILL MISSING COLUMNS (4): ['Author', 'Article References', 'Times Cited', 'Publication Year']

• [Row 8480] Source: Asano-original-simplified.csv
  Title: 'Artificial Intelligence in Dialysis Therapies: Applicat' | DOI: '10.15537/1658-3175.8783'
  Status: Enriched 6 field(s) during run.
  ❌ FAILED / STILL MISSING COLUMNS (1): ['Article References']

• [Row 8482] Source: Asano-original-simplified.csv
  Title: 'The power of AI chatbots: their role in surgical medica' | DOI: '10.24875/CIRU.24000138'
  Status: Enriched 6 field(s) during run.
  ❌ FAILED / STILL MISSING COLUMNS (1): ['Article References']

• [Row 8489] Source: Asano-original-simplified.csv
  Title: 'Artificial intelligence for schizophrenia: from unimoda' | DOI: '10.1097/YCO.0000000000001076'
  Status: Enriched 6 field(s) during run.
  ❌ FAILED / STILL MISSING COLUMNS (1): ['Article References']

• [Row 8492] Source: Asano-original-simplified.csv
  Title: 'Human-AI interaction and collaboration in radiology: fr' | DOI: '10.4274/dir.2026.263780'
  Status: Enriched 6 field(s) during run.
  ❌ FAILED / STILL MISSING COLUMNS (1): ['Article References']

• [Row 8501] Source: Asano-original-simplified.csv
  Title: '[Impacts and implications of conversational artificial ' | DOI: '10.1684/abc.2025.1999'
  Status: Enriched 6 field(s) during run.
  ❌ FAILED / STILL MISSING COLUMNS (1): ['Article References']

• [Row 8549] Source: Asano-original-simplified.csv
  Title: 'The artificial intelligence in autopsy and crime scene ' | DOI: '10.7417/CT.2024.5114'
  Status: Enriched 6 field(s) during run.
  ❌ FAILED / STILL MISSING COLUMNS (1): ['Article References']

• [Row 8551] Source: Asano-original-simplified.csv
  Title: '[Chinese expert consensus on the technical and clinical' | DOI: '10.3760/cma.j.cn121090-20240217-00064'
  Status: Enriched 5 field(s) during run.
  ❌ FAILED / STILL MISSING COLUMNS (2): ['Author', 'Article References']

• [Row 8553] Source: Asano-original-simplified.csv
  Title: '[The Generative Artificial Intelligence Revolution in N' | DOI: '10.6224/JN.202404_71(2).03'
  Status: Enriched 6 field(s) during run.
  ❌ FAILED / STILL MISSING COLUMNS (1): ['Article References']

• [Row 8599] Source: Asano-original-simplified.csv
  Title: 'Clinical Application Progress of Artificial Intelligenc' | DOI: '10.32604/or.2026.078793'
  Status: Enriched 6 field(s) during run.
  ❌ FAILED / STILL MISSING COLUMNS (1): ['Article References']

• [Row 8616] Source: Asano-original-simplified.csv
  Title: 'Artificial Intelligence in Medical Practice: Time to Jo' | DOI: 'No DOI'
  Status: Enriched 1 field(s) during run.
  ❌ FAILED / STILL MISSING COLUMNS (4): ['Author', 'Article References', 'Times Cited', 'Publication Year']

• [Row 8620] Source: Asano-original-simplified.csv
  Title: 'Artificial intelligence in heart failure - a comprehens' | DOI: '10.5603/cj.104365'
  Status: Enriched 6 field(s) during run.
  ❌ FAILED / STILL MISSING COLUMNS (1): ['Article References']

• [Row 8624] Source: Asano-original-simplified.csv
  Title: '[Artificial intelligence in predicting the risk of faci' | DOI: 'No DOI'
  Status: Enriched 1 field(s) during run.
  ❌ FAILED / STILL MISSING COLUMNS (4): ['Author', 'Article References', 'Times Cited', 'Publication Year']

• [Row 8633] Source: Asano-original-simplified.csv
  Title: 'Transforming Healthcare: The Role of Artificial Intelli' | DOI: '10.3233/SHTI250625'
  Status: Enriched 6 field(s) during run.
  ❌ FAILED / STILL MISSING COLUMNS (1): ['Article References']

• [Row 8634] Source: Asano-original-simplified.csv
  Title: '[Usage of artificial intelligence in the clinical pract' | DOI: 'No DOI'
  Status: Enriched 1 field(s) during run.
  ❌ FAILED / STILL MISSING COLUMNS (4): ['Author', 'Article References', 'Times Cited', 'Publication Year']

• [Row 8642] Source: Asano-original-simplified.csv
  Title: '[Intelligent Monitoring System Based on Computer Vision' | DOI: '10.12455/j.issn.1671-7104.240287'
  Status: Enriched 6 field(s) during run.
  ❌ FAILED / STILL MISSING COLUMNS (1): ['Article References']

• [Row 8687] Source: Asano-original-simplified.csv
  Title: 'An artificial intelligence model for instance segmentat' | DOI: '10.3290/j.ijcd.b3840535'
  Status: Enriched 6 field(s) during run.
  ❌ FAILED / STILL MISSING COLUMNS (1): ['Article References']

• [Row 8706] Source: Asano-original-simplified.csv
  Title: 'Contextual bias, the democratization of healthcare, and' | DOI: '10.1111/bioe.12927'
  Status: Enriched 6 field(s) during run.
  ❌ FAILED / STILL MISSING COLUMNS (1): ['Article References']

• [Row 8724] Source: Asano-original-simplified.csv
  Title: 'New Opportunities and Challenges for Forensic Medicine ' | DOI: '10.12116/j.issn.1004-5619.2020.01.016'
  Status: Enriched 6 field(s) during run.
  ❌ FAILED / STILL MISSING COLUMNS (1): ['Article References']

• [Row 8730] Source: Asano-original-simplified.csv
  Title: '[Artificial intelligence for future MD]' | DOI: 'No DOI'
  Status: Enriched 1 field(s) during run.
  ❌ FAILED / STILL MISSING COLUMNS (4): ['Author', 'Article References', 'Times Cited', 'Publication Year']

• [Row 8753] Source: Asano-original-simplified.csv
  Title: 'Foundation models for radiology: fundamentals, applicat' | DOI: '10.4274/dir.2025.253445'
  Status: Enriched 6 field(s) during run.
  ❌ FAILED / STILL MISSING COLUMNS (1): ['Article References']

• [Row 8784] Source: Asano-original-simplified.csv
  Title: 'What Are Patients Doing in the Loop? Patients as Fellow' | DOI: '10.1080/15265161.2024.2377122'
  Status: Enriched 6 field(s) during run.
  ❌ FAILED / STILL MISSING COLUMNS (1): ['Abstract']

• [Row 8785] Source: Asano-original-simplified.csv
  Title: '[Artificial intelligence-driven drug development agains' | DOI: '10.1051/medsci/2024055'
  Status: Enriched 6 field(s) during run.
  ❌ FAILED / STILL MISSING COLUMNS (1): ['Abstract']

• [Row 8786] Source: Asano-original-simplified.csv
  Title: 'Expression of Concern: Assessment in carbon-based layer' | DOI: '10.1016/j.chemosphere.2024.141986'
  Status: Enriched 4 field(s) during run.
  ❌ FAILED / STILL MISSING COLUMNS (3): ['Author', 'Abstract', 'Article References']

• [Row 8788] Source: Asano-original-simplified.csv
  Title: 'The future of academic integrity in the age of artifici' | DOI: '10.1007/s00417-024-06385-1'
  Status: Enriched 6 field(s) during run.
  ❌ FAILED / STILL MISSING COLUMNS (1): ['Abstract']

• [Row 8790] Source: Asano-original-simplified.csv
  Title: 'Embrace AI to break down barriers in publishing for peo' | DOI: '10.1038/d41586-024-00761-x'
  Status: Enriched 5 field(s) during run.
  ❌ FAILED / STILL MISSING COLUMNS (2): ['Abstract', 'Article References']

• [Row 8791] Source: Asano-original-simplified.csv
  Title: 'Re-establishing the purpose of cholangioscopy-based art' | DOI: '10.1016/j.gie.2023.08.022'
  Status: Enriched 6 field(s) during run.
  ❌ FAILED / STILL MISSING COLUMNS (1): ['Abstract']

• [Row 8792] Source: Asano-original-simplified.csv
  Title: 'Artificial Intelligence Feedback for Bronchoscopy Train' | DOI: '10.1016/j.chest.2023.09.034'
  Status: Enriched 6 field(s) during run.
  ❌ FAILED / STILL MISSING COLUMNS (1): ['Abstract']

• [Row 8793] Source: Asano-original-simplified.csv
  Title: 'Generative Artificial Intelligence: A Promising Instrum' | DOI: '10.1016/j.jacr.2023.12.030'
  Status: Enriched 6 field(s) during run.
  ❌ FAILED / STILL MISSING COLUMNS (1): ['Abstract']

• [Row 8794] Source: Asano-original-simplified.csv
  Title: 'Individualized Bariatric Surgery Utilizing Artificial I' | DOI: '10.1007/s11695-024-07060-4'
  Status: Enriched 6 field(s) during run.
  ❌ FAILED / STILL MISSING COLUMNS (1): ['Abstract']

• [Row 8795] Source: Asano-original-simplified.csv
  Title: 'Ethical consideration for implementing AI in healthcare' | DOI: '10.1016/j.oraloncology.2023.106682'
  Status: Enriched 6 field(s) during run.
  ❌ FAILED / STILL MISSING COLUMNS (1): ['Abstract']

• [Row 8799] Source: Asano-original-simplified.csv
  Title: '[Artificial intelligence : What constitutes good medici' | DOI: '10.1007/s00108-023-01609-8'
  Status: Enriched 5 field(s) during run.
  ❌ FAILED / STILL MISSING COLUMNS (2): ['Abstract', 'Article References']

• [Row 8801] Source: Asano-original-simplified.csv
  Title: 'Review of "Artificial Intelligence-enabled Decision Sup' | DOI: '10.1097/SCS.0000000000009674'
  Status: Enriched 6 field(s) during run.
  ❌ FAILED / STILL MISSING COLUMNS (1): ['Article References']

• [Row 8802] Source: Asano-original-simplified.csv
  Title: 'In Reply to the Letter to the Editor Regarding "Artific' | DOI: '10.1016/j.wneu.2023.04.100'
  Status: Enriched 6 field(s) during run.
  ❌ FAILED / STILL MISSING COLUMNS (1): ['Abstract']

• [Row 8803] Source: Asano-original-simplified.csv
  Title: 'FAIR: a recipe for ensuring fairness in healthcare arti' | DOI: '10.1007/s11604-023-01478-z'
  Status: Enriched 6 field(s) during run.
  ❌ FAILED / STILL MISSING COLUMNS (1): ['Abstract']

• [Row 8806] Source: Asano-original-simplified.csv
  Title: 'Optical Coherence Tomography Angiography, Artificial In' | DOI: '10.1001/jamaophthalmol.2023.1829'
  Status: Enriched 6 field(s) during run.
  ❌ FAILED / STILL MISSING COLUMNS (1): ['Abstract']

• [Row 8809] Source: Asano-original-simplified.csv
  Title: 'Human capital and productivity in plastic surgery resea' | DOI: '10.1016/j.bjps.2023.01.040'
  Status: Enriched 6 field(s) during run.
  ❌ FAILED / STILL MISSING COLUMNS (1): ['Abstract']

• [Row 8810] Source: Asano-original-simplified.csv
  Title: 'FDA Approves Artificial Intelligence Device for Guiding' | DOI: '10.1001/jama.2022.20029'
  Status: Enriched 6 field(s) during run.
  ❌ FAILED / STILL MISSING COLUMNS (1): ['Article References']

• [Row 8811] Source: Asano-original-simplified.csv
  Title: 'Chemical design by artificial intelligence' | DOI: '10.1063/5.0123281'
  Status: Enriched 6 field(s) during run.
  ❌ FAILED / STILL MISSING COLUMNS (1): ['Abstract']

• [Row 8812] Source: Asano-original-simplified.csv
  Title: 'Teaching artificial intelligence to nursing and midwife' | DOI: '10.1016/j.nepr.2022.103451'
  Status: Enriched 6 field(s) during run.
  ❌ FAILED / STILL MISSING COLUMNS (1): ['Abstract']

• [Row 8813] Source: Asano-original-simplified.csv
  Title: 'Artificial Intelligence Improves Detection at Colonosco' | DOI: '10.1053/j.gastro.2022.04.042'
  Status: Enriched 6 field(s) during run.
  ❌ FAILED / STILL MISSING COLUMNS (1): ['Abstract']

• [Row 8814] Source: Asano-original-simplified.csv
  Title: 'Artificial intelligence-assisted detection of colorecta' | DOI: '10.1016/j.gie.2022.02.009'
  Status: Enriched 5 field(s) during run.
  ❌ FAILED / STILL MISSING COLUMNS (2): ['Abstract', 'Article References']

• [Row 8815] Source: Asano-original-simplified.csv
  Title: 'Artificial Intelligence as an Assistant in Breast Cance' | DOI: '10.1148/radiol.212675'
  Status: Enriched 6 field(s) during run.
  ❌ FAILED / STILL MISSING COLUMNS (1): ['Abstract']

• [Row 8816] Source: Asano-original-simplified.csv
  Title: 'Move Over, Colon. It's Time for the Esophagus to Take C' | DOI: '10.1053/j.gastro.2021.06.071'
  Status: Enriched 6 field(s) during run.
  ❌ FAILED / STILL MISSING COLUMNS (1): ['Abstract']

• [Row 8818] Source: Asano-original-simplified.csv
  Title: 'RE: Perceptions of Canadian radiation oncologists, radi' | DOI: '10.1016/j.jmir.2021.02.001'
  Status: Enriched 6 field(s) during run.
  ❌ FAILED / STILL MISSING COLUMNS (1): ['Abstract']

• [Row 8820] Source: Asano-original-simplified.csv
  Title: 'Artificial intelligence for STEMI detection: The "Shang' | DOI: '10.1016/j.ijcard.2020.07.002'
  Status: Enriched 6 field(s) during run.
  ❌ FAILED / STILL MISSING COLUMNS (1): ['Abstract']

• [Row 8821] Source: Asano-original-simplified.csv
  Title: 'Balancing risks and benefits of artificial intelligence' | DOI: '10.2471/BLT.20.253823'
  Status: Enriched 6 field(s) during run.
  ❌ FAILED / STILL MISSING COLUMNS (1): ['Abstract']

• [Row 8822] Source: Asano-original-simplified.csv
  Title: 'Artificial intelligence applied to evidence-based surge' | DOI: '10.1016/j.ciresp.2018.04.011'
  Status: Enriched 6 field(s) during run.
  ❌ FAILED / STILL MISSING COLUMNS (1): ['Abstract']

• [Row 8825] Source: Asano-original-simplified.csv
  Title: 'Distributed artificial intelligence models for knowledg' | DOI: '10.1155/2015/846785'
  Status: Enriched 6 field(s) during run.
  ❌ FAILED / STILL MISSING COLUMNS (1): ['Article References']

• [Row 8829] Source: Asano-original-simplified.csv
  Title: 'Artificial intelligence-enhanced continuing professiona' | DOI: '10.31128/AJGP-09-25-7823'
  Status: Enriched 6 field(s) during run.
  ❌ FAILED / STILL MISSING COLUMNS (1): ['Article References']

• [Row 8830] Source: Asano-original-simplified.csv
  Title: 'Beyond Human 'Eyes' in Neurosurgical Exams: Success of ' | DOI: '10.5137/1019-5149.JTN.49058-25.2'
  Status: Enriched 6 field(s) during run.
  ❌ FAILED / STILL MISSING COLUMNS (1): ['Article References']

• [Row 8831] Source: Asano-original-simplified.csv
  Title: 'An ELSI for AI: Learning from genetics to govern algori' | DOI: '10.1126/science.aeb0393'
  Status: Enriched 6 field(s) during run.
  ❌ FAILED / STILL MISSING COLUMNS (1): ['Article References']

• [Row 8832] Source: Asano-original-simplified.csv
  Title: '[Acupuncture clinical decision support system?applicati' | DOI: '10.13703/j.0255-2930.20241128-0007'
  Status: Enriched 6 field(s) during run.
  ❌ FAILED / STILL MISSING COLUMNS (1): ['Article References']

• [Row 8865] Source: Asano-original-simplified.csv
  Title: 'The Growing Role of Artificial Intelligence and Technol' | DOI: '10.52198/24.STI.44.OS1809'
  Status: Enriched 6 field(s) during run.
  ❌ FAILED / STILL MISSING COLUMNS (1): ['Article References']

• [Row 8892] Source: Asano-original-simplified.csv
  Title: 'The Role of Artificial Intelligence in Addressing Menop' | DOI: '10.5935/1518-0557.20260019'
  Status: Enriched 6 field(s) during run.
  ❌ FAILED / STILL MISSING COLUMNS (1): ['Article References']

• [Row 8898] Source: Asano-original-simplified.csv
  Title: '[Advances in the Application of Artificial Intelligence' | DOI: '10.12182/20260360501'
  Status: Enriched 6 field(s) during run.
  ❌ FAILED / STILL MISSING COLUMNS (1): ['Article References']

• [Row 8903] Source: Asano-original-simplified.csv
  Title: 'Has AI Reshaped Drug Discovery, or Is There Still a Lon' | DOI: '10.1002/ddr.70257'
  Status: Enriched 6 field(s) during run.
  ❌ FAILED / STILL MISSING COLUMNS (1): ['Article References']

• [Row 8907] Source: Asano-original-simplified.csv
  Title: 'Artificial Intelligence in the Diagnosis, Treatment, an' | DOI: '10.3121/cmr.2025.1961'
  Status: Enriched 6 field(s) during run.
  ❌ FAILED / STILL MISSING COLUMNS (1): ['Article References']

• [Row 8924] Source: Asano-original-simplified.csv
  Title: 'Participatory Health and Artificial Intelligence: A Lit' | DOI: '10.3233/SHTI250617'
  Status: Enriched 6 field(s) during run.
  ❌ FAILED / STILL MISSING COLUMNS (1): ['Article References']

• [Row 8925] Source: Asano-original-simplified.csv
  Title: 'The Evolving Landscape of Primary Healthcare: Exploring' | DOI: '10.3233/SHTI250042'
  Status: Enriched 6 field(s) during run.
  ❌ FAILED / STILL MISSING COLUMNS (1): ['Article References']

• [Row 8940] Source: Asano-original-simplified.csv
  Title: 'Family Medicine Must Prepare for Artificial Intelligenc' | DOI: '10.3122/jabfm.2023.230360R1'
  Status: Enriched 6 field(s) during run.
  ❌ FAILED / STILL MISSING COLUMNS (1): ['Article References']

• [Row 8950] Source: Asano-original-simplified.csv
  Title: 'Artificial intelligence in diabetic retinopathy screeni' | DOI: 'No DOI'
  Status: Enriched 1 field(s) during run.
  ❌ FAILED / STILL MISSING COLUMNS (4): ['Author', 'Article References', 'Times Cited', 'Publication Year']

• [Row 8954] Source: Asano-original-simplified.csv
  Title: 'Artificial intelligence and future perspectives in Fore' | DOI: '10.7417/CT.2024.5062'
  Status: Enriched 6 field(s) during run.
  ❌ FAILED / STILL MISSING COLUMNS (1): ['Article References']

• [Row 8999] Source: Asano-original-simplified.csv
  Title: 'Artificial Intelligence and Cheminformatics-Guided Mode' | DOI: '10.2174/1568026621666210512020434'
  Status: Enriched 6 field(s) during run.
  ❌ FAILED / STILL MISSING COLUMNS (1): ['Article References']

• [Row 9007] Source: Asano-original-simplified.csv
  Title: 'Artificial intelligence: a disruptive tool for a smarte' | DOI: '10.26355/eurrev_202007_21915'
  Status: Enriched 6 field(s) during run.
  ❌ FAILED / STILL MISSING COLUMNS (1): ['Article References']

• [Row 9027] Source: Asano-original-simplified.csv
  Title: 'Zero Risk Is Impossible: Confidentiality and Artificial' | DOI: '10.31662/jmaj.2026-0060'
  Status: Enriched 6 field(s) during run.
  ❌ FAILED / STILL MISSING COLUMNS (1): ['Article References']

• [Row 9032] Source: Asano-original-simplified.csv
  Title: 'Digital pathology in urology: the new frontier?' | DOI: '10.4081/aiua.2026.15713'
  Status: Enriched 6 field(s) during run.
  ❌ FAILED / STILL MISSING COLUMNS (1): ['Article References']

• [Row 9035] Source: Asano-original-simplified.csv
  Title: 'Artificial Intelligence as a Clinical Co-Pilot in Remin' | DOI: '10.31662/jmaj.2025-0552'
  Status: Enriched 6 field(s) during run.
  ❌ FAILED / STILL MISSING COLUMNS (1): ['Article References']

• [Row 9036] Source: Asano-original-simplified.csv
  Title: 'Use of Artificial Intelligence in the Early Diagnosis o' | DOI: '10.30476/dentjods.2025.105757.2609'
  Status: Enriched 6 field(s) during run.
  ❌ FAILED / STILL MISSING COLUMNS (1): ['Article References']

• [Row 9038] Source: Asano-original-simplified.csv
  Title: 'Describing Data Processing in FHIR: AI-Assisted Interop' | DOI: '10.3233/SHTI260306'
  Status: Enriched 6 field(s) during run.
  ❌ FAILED / STILL MISSING COLUMNS (1): ['Article References']

• [Row 9039] Source: Asano-original-simplified.csv
  Title: 'Neurologists' Expectations of AI in Clinical Practice: ' | DOI: '10.3233/SHTI260186'
  Status: Enriched 6 field(s) during run.
  ❌ FAILED / STILL MISSING COLUMNS (1): ['Article References']

• [Row 9046] Source: Asano-original-simplified.csv
  Title: 'Do We Have Enough Information? Assessing AI Clinical De' | DOI: '10.3233/SHTI260019'
  Status: Enriched 6 field(s) during run.
  ❌ FAILED / STILL MISSING COLUMNS (1): ['Article References']

• [Row 9051] Source: Asano-original-simplified.csv
  Title: 'The Challenges of Data Privacy and Cybersecurity in Clo' | DOI: 'No DOI'
  Status: Enriched 6 field(s) during run.
  ❌ FAILED / STILL MISSING COLUMNS (1): ['Article References']

• [Row 9059] Source: Asano-original-simplified.csv
  Title: 'The Use of Artificial Intelligence in the Formulation o' | DOI: '10.2174/0113895575402013250821121137'
  Status: Enriched 6 field(s) during run.
  ❌ FAILED / STILL MISSING COLUMNS (1): ['Article References']

• [Row 9061] Source: Asano-original-simplified.csv
  Title: 'Bridging AI, NLP, and Digital Health: A Bi-Directional ' | DOI: '10.3233/SHTI251232'
  Status: Enriched 6 field(s) during run.
  ❌ FAILED / STILL MISSING COLUMNS (1): ['Article References']

• [Row 9068] Source: Asano-original-simplified.csv
  Title: 'Examining Physicians' Intentions to Use AI: The Roles o' | DOI: '10.3233/SHTI250371'
  Status: Enriched 6 field(s) during run.
  ❌ FAILED / STILL MISSING COLUMNS (1): ['Article References']

• [Row 9070] Source: Asano-original-simplified.csv
  Title: 'Application of Artificial Intelligence and its Subsets ' | DOI: '10.26502/josm.511500185'
  Status: Enriched 6 field(s) during run.
  ❌ FAILED / STILL MISSING COLUMNS (1): ['Article References']

• [Row 9082] Source: Asano-original-simplified.csv
  Title: 'Comparing Patient Perception and Physician's Records: G' | DOI: '10.3233/SHTI240503'
  Status: Enriched 6 field(s) during run.
  ❌ FAILED / STILL MISSING COLUMNS (1): ['Article References']

• [Row 9095] Source: Asano-original-simplified.csv
  Title: 'What Legal Frameworks Should Govern Use of Genetic Test' | DOI: 'No DOI'
  Status: Enriched 1 field(s) during run.
  ❌ FAILED / STILL MISSING COLUMNS (4): ['Author', 'Article References', 'Times Cited', 'Publication Year']

• [Row 9145] Source: Asano-original-simplified.csv
  Title: '[The human resource: cornerstone of the digital transfo' | DOI: '10.1016/j.soin.2020.01.009'
  Status: Enriched 6 field(s) during run.
  ❌ FAILED / STILL MISSING COLUMNS (1): ['Article References']

• [Row 9158] Source: Asano-original-simplified.csv
  Title: 'A Methodological Framework for Designing Clinically Coh' | DOI: '10.3233/SHTI260962'
  Status: Enriched 6 field(s) during run.
  ❌ FAILED / STILL MISSING COLUMNS (1): ['Article References']

• [Row 9165] Source: Asano-original-simplified.csv
  Title: 'Monitoring Adherence to Post-Sternotomy Movement Precau' | DOI: '10.3233/SHTI260083'
  Status: Enriched 6 field(s) during run.
  ❌ FAILED / STILL MISSING COLUMNS (1): ['Article References']

• [Row 9209] Source: Asano-original-simplified.csv
  Title: 'Virtual Labs and Designer Bugs - Generative AI, Synthet' | DOI: 'No DOI'
  Status: Enriched 1 field(s) during run.
  ❌ FAILED / STILL MISSING COLUMNS (4): ['Author', 'Article References', 'Times Cited', 'Publication Year']

• [Row 9214] Source: Asano-original-simplified.csv
  Title: '[Excelling in the AI Era: Cultivating AI Literacy]' | DOI: '10.6224/JN.202404_71(2).02'
  Status: Enriched 6 field(s) during run.
  ❌ FAILED / STILL MISSING COLUMNS (1): ['Article References']

• [Row 9225] Source: Asano-original-simplified.csv
  Title: 'The use of artificial intelligence in interventional ca' | DOI: '10.5606/tgkdc.dergisi.2023.24791'
  Status: Enriched 6 field(s) during run.
  ❌ FAILED / STILL MISSING COLUMNS (1): ['Article References']

• [Row 9265] Source: Asano-original-simplified.csv
  Title: 'Clinical Trials and Machine Learning: Regulatory Approa' | DOI: '10.2174/1574887116666210715114203'
  Status: Enriched 6 field(s) during run.
  ❌ FAILED / STILL MISSING COLUMNS (1): ['Article References']

• [Row 9271] Source: Asano-original-simplified.csv
  Title: 'Proposals for the use of artificial intelligence in eme' | DOI: '10.1016/j.diii.2020.11.003'
  Status: Enriched 6 field(s) during run.
  ❌ FAILED / STILL MISSING COLUMNS (1): ['Abstract']

• [Row 9280] Source: Asano-original-simplified.csv
  Title: '[Researching on the Classification of Computer Aided Di' | DOI: '10.3969/j.issn.1671-7104.2019.05.013'
  Status: Enriched 6 field(s) during run.
  ❌ FAILED / STILL MISSING COLUMNS (1): ['Article References']

• [Row 9289] Source: Asano-original-simplified.csv
  Title: 'Exploring the Alignment of AI-Based Mood Labelling with' | DOI: '10.3233/SHTI260866'
  Status: Enriched 6 field(s) during run.
  ❌ FAILED / STILL MISSING COLUMNS (1): ['Article References']

• [Row 9290] Source: Asano-original-simplified.csv
  Title: 'Time to Care-AI Supported Nursing Documentation' | DOI: '10.3233/SHTI260469'
  Status: Enriched 6 field(s) during run.
  ❌ FAILED / STILL MISSING COLUMNS (1): ['Article References']

• [Row 9293] Source: Asano-original-simplified.csv
  Title: 'The transformative impact of artificial intelligence on' | DOI: '10.6026/973206300220369'
  Status: Enriched 6 field(s) during run.
  ❌ FAILED / STILL MISSING COLUMNS (1): ['Article References']

• [Row 9298] Source: Asano-original-simplified.csv
  Title: 'Application and Use of Cognitive Socio-Technical Theory' | DOI: '10.3233/SHTI260022'
  Status: Enriched 6 field(s) during run.
  ❌ FAILED / STILL MISSING COLUMNS (1): ['Article References']

• [Row 9300] Source: Asano-original-simplified.csv
  Title: 'Artificial Intelligence and the Doctor-Patient Relation' | DOI: '10.1111/bioe.13128'
  Status: Enriched 6 field(s) during run.
  ❌ FAILED / STILL MISSING COLUMNS (1): ['Article References']

• [Row 9301] Source: Asano-original-simplified.csv
  Title: 'Current Updates on Recent Developments in Artificial In' | DOI: '10.2174/0115680266391548250930172321'
  Status: Enriched 6 field(s) during run.
  ❌ FAILED / STILL MISSING COLUMNS (1): ['Article References']

• [Row 9308] Source: Asano-original-simplified.csv
  Title: 'Blind Testing Method to Validate the Efficiency of ICD-' | DOI: '10.3233/SHTI251222'
  Status: Enriched 6 field(s) during run.
  ❌ FAILED / STILL MISSING COLUMNS (1): ['Article References']

• [Row 9316] Source: Asano-original-simplified.csv
  Title: 'Augmented intelligence and dermatology-Part I: Core con' | DOI: '10.1016/j.jaad.2024.09.090'
  Status: Enriched 6 field(s) during run.
  ❌ FAILED / STILL MISSING COLUMNS (1): ['Article References']

• [Row 9331] Source: Asano-original-simplified.csv
  Title: 'Legal governance of artificial intelligence in healthca' | DOI: '10.4337/9781802205657.ch21'
  Status: Enriched 5 field(s) during run.
  ❌ FAILED / STILL MISSING COLUMNS (2): ['Abstract', 'Article References']

• [Row 9347] Source: Asano-original-simplified.csv
  Title: 'Exploring AI Literacy Among Older Adults' | DOI: '10.3233/SHTI230589'
  Status: Enriched 6 field(s) during run.
  ❌ FAILED / STILL MISSING COLUMNS (1): ['Article References']

• [Row 9370] Source: Asano-original-simplified.csv
  Title: 'Great debates in cardiac computed tomography: OPINION: ' | DOI: '10.1016/j.jcct.2022.07.004'
  Status: Enriched 6 field(s) during run.
  ❌ FAILED / STILL MISSING COLUMNS (1): ['Abstract']

• [Row 9393] Source: Asano-original-simplified.csv
  Title: 'Artificial Intelligence in the Discovery of Bioactive N' | DOI: '10.2174/0109298673528346260907070035'
  Status: Enriched 6 field(s) during run.
  ❌ FAILED / STILL MISSING COLUMNS (1): ['Article References']

• [Row 9394] Source: Asano-original-simplified.csv
  Title: 'The fusion of artificial intelligence and omics: a pers' | DOI: '10.3332/ecancer.2026.2152'
  Status: Enriched 6 field(s) during run.
  ❌ FAILED / STILL MISSING COLUMNS (1): ['Article References']

• [Row 9395] Source: Asano-original-simplified.csv
  Title: 'Modeling Legal Uncertainty in AI-Generated Content Owne' | DOI: '10.3791/71101'
  Status: Enriched 6 field(s) during run.
  ❌ FAILED / STILL MISSING COLUMNS (1): ['Article References']

• [Row 9402] Source: Asano-original-simplified.csv
  Title: 'An insight into the role of artificial intelligence in ' | DOI: '10.17420/ap71.545'
  Status: Enriched 6 field(s) during run.
  ❌ FAILED / STILL MISSING COLUMNS (1): ['Article References']

• [Row 9412] Source: Asano-original-simplified.csv
  Title: '[Artificial intelligence in medicine: limits and obstac' | DOI: '10.1701/2829.28580'
  Status: Enriched 6 field(s) during run.
  ❌ FAILED / STILL MISSING COLUMNS (1): ['Article References']

• [Row 9414] Source: Asano-original-simplified.csv
  Title: 'Technology Review: The Hidden Influence of AI in Orthop' | DOI: '10.5435/JAAOSGlobal-D-26-00004'
  Status: Enriched 6 field(s) during run.
  ❌ FAILED / STILL MISSING COLUMNS (1): ['Article References']

• [Row 9416] Source: Asano-original-simplified.csv
  Title: 'The Big Mo: staying on the wave in an age of artificial' | DOI: '10.1093/jamia/ocag100'
  Status: Enriched 6 field(s) during run.
  ❌ FAILED / STILL MISSING COLUMNS (1): ['Article References']

• [Row 9443] Source: Asano-original-simplified.csv
  Title: 'Comparison efficiency of the artificial intelligence me' | DOI: 'No DOI'
  Status: Enriched 1 field(s) during run.
  ❌ FAILED / STILL MISSING COLUMNS (4): ['Author', 'Article References', 'Times Cited', 'Publication Year']

• [Row 9446] Source: Asano-original-simplified.csv
  Title: 'When Writing is No Longer Thinking: Safeguarding Clinic' | DOI: '10.1177/13591045261471231'
  Status: Enriched 6 field(s) during run.
  ❌ FAILED / STILL MISSING COLUMNS (1): ['Article References']

• [Row 9448] Source: Asano-original-simplified.csv
  Title: 'From Molecules to Manufacturing: Expanding Role of Arti' | DOI: '10.2174/0115701638420576251205164238'
  Status: Enriched 6 field(s) during run.
  ❌ FAILED / STILL MISSING COLUMNS (1): ['Article References']

• [Row 9449] Source: Asano-original-simplified.csv
  Title: 'CODE MEDI: A Collaborative Hackathon for Health Informa' | DOI: '10.3233/SHTI260667'
  Status: Enriched 6 field(s) during run.
  ❌ FAILED / STILL MISSING COLUMNS (1): ['Article References']

• [Row 9467] Source: Asano-original-simplified.csv
  Title: '[Applications of protein structure determination in syn' | DOI: '10.13345/j.cjb.250437'
  Status: Enriched 6 field(s) during run.
  ❌ FAILED / STILL MISSING COLUMNS (1): ['Article References']

• [Row 9473] Source: Asano-original-simplified.csv
  Title: 'Enabling Dynamic Consent Through AI and Blockchain: The' | DOI: '10.3233/SHTI251556'
  Status: Enriched 6 field(s) during run.
  ❌ FAILED / STILL MISSING COLUMNS (1): ['Article References']

• [Row 9487] Source: Asano-original-simplified.csv
  Title: 'Android AI Application for Advanced Breast Cancer Detec' | DOI: '10.3233/SHTI250041'
  Status: Enriched 6 field(s) during run.
  ❌ FAILED / STILL MISSING COLUMNS (1): ['Article References']

• [Row 9488] Source: Asano-original-simplified.csv
  Title: '[Ten propositions to reduce the carbon footprint of cli' | DOI: '10.1684/ndt.2025.114'
  Status: Enriched 6 field(s) during run.
  ❌ FAILED / STILL MISSING COLUMNS (1): ['Article References']

• [Row 9510] Source: Asano-original-simplified.csv
  Title: 'Editing Physicians' Responses Using GPT-4 for Academic ' | DOI: '10.3233/SHTI240019'
  Status: Enriched 6 field(s) during run.
  ❌ FAILED / STILL MISSING COLUMNS (1): ['Article References']

• [Row 9550] Source: Asano-original-simplified.csv
  Title: '[Design and Implementation of Software Platform for AI-' | DOI: '10.3969/j.issn.1671-7104.2021.06.007'
  Status: Enriched 6 field(s) during run.
  ❌ FAILED / STILL MISSING COLUMNS (1): ['Article References']

• [Row 9577] Source: Asano-original-simplified.csv
  Title: 'Artificial intelligence nanoparticle-based drug deliver' | DOI: '10.5114/kitp.2025.154852'
  Status: Enriched 6 field(s) during run.
  ❌ FAILED / STILL MISSING COLUMNS (1): ['Article References']

• [Row 9578] Source: Asano-original-simplified.csv
  Title: 'Large language models in clinical research: The widenin' | DOI: '10.1016/j.acvd.2026.07.002'
  Status: Enriched 6 field(s) during run.
  ❌ FAILED / STILL MISSING COLUMNS (1): ['Abstract']

• [Row 9579] Source: Asano-original-simplified.csv
  Title: 'Generative AI in Healthcare Solutions: A Review of Oppo' | DOI: '10.3233/SHTI260311'
  Status: Enriched 6 field(s) during run.
  ❌ FAILED / STILL MISSING COLUMNS (1): ['Article References']

• [Row 9581] Source: Asano-original-simplified.csv
  Title: '[Standardizing breast cancer digital pathology database' | DOI: '10.3760/cma.j.cn112151-20251207-00806'
  Status: Enriched 6 field(s) during run.
  ❌ FAILED / STILL MISSING COLUMNS (1): ['Article References']

• [Row 9582] Source: Asano-original-simplified.csv
  Title: 'A Scalable Multi-Layer AI Adoption Model to Support the' | DOI: '10.3233/SHTI251543'
  Status: Enriched 6 field(s) during run.
  ❌ FAILED / STILL MISSING COLUMNS (1): ['Article References']

• [Row 9583] Source: Asano-original-simplified.csv
  Title: 'The Illusion of Control: AI Chatbot Dependency and the ' | DOI: '10.3233/SHTI251529'
  Status: Enriched 6 field(s) during run.
  ❌ FAILED / STILL MISSING COLUMNS (1): ['Article References']

• [Row 9585] Source: Asano-original-simplified.csv
  Title: 'Workforce Investments to Accelerate Learning Health Sys' | DOI: '10.12927/hcpap.2025.27567'
  Status: Enriched 6 field(s) during run.
  ❌ FAILED / STILL MISSING COLUMNS (1): ['Article References']

• [Row 9590] Source: Asano-original-simplified.csv
  Title: '[Challenges in application of artificial intelligence i' | DOI: '10.3760/cma.j.cn112338-20240112-00014'
  Status: Enriched 6 field(s) during run.
  ❌ FAILED / STILL MISSING COLUMNS (1): ['Article References']

• [Row 9593] Source: Asano-original-simplified.csv
  Title: '[Challenges and prospects in the application of artific' | DOI: '10.3760/cma.j.cn112142-20231111-00226'
  Status: Enriched 6 field(s) during run.
  ❌ FAILED / STILL MISSING COLUMNS (1): ['Article References']

• [Row 9594] Source: Asano-original-simplified.csv
  Title: '[The application of artificial intelligence in prehospi' | DOI: '10.3760/cma.j.cn112137-20230906-00406'
  Status: Enriched 6 field(s) during run.
  ❌ FAILED / STILL MISSING COLUMNS (1): ['Article References']

• [Row 9597] Source: Asano-original-simplified.csv
  Title: 'Artificial Intelligence and the Future of Dentistry' | DOI: 'No DOI'
  Status: Enriched 1 field(s) during run.
  ❌ FAILED / STILL MISSING COLUMNS (4): ['Author', 'Article References', 'Times Cited', 'Publication Year']

• [Row 9618] Source: Asano-original-simplified.csv
  Title: 'The role of networks and artificial intelligence in nan' | DOI: 'No DOI'
  Status: Enriched 1 field(s) during run.
  ❌ FAILED / STILL MISSING COLUMNS (4): ['Author', 'Article References', 'Times Cited', 'Publication Year']

• [Row 9623] Source: Asano-original-simplified.csv
  Title: 'The evaluation of artificial intelligence systems in me' | DOI: 'No DOI'
  Status: Enriched 1 field(s) during run.
  ❌ FAILED / STILL MISSING COLUMNS (4): ['Author', 'Article References', 'Times Cited', 'Publication Year']

• [Row 9628] Source: Asano-original-simplified.csv
  Title: '[Between delegation and loss: the cognitive cost of art' | DOI: '10.1701/4743.47598'
  Status: Enriched 6 field(s) during run.
  ❌ FAILED / STILL MISSING COLUMNS (1): ['Article References']

• [Row 9629] Source: Asano-original-simplified.csv
  Title: 'Session Introduction: Fairness and Bias in Biomedical A' | DOI: '10.1142/9789819824755_0037'
  Status: Enriched 6 field(s) during run.
  ❌ FAILED / STILL MISSING COLUMNS (1): ['Article References']

• [Row 9630] Source: Asano-original-simplified.csv
  Title: 'A Comprehensive Approach for Assessing the Impact of Am' | DOI: 'No DOI'
  Status: Enriched 6 field(s) during run.
  ❌ FAILED / STILL MISSING COLUMNS (1): ['Article References']

• [Row 9631] Source: Asano-original-simplified.csv
  Title: 'Artificial intelligence foundation models in healthcare' | DOI: 'No DOI'
  Status: Enriched 6 field(s) during run.
  ❌ FAILED / STILL MISSING COLUMNS (1): ['Article References']

• [Row 9632] Source: Asano-original-simplified.csv
  Title: 'Artificial Intelligence as a Catalyst for Advancements ' | DOI: '10.7754/Clin.Lab.2025.250474'
  Status: Enriched 6 field(s) during run.
  ❌ FAILED / STILL MISSING COLUMNS (1): ['Article References']

• [Row 9638] Source: Asano-original-simplified.csv
  Title: 'Looking Forward to AI and Medicine: Where Are We, and W' | DOI: 'No DOI'
  Status: Enriched 1 field(s) during run.
  ❌ FAILED / STILL MISSING COLUMNS (4): ['Author', 'Article References', 'Times Cited', 'Publication Year']

• [Row 9639] Source: Asano-original-simplified.csv
  Title: 'Personalized melanoma grading system: a presentation of' | DOI: '10.5070/D330564426'
  Status: Enriched 6 field(s) during run.
  ❌ FAILED / STILL MISSING COLUMNS (1): ['Article References']

• [Row 9641] Source: Asano-original-simplified.csv
  Title: '[Research progress on the application of artificial int' | DOI: '10.3760/cma.j.cn121430-20231127-01012'
  Status: Enriched 6 field(s) during run.
  ❌ FAILED / STILL MISSING COLUMNS (1): ['Article References']

• [Row 9642] Source: Asano-original-simplified.csv
  Title: 'Personalizing adult spinal deformity surgery through mu' | DOI: '10.5152/10.5152/j.aott.2024.23215'
  Status: Enriched 1 field(s) during run.
  ❌ FAILED / STILL MISSING COLUMNS (4): ['Author', 'Article References', 'Times Cited', 'Publication Year']

• [Row 9645] Source: Asano-original-simplified.csv
  Title: 'ARTIFICIAL INTELLIGENCE: CREATING NEW PARADIGMS IN THE ' | DOI: 'No DOI'
  Status: Enriched 1 field(s) during run.
  ❌ FAILED / STILL MISSING COLUMNS (4): ['Author', 'Article References', 'Times Cited', 'Publication Year']

• [Row 9650] Source: Asano-original-simplified.csv
  Title: 'A Tête-à-tête with ChatGPT on the impact of artificial ' | DOI: 'No DOI'
  Status: Enriched 6 field(s) during run.
  ❌ FAILED / STILL MISSING COLUMNS (1): ['Article References']

• [Row 9652] Source: Asano-original-simplified.csv
  Title: '[Artificial intelligence in psychiatry: co-creation of ' | DOI: 'No DOI'
  Status: Enriched 6 field(s) during run.
  ❌ FAILED / STILL MISSING COLUMNS (1): ['Article References']

• [Row 9661] Source: Asano-original-simplified.csv
  Title: '[Health and Medical Revolution Driven by Artificial Int' | DOI: 'No DOI'
  Status: Enriched 1 field(s) during run.
  ❌ FAILED / STILL MISSING COLUMNS (4): ['Author', 'Article References', 'Times Cited', 'Publication Year']

• [Row 9662] Source: Asano-original-simplified.csv
  Title: 'Is artificial intelligence going to replace dermatologi' | DOI: 'No DOI'
  Status: Enriched 1 field(s) during run.
  ❌ FAILED / STILL MISSING COLUMNS (4): ['Author', 'Article References', 'Times Cited', 'Publication Year']

• [Row 9665] Source: Asano-original-simplified.csv
  Title: '[Data-driven integrated diagnostics: the natural evolut' | DOI: 'No DOI'
  Status: Enriched 1 field(s) during run.
  ❌ FAILED / STILL MISSING COLUMNS (4): ['Author', 'Article References', 'Times Cited', 'Publication Year']

• [Row 9669] Source: Asano-original-simplified.csv
  Title: '[Detection of endpoint for segmentation between consona' | DOI: 'No DOI'
  Status: Enriched 1 field(s) during run.
  ❌ FAILED / STILL MISSING COLUMNS (4): ['Author', 'Article References', 'Times Cited', 'Publication Year']

• [Row 9671] Source: Asano-original-simplified.csv
  Title: '[Promote the application and innovation of artificial i' | DOI: '10.3760/cma.j.cn112140-20250722-00671'
  Status: Enriched 5 field(s) during run.
  ❌ FAILED / STILL MISSING COLUMNS (2): ['Abstract', 'Article References']

• [Row 9673] Source: Asano-original-simplified.csv
  Title: 'A Critical Analysis of "The Revival of Essay-Type Quest' | DOI: '10.29271/jcpsp.2024.10.1264'
  Status: Enriched 6 field(s) during run.
  ❌ FAILED / STILL MISSING COLUMNS (1): ['Article References']

• [Row 9674] Source: Asano-original-simplified.csv
  Title: 'The Future Regarding Non- Alcoholic Fatty Liver Disease' | DOI: '10.29271/jcpsp.2024.10.1262'
  Status: Enriched 5 field(s) during run.
  ❌ FAILED / STILL MISSING COLUMNS (2): ['Abstract', 'Article References']

• [Row 9676] Source: Asano-original-simplified.csv
  Title: 'The Need for Continuous Evaluation of Artificial Intell' | DOI: '10.1001/jamanetworkopen.2024.33009'
  Status: Enriched 6 field(s) during run.
  ❌ FAILED / STILL MISSING COLUMNS (1): ['Abstract']

• [Row 9678] Source: Asano-original-simplified.csv
  Title: 'Comment on: Using Artificial Intelligence to Label Free' | DOI: '10.1016/j.jpedsurg.2024.04.005'
  Status: Enriched 6 field(s) during run.
  ❌ FAILED / STILL MISSING COLUMNS (1): ['Abstract']

• [Row 9681] Source: Asano-original-simplified.csv
  Title: 'Artificial intelligence is poised to usher in a paradig' | DOI: '10.1111/ans.19000'
  Status: Enriched 6 field(s) during run.
  ❌ FAILED / STILL MISSING COLUMNS (1): ['Abstract']

• [Row 9682] Source: Asano-original-simplified.csv
  Title: 'Estimating the risk of sudden death in hypertrophic car' | DOI: '10.1016/j.ijcard.2024.131842'
  Status: Enriched 6 field(s) during run.
  ❌ FAILED / STILL MISSING COLUMNS (1): ['Abstract']

• [Row 9685] Source: Asano-original-simplified.csv
  Title: 'Highlights From IDWeek 2023-New Vaccines, Artificial In' | DOI: '10.1001/jama.2023.19291'
  Status: Enriched 6 field(s) during run.
  ❌ FAILED / STILL MISSING COLUMNS (1): ['Article References']

• [Row 9687] Source: Asano-original-simplified.csv
  Title: 'A Patient's Wish List for Imaging Artificial Intelligen' | DOI: '10.1016/j.jacr.2023.06.016'
  Status: Enriched 6 field(s) during run.
  ❌ FAILED / STILL MISSING COLUMNS (1): ['Abstract']

• [Row 9688] Source: Asano-original-simplified.csv
  Title: 'Response to "Large language model artificial intelligen' | DOI: '10.1007/s11060-023-04396-2'
  Status: Enriched 6 field(s) during run.
  ❌ FAILED / STILL MISSING COLUMNS (1): ['Abstract']

• [Row 9689] Source: Asano-original-simplified.csv
  Title: 'Creation of Lateral View Facial Images Using Artificial' | DOI: '10.1089/fpsam.2022.0388'
  Status: Enriched 6 field(s) during run.
  ❌ FAILED / STILL MISSING COLUMNS (1): ['Abstract']

• [Row 9692] Source: Asano-original-simplified.csv
  Title: 'The reproducibility issues that haunt health-care AI' | DOI: '10.1038/d41586-023-00023-2'
  Status: Enriched 6 field(s) during run.
  ❌ FAILED / STILL MISSING COLUMNS (1): ['Abstract']

• [Row 9693] Source: Asano-original-simplified.csv
  Title: 'The Future of Artificial Intelligence and Machine Learn' | DOI: '10.1053/j.ackd.2022.09.001'
  Status: Enriched 5 field(s) during run.
  ❌ FAILED / STILL MISSING COLUMNS (2): ['Abstract', 'Article References']

• [Row 9695] Source: Asano-original-simplified.csv
  Title: 'Human-in-the-Loop Artificial Intelligence in Cardiac MR' | DOI: '10.1148/radiol.221132'
  Status: Enriched 6 field(s) during run.
  ❌ FAILED / STILL MISSING COLUMNS (1): ['Abstract']

• [Row 9697] Source: Asano-original-simplified.csv
  Title: 'AlphaFold heralds a data-driven revolution in biology a' | DOI: '10.1038/s41591-021-01533-0'
  Status: Enriched 6 field(s) during run.
  ❌ FAILED / STILL MISSING COLUMNS (1): ['Abstract']

• [Row 9698] Source: Asano-original-simplified.csv
  Title: 'Machine Learning in Risk Prediction for Cardiac Surgery' | DOI: '10.1016/j.hlc.2021.09.007'
  Status: Enriched 6 field(s) during run.
  ❌ FAILED / STILL MISSING COLUMNS (1): ['Abstract']

• [Row 9703] Source: Asano-original-simplified.csv
  Title: 'Artificial intelligence in health care: preparing for t' | DOI: '10.5694/mja2.50755'
  Status: Enriched 6 field(s) during run.
  ❌ FAILED / STILL MISSING COLUMNS (1): ['Abstract']

• [Row 9704] Source: Asano-original-simplified.csv
  Title: 'Artificial Intelligence and Glaucoma: Illuminating the ' | DOI: '10.1016/j.ogla.2020.04.008'
  Status: Enriched 6 field(s) during run.
  ❌ FAILED / STILL MISSING COLUMNS (1): ['Abstract']

• [Row 9705] Source: Asano-original-simplified.csv
  Title: 'Reply to "Artificial intelligence in the field of elect' | DOI: '10.1016/j.clinph.2019.06.004'
  Status: Enriched 6 field(s) during run.
  ❌ FAILED / STILL MISSING COLUMNS (1): ['Abstract']

• [Row 9706] Source: Asano-original-simplified.csv
  Title: 'Artificial intelligence for cancer-associated thrombosi' | DOI: '10.1016/S2352-3026(18)30111-X'
  Status: Enriched 6 field(s) during run.
  ❌ FAILED / STILL MISSING COLUMNS (1): ['Abstract']

• [Row 9712] Source: Asano-original-simplified.csv
  Title: 'Special issue on Human-Centered Artificial Intelligence' | DOI: '10.1016/j.artmed.2024.102946'
  Status: Enriched 6 field(s) during run.
  ❌ FAILED / STILL MISSING COLUMNS (1): ['Abstract']

• [Row 9713] Source: Asano-original-simplified.csv
  Title: 'Artificial intelligence in medical genomics' | DOI: '10.1038/s10038-024-01282-1'
  Status: Enriched 5 field(s) during run.
  ❌ FAILED / STILL MISSING COLUMNS (2): ['Abstract', 'Article References']

• [Row 9714] Source: Asano-original-simplified.csv
  Title: 'The Impact of Generative Artificial Intelligence on the' | DOI: '10.1016/j.ajpath.2024.08.002'
  Status: Enriched 6 field(s) during run.
  ❌ FAILED / STILL MISSING COLUMNS (1): ['Abstract']

• [Row 9715] Source: Asano-original-simplified.csv
  Title: 'Applications of Artificial Intelligence in Medicine: An' | DOI: '10.7812/TPP/24.068'
  Status: Enriched 5 field(s) during run.
  ❌ FAILED / STILL MISSING COLUMNS (2): ['Abstract', 'Article References']

• [Row 9717] Source: Asano-original-simplified.csv
  Title: 'The link between precision medicine, precision diagnost' | DOI: '10.1007/s00234-024-03403-1'
  Status: Enriched 6 field(s) during run.
  ❌ FAILED / STILL MISSING COLUMNS (1): ['Abstract']

• [Row 9718] Source: Asano-original-simplified.csv
  Title: 'Perspectives on managing non-communicable diseases in p' | DOI: '10.23736/S2724-5276.24.07600-6'
  Status: Enriched 6 field(s) during run.
  ❌ FAILED / STILL MISSING COLUMNS (1): ['Abstract']

• [Row 9719] Source: Asano-original-simplified.csv
  Title: 'Performance Improvement and Artificial Intelligence (AI' | DOI: '10.1016/j.cgh.2024.05.019'
  Status: Enriched 6 field(s) during run.
  ❌ FAILED / STILL MISSING COLUMNS (1): ['Abstract']

• [Row 9720] Source: Asano-original-simplified.csv
  Title: 'How Artificial Intelligence Will Enhance Imaging Access' | DOI: '10.1001/jama.2024.7251'
  Status: Enriched 6 field(s) during run.
  ❌ FAILED / STILL MISSING COLUMNS (1): ['Article References']

• [Row 9721] Source: Asano-original-simplified.csv
  Title: 'Advancing Precision Oncology With Artificial Intelligen' | DOI: '10.1016/j.urology.2024.04.009'
  Status: Enriched 6 field(s) during run.
  ❌ FAILED / STILL MISSING COLUMNS (1): ['Abstract']

• [Row 9722] Source: Asano-original-simplified.csv
  Title: 'Thank you artificial intelligence: Evidence-based just-' | DOI: '10.1016/j.amjsurg.2024.04.007'
  Status: Enriched 6 field(s) during run.
  ❌ FAILED / STILL MISSING COLUMNS (1): ['Abstract']

• [Row 9723] Source: Asano-original-simplified.csv
  Title: 'Author's reply: The importance of professional training' | DOI: '10.1016/j.dld.2024.03.001'
  Status: Enriched 6 field(s) during run.
  ❌ FAILED / STILL MISSING COLUMNS (1): ['Abstract']

• [Row 9724] Source: Asano-original-simplified.csv
  Title: 'Motivation and Learning: Leveraging Artificial Intellig' | DOI: '10.1016/j.chest.2023.09.018'
  Status: Enriched 6 field(s) during run.
  ❌ FAILED / STILL MISSING COLUMNS (1): ['Abstract']

• [Row 9726] Source: Asano-original-simplified.csv
  Title: '[Research progress in artificial intelligence assisted ' | DOI: '10.3760/cma.j.cn112148-20231019-00347'
  Status: Enriched 6 field(s) during run.
  ❌ FAILED / STILL MISSING COLUMNS (1): ['Article References']

• [Row 9727] Source: Asano-original-simplified.csv
  Title: 'Empowering the Next Generation of Artificial Intelligen' | DOI: '10.1016/j.jid.2023.11.011'
  Status: Enriched 6 field(s) during run.
  ❌ FAILED / STILL MISSING COLUMNS (1): ['Abstract']

• [Row 9729] Source: Asano-original-simplified.csv
  Title: 'Editorial overview: Artificial intelligence (AI) method' | DOI: '10.1016/j.sbi.2023.102676'
  Status: Enriched 5 field(s) during run.
  ❌ FAILED / STILL MISSING COLUMNS (2): ['Abstract', 'Article References']

• [Row 9732] Source: Asano-original-simplified.csv
  Title: 'From data analysis to paper writing: How Artificial int' | DOI: '10.1016/j.oraloncology.2023.106312'
  Status: Enriched 5 field(s) during run.
  ❌ FAILED / STILL MISSING COLUMNS (2): ['Abstract', 'Article References']

• [Row 9733] Source: Asano-original-simplified.csv
  Title: 'Artificial Intelligence-Empowered Radiation Oncology Re' | DOI: '10.1016/j.prro.2022.09.003'
  Status: Enriched 6 field(s) during run.
  ❌ FAILED / STILL MISSING COLUMNS (1): ['Abstract']

• [Row 9734] Source: Asano-original-simplified.csv
  Title: 'Artificial intelligence-assisted cholangioscopy of mali' | DOI: '10.1016/j.gie.2022.10.021'
  Status: Enriched 6 field(s) during run.
  ❌ FAILED / STILL MISSING COLUMNS (1): ['Abstract']

• [Row 9740] Source: Asano-original-simplified.csv
  Title: 'Image Consent and the Development of Image-Based Artifi' | DOI: '10.1001/jamadermatol.2022.0689'
  Status: Enriched 6 field(s) during run.
  ❌ FAILED / STILL MISSING COLUMNS (1): ['Abstract']

• [Row 9742] Source: Asano-original-simplified.csv
  Title: 'The Next-Level Precision Medicine in Cancer Management ' | DOI: '10.24920/004013'
  Status: Enriched 6 field(s) during run.
  ❌ FAILED / STILL MISSING COLUMNS (1): ['Article References']

• [Row 9743] Source: Asano-original-simplified.csv
  Title: 'Precision medicine in breast cancer: From biological im' | DOI: '10.1016/j.semcancer.2021.04.019'
  Status: Enriched 6 field(s) during run.
  ❌ FAILED / STILL MISSING COLUMNS (1): ['Abstract']

• [Row 9745] Source: Asano-original-simplified.csv
  Title: 'Editorial commentary: Artificial intelligence in struct' | DOI: '10.1016/j.tcm.2021.02.007'
  Status: Enriched 6 field(s) during run.
  ❌ FAILED / STILL MISSING COLUMNS (1): ['Abstract']

• [Row 9746] Source: Asano-original-simplified.csv
  Title: 'The niche of artificial intelligence in trauma and emer' | DOI: '10.1016/j.ajem.2020.10.050'
  Status: Enriched 6 field(s) during run.
  ❌ FAILED / STILL MISSING COLUMNS (1): ['Abstract']

• [Row 9747] Source: Asano-original-simplified.csv
  Title: 'What artificial intelligence may, or may not, contribut' | DOI: '10.1007/s10815-020-01962-9'
  Status: Enriched 6 field(s) during run.
  ❌ FAILED / STILL MISSING COLUMNS (1): ['Article References']

• [Row 9754] Source: Asano-original-simplified.csv
  Title: 'Robots as Imagined in the Television Series Humans' | DOI: '10.1017/S0963180117000901'
  Status: Enriched 6 field(s) during run.
  ❌ FAILED / STILL MISSING COLUMNS (1): ['Article References']

• [Row 9755] Source: Asano-original-simplified.csv
  Title: 'The ACR Data Science Institute and AI Advisory Group: H' | DOI: '10.1016/j.jacr.2017.12.024'
  Status: Enriched 5 field(s) during run.
  ❌ FAILED / STILL MISSING COLUMNS (2): ['Abstract', 'Article References']

• [Row 9756] Source: Asano-original-simplified.csv
  Title: 'Hearing the beat. A Duluth researcher hopes artificial ' | DOI: 'No DOI'
  Status: Enriched 0 field(s) during run.
  ❌ FAILED / STILL MISSING COLUMNS (5): ['Author', 'Abstract', 'Article References', 'Times Cited', 'Publication Year']

• [Row 9760] Source: Asano-original-simplified.csv
  Title: 'Artificial Intelligence and Precision Education: AJR Po' | DOI: '10.2214/AJR.24.32504'
  Status: Enriched 6 field(s) during run.
  ❌ FAILED / STILL MISSING COLUMNS (1): ['Article References']

• [Row 9763] Source: Asano-original-simplified.csv
  Title: 'Research design and writing of scholarly articles: new ' | DOI: '10.1007/s12020-024-03977-z'
  Status: Enriched 6 field(s) during run.
  ❌ FAILED / STILL MISSING COLUMNS (1): ['Abstract']

• [Row 9764] Source: Asano-original-simplified.csv
  Title: 'Leveraging AI for Public Health Communication: Opportun' | DOI: '10.1097/PHH.0000000000001986'
  Status: Enriched 6 field(s) during run.
  ❌ FAILED / STILL MISSING COLUMNS (1): ['Article References']

• [Row 9765] Source: Asano-original-simplified.csv
  Title: 'Artificial Intelligence in Cancer Clinical Research: I.' | DOI: '10.1080/07357907.2024.2347784'
  Status: Enriched 6 field(s) during run.
  ❌ FAILED / STILL MISSING COLUMNS (1): ['Abstract']

• [Row 9767] Source: Asano-original-simplified.csv
  Title: 'NATO is boosting AI and climate research as scientific ' | DOI: '10.1038/d41586-024-01052-1'
  Status: Enriched 5 field(s) during run.
  ❌ FAILED / STILL MISSING COLUMNS (2): ['Abstract', 'Article References']

• [Row 9768] Source: Asano-original-simplified.csv
  Title: 'Artificial Intelligence in Medical Education: A Long Wa' | DOI: '10.1016/j.chest.2023.11.028'
  Status: Enriched 6 field(s) during run.
  ❌ FAILED / STILL MISSING COLUMNS (1): ['Abstract']

• [Row 9769] Source: Asano-original-simplified.csv
  Title: 'How to Navigate the Pitfalls of AI Hype in Health Care' | DOI: '10.1001/jama.2023.23330'
  Status: Enriched 6 field(s) during run.
  ❌ FAILED / STILL MISSING COLUMNS (1): ['Article References']

• [Row 9770] Source: Asano-original-simplified.csv
  Title: 'Response to "Comment on Artificial Intelligence in Bari' | DOI: '10.1007/s11695-023-06932-5'
  Status: Enriched 6 field(s) during run.
  ❌ FAILED / STILL MISSING COLUMNS (1): ['Abstract']

• [Row 9771] Source: Asano-original-simplified.csv
  Title: 'Can Left Atrial Enlargement Be Estimated From the Elect' | DOI: '10.1016/j.cjca.2023.11.015'
  Status: Enriched 6 field(s) during run.
  ❌ FAILED / STILL MISSING COLUMNS (1): ['Abstract']

• [Row 9773] Source: Asano-original-simplified.csv
  Title: 'Investigating the Influence of Artificial Intelligence ' | DOI: '10.1016/j.jadohealth.2023.06.002'
  Status: Enriched 6 field(s) during run.
  ❌ FAILED / STILL MISSING COLUMNS (1): ['Abstract']

• [Row 9774] Source: Asano-original-simplified.csv
  Title: 'The diagnostic accuracy of Skin Image Search, an artifi' | DOI: '10.1111/ijd.16838'
  Status: Enriched 6 field(s) during run.
  ❌ FAILED / STILL MISSING COLUMNS (1): ['Abstract']

• [Row 9777] Source: Asano-original-simplified.csv
  Title: 'Focus Issue on Artificial Intelligence in Pediatric Rad' | DOI: '10.1016/j.jacr.2023.07.001'
  Status: Enriched 6 field(s) during run.
  ❌ FAILED / STILL MISSING COLUMNS (1): ['Abstract']

• [Row 9779] Source: Asano-original-simplified.csv
  Title: 'Beyond Clinical Accuracy: Considerations for the Use of' | DOI: '10.1053/j.gastro.2023.06.006'
  Status: Enriched 6 field(s) during run.
  ❌ FAILED / STILL MISSING COLUMNS (1): ['Abstract']

• [Row 9780] Source: Asano-original-simplified.csv
  Title: 'Why Nature will not allow the use of generative AI in i' | DOI: '10.1038/d41586-023-01546-4'
  Status: Enriched 4 field(s) during run.
  ❌ FAILED / STILL MISSING COLUMNS (3): ['Author', 'Abstract', 'Article References']

• [Row 9781] Source: Asano-original-simplified.csv
  Title: 'Artificial Intelligence (AI) in Neurosurgery: Informati' | DOI: '10.1016/j.wneu.2023.05.040'
  Status: Enriched 6 field(s) during run.
  ❌ FAILED / STILL MISSING COLUMNS (1): ['Abstract']

• [Row 9785] Source: Asano-original-simplified.csv
  Title: 'The Future Is Now: How Technology and Entertainment Are' | DOI: '10.1016/j.jacr.2022.06.015'
  Status: Enriched 5 field(s) during run.
  ❌ FAILED / STILL MISSING COLUMNS (2): ['Abstract', 'Article References']

• [Row 9786] Source: Asano-original-simplified.csv
  Title: 'The impact of AI on research' | DOI: '10.1016/j.cell.2022.06.024'
  Status: Enriched 6 field(s) during run.
  ❌ FAILED / STILL MISSING COLUMNS (1): ['Article References']

• [Row 9787] Source: Asano-original-simplified.csv
  Title: 'Conversations with the Editors: Artificial Intelligence' | DOI: '10.1016/j.clinthera.2022.05.004'
  Status: Enriched 6 field(s) during run.
  ❌ FAILED / STILL MISSING COLUMNS (1): ['Abstract']

• [Row 9789] Source: Asano-original-simplified.csv
  Title: 'Editorial commentary: Artificial Intelligence in Cardio' | DOI: '10.1016/j.tcm.2022.02.009'
  Status: Enriched 6 field(s) during run.
  ❌ FAILED / STILL MISSING COLUMNS (1): ['Abstract']

• [Row 9793] Source: Asano-original-simplified.csv
  Title: 'Machine Learning, Predictive Analytics, and the Emperor' | DOI: '10.1016/j.cjca.2021.03.003'
  Status: Enriched 6 field(s) during run.
  ❌ FAILED / STILL MISSING COLUMNS (1): ['Abstract']

• [Row 9794] Source: Asano-original-simplified.csv
  Title: 'The role of AI in diagnosing lung diseases' | DOI: '10.1016/S2213-2600(19)30331-5'
  Status: Enriched 5 field(s) during run.
  ❌ FAILED / STILL MISSING COLUMNS (2): ['Abstract', 'Article References']

• [Row 9795] Source: Asano-original-simplified.csv
  Title: 'Using Artificial Intelligence to Identify Patients With' | DOI: '10.1053/j.gastro.2020.04.011'
  Status: Enriched 6 field(s) during run.
  ❌ FAILED / STILL MISSING COLUMNS (1): ['Abstract']

• [Row 9797] Source: Asano-original-simplified.csv
  Title: 'Artificial intelligence in dermatology: the "unsupervis' | DOI: '10.1111/bjd.18933'
  Status: Enriched 6 field(s) during run.
  ❌ FAILED / STILL MISSING COLUMNS (1): ['Article References']

• [Row 9798] Source: Asano-original-simplified.csv
  Title: 'Application of artificial intelligence (AI) in Radiothe' | DOI: '10.1259/bjr.20190716'
  Status: Enriched 6 field(s) during run.
  ❌ FAILED / STILL MISSING COLUMNS (1): ['Abstract']

• [Row 9799] Source: Asano-original-simplified.csv
  Title: 'Future of periodontics lies in artificial intelligence:' | DOI: '10.1111/jicd.12423'
  Status: Enriched 6 field(s) during run.
  ❌ FAILED / STILL MISSING COLUMNS (1): ['Abstract']

• [Row 9800] Source: Asano-original-simplified.csv
  Title: 'Policies designed for drugs won't work for AI' | DOI: '10.1038/d41586-019-00737-2'
  Status: Enriched 6 field(s) during run.
  ❌ FAILED / STILL MISSING COLUMNS (1): ['Article References']

• [Row 9801] Source: Asano-original-simplified.csv
  Title: 'Robotics, artificial intelligence and distributed ledge' | DOI: '10.1007/s10151-018-1847-5'
  Status: Enriched 6 field(s) during run.
  ❌ FAILED / STILL MISSING COLUMNS (1): ['Abstract']

• [Row 9803] Source: Asano-original-simplified.csv
  Title: 'Foreword: From guest co-editors' | DOI: '10.1016/j.metabol.2017.01.016'
  Status: Enriched 5 field(s) during run.
  ❌ FAILED / STILL MISSING COLUMNS (2): ['Abstract', 'Article References']

• [Row 9804] Source: Asano-original-simplified.csv
  Title: 'Artificial Intelligence, Big Data, and Cancer' | DOI: '10.1001/jamaoncol.2015.1203'
  Status: Enriched 6 field(s) during run.
  ❌ FAILED / STILL MISSING COLUMNS (1): ['Abstract']

• [Row 9806] Source: Asano-original-simplified.csv
  Title: 'Less is more: artificial intelligence and gene-expressi' | DOI: '10.1016/S0140-6736(04)17528-4'
  Status: Enriched 6 field(s) during run.
  ❌ FAILED / STILL MISSING COLUMNS (1): ['Abstract']

• [Row 9807] Source: Asano-original-simplified.csv
  Title: 'Response to the Letter by Matsubara' | DOI: '10.31662/jmaj.2024-0186'
  Status: Enriched 6 field(s) during run.
  ❌ FAILED / STILL MISSING COLUMNS (1): ['Abstract']

• [Row 9809] Source: Asano-original-simplified.csv
  Title: 'Journal Impact Factors and High Aspirations of JMA Jour' | DOI: '10.31662/jmaj.2024-0106'
  Status: Enriched 6 field(s) during run.
  ❌ FAILED / STILL MISSING COLUMNS (1): ['Abstract']

• [Row 9810] Source: Asano-original-simplified.csv
  Title: 'Response to the Letter by Matsubara' | DOI: '10.31662/jmaj.2024-0420'
  Status: Enriched 5 field(s) during run.
  ❌ FAILED / STILL MISSING COLUMNS (2): ['Abstract', 'Article References']

• [Row 9811] Source: Asano-original-simplified.csv
  Title: 'Can AI/Machine Learning Make Physical Therapy Valuable ' | DOI: '10.26603/001c.92509'
  Status: Enriched 5 field(s) during run.
  ❌ FAILED / STILL MISSING COLUMNS (2): ['Abstract', 'Article References']

• [Row 9812] Source: Asano-original-simplified.csv
  Title: 'Changing minds: How AI is transforming the life science' | DOI: '10.1016/j.cell.2026.08.019'
  Status: Enriched 6 field(s) during run.
  ❌ FAILED / STILL MISSING COLUMNS (1): ['Article References']

• [Row 9814] Source: Asano-original-simplified.csv
  Title: '[Application of artificial intelligence to pharmacologi' | DOI: '10.1714/4663.46752'
  Status: Enriched 6 field(s) during run.
  ❌ FAILED / STILL MISSING COLUMNS (1): ['Article References']

• [Row 9816] Source: Asano-original-simplified.csv
  Title: '[Teaching from mistakes and artificial intelligence: co' | DOI: '10.1016/j.soin.2025.10.002'
  Status: Enriched 6 field(s) during run.
  ❌ FAILED / STILL MISSING COLUMNS (1): ['Article References']

• [Row 9818] Source: Asano-original-simplified.csv
  Title: 'What Problem Are We Trying to Solve With Artificial Int' | DOI: '10.12927/hcpap.2025.27575'
  Status: Enriched 6 field(s) during run.
  ❌ FAILED / STILL MISSING COLUMNS (1): ['Article References']

• [Row 9820] Source: Asano-original-simplified.csv
  Title: 'Digital pathology and artificial intelligence in diagno' | DOI: 'No DOI'
  Status: Enriched 1 field(s) during run.
  ❌ FAILED / STILL MISSING COLUMNS (4): ['Author', 'Article References', 'Times Cited', 'Publication Year']

• [Row 9823] Source: Asano-original-simplified.csv
  Title: 'Artificial intelligence system for automatic tooth dete' | DOI: '10.23804/ejpd.2025.2292'
  Status: Enriched 6 field(s) during run.
  ❌ FAILED / STILL MISSING COLUMNS (1): ['Article References']

• [Row 9825] Source: Asano-original-simplified.csv
  Title: 'Exploring the Bidirectional Relationship Between Artifi' | DOI: '10.17226/27764'
  Status: Enriched 5 field(s) during run.
  ❌ FAILED / STILL MISSING COLUMNS (2): ['Abstract', 'Article References']

• [Row 9830] Source: Asano-original-simplified.csv
  Title: '[Research progress of artificial intelligence technolog' | DOI: '10.3760/cma.j.cn121430-20230411-00266'
  Status: Enriched 6 field(s) during run.
  ❌ FAILED / STILL MISSING COLUMNS (1): ['Article References']

• [Row 9834] Source: Asano-original-simplified.csv
  Title: 'Improving Periodontal Disease Management With Artificia' | DOI: 'No DOI'
  Status: Enriched 1 field(s) during run.
  ❌ FAILED / STILL MISSING COLUMNS (4): ['Author', 'Article References', 'Times Cited', 'Publication Year']

• [Row 9836] Source: Asano-original-simplified.csv
  Title: 'Artificial Intelligence in Identifying Dental Implant S' | DOI: '10.11607/prd.5781'
  Status: Enriched 6 field(s) during run.
  ❌ FAILED / STILL MISSING COLUMNS (1): ['Article References']

• [Row 9837] Source: Asano-original-simplified.csv
  Title: '[Does artificial intelligence have a role in osteoporos' | DOI: '10.53738/REVMED.2023.19.823.752'
  Status: Enriched 6 field(s) during run.
  ❌ FAILED / STILL MISSING COLUMNS (1): ['Article References']

• [Row 9839] Source: Asano-original-simplified.csv
  Title: '[Artificial intelligence and psychiatry: questions from' | DOI: '10.53738/REVMED.2023.19.818.532'
  Status: Enriched 6 field(s) during run.
  ❌ FAILED / STILL MISSING COLUMNS (1): ['Article References']

• [Row 9842] Source: Asano-original-simplified.csv
  Title: 'The Impact of Dental Artificial Intelligence for Radiog' | DOI: 'No DOI'
  Status: Enriched 1 field(s) during run.
  ❌ FAILED / STILL MISSING COLUMNS (4): ['Author', 'Article References', 'Times Cited', 'Publication Year']

• [Row 9848] Source: Asano-original-simplified.csv
  Title: 'Precision Medicine: Using Artificial Intelligence to Im' | DOI: 'No DOI'
  Status: Enriched 1 field(s) during run.
  ❌ FAILED / STILL MISSING COLUMNS (4): ['Author', 'Article References', 'Times Cited', 'Publication Year']

• [Row 9855] Source: Asano-original-simplified.csv
  Title: 'What Do Warhol, Pollock, and Murakami Teach Us About AI' | DOI: '10.1001/amajethics.2019.192'
  Status: Enriched 6 field(s) during run.
  ❌ FAILED / STILL MISSING COLUMNS (1): ['Article References']

• [Row 9856] Source: Asano-original-simplified.csv
  Title: 'Prediction of Metabolism of Drugs using Artificial Inte' | DOI: '10.2174/1389200216666151103121352'
  Status: Enriched 6 field(s) during run.
  ❌ FAILED / STILL MISSING COLUMNS (1): ['Article References']

• [Row 9858] Source: Asano-original-simplified.csv
  Title: '[Artificial intelligence--the knowledge base applied to' | DOI: 'No DOI'
  Status: Enriched 1 field(s) during run.
  ❌ FAILED / STILL MISSING COLUMNS (4): ['Author', 'Article References', 'Times Cited', 'Publication Year']

• [Row 9860] Source: Asano-original-simplified.csv
  Title: 'Structural alerts to genotoxicity: the interaction of h' | DOI: '10.1093/mutage/5.4.333'
  Status: Enriched 6 field(s) during run.
  ❌ FAILED / STILL MISSING COLUMNS (1): ['Article References']

• [Row 9861] Source: Asano-original-simplified.csv
  Title: '[Artificial intelligence in hypertension: advances and ' | DOI: '10.3760/cma.j.cn112148-20250714-00507'
  Status: Enriched 5 field(s) during run.
  ❌ FAILED / STILL MISSING COLUMNS (2): ['Abstract', 'Article References']

• [Row 9862] Source: Asano-original-simplified.csv
  Title: '[Research advances in the application of artificial int' | DOI: '10.3760/cma.j.cn112148-20250503-00327'
  Status: Enriched 5 field(s) during run.
  ❌ FAILED / STILL MISSING COLUMNS (2): ['Abstract', 'Article References']

• [Row 9863] Source: Asano-original-simplified.csv
  Title: 'Reply to the article "A Quality and Readability Compari' | DOI: '10.1016/j.hansur.2024.101748'
  Status: Enriched 6 field(s) during run.
  ❌ FAILED / STILL MISSING COLUMNS (1): ['Abstract']

• [Row 9866] Source: Asano-original-simplified.csv
  Title: 'Comment on "advancing oral cancer diagnosis in Brazil: ' | DOI: '10.1016/j.oraloncology.2024.106758'
  Status: Enriched 6 field(s) during run.
  ❌ FAILED / STILL MISSING COLUMNS (1): ['Abstract']

• [Row 9867] Source: Asano-original-simplified.csv
  Title: 'Artificial intelligence for liver diseases: The urgency' | DOI: '10.1016/j.dld.2024.01.186'
  Status: Enriched 6 field(s) during run.
  ❌ FAILED / STILL MISSING COLUMNS (1): ['Abstract']

• [Row 9869] Source: Asano-original-simplified.csv
  Title: 'Engaging nurses in developing generative artificial int' | DOI: '10.1136/ebnurs-2023-103783'
  Status: Enriched 6 field(s) during run.
  ❌ FAILED / STILL MISSING COLUMNS (1): ['Abstract']

• [Row 9871] Source: Asano-original-simplified.csv
  Title: 'Timing intrauterine inseminations: Do we need an ultras' | DOI: '10.1016/j.fertnstert.2023.08.015'
  Status: Enriched 6 field(s) during run.
  ❌ FAILED / STILL MISSING COLUMNS (1): ['Abstract']

• [Row 9873] Source: Asano-original-simplified.csv
  Title: 'Artificial intelligence and new language models in opht' | DOI: '10.1016/j.oftale.2023.06.009'
  Status: Enriched 6 field(s) during run.
  ❌ FAILED / STILL MISSING COLUMNS (1): ['Abstract']

• [Row 9875] Source: Asano-original-simplified.csv
  Title: 'Efficacy versus Effectiveness in Clinical Evaluation of' | DOI: '10.1148/radiol.223132'
  Status: Enriched 6 field(s) during run.
  ❌ FAILED / STILL MISSING COLUMNS (1): ['Abstract']

• [Row 9878] Source: Asano-original-simplified.csv
  Title: 'Moving towards clinical use of artificial intelligence ' | DOI: '10.1007/s00134-022-06910-y'
  Status: Enriched 6 field(s) during run.
  ❌ FAILED / STILL MISSING COLUMNS (1): ['Abstract']

• [Row 9879] Source: Asano-original-simplified.csv
  Title: 'Artificial intelligence for early atrial fibrillation d' | DOI: '10.1016/S0140-6736(22)01802-5'
  Status: Enriched 6 field(s) during run.
  ❌ FAILED / STILL MISSING COLUMNS (1): ['Abstract']

• [Row 9880] Source: Asano-original-simplified.csv
  Title: 'Beyond What Meets the Eye: Artificial Intelligence in t' | DOI: '10.1016/j.chest.2022.04.152'
  Status: Enriched 6 field(s) during run.
  ❌ FAILED / STILL MISSING COLUMNS (1): ['Abstract']

• [Row 9883] Source: Asano-original-simplified.csv
  Title: 'Artificial Intelligence: The Future of Maxillofacial Pr' | DOI: '10.1016/j.joms.2021.02.031'
  Status: Enriched 6 field(s) during run.
  ❌ FAILED / STILL MISSING COLUMNS (1): ['Abstract']

• [Row 9884] Source: Asano-original-simplified.csv
  Title: 'Artificial intelligence in intensive care medicine' | DOI: '10.1007/s00134-020-06203-2'
  Status: Enriched 6 field(s) during run.
  ❌ FAILED / STILL MISSING COLUMNS (1): ['Abstract']

• [Row 9885] Source: Asano-original-simplified.csv
  Title: '[Establishment and its application of Chinese society o' | DOI: '10.3760/cma.j.issn.0376-2491.2020.06.003'
  Status: Enriched 6 field(s) during run.
  ❌ FAILED / STILL MISSING COLUMNS (1): ['Article References']

• [Row 9886] Source: Asano-original-simplified.csv
  Title: 'Artificial Intelligence and CT Image Reconstruction: Po' | DOI: '10.1016/j.jacr.2019.12.025'
  Status: Enriched 6 field(s) during run.
  ❌ FAILED / STILL MISSING COLUMNS (1): ['Abstract']

• [Row 9887] Source: Asano-original-simplified.csv
  Title: 'Addressing Bias in Artificial Intelligence in Health Ca' | DOI: '10.1001/jama.2019.18058'
  Status: Enriched 6 field(s) during run.
  ❌ FAILED / STILL MISSING COLUMNS (1): ['Abstract']

• [Row 9889] Source: Asano-original-simplified.csv
  Title: 'In Reply to 'Artificial Intelligence Can Predict GFR De' | DOI: '10.1053/j.ajkd.2018.02.349'
  Status: Enriched 6 field(s) during run.
  ❌ FAILED / STILL MISSING COLUMNS (1): ['Abstract']

• [Row 9890] Source: Asano-original-simplified.csv
  Title: 'From so simple a beginning' | DOI: 'No DOI'
  Status: Enriched 0 field(s) during run.
  ❌ FAILED / STILL MISSING COLUMNS (5): ['Author', 'Abstract', 'Article References', 'Times Cited', 'Publication Year']

• [Row 9892] Source: Asano-original-simplified.csv
  Title: 'Beyond Kimi K3: Spillover Effects of Frontier AI Compet' | DOI: '10.2196/109041'
  Status: Enriched 6 field(s) during run.
  ❌ FAILED / STILL MISSING COLUMNS (1): ['Article References']

• [Row 9893] Source: Asano-original-simplified.csv
  Title: 'Comment on "From traditional to artificial intelligence' | DOI: '10.1016/j.clnesp.2026.103449'
  Status: Enriched 6 field(s) during run.
  ❌ FAILED / STILL MISSING COLUMNS (1): ['Abstract']

• [Row 9894] Source: Asano-original-simplified.csv
  Title: 'Open-Source Artificial Intelligence in Small-Bowel Caps' | DOI: '10.1002/deo2.70359'
  Status: Enriched 6 field(s) during run.
  ❌ FAILED / STILL MISSING COLUMNS (1): ['Abstract']

• [Row 9896] Source: Asano-original-simplified.csv
  Title: 'Artificial Intelligence to Propel Evidence Generation' | DOI: '10.1016/j.jacc.2025.11.011'
  Status: Enriched 6 field(s) during run.
  ❌ FAILED / STILL MISSING COLUMNS (1): ['Abstract']

• [Row 9897] Source: Asano-original-simplified.csv
  Title: 'Artificial Intelligence-Enabled Electrocardiogram for t' | DOI: '10.1002/cai2.70042'
  Status: Enriched 6 field(s) during run.
  ❌ FAILED / STILL MISSING COLUMNS (1): ['Abstract']

• [Row 9898] Source: Asano-original-simplified.csv
  Title: 'Advancing artificial intelligence in rheumatology from ' | DOI: '10.1177/1759720X251405094'
  Status: Enriched 6 field(s) during run.
  ❌ FAILED / STILL MISSING COLUMNS (1): ['Abstract']

• [Row 9899] Source: Asano-original-simplified.csv
  Title: 'Molecular allergology world atlas: Calling to bridge Ig' | DOI: '10.1016/j.jaci.2025.10.009'
  Status: Enriched 6 field(s) during run.
  ❌ FAILED / STILL MISSING COLUMNS (1): ['Abstract']

• [Row 9901] Source: Asano-original-simplified.csv
  Title: 'Editorial: Expanding insights into structure, function,' | DOI: '10.3389/fgene.2025.1649410'
  Status: Enriched 6 field(s) during run.
  ❌ FAILED / STILL MISSING COLUMNS (1): ['Article References']

• [Row 9904] Source: Asano-original-simplified.csv
  Title: 'Artificial intelligence measurement of multi-layer toot' | DOI: '10.1016/j.jds.2024.11.007'
  Status: Enriched 6 field(s) during run.
  ❌ FAILED / STILL MISSING COLUMNS (1): ['Abstract']

• [Row 9906] Source: Asano-original-simplified.csv
  Title: 'Corrigendum: Improving the diagnostic performance of in' | DOI: '10.3389/fendo.2024.1466012'
  Status: Enriched 6 field(s) during run.
  ❌ FAILED / STILL MISSING COLUMNS (1): ['Article References']

• [Row 9908] Source: Asano-original-simplified.csv
  Title: 'ChatRx: ChatGPT's potential to educate patients on medi' | DOI: '10.1016/j.jaad.2023.11.008'
  Status: Enriched 6 field(s) during run.
  ❌ FAILED / STILL MISSING COLUMNS (1): ['Abstract']

• [Row 9914] Source: Asano-original-simplified.csv
  Title: 'Using Semantic Technologies to Extract Highlights from ' | DOI: 'No DOI'
  Status: Enriched 1 field(s) during run.
  ❌ FAILED / STILL MISSING COLUMNS (4): ['Author', 'Article References', 'Times Cited', 'Publication Year']

• [Row 9915] Source: Asano-original-simplified.csv
  Title: 'Identifying Chemical-Disease Relationship in Biomedical' | DOI: 'No DOI'
  Status: Enriched 1 field(s) during run.
  ❌ FAILED / STILL MISSING COLUMNS (4): ['Author', 'Article References', 'Times Cited', 'Publication Year']

• [Row 9917] Source: Asano-original-simplified.csv
  Title: 'Integrating Artificial Intelligence Into Medical Illust' | DOI: '10.1097/SLA.0000000000007208'
  Status: Enriched 5 field(s) during run.
  ❌ FAILED / STILL MISSING COLUMNS (2): ['Abstract', 'Article References']

• [Row 9918] Source: Asano-original-simplified.csv
  Title: 'When the Algorithm Starts Seeing the Patient First: Chi' | DOI: '10.2196/108939'
  Status: Enriched 6 field(s) during run.
  ❌ FAILED / STILL MISSING COLUMNS (1): ['Article References']

• [Row 9922] Source: Asano-original-simplified.csv
  Title: 'Impact of artificial intelligence on novice endoscopist' | DOI: '10.47102/annals-acadmedsg.20262'
  Status: Enriched 6 field(s) during run.
  ❌ FAILED / STILL MISSING COLUMNS (1): ['Abstract']

• [Row 9923] Source: Asano-original-simplified.csv
  Title: 'South Korea's Artificial Intelligence Framework Act: A ' | DOI: '10.3348/kjr.2026.0115'
  Status: Enriched 5 field(s) during run.
  ❌ FAILED / STILL MISSING COLUMNS (2): ['Abstract', 'Article References']

• [Row 9924] Source: Asano-original-simplified.csv
  Title: 'From algorithms to care: ten principles for responsible' | DOI: '10.1016/j.ejim.2026.106739'
  Status: Enriched 6 field(s) during run.
  ❌ FAILED / STILL MISSING COLUMNS (1): ['Abstract']

• [Row 9925] Source: Asano-original-simplified.csv
  Title: 'Toward a Global Cardiovascular Mission Control: Reimagi' | DOI: '10.1016/j.jacc.2025.10.002'
  Status: Enriched 6 field(s) during run.
  ❌ FAILED / STILL MISSING COLUMNS (1): ['Abstract']

• [Row 9926] Source: Asano-original-simplified.csv
  Title: 'Editorial: Integrative multi-omics and artificial intel' | DOI: '10.3389/fnut.2025.1678669'
  Status: Enriched 6 field(s) during run.
  ❌ FAILED / STILL MISSING COLUMNS (1): ['Article References']

• [Row 9928] Source: Asano-original-simplified.csv
  Title: 'AI-Based Strain Estimation in Echocardiography Using Op' | DOI: '10.1016/j.jcmg.2024.05.020'
  Status: Enriched 6 field(s) during run.
  ❌ FAILED / STILL MISSING COLUMNS (1): ['Abstract']

• [Row 9929] Source: Asano-original-simplified.csv
  Title: 'Applying Artificial Intelligence in Pediatric Clinical ' | DOI: '10.5863/1551-6776-29.3.336'
  Status: Enriched 6 field(s) during run.
  ❌ FAILED / STILL MISSING COLUMNS (1): ['Abstract']

• [Row 9931] Source: Asano-original-simplified.csv
  Title: 'Artificial intelligence within ophthalmologic diseases' | DOI: 'No DOI'
  Status: Enriched 1 field(s) during run.
  ❌ FAILED / STILL MISSING COLUMNS (4): ['Author', 'Article References', 'Times Cited', 'Publication Year']

• [Row 9936] Source: Asano-original-simplified.csv
  Title: 'Authentic or Algorithm? Assessing the Use of Generative' | DOI: '10.1097/UPJ.0000000000000969'
  Status: Enriched 5 field(s) during run.
  ❌ FAILED / STILL MISSING COLUMNS (2): ['Abstract', 'Article References']

• [Row 9937] Source: Asano-original-simplified.csv
  Title: 'Parental, Patient, and Provider Perspectives on the Use' | DOI: '10.1016/j.acap.2025.102819'
  Status: Enriched 6 field(s) during run.
  ❌ FAILED / STILL MISSING COLUMNS (1): ['Abstract']

• [Row 9939] Source: Asano-original-simplified.csv
  Title: 'What is AI and why should I care?' | DOI: '10.1016/j.hrthm.2024.08.001'
  Status: Enriched 6 field(s) during run.
  ❌ FAILED / STILL MISSING COLUMNS (1): ['Abstract']

• [Row 9940] Source: Asano-original-simplified.csv
  Title: 'Corrigendum: Analysis of hematological indicators via e' | DOI: '10.3389/fmed.2024.1431299'
  Status: Enriched 6 field(s) during run.
  ❌ FAILED / STILL MISSING COLUMNS (1): ['Article References']

• [Row 9941] Source: Asano-original-simplified.csv
  Title: 'Editorial: Artificial intelligence in infectious diseas' | DOI: '10.3389/fmed.2024.1414056'
  Status: Enriched 6 field(s) during run.
  ❌ FAILED / STILL MISSING COLUMNS (1): ['Article References']

• [Row 9946] Source: Asano-original-simplified.csv
  Title: 'Editorial: Artificial intelligence for extracting pheno' | DOI: '10.3389/fgene.2022.1083719'
  Status: Enriched 6 field(s) during run.
  ❌ FAILED / STILL MISSING COLUMNS (1): ['Article References']

• [Row 9952] Source: Asano-original-simplified.csv
  Title: 'Large Language Models in Orthopaedic Publications: The ' | DOI: '10.1177/23259671241265705'
  Status: Enriched 5 field(s) during run.
  ❌ FAILED / STILL MISSING COLUMNS (2): ['Author', 'Abstract']

• [Row 9953] Source: Asano-original-simplified.csv
  Title: 'Making Big Sense From Big Data' | DOI: '10.3389/fdata.2018.00005'
  Status: Enriched 6 field(s) during run.
  ❌ FAILED / STILL MISSING COLUMNS (1): ['Article References']

• [Row 9955] Source: Asano-original-simplified.csv
  Title: 'Comment on "Computer-assisted adenoma detection colonos' | DOI: '10.1016/j.gastrohep.2026.502857'
  Status: Enriched 5 field(s) during run.
  ❌ FAILED / STILL MISSING COLUMNS (2): ['Abstract', 'Article References']

• [Row 9957] Source: Asano-original-simplified.csv
  Title: 'How AI Is Speeding Up the Diagnostic Odyssey for Rare D' | DOI: '10.2196/109380'
  Status: Enriched 6 field(s) during run.
  ❌ FAILED / STILL MISSING COLUMNS (1): ['Article References']

• [Row 9960] Source: Asano-original-simplified.csv
  Title: 'Can human-aware agentic artificial intelligence transfo' | DOI: '10.1007/s43678-026-01105-6'
  Status: Enriched 6 field(s) during run.
  ❌ FAILED / STILL MISSING COLUMNS (1): ['Abstract']

• [Row 9961] Source: Asano-original-simplified.csv
  Title: 'The artificial intelligence-derived electrocardiographi' | DOI: '10.1016/j.hrthm.2025.11.027'
  Status: Enriched 6 field(s) during run.
  ❌ FAILED / STILL MISSING COLUMNS (1): ['Abstract']

• [Row 9962] Source: Asano-original-simplified.csv
  Title: 'Editorial: Harnessing artificial intelligence for multi' | DOI: '10.3389/fsurg.2025.1702415'
  Status: Enriched 6 field(s) during run.
  ❌ FAILED / STILL MISSING COLUMNS (1): ['Abstract']

• [Row 9964] Source: Asano-original-simplified.csv
  Title: 'From Healthcare Technology to Care Robot-Literate Pract' | DOI: '10.3233/SHTI250366'
  Status: Enriched 6 field(s) during run.
  ❌ FAILED / STILL MISSING COLUMNS (1): ['Article References']

• [Row 9965] Source: Asano-original-simplified.csv
  Title: 'Bridging the dermatological divide: The ethical deploym' | DOI: '10.1016/j.jaad.2025.05.1364'
  Status: Enriched 6 field(s) during run.
  ❌ FAILED / STILL MISSING COLUMNS (1): ['Abstract']

• [Row 9968] Source: Asano-original-simplified.csv
  Title: '[Application prospect of artificial intelligence in the' | DOI: '10.12200/j.issn.1003-0034.20250005'
  Status: Enriched 5 field(s) during run.
  ❌ FAILED / STILL MISSING COLUMNS (2): ['Abstract', 'Article References']

• [Row 9970] Source: Asano-original-simplified.csv
  Title: 'Generative AI Virtual Contrast for CMR: A Pathway to Ne' | DOI: '10.1161/CIRCIMAGING.124.017360'
  Status: Enriched 6 field(s) during run.
  ❌ FAILED / STILL MISSING COLUMNS (1): ['Abstract']

• [Row 9973] Source: Asano-original-simplified.csv
  Title: 'New era after ChatGPT in ophthalmology: advances from d' | DOI: '10.21037/atm-23-1598'
  Status: Enriched 6 field(s) during run.
  ❌ FAILED / STILL MISSING COLUMNS (1): ['Abstract']

• [Row 9976] Source: Asano-original-simplified.csv
  Title: 'Editorial: Anticipatory Systems: Humans Meet Artificial' | DOI: '10.3389/fpsyg.2021.721879'
  Status: Enriched 6 field(s) during run.
  ❌ FAILED / STILL MISSING COLUMNS (1): ['Article References']

• [Row 9978] Source: Asano-original-simplified.csv
  Title: 'AI Is Bringing USB Back: Implementing a Beta Chest X-ra' | DOI: '10.1007/s10278-019-00247-7'
  Status: Enriched 6 field(s) during run.
  ❌ FAILED / STILL MISSING COLUMNS (1): ['Article References']

• [Row 9981] Source: Asano-original-simplified.csv
  Title: 'Artificial Intelligence (AI) Adoption, Policies, and Go' | DOI: '10.3122/jabfm.2025.250003R1'
  Status: Enriched 6 field(s) during run.
  ❌ FAILED / STILL MISSING COLUMNS (1): ['Article References']

• [Row 9982] Source: Asano-original-simplified.csv
  Title: 'Correction: Artificial Intelligence in Clinical Gastroe' | DOI: '10.14309/ajg.0000000000004046'
  Status: Enriched 5 field(s) during run.
  ❌ FAILED / STILL MISSING COLUMNS (2): ['Abstract', 'Article References']

• [Row 9984] Source: Asano-original-simplified.csv
  Title: 'When Patients ask ChatGPT About Statins: Clinical Impli' | DOI: '10.55729/2000-9666.1519'
  Status: Enriched 6 field(s) during run.
  ❌ FAILED / STILL MISSING COLUMNS (1): ['Article References']

================================================================================
FINAL SUMMARY: 9895/9993 records received enhancement data. Audit saved to disk.
================================================================================