article_index,article_title,year,full_name,first_name,last_name,country,country_iso2,gender,probability,reliable,engine,position
0,Geração de Testes de Desempenho e Estresse a partir de Testes Funcionais,2011.0,Ismayle S. Santos,Ismayle,Santos,Brazil,BR,unknown,0.5986487418091051,False,NamSor API,first
0,Geração de Testes de Desempenho e Estresse a partir de Testes Funcionais,2011.0,Pedro A. Santos Neto,Pedro,Neto,Brazil,BR,male,0.99,True,Local Lexicon,middle
0,Geração de Testes de Desempenho e Estresse a partir de Testes Funcionais,2011.0,Rodolfo F. Resende,Rodolfo,Resende,Brazil,BR,male,0.96,True,gender-guesser,last
1,A Mechanized Proof of a Textbook Type Unification Algorithm,2020.0,André Rauber Du Bois,André,Bois,Brazil,BR,male,0.98,True,Local Lexicon,first
1,A Mechanized Proof of a Textbook Type Unification Algorithm,2020.0,Rodrigo Ribeiro,Rodrigo,Ribeiro,Brazil,BR,male,0.99,True,Local Lexicon,middle
1,A Mechanized Proof of a Textbook Type Unification Algorithm,2020.0,Maycon Amaro,Maycon,Amaro,Brazil,BR,male,0.9961898975142642,True,NamSor API,last
2,A New Artificial Immune System Based on Continuous Learning for Pattern Recognition,2020.0,Simone F. Souza,Simone,Souza,Brazil,BR,female,0.95,True,Local Lexicon,first
2,A New Artificial Immune System Based on Continuous Learning for Pattern Recognition,2020.0,Fernando Parra dos Anjos Lima,Fernando,Lima,Brazil,BR,male,0.99,True,Local Lexicon,middle
2,A New Artificial Immune System Based on Continuous Learning for Pattern Recognition,2020.0,Fábio Roberto Chavarette,Fábio,Chavarette,Brazil,BR,male,0.99,True,Local Lexicon,last
3,Low-Latency f0 Estimation for the Finger Plucked Electric Bass Guitar Using the Absolute Difference Function,2020.0,Christhian Henrique Gomes Fonseca,Christhian,Fonseca,Brazil,BR,male,0.9927606138586442,True,NamSor API,first
3,Low-Latency f0 Estimation for the Finger Plucked Electric Bass Guitar Using the Absolute Difference Function,2020.0,Tiago Fernandes Tavares,Tiago,Tavares,Brazil,BR,male,0.99,True,Local Lexicon,last
4,TSML: A XML-based Format for Exchange of Training Samples for Pattern Recognition in Remote Sensing Images,2011.0,Marinalva Dias Soares,Marinalva,Soares,Brazil,BR,female,0.9999536083640959,True,NamSor API,first
4,TSML: A XML-based Format for Exchange of Training Samples for Pattern Recognition in Remote Sensing Images,2011.0,Luciano Vieira Dutra,Luciano,Dutra,Brazil,BR,male,0.99,True,Local Lexicon,middle
4,TSML: A XML-based Format for Exchange of Training Samples for Pattern Recognition in Remote Sensing Images,2011.0,Nandamudi L. Vijaykumar,Nandamudi,Vijaykumar,Brazil,BR,unknown,0.5783180051766237,False,NamSor API,last
5,Creating Digital Musical Instruments with libmosaic-sound and Mosaicode,2020.0,Luan Luiz Gonçalves,Luan,Gonçalves,Brazil,BR,male,0.96,True,gender-guesser,first
5,Creating Digital Musical Instruments with libmosaic-sound and Mosaicode,2020.0,Flávio Luiz Schiavoni,Flávio,Schiavoni,Brazil,BR,male,0.96,True,gender-guesser,last
6,Overload Control in a Token Player for a Fuzzy Workflow Management System,2021.0,Felipe Nedopetalski,Felipe,Nedopetalski,Brazil,BR,male,0.99,True,Local Lexicon,first
6,Overload Control in a Token Player for a Fuzzy Workflow Management System,2021.0,Joslaine Cristina Jeske de Freitas,Joslaine,Freitas,Brazil,BR,female,0.9837163298198283,True,NamSor API,last
7,An operational support approach for Mining Unstructured Business Processes,2021.0,Zineb Lamghari,Zineb,Lamghari,United States,US,female,0.999798180495611,True,NamSor API,first
7,An operational support approach for Mining Unstructured Business Processes,2021.0,Maryam Radgui,Maryam,Radgui,United States,US,female,0.9855755574249423,True,NamSor API,middle
7,An operational support approach for Mining Unstructured Business Processes,2021.0,Rajaa Saidi,Rajaa,Saidi,United States,US,female,0.9999200727335474,True,NamSor API,middle
7,An operational support approach for Mining Unstructured Business Processes,2021.0,Moulay Driss Rahmani,Moulay,Rahmani,United States,US,male,0.9999015680855009,True,NamSor API,last
8,Cloud infrastructure for HPC investment analysis,2020.0,Maicon Ança dos Santos,Maicon,Santos,Brazil,BR,male,0.9339077621300607,True,NamSor API,first
8,Cloud infrastructure for HPC investment analysis,2020.0,Gerson Geraldo H. Cavalheiro,Gerson,Cavalheiro,Brazil,BR,male,0.96,True,gender-guesser,last
9,Business Process Models in the Context of Predictive Process Monitoring,2021.0,Florian Spree,Florian,Spree,Unknown,,male,0.9983955472059117,True,NamSor API,first
10,Integrating Exploitative and Explorative Thinking in Business Process Analysis: A Conceptual Model and Method,2021.0,Carina Alves,Carina,Alves,Brazil,BR,female,0.96,True,gender-guesser,first
10,Integrating Exploitative and Explorative Thinking in Business Process Analysis: A Conceptual Model and Method,2021.0,Higor Monteiro,Higor,Monteiro,Brazil,BR,male,0.9640404024864132,True,NamSor API,last
11,A Model for Predicting Music Popularity on Streaming Platforms,2020.0,Carlos V.S. Araújo,Carlos,Araújo,Brazil,BR,male,0.99,True,Local Lexicon,first
11,A Model for Predicting Music Popularity on Streaming Platforms,2020.0,Marco Cristo,Marco,Cristo,Brazil,BR,male,0.96,True,gender-guesser,middle
11,A Model for Predicting Music Popularity on Streaming Platforms,2020.0,Rafael Giusti,Rafael,Giusti,Brazil,BR,male,0.99,True,Local Lexicon,last
12,An Agent-Based Model for Simulating Irrigated Agriculture in the Samambaia Basin in Goiás,2021.0,Guido Dutra De Oliveira,Guido,Oliveira,Brazil,BR,male,0.96,True,gender-guesser,first
12,An Agent-Based Model for Simulating Irrigated Agriculture in the Samambaia Basin in Goiás,2021.0,Pedro Phelipe Gonçalves Porto,Pedro,Porto,Brazil,BR,male,0.99,True,Local Lexicon,middle
12,An Agent-Based Model for Simulating Irrigated Agriculture in the Samambaia Basin in Goiás,2021.0,Conceição de Maria Albuquerque Alves,Conceição,Alves,Brazil,BR,female,0.9929417912879838,True,NamSor API,middle
12,An Agent-Based Model for Simulating Irrigated Agriculture in the Samambaia Basin in Goiás,2021.0,Célia Ghedini Ralha,Célia,Ralha,Brazil,BR,female,0.96,True,gender-guesser,last
13,Hash Tables for a Digital Lexicon,2021.0,Fábio Carlos Moreno,Fábio,Moreno,Brazil,BR,male,0.99,True,Local Lexicon,first
13,Hash Tables for a Digital Lexicon,2021.0,Cinthyan Renata Sachs Camerlengo de Barbosa,Cinthyan,Barbosa,Brazil,BR,unknown,0.590827518531055,False,NamSor API,middle
13,Hash Tables for a Digital Lexicon,2021.0,Edio Roberto Manfio,Edio,Manfio,Brazil,BR,male,0.9988877563921243,True,NamSor API,last
14,System for Identifying Pests and Diseases in Soybean Crop through Natural Language Processing,2022.0,Carolinne Roque e Faria,Carolinne,Faria,Brazil,BR,female,0.9999255419877281,True,NamSor API,first
14,System for Identifying Pests and Diseases in Soybean Crop through Natural Language Processing,2022.0,Cinthyan Renata Sachs Camerlengo de Barbosa,Cinthyan,Barbosa,Brazil,BR,unknown,0.590827518531055,False,NamSor API,last
15,Centralized Algorithms Based on Clustering with Self-tuning of Parameters for Cooperative Target Observation,2021.0,João P. B. Andrade,João,Andrade,Brazil,BR,male,0.99,True,Local Lexicon,first
15,Centralized Algorithms Based on Clustering with Self-tuning of Parameters for Cooperative Target Observation,2021.0,José Everardo Bessa Maia,José,Maia,Brazil,BR,male,0.99,True,Local Lexicon,middle
15,Centralized Algorithms Based on Clustering with Self-tuning of Parameters for Cooperative Target Observation,2021.0,Gustavo Augusto Lima de Campos,Gustavo,Campos,Brazil,BR,male,0.99,True,Local Lexicon,last
16,Dimensioning the relationship between availability and data center energy flow metrics,2020.0,Thiago Bezerra,Thiago,Bezerra,Brazil,BR,male,0.99,True,Local Lexicon,first
16,Dimensioning the relationship between availability and data center energy flow metrics,2020.0,Wenderson de Souza Leonardo,Wenderson,Leonardo,Brazil,BR,male,0.975653067584342,True,NamSor API,middle
16,Dimensioning the relationship between availability and data center energy flow metrics,2020.0,Gabriel Alves,Gabriel,Alves,Brazil,BR,male,0.99,True,Local Lexicon,middle
16,Dimensioning the relationship between availability and data center energy flow metrics,2020.0,Gustavo Callou,Gustavo,Callou,Brazil,BR,male,0.99,True,Local Lexicon,last
17,Iracema: a Python library for audio content analysis,2020.0,Tairone Magalhães,Tairone,Magalhães,Unknown,,male,0.9862122327131485,True,NamSor API,first
17,Iracema: a Python library for audio content analysis,2020.0,Felippe Brandão Barros,Felippe,Barros,Unknown,,male,0.9819473524482926,True,NamSor API,middle
17,Iracema: a Python library for audio content analysis,2020.0,Maurício Alves Loureiro,Maurício,Loureiro,Unknown,,male,0.99,True,Local Lexicon,last
18,Challenges and Perspectives on Real-time Singing Voice Synthesis,2020.0,Leonardo Araujo Zoehler Brum,Leonardo,Brum,Brazil,BR,male,0.99,True,Local Lexicon,first
18,Challenges and Perspectives on Real-time Singing Voice Synthesis,2020.0,Edward David Moreno,Edward,Moreno,Brazil,BR,male,0.96,True,gender-guesser,last
19,Optimization Inspired on Herd Immunity Applied to Non-Hierarchical Grouping of Objects,2021.0,Alfredo Silveira Araújo Neto,Alfredo,Neto,Spain,ES,male,0.96,True,gender-guesser,first
20,Co-creating Service-Dominant Business Artifacts with Action Design Research,2021.0,Egon Lüftenegger,Egon,Lüftenegger,Unknown,,male,0.9999533331589681,True,NamSor API,first
21,The Explainable Business Process (XBP) - An Exploratory Research,2021.0,Riham Alhomsi,Riham,Alhomsi,Brazil,BR,female,0.96,True,gender-guesser,first
21,The Explainable Business Process (XBP) - An Exploratory Research,2021.0,Adriana S. Vivacqua,Adriana,Vivacqua,Brazil,BR,female,0.96,True,gender-guesser,last
22,Classification Based on Rules for the Study of Cotton Productivity in the State of Mato Grosso,2021.0,Alexandra Virgínia Valente da Silva,Alexandra,Silva,Brazil,BR,female,0.96,True,gender-guesser,first
22,Classification Based on Rules for the Study of Cotton Productivity in the State of Mato Grosso,2021.0,Carlos Manoel Pedro Vaz,Carlos,Vaz,Brazil,BR,male,0.99,True,Local Lexicon,middle
22,Classification Based on Rules for the Study of Cotton Productivity in the State of Mato Grosso,2021.0,Ednaldo José Ferreira,Ednaldo,Ferreira,Brazil,BR,male,0.9932264304916625,True,NamSor API,middle
22,Classification Based on Rules for the Study of Cotton Productivity in the State of Mato Grosso,2021.0,Rafael Galbieri,Rafael,Galbieri,Brazil,BR,male,0.99,True,Local Lexicon,last
23,Using the Myers-Briggs Type Indicator (MBTI) for Modeling Multiagent Systems,2022.0,Luiz Fernando Braz,Luiz,Braz,Brazil,BR,male,0.99,True,Local Lexicon,first
23,Using the Myers-Briggs Type Indicator (MBTI) for Modeling Multiagent Systems,2022.0,Jaime Simão Sichman,Jaime,Sichman,Brazil,BR,male,0.96,True,gender-guesser,last
24,A Novel Approach to the Measurement of Bourdieusian Social Capital within Institutional Pages and Profiles,2022.0,Alan Keller Gomes,Alan,Gomes,Brazil,BR,male,0.96,True,gender-guesser,first
24,A Novel Approach to the Measurement of Bourdieusian Social Capital within Institutional Pages and Profiles,2022.0,Kaique Matheus Rodrigues Cunha,Kaique,Cunha,Brazil,BR,male,0.8385318756227136,True,NamSor API,middle
24,A Novel Approach to the Measurement of Bourdieusian Social Capital within Institutional Pages and Profiles,2022.0,Guilherme Augusto da Silva Ferreira,Guilherme,Ferreira,Brazil,BR,male,0.99,True,Local Lexicon,last
25,Implantação de Medição no Processo de Desenvolvimento de Software – Relato de Experiência e Lições Aprendidas,2011.0,Luciana Maria Azevedo Nascimento,Luciana,Nascimento,Brazil,BR,female,0.99,True,Local Lexicon,first
25,Implantação de Medição no Processo de Desenvolvimento de Software – Relato de Experiência e Lições Aprendidas,2011.0,Talita Vieira Ribeiro,Talita,Ribeiro,Brazil,BR,female,0.9929664569395298,True,NamSor API,middle
25,Implantação de Medição no Processo de Desenvolvimento de Software – Relato de Experiência e Lições Aprendidas,2011.0,Carla Reis,Carla,Reis,Brazil,BR,female,0.96,True,gender-guesser,middle
25,Implantação de Medição no Processo de Desenvolvimento de Software – Relato de Experiência e Lições Aprendidas,2011.0,Rodrigo Quites Reis,Rodrigo,Reis,Brazil,BR,male,0.99,True,Local Lexicon,middle
25,Implantação de Medição no Processo de Desenvolvimento de Software – Relato de Experiência e Lições Aprendidas,2011.0,Adailton Magalhães Lima,Adailton,Lima,Brazil,BR,male,0.9940556127002856,True,NamSor API,last
26,An Adaptive Trust Model Based on Fuzzy Logic,2022.0,Jeferson José Baqueta,Jeferson,Baqueta,Brazil,BR,male,0.9802886299030116,True,NamSor API,first
26,An Adaptive Trust Model Based on Fuzzy Logic,2022.0,Mariela Morveli-Espinoza,Mariela,Morveli-Espinoza,Brazil,BR,female,0.96,True,gender-guesser,middle
26,An Adaptive Trust Model Based on Fuzzy Logic,2022.0,Gustavo Lugo,Gustavo,Lugo,Brazil,BR,male,0.99,True,Local Lexicon,middle
26,An Adaptive Trust Model Based on Fuzzy Logic,2022.0,César Augusto Tacla,César,Tacla,Brazil,BR,male,0.99,True,Local Lexicon,last
27,A Conceptual Model for Situating Purposes in Artificial Institutions,2022.0,Rafhael R. Cunha,Rafhael,Cunha,Brazil,BR,male,0.9978484199586375,True,NamSor API,first
27,A Conceptual Model for Situating Purposes in Artificial Institutions,2022.0,Jomi Fred Hübner,Jomi,Hübner,Brazil,BR,male,0.8698787096769424,True,NamSor API,middle
27,A Conceptual Model for Situating Purposes in Artificial Institutions,2022.0,Maiquel de Brito,Maiquel,Brito,Brazil,BR,male,0.9879865598837072,True,NamSor API,last
28,Integrating Embedded Multiagent Systems with Urban Simulation Tools and IoT Applications,2022.0,Lucas Fernando Souza de Castro,Lucas,Castro,Brazil,BR,male,0.99,True,Local Lexicon,first
28,Integrating Embedded Multiagent Systems with Urban Simulation Tools and IoT Applications,2022.0,Fabian César Pereira Brandão Manoel,Fabian,Manoel,Brazil,BR,male,0.96,True,gender-guesser,middle
28,Integrating Embedded Multiagent Systems with Urban Simulation Tools and IoT Applications,2022.0,Vinicius Souza de Jesus,Vinicius,Jesus,Brazil,BR,male,0.99,True,Local Lexicon,middle
28,Integrating Embedded Multiagent Systems with Urban Simulation Tools and IoT Applications,2022.0,Carlos Eduardo Pantoja,Carlos,Pantoja,Brazil,BR,male,0.99,True,Local Lexicon,middle
28,Integrating Embedded Multiagent Systems with Urban Simulation Tools and IoT Applications,2022.0,André Pinz Borges,André,Borges,Brazil,BR,male,0.98,True,Local Lexicon,middle
28,Integrating Embedded Multiagent Systems with Urban Simulation Tools and IoT Applications,2022.0,Gleifer Vaz Alves,Gleifer,Alves,Brazil,BR,male,0.9816591586832671,True,NamSor API,last
29,Towards Causal Effect Estimation of Emotional Labeling of Watched Videos,2022.0,Eanes Torres Pereira,Eanes,Pereira,Brazil,BR,unknown,0.5191335324581171,False,NamSor API,first
29,Towards Causal Effect Estimation of Emotional Labeling of Watched Videos,2022.0,Geovane Do Nascimento Silva,Geovane,Silva,Brazil,BR,male,0.8612929598562806,True,NamSor API,last
30,Ab Initio Protein Structure Prediction Using Evolutionary Approach: A Survey,2021.0,Lucas Siqueira,Lucas,Siqueira,Brazil,BR,male,0.99,True,Local Lexicon,first
30,Ab Initio Protein Structure Prediction Using Evolutionary Approach: A Survey,2021.0,Sandra M. Venske,Sandra,Venske,Brazil,BR,female,0.99,True,Local Lexicon,last
31,The Notification Oriented Paradigm Language to Digital Hardware as an Intuitive High-level Synthesis Tool,2021.0,Ricardo Kerschbaumer,Ricardo,Kerschbaumer,Brazil,BR,male,0.99,True,Local Lexicon,first
31,The Notification Oriented Paradigm Language to Digital Hardware as an Intuitive High-level Synthesis Tool,2021.0,André Augusto Kaviatkovski,André,Kaviatkovski,Brazil,BR,male,0.98,True,Local Lexicon,middle
31,The Notification Oriented Paradigm Language to Digital Hardware as an Intuitive High-level Synthesis Tool,2021.0,Gabriel Rodrigues Garcia,Gabriel,Garcia,Brazil,BR,male,0.99,True,Local Lexicon,middle
31,The Notification Oriented Paradigm Language to Digital Hardware as an Intuitive High-level Synthesis Tool,2021.0,Carlos R. Erig Lima,Carlos,Lima,Brazil,BR,male,0.99,True,Local Lexicon,middle
31,The Notification Oriented Paradigm Language to Digital Hardware as an Intuitive High-level Synthesis Tool,2021.0,Jean Marcelo Simão,Jean,Simão,Brazil,BR,male,0.96,True,gender-guesser,last
32,Identificação da Autoria de Manuscritos com Base em Atributos Genéticos e Genéricos da Escrita,2011.0,Regiane Kowalek Hanusiak,Regiane,Hanusiak,Brazil,BR,female,0.9997178282067388,True,NamSor API,first
32,Identificação da Autoria de Manuscritos com Base em Atributos Genéticos e Genéricos da Escrita,2011.0,Edson Justino,Edson,Justino,Brazil,BR,male,0.96,True,gender-guesser,middle
32,Identificação da Autoria de Manuscritos com Base em Atributos Genéticos e Genéricos da Escrita,2011.0,Luiz S. Oliveira,Luiz,Oliveira,Brazil,BR,male,0.99,True,Local Lexicon,middle
32,Identificação da Autoria de Manuscritos com Base em Atributos Genéticos e Genéricos da Escrita,2011.0,Robert Sabourin,Robert,Sabourin,Brazil,BR,male,0.96,True,gender-guesser,last
33,A Review of Testbeds on SCADA Systems with Malware Analysis,2022.0,Otávio Augusto Maciel Camargo,Otávio,Camargo,Brazil,BR,male,0.9840607234433999,True,NamSor API,first
33,A Review of Testbeds on SCADA Systems with Malware Analysis,2022.0,Júlio César Duarte,Júlio,Duarte,Brazil,BR,male,0.99,True,Local Lexicon,middle
33,A Review of Testbeds on SCADA Systems with Malware Analysis,2022.0,Anderson Fernandes Pereira dos Santos,Anderson,Santos,Brazil,BR,male,0.96,True,gender-guesser,middle
33,A Review of Testbeds on SCADA Systems with Malware Analysis,2022.0,César Augusto Borges de Andrade,César,Andrade,Brazil,BR,male,0.99,True,Local Lexicon,last
34,Ambiente Virtual Interativo com Colisão e Deformação de Objetos para Treinamento Médico,2011.0,Marcello Kera,Marcello,Kera,Brazil,BR,male,0.96,True,gender-guesser,first
34,Ambiente Virtual Interativo com Colisão e Deformação de Objetos para Treinamento Médico,2011.0,Hélio Pedrini,Hélio,Pedrini,Brazil,BR,male,0.99,True,Local Lexicon,middle
34,Ambiente Virtual Interativo com Colisão e Deformação de Objetos para Treinamento Médico,2011.0,Fátima L. S. Nunes,Fátima,Nunes,Brazil,BR,female,0.96,True,gender-guesser,last
35,QOC*: utilizando Design Rationale como ferramenta para gerenciar conhecimento em projetos de software,2010.0,Marcos Camponogara,Marcos,Camponogara,Brazil,BR,male,0.99,True,Local Lexicon,first
35,QOC*: utilizando Design Rationale como ferramenta para gerenciar conhecimento em projetos de software,2010.0,Milene Selbach Silveira,Milene,Silveira,Brazil,BR,female,0.9836361489071984,True,NamSor API,last
36,Uso da ferramenta PreText para mineração de textos extraídos do NCBI para estudo epistemológico da Informática em Saúde,2010.0,Eliane Colepícolo,Eliane,Colepícolo,Brazil,BR,female,0.96,True,gender-guesser,first
36,Uso da ferramenta PreText para mineração de textos extraídos do NCBI para estudo epistemológico da Informática em Saúde,2010.0,Edson Takashi Matsubara,Edson,Matsubara,Brazil,BR,male,0.96,True,gender-guesser,middle
36,Uso da ferramenta PreText para mineração de textos extraídos do NCBI para estudo epistemológico da Informática em Saúde,2010.0,Alex Esteves Jaccoud Falcão,Alex,Falcão,Brazil,BR,male,0.96,True,gender-guesser,middle
36,Uso da ferramenta PreText para mineração de textos extraídos do NCBI para estudo epistemológico da Informática em Saúde,2010.0,Ivan Torres Pisa,Ivan,Pisa,Brazil,BR,male,0.96,True,gender-guesser,last
37,ALUPAS: Avaliação de desempenho e consumo de energia de softwares para sistemas embarcados,2010.0,Bruno Nogueira,Bruno,Nogueira,Brazil,BR,male,0.99,True,Local Lexicon,first
37,ALUPAS: Avaliação de desempenho e consumo de energia de softwares para sistemas embarcados,2010.0,Paulo Marcos Cardoso Maciel,Paulo,Maciel,Brazil,BR,male,0.99,True,Local Lexicon,middle
37,ALUPAS: Avaliação de desempenho e consumo de energia de softwares para sistemas embarcados,2010.0,Gustavo Callou,Gustavo,Callou,Brazil,BR,male,0.99,True,Local Lexicon,middle
37,ALUPAS: Avaliação de desempenho e consumo de energia de softwares para sistemas embarcados,2010.0,Ermeson Andrade,Ermeson,Andrade,Brazil,BR,male,0.9382817427225647,True,NamSor API,middle
37,ALUPAS: Avaliação de desempenho e consumo de energia de softwares para sistemas embarcados,2010.0,Eduardo Tavares,Eduardo,Tavares,Brazil,BR,male,0.99,True,Local Lexicon,last
38,Avaliação Pró-ativa da Deterioração de Sistemas de Informação por meio de Medidas de Gestão,2010.0,André Luiz Pimentel Queiroz,André,Queiroz,Brazil,BR,male,0.98,True,Local Lexicon,first
38,Avaliação Pró-ativa da Deterioração de Sistemas de Informação por meio de Medidas de Gestão,2010.0,Nicolas Anquetil,Nicolas,Anquetil,Brazil,BR,male,0.96,True,gender-guesser,middle
38,Avaliação Pró-ativa da Deterioração de Sistemas de Informação por meio de Medidas de Gestão,2010.0,Káthia Marçal De Oliveira,Káthia,Oliveira,Brazil,BR,female,0.9992908338647535,True,NamSor API,last
39,High Performance Computing: CUDA as a Supporting Technology for Next Generation Augmented Reality Applications,2010.0,Thiago Farias,Thiago,Farias,Brazil,BR,male,0.99,True,Local Lexicon,first
39,High Performance Computing: CUDA as a Supporting Technology for Next Generation Augmented Reality Applications,2010.0,João Marcelo N. X. Teixeira,João,Teixeira,Brazil,BR,male,0.99,True,Local Lexicon,middle
39,High Performance Computing: CUDA as a Supporting Technology for Next Generation Augmented Reality Applications,2010.0,Pedro José Silva Leite,Pedro,Leite,Brazil,BR,male,0.99,True,Local Lexicon,middle
39,High Performance Computing: CUDA as a Supporting Technology for Next Generation Augmented Reality Applications,2010.0,Gabriel F. Almeida,Gabriel,Almeida,Brazil,BR,male,0.99,True,Local Lexicon,middle
39,High Performance Computing: CUDA as a Supporting Technology for Next Generation Augmented Reality Applications,2010.0,Mozart William Santos Almeida,Mozart,Almeida,Brazil,BR,male,0.9910498726532483,True,NamSor API,middle
39,High Performance Computing: CUDA as a Supporting Technology for Next Generation Augmented Reality Applications,2010.0,Verônica Teichrieb,Verônica,Teichrieb,Brazil,BR,female,0.9998120664961639,True,NamSor API,middle
39,High Performance Computing: CUDA as a Supporting Technology for Next Generation Augmented Reality Applications,2010.0,Judith Kelner,Judith,Kelner,Brazil,BR,female,0.96,True,gender-guesser,last
40,"Efeitos Visuais, uma Abordagem a Partir do Processamento Digital de Imagens",2010.0,João Victor Boechat Gomide,João,Gomide,Brazil,BR,male,0.99,True,Local Lexicon,first
40,"Efeitos Visuais, uma Abordagem a Partir do Processamento Digital de Imagens",2010.0,Arnaldo de Albuquerque Araújo,Arnaldo,Araújo,Brazil,BR,male,0.96,True,gender-guesser,last
41,Tutorial: Introdução à Visão Computacional usando OpenCV,2010.0,Maurício Marengoni,Maurício,Marengoni,Brazil,BR,male,0.99,True,Local Lexicon,first
41,Tutorial: Introdução à Visão Computacional usando OpenCV,2010.0,Stringhini Stringhini,Stringhini,Stringhini,Brazil,BR,unknown,0.6234426321296174,False,NamSor API,last
42,Evaluating the Causal Effect of Multimedia and Affective Temperament in Felt Emotion and Liking,2022.0,Rafaela De Amorim Barbosa Silva,Rafaela,Silva,Brazil,BR,female,0.96,True,gender-guesser,first
42,Evaluating the Causal Effect of Multimedia and Affective Temperament in Felt Emotion and Liking,2022.0,Eanes Torres Pereira,Eanes,Pereira,Brazil,BR,unknown,0.5191335324581171,False,NamSor API,last
43,Análise do Controle Motor com Interações usando Dispositivos Convencionais e Realidade Aumentada,2011.0,Marcelo Da Silva Hounsell,Marcelo,Hounsell,Brazil,BR,male,0.99,True,Local Lexicon,first
43,Análise do Controle Motor com Interações usando Dispositivos Convencionais e Realidade Aumentada,2011.0,Débora Cristine Xavier,Débora,Xavier,Brazil,BR,female,0.96,True,gender-guesser,middle
43,Análise do Controle Motor com Interações usando Dispositivos Convencionais e Realidade Aumentada,2011.0,Tânia Brusque Crocetta,Tânia,Crocetta,Brazil,BR,female,0.96,True,gender-guesser,middle
43,Análise do Controle Motor com Interações usando Dispositivos Convencionais e Realidade Aumentada,2011.0,Alexandro Andrade,Alexandro,Andrade,Brazil,BR,male,0.96,True,gender-guesser,last
44,Variation Detection applied in User Signature Verification,2011.0,Rodrigo Fernandes de Mello,Rodrigo,Mello,Brazil,BR,male,0.99,True,Local Lexicon,first
44,Variation Detection applied in User Signature Verification,2011.0,Matheus Lorenzo dos Santos,Matheus,Santos,Brazil,BR,male,0.99,True,Local Lexicon,middle
44,Variation Detection applied in User Signature Verification,2011.0,Marcelo Keese Albertini,Marcelo,Albertini,Brazil,BR,male,0.99,True,Local Lexicon,last
45,Contributions on Computer Music from the SBCM 2019,2021.0,Tiago Fernandes Tavares,Tiago,Tavares,Brazil,BR,male,0.99,True,Local Lexicon,first
45,Contributions on Computer Music from the SBCM 2019,2021.0,Flávio Luiz Schiavoni,Flávio,Schiavoni,Brazil,BR,male,0.96,True,gender-guesser,last
46,Aprendizado e Controle de Robôs Móveis Autônomos Utilizando Atenção Visual,2011.0,Milton Roberto Heinen,Milton,Heinen,Brazil,BR,male,0.96,True,gender-guesser,first
46,Aprendizado e Controle de Robôs Móveis Autônomos Utilizando Atenção Visual,2011.0,Paulo Martins Engel,Paulo,Engel,Brazil,BR,male,0.99,True,Local Lexicon,last
47,Estratégias de Atualização de Políticas para a Coordenação de Agentes Baseados em Enxames,2011.0,Richardson Ribeiro,Richardson,Ribeiro,Brazil,BR,male,0.9940408235870675,True,NamSor API,first
47,Estratégias de Atualização de Políticas para a Coordenação de Agentes Baseados em Enxames,2011.0,Fabrício Enembreck,Fabrício,Enembreck,Brazil,BR,male,0.9728807742539187,True,NamSor API,last
48,Exploring Supervised Techniques for Automated Recognition of Intention Classes from Portuguese Free Texts on Agriculture,2022.0,Daniel Felix de Brito,Daniel,Brito,Brazil,BR,male,0.99,True,Local Lexicon,first
48,Exploring Supervised Techniques for Automated Recognition of Intention Classes from Portuguese Free Texts on Agriculture,2022.0,Jarbas Lopes Cardoso Júnior,Jarbas,Júnior,Brazil,BR,male,0.951782674740852,True,NamSor API,middle
48,Exploring Supervised Techniques for Automated Recognition of Intention Classes from Portuguese Free Texts on Agriculture,2022.0,Júlio Cesar dos Reis,Júlio,Reis,Brazil,BR,male,0.99,True,Local Lexicon,middle
48,Exploring Supervised Techniques for Automated Recognition of Intention Classes from Portuguese Free Texts on Agriculture,2022.0,Guilherme Ruppert,Guilherme,Ruppert,Brazil,BR,male,0.99,True,Local Lexicon,middle
48,Exploring Supervised Techniques for Automated Recognition of Intention Classes from Portuguese Free Texts on Agriculture,2022.0,Rodrigo Bonacin,Rodrigo,Bonacin,Brazil,BR,male,0.99,True,Local Lexicon,last
49,Building Contrastive Summaries of Subjective Text Via Opinion Ranking,2022.0,Raphael Rocha da Silva,Raphael,Silva,Brazil,BR,male,0.96,True,gender-guesser,first
49,Building Contrastive Summaries of Subjective Text Via Opinion Ranking,2022.0,Thiago Alexandre Salgueiro Pardo,Thiago,Pardo,Brazil,BR,male,0.99,True,Local Lexicon,last
50,SSM: A Semantic Metasearch Platform for Scientific Data retrieval,2022.0,Gustavo Caetano Borges,Gustavo,Borges,Brazil,BR,male,0.99,True,Local Lexicon,first
50,SSM: A Semantic Metasearch Platform for Scientific Data retrieval,2022.0,Júlio Cesar dos Reis,Júlio,Reis,Brazil,BR,male,0.99,True,Local Lexicon,middle
50,SSM: A Semantic Metasearch Platform for Scientific Data retrieval,2022.0,Cláudia Bauzer Medeiros,Cláudia,Medeiros,Brazil,BR,female,0.99,True,Local Lexicon,last
51,Stochastic Models for Planning VLE Moodle Environments based on Containers and Virtual Machines,2022.0,Cleyton Ferreira Gonçalves,Cleyton,Gonçalves,Brazil,BR,male,0.9944363897609765,True,NamSor API,first
51,Stochastic Models for Planning VLE Moodle Environments based on Containers and Virtual Machines,2022.0,Ermeson Andrade,Ermeson,Andrade,Brazil,BR,male,0.9382817427225647,True,NamSor API,middle
51,Stochastic Models for Planning VLE Moodle Environments based on Containers and Virtual Machines,2022.0,Júlio Mendonça,Júlio,Mendonça,Brazil,BR,male,0.99,True,Local Lexicon,middle
51,Stochastic Models for Planning VLE Moodle Environments based on Containers and Virtual Machines,2022.0,Gustavo Callou,Gustavo,Callou,Brazil,BR,male,0.99,True,Local Lexicon,last
52,Efficient Breast Cancer Classification Using Histopathological Images and a Simple VGG,2022.0,Marcelo Luis Rodrigues Filho,Marcelo,Filho,Brazil,BR,male,0.99,True,Local Lexicon,first
52,Efficient Breast Cancer Classification Using Histopathological Images and a Simple VGG,2022.0,Omar Andrés Carmona Cortes,Omar,Cortes,Brazil,BR,male,0.96,True,gender-guesser,last
53,Application of Profile Prediction for Proactive Scheduling,2022.0,Allan Matheus Marques Dos Santos,Allan,Santos,Brazil,BR,male,0.96,True,gender-guesser,first
53,Application of Profile Prediction for Proactive Scheduling,2022.0,Raquel Coelho Gomes Pinto,Raquel,Pinto,Brazil,BR,female,0.96,True,gender-guesser,middle
53,Application of Profile Prediction for Proactive Scheduling,2022.0,Júlio César Duarte,Júlio,Duarte,Brazil,BR,male,0.99,True,Local Lexicon,middle
53,Application of Profile Prediction for Proactive Scheduling,2022.0,Bruno Schulze,Bruno,Schulze,Brazil,BR,male,0.99,True,Local Lexicon,last
54,Estimação de Probabilidade de Perda de Dados em Redes Através de Modelagem Multifractal de Tráfego e Teoria de Muitas Fontes,2011.0,Flávio Henrique Teles Vieira,Flávio,Vieira,Brazil,BR,male,0.96,True,gender-guesser,first
54,Estimação de Probabilidade de Perda de Dados em Redes Através de Modelagem Multifractal de Tráfego e Teoria de Muitas Fontes,2011.0,Scheila Guedes Garcez,Scheila,Garcez,Brazil,BR,female,0.9858061170562283,True,NamSor API,last
55,Desenvolvimento e Avaliação de um Protocolo Eletrônico para Atendimento e Monitoramento do Paciente com Doença Celíaca,2011.0,Josceli Maria Tenório,Josceli,Tenório,Brazil,BR,unknown,0.5199110320672212,False,NamSor API,first
55,Desenvolvimento e Avaliação de um Protocolo Eletrônico para Atendimento e Monitoramento do Paciente com Doença Celíaca,2011.0,Frederico Molina Cohrs,Frederico,Cohrs,Brazil,BR,male,0.96,True,gender-guesser,middle
55,Desenvolvimento e Avaliação de um Protocolo Eletrônico para Atendimento e Monitoramento do Paciente com Doença Celíaca,2011.0,Vera Lúcia Sdepanian,Vera,Sdepanian,Brazil,BR,female,0.96,True,gender-guesser,middle
55,Desenvolvimento e Avaliação de um Protocolo Eletrônico para Atendimento e Monitoramento do Paciente com Doença Celíaca,2011.0,Ivan Torres Pisa,Ivan,Pisa,Brazil,BR,male,0.96,True,gender-guesser,middle
55,Desenvolvimento e Avaliação de um Protocolo Eletrônico para Atendimento e Monitoramento do Paciente com Doença Celíaca,2011.0,Heimar de Fátima Marín,Heimar,Marín,Brazil,BR,male,0.96,True,gender-guesser,last
56,Optimal Control and Adaptive Learning for Stabilization of a Quadrotor-type Unmanned Aerial Vehicle via Approximate Dynamic Programming,2022.0,Joelson Miller Bezerra De Souza,Joelson,Souza,Brazil,BR,male,0.9983632216494226,True,NamSor API,first
56,Optimal Control and Adaptive Learning for Stabilization of a Quadrotor-type Unmanned Aerial Vehicle via Approximate Dynamic Programming,2022.0,Patrícia Helena Moraes Rêgo,Patrícia,Rêgo,Brazil,BR,female,0.99,True,Local Lexicon,middle
56,Optimal Control and Adaptive Learning for Stabilization of a Quadrotor-type Unmanned Aerial Vehicle via Approximate Dynamic Programming,2022.0,Guilherme Bonfim De Sousa,Guilherme,Sousa,Brazil,BR,male,0.99,True,Local Lexicon,middle
56,Optimal Control and Adaptive Learning for Stabilization of a Quadrotor-type Unmanned Aerial Vehicle via Approximate Dynamic Programming,2022.0,Janes Valdo Rodrigues Lima,Janes,Lima,Brazil,BR,unknown,0.7442010248546558,False,NamSor API,last
57,SEGBEE: Mobile Application for Honey Segmentation in Apiary Boards,2022.0,Daniel W. S. Rocha,Daniel,Rocha,Brazil,BR,male,0.99,True,Local Lexicon,first
57,SEGBEE: Mobile Application for Honey Segmentation in Apiary Boards,2022.0,Eduardo Cardoso Melo,Eduardo,Melo,Brazil,BR,male,0.99,True,Local Lexicon,middle
57,SEGBEE: Mobile Application for Honey Segmentation in Apiary Boards,2022.0,Bruno Alberto Soares Oliveira,Bruno,Oliveira,Brazil,BR,male,0.99,True,Local Lexicon,last
58,"Multi-Objective, Multi-Armed Bandits: Algorithms for Repeated Games and Application to Route Choice",2023.0,Candy A. Huanca-Anquise,Candy,Huanca-Anquise,Brazil,BR,female,0.96,True,gender-guesser,first
58,"Multi-Objective, Multi-Armed Bandits: Algorithms for Repeated Games and Application to Route Choice",2023.0,Ana L. C. Bazzan,Ana,Bazzan,Brazil,BR,female,0.99,True,Local Lexicon,middle
58,"Multi-Objective, Multi-Armed Bandits: Algorithms for Repeated Games and Application to Route Choice",2023.0,Anderson Rocha Tavares,Anderson,Tavares,Brazil,BR,male,0.96,True,gender-guesser,last
59,Snake-3D na Modelagem Tridimensional e Medição do Comprimento de Arcos Elétricos,2011.0,Gilmário Barbosa dos Santos,Gilmário,Santos,Brazil,BR,male,0.9969740321106804,True,NamSor API,first
59,Snake-3D na Modelagem Tridimensional e Medição do Comprimento de Arcos Elétricos,2011.0,Clésio Luis Tozzi,Clésio,Tozzi,Brazil,BR,male,0.9569998669044713,True,NamSor API,middle
59,Snake-3D na Modelagem Tridimensional e Medição do Comprimento de Arcos Elétricos,2011.0,Maria Cristina Tavares,Maria,Tavares,Brazil,BR,female,0.99,True,Local Lexicon,last
60,Editorial: 20 anos da Revista de Informática Teórica e Aplicada,2010.0,Luís C. Lamb,Luís,Lamb,Brazil,BR,male,0.99,True,Local Lexicon,first
60,Editorial: 20 anos da Revista de Informática Teórica e Aplicada,2010.0,José Palazzo Moreira de Oliveira,José,Oliveira,Brazil,BR,male,0.99,True,Local Lexicon,middle
60,Editorial: 20 anos da Revista de Informática Teórica e Aplicada,2010.0,Lisandro Zambenedetti Granville,Lisandro,Granville,Brazil,BR,male,0.9946239549230296,True,NamSor API,last
61,Prefácio à Seção Especial dos Tutoriais do SIBGRAPI'08,2010.0,Siome Goldenstein,Siome,Goldenstein,Brazil,BR,unknown,0.5725549327997661,False,NamSor API,first
61,Prefácio à Seção Especial dos Tutoriais do SIBGRAPI'08,2010.0,Anselmo Montenegro,Anselmo,Montenegro,Brazil,BR,male,0.96,True,gender-guesser,last
62,Neural Classification of Rotor Faults in Three-Phase Induction Motors using Electric Current Signals in the Frequency Domain,2023.0,Rodrigo Henrique Cunha Palácios,Rodrigo,Palácios,Brazil,BR,male,0.99,True,Local Lexicon,first
62,Neural Classification of Rotor Faults in Three-Phase Induction Motors using Electric Current Signals in the Frequency Domain,2023.0,Ivan Nunes da Silva,Ivan,Silva,Brazil,BR,male,0.96,True,gender-guesser,middle
62,Neural Classification of Rotor Faults in Three-Phase Induction Motors using Electric Current Signals in the Frequency Domain,2023.0,Wagner Fontes Godoy,Wagner,Godoy,Brazil,BR,male,0.96,True,gender-guesser,last
63,Quantools: A MDA transformation approach,2010.0,Paulo Lumertz,Paulo,Lumertz,Brazil,BR,male,0.99,True,Local Lexicon,first
63,Quantools: A MDA transformation approach,2010.0,Ana Paula Terra Bacelo,Ana,Bacelo,Brazil,BR,female,0.99,True,Local Lexicon,middle
63,Quantools: A MDA transformation approach,2010.0,Toacy Oliveira,Toacy,Oliveira,Brazil,BR,unknown,0.5190703787140191,False,NamSor API,last
65,Comparative Analysis of Blockchain-Based Platforms for Managing Electronic Health Records in the Public Healthcare System of Brazil,2022.0,Carlo Kleber da Silva Rodrigues,Carlo,Rodrigues,Brazil,BR,male,0.96,True,gender-guesser,first
66,Performance Assessment of a Wireless Mesh Network for Post-harvest Food Quality Traceability of Fruit Products: A Case Study,2023.0,Tiago Costa,Tiago,Costa,Portugal,PT,male,0.99,True,Local Lexicon,first
66,Performance Assessment of a Wireless Mesh Network for Post-harvest Food Quality Traceability of Fruit Products: A Case Study,2023.0,Luís Santos,Luís,Santos,Portugal,PT,male,0.99,True,Local Lexicon,middle
66,Performance Assessment of a Wireless Mesh Network for Post-harvest Food Quality Traceability of Fruit Products: A Case Study,2023.0,João M. L. P. Caldeira,João,Caldeira,Portugal,PT,male,0.99,True,Local Lexicon,middle
66,Performance Assessment of a Wireless Mesh Network for Post-harvest Food Quality Traceability of Fruit Products: A Case Study,2023.0,Vasco N. G. J. Soares,Vasco,Soares,Portugal,PT,male,0.96,True,gender-guesser,middle
66,Performance Assessment of a Wireless Mesh Network for Post-harvest Food Quality Traceability of Fruit Products: A Case Study,2023.0,Pedro Dinis Gaspar,Pedro,Gaspar,Portugal,PT,male,0.99,True,Local Lexicon,last
67,HiME: Hierarchical i* Modeling Editor,2010.0,Lidia López,Lidia,López,Spain,ES,female,0.96,True,gender-guesser,first
67,HiME: Hierarchical i* Modeling Editor,2010.0,Xavier Franch,Xavier,Franch,Spain,ES,male,0.96,True,gender-guesser,middle
67,HiME: Hierarchical i* Modeling Editor,2010.0,Jordi Marco,Jordi,Marco,Spain,ES,male,0.96,True,gender-guesser,last
68,An Ontology-Based Framework for Heterogeneous Data Sources Integration,2010.0,Vânia Maria Ponte Vidal,Vânia,Vidal,Brazil,BR,female,0.9997713526039353,True,NamSor API,first
68,An Ontology-Based Framework for Heterogeneous Data Sources Integration,2010.0,João C. Pinheiro,João,Pinheiro,Brazil,BR,male,0.99,True,Local Lexicon,middle
68,An Ontology-Based Framework for Heterogeneous Data Sources Integration,2010.0,Eveline R. Sacramento,Eveline,Sacramento,Brazil,BR,female,0.96,True,gender-guesser,middle
68,An Ontology-Based Framework for Heterogeneous Data Sources Integration,2010.0,José Antônio Fernandes de Macêdo,José,Macêdo,Brazil,BR,male,0.99,True,Local Lexicon,middle
68,An Ontology-Based Framework for Heterogeneous Data Sources Integration,2010.0,Bernadette Farias Lóscio,Bernadette,Lóscio,Brazil,BR,female,0.96,True,gender-guesser,last
69,A Temporal-Rule Based Verification System for Business Collaboration Reliability,2010.0,Haiyang Sun,Haiyang,Sun,Unknown,,male,0.9021857118839357,True,NamSor API,first
69,A Temporal-Rule Based Verification System for Business Collaboration Reliability,2010.0,Jian Yang,Jian,Yang,Unknown,,male,0.8644558229972151,True,NamSor API,middle
69,A Temporal-Rule Based Verification System for Business Collaboration Reliability,2010.0,Weiliang Zhao,Weiliang,Zhao,Unknown,,male,0.9408892723431861,True,NamSor API,last
70,Semantic Web and Knowledge Management in User Data Privacy,2010.0,Douglas da Silva,Douglas,Silva,Unknown,,male,0.96,True,gender-guesser,first
70,Semantic Web and Knowledge Management in User Data Privacy,2010.0,Mírian Bruckschen,Mírian,Bruckschen,Unknown,,female,0.9938042019562907,True,NamSor API,middle
70,Semantic Web and Knowledge Management in User Data Privacy,2010.0,Paulo Bridi,Paulo,Bridi,Unknown,,male,0.99,True,Local Lexicon,middle
70,Semantic Web and Knowledge Management in User Data Privacy,2010.0,Roger Granada,Roger,Granada,Unknown,,male,0.96,True,gender-guesser,middle
70,Semantic Web and Knowledge Management in User Data Privacy,2010.0,Alexandre Agustini,Alexandre,Agustini,Unknown,,male,0.99,True,Local Lexicon,middle
70,Semantic Web and Knowledge Management in User Data Privacy,2010.0,Renata Vieira,Renata,Vieira,Unknown,,female,0.99,True,Local Lexicon,middle
70,Semantic Web and Knowledge Management in User Data Privacy,2010.0,Caio Northfleet,Caio,Northfleet,Unknown,,male,0.99,True,Local Lexicon,middle
70,Semantic Web and Knowledge Management in User Data Privacy,2010.0,Prasad Rao,Prasad,Rao,Unknown,,male,0.9997749064301505,True,NamSor API,middle
70,Semantic Web and Knowledge Management in User Data Privacy,2010.0,Tomas Sander,Tomas,Sander,Unknown,,male,0.9998730686185561,True,NamSor API,last
71,MatchMaking – A Tool to Match OWL Schemas,2010.0,Raphael do Vale Amaral Gomes,Raphael,Gomes,Brazil,BR,male,0.96,True,gender-guesser,first
71,MatchMaking – A Tool to Match OWL Schemas,2010.0,Luiz André P. Paes Leme,Luiz,Leme,Brazil,BR,male,0.99,True,Local Lexicon,middle
71,MatchMaking – A Tool to Match OWL Schemas,2010.0,Marco A. Casanova,Marco,Casanova,Brazil,BR,male,0.96,True,gender-guesser,last
72,Web Information Extraction by Semantic Tagging,2010.0,Mirel Coşulschi,Mirel,Coşulschi,Unknown,,male,0.9473771808887452,True,NamSor API,first
72,Web Information Extraction by Semantic Tagging,2010.0,Roberto De Virgilio,Roberto,Virgilio,Unknown,,male,0.96,True,gender-guesser,middle
72,Web Information Extraction by Semantic Tagging,2010.0,Tommaso Di Noia,Tommaso,Noia,Unknown,,male,0.9981683727154,True,NamSor API,middle
72,Web Information Extraction by Semantic Tagging,2010.0,Roberto Mirizzi,Roberto,Mirizzi,Unknown,,male,0.96,True,gender-guesser,last
73,SAMSTARplus: An Automatic Tool for Generating Multi- Dimensional Schemas from an Entity-Relationship Diagram,2010.0,Jinho Kim,Jinho,Kim,South Korea,KR,male,0.9999191667787233,True,NamSor API,first
73,SAMSTARplus: An Automatic Tool for Generating Multi- Dimensional Schemas from an Entity-Relationship Diagram,2010.0,Donghoo Kim,Donghoo,Kim,South Korea,KR,male,0.8250135967121219,True,NamSor API,middle
73,SAMSTARplus: An Automatic Tool for Generating Multi- Dimensional Schemas from an Entity-Relationship Diagram,2010.0,Suan Lee,Suan,Lee,South Korea,KR,female,0.8360674172174282,True,NamSor API,middle
73,SAMSTARplus: An Automatic Tool for Generating Multi- Dimensional Schemas from an Entity-Relationship Diagram,2010.0,Yang‐Sae Moon,Yang‐Sae,Moon,South Korea,KR,unknown,0.5767321569773164,False,NamSor API,middle
73,SAMSTARplus: An Automatic Tool for Generating Multi- Dimensional Schemas from an Entity-Relationship Diagram,2010.0,Il-Yeol Song,Il,Song,South Korea,KR,male,0.9858377422771835,True,NamSor API,middle
73,SAMSTARplus: An Automatic Tool for Generating Multi- Dimensional Schemas from an Entity-Relationship Diagram,2010.0,Ritu Khare,Ritu,Khare,South Korea,KR,female,0.9997057598543077,True,NamSor API,middle
73,SAMSTARplus: An Automatic Tool for Generating Multi- Dimensional Schemas from an Entity-Relationship Diagram,2010.0,Yuan An,Yuan,An,South Korea,KR,unknown,0.6551724137931034,False,NamSor API,last
74,An Approach for Reducing the Gap between BPMN Models and Implementation Artifacts,2010.0,Bruno Leonardo Barros Silva,Bruno,Silva,Brazil,BR,male,0.99,True,Local Lexicon,first
74,An Approach for Reducing the Gap between BPMN Models and Implementation Artifacts,2010.0,Robson Wagner Albuquerque de Medeiros,Robson,Medeiros,Brazil,BR,male,0.9808493532104462,True,NamSor API,middle
74,An Approach for Reducing the Gap between BPMN Models and Implementation Artifacts,2010.0,Julio Cesar Damasceno,Julio,Damasceno,Brazil,BR,male,0.99,True,Local Lexicon,middle
74,An Approach for Reducing the Gap between BPMN Models and Implementation Artifacts,2010.0,Fernando Lins,Fernando,Lins,Brazil,BR,male,0.99,True,Local Lexicon,middle
74,An Approach for Reducing the Gap between BPMN Models and Implementation Artifacts,2010.0,Nelson Souto Rosa,Nelson,Rosa,Brazil,BR,male,0.96,True,gender-guesser,middle
74,An Approach for Reducing the Gap between BPMN Models and Implementation Artifacts,2010.0,Paulo Romero Martins Maciel,Paulo,Maciel,Brazil,BR,male,0.99,True,Local Lexicon,middle
74,An Approach for Reducing the Gap between BPMN Models and Implementation Artifacts,2010.0,Bryan Stephenson,Bryan,Stephenson,Brazil,BR,male,0.96,True,gender-guesser,middle
74,An Approach for Reducing the Gap between BPMN Models and Implementation Artifacts,2010.0,Hamid R. Motahari Nezhad,Hamid,Nezhad,Brazil,BR,male,0.96,True,gender-guesser,middle
74,An Approach for Reducing the Gap between BPMN Models and Implementation Artifacts,2010.0,Jun Li,Jun,Li,Brazil,BR,male,0.9844937657203358,True,NamSor API,middle
74,An Approach for Reducing the Gap between BPMN Models and Implementation Artifacts,2010.0,Caio Northfleet,Caio,Northfleet,Brazil,BR,male,0.99,True,Local Lexicon,middle
74,An Approach for Reducing the Gap between BPMN Models and Implementation Artifacts,2010.0,André Ricardo Da Silva Souza,André,Souza,Brazil,BR,male,0.98,True,Local Lexicon,last
75,A Frame-Based System for Automatic Classification of Semi- Structured Data,2010.0,Bernardo Pereira Nunes,Bernardo,Nunes,Brazil,BR,male,0.96,True,gender-guesser,first
75,A Frame-Based System for Automatic Classification of Semi- Structured Data,2010.0,Marco A. Casanova,Marco,Casanova,Brazil,BR,male,0.96,True,gender-guesser,last
76,Dealing with Uncertainty in Lexical Annotation,2010.0,Sonia Bergamaschi,Sonia,Bergamaschi,Unknown,,female,0.9998111880556909,True,NamSor API,first
76,Dealing with Uncertainty in Lexical Annotation,2010.0,Laura Po,Laura,Po,Unknown,,female,0.96,True,gender-guesser,middle
76,Dealing with Uncertainty in Lexical Annotation,2010.0,Serena Sorrentino,Serena,Sorrentino,Unknown,,female,0.9999314799376956,True,NamSor API,middle
76,Dealing with Uncertainty in Lexical Annotation,2010.0,Alberto Corni,Alberto,Corni,Unknown,,male,0.9954880354505283,True,NamSor API,last
77,Towards Generating Richer Code by Binding Security Abstractions to BPMN Task Types,2010.0,Julio Cesar Damasceno,Julio,Damasceno,Brazil,BR,male,0.99,True,Local Lexicon,first
77,Towards Generating Richer Code by Binding Security Abstractions to BPMN Task Types,2010.0,Hamid R. Motahari Nezhad,Hamid,Nezhad,Brazil,BR,male,0.96,True,gender-guesser,middle
77,Towards Generating Richer Code by Binding Security Abstractions to BPMN Task Types,2010.0,Jun Li,Jun,Li,Brazil,BR,male,0.9844937657203358,True,NamSor API,middle
77,Towards Generating Richer Code by Binding Security Abstractions to BPMN Task Types,2010.0,Caio Northfleet,Caio,Northfleet,Brazil,BR,male,0.99,True,Local Lexicon,middle
77,Towards Generating Richer Code by Binding Security Abstractions to BPMN Task Types,2010.0,Bryan Stephenson,Bryan,Stephenson,Brazil,BR,male,0.96,True,gender-guesser,middle
77,Towards Generating Richer Code by Binding Security Abstractions to BPMN Task Types,2010.0,André Ricardo Da Silva Souza,André,Souza,Brazil,BR,male,0.98,True,Local Lexicon,middle
77,Towards Generating Richer Code by Binding Security Abstractions to BPMN Task Types,2010.0,Robson Wagner Albuquerque de Medeiros,Robson,Medeiros,Brazil,BR,male,0.9808493532104462,True,NamSor API,middle
77,Towards Generating Richer Code by Binding Security Abstractions to BPMN Task Types,2010.0,Bruno Leonardo Barros Silva,Bruno,Silva,Brazil,BR,male,0.99,True,Local Lexicon,middle
77,Towards Generating Richer Code by Binding Security Abstractions to BPMN Task Types,2010.0,Fernando Lins,Fernando,Lins,Brazil,BR,male,0.99,True,Local Lexicon,middle
77,Towards Generating Richer Code by Binding Security Abstractions to BPMN Task Types,2010.0,Nelson Souto Rosa,Nelson,Rosa,Brazil,BR,male,0.96,True,gender-guesser,middle
77,Towards Generating Richer Code by Binding Security Abstractions to BPMN Task Types,2010.0,Paulo Maciel,Paulo,Maciel,Brazil,BR,male,0.99,True,Local Lexicon,last
78,An Eclipse-based Tool for Model Driven Web Applications with Personalization Support,2010.0,Irene Garrigós,Irene,Garrigós,Unknown,,female,0.96,True,gender-guesser,first
78,An Eclipse-based Tool for Model Driven Web Applications with Personalization Support,2010.0,Octavio Glorio,Octavio,Glorio,Unknown,,male,0.9818368638193448,True,NamSor API,middle
78,An Eclipse-based Tool for Model Driven Web Applications with Personalization Support,2010.0,Paul R. Hernandez,Paul,Hernandez,Unknown,,male,0.96,True,gender-guesser,middle
78,An Eclipse-based Tool for Model Driven Web Applications with Personalization Support,2010.0,Alejandro Maté,Alejandro,Maté,Unknown,,male,0.9971337140422514,True,NamSor API,last
79,Chatbot Optimization using Sentiment Analysis and Timeline Navigation,2023.0,Wagner da Silva Maciel Sodré,Wagner,Sodré,Brazil,BR,male,0.96,True,gender-guesser,first
79,Chatbot Optimization using Sentiment Analysis and Timeline Navigation,2023.0,Júlio César Duarte,Júlio,Duarte,Brazil,BR,male,0.99,True,Local Lexicon,last
80,Conceptual Modeling: the Linguistic Approach,2010.0,Lucia Castro,Lucia,Castro,Unknown,,female,0.96,True,gender-guesser,first
80,Conceptual Modeling: the Linguistic Approach,2010.0,Fernanda Araujo Araujo,Fernanda,Araujo,Unknown,,female,0.99,True,Local Lexicon,middle
80,Conceptual Modeling: the Linguistic Approach,2010.0,Giancarlo Guizzardi,Giancarlo,Guizzardi,Unknown,,male,0.9953663968007488,True,NamSor API,last
81,UMLtoSBVR: An SBVR-based tool to validate UML conceptual schemas,2010.0,Raquel Pau,Raquel,Pau,Spain,ES,female,0.96,True,gender-guesser,first
81,UMLtoSBVR: An SBVR-based tool to validate UML conceptual schemas,2010.0,Jordi Cabot,Jordi,Cabot,Spain,ES,male,0.96,True,gender-guesser,middle
81,UMLtoSBVR: An SBVR-based tool to validate UML conceptual schemas,2010.0,Ruth Raventós,Ruth,Raventós,Spain,ES,female,0.96,True,gender-guesser,last
82,The Animated Database Courseware (ADbC) and the Database Design Module,2010.0,Mário Guimarães,Mário,Guimarães,Brazil,BR,male,0.96,True,gender-guesser,first
82,The Animated Database Courseware (ADbC) and the Database Design Module,2010.0,Meg Murray,Meg,Murray,Brazil,BR,female,0.96,True,gender-guesser,last
83,Aumento de Resolução Temporal de Sequências de Imagens do Trato Vocal por meio de Registro das Imagens,2010.0,Ana Martins,Ana,Martins,Brazil,BR,female,0.99,True,Local Lexicon,first
83,Aumento de Resolução Temporal de Sequências de Imagens do Trato Vocal por meio de Registro das Imagens,2010.0,Nelson D. A. Mascarenhas,Nelson,Mascarenhas,Brazil,BR,male,0.96,True,gender-guesser,middle
83,Aumento de Resolução Temporal de Sequências de Imagens do Trato Vocal por meio de Registro das Imagens,2010.0,Cláudio Alberto Torres Suazo,Cláudio,Suazo,Brazil,BR,male,0.96,True,gender-guesser,last
84,Eliminação de Ruído Impulsivo Usando um Filtro Mediano Seletivo e Difusão Isotrópica,2010.0,Marcos Proença de Almeida,Marcos,Almeida,Brazil,BR,male,0.99,True,Local Lexicon,first
84,Eliminação de Ruído Impulsivo Usando um Filtro Mediano Seletivo e Difusão Isotrópica,2010.0,Maurílio Boaventura,Maurílio,Boaventura,Brazil,BR,male,0.8441515312844728,True,NamSor API,last
85,HSM: A New Color Space used in the Processing of Color Images,2010.0,Osvaldo Severino,Osvaldo,Severino,United States,US,male,0.9999503894797238,True,NamSor API,first
85,HSM: A New Color Space used in the Processing of Color Images,2010.0,Adilson Gonzaga,Adilson,Gonzaga,United States,US,male,0.9902143976490502,True,NamSor API,last
86,An Approach Based on Maintainability Criteria for Building Aspect-Oriented Software Design Model,2010.0,Rodrigo Pereira dos Santos,Rodrigo,Santos,Brazil,BR,male,0.99,True,Local Lexicon,first
86,An Approach Based on Maintainability Criteria for Building Aspect-Oriented Software Design Model,2010.0,Heitor Costa,Heitor,Costa,Brazil,BR,male,0.96,True,gender-guesser,middle
86,An Approach Based on Maintainability Criteria for Building Aspect-Oriented Software Design Model,2010.0,Cláudia Werner,Cláudia,Werner,Brazil,BR,female,0.99,True,Local Lexicon,middle
86,An Approach Based on Maintainability Criteria for Building Aspect-Oriented Software Design Model,2010.0,André Fonseca Amâncio,André,Amâncio,Brazil,BR,male,0.98,True,Local Lexicon,middle
86,An Approach Based on Maintainability Criteria for Building Aspect-Oriented Software Design Model,2010.0,Paulo Afonso Parreira Júnior,Paulo,Júnior,Brazil,BR,male,0.99,True,Local Lexicon,middle
86,An Approach Based on Maintainability Criteria for Building Aspect-Oriented Software Design Model,2010.0,Antônio Resende,Antônio,Resende,Brazil,BR,male,0.99,True,Local Lexicon,middle
86,An Approach Based on Maintainability Criteria for Building Aspect-Oriented Software Design Model,2010.0,Fábio Fagundes Silveira,Fábio,Silveira,Brazil,BR,male,0.99,True,Local Lexicon,last
87,COVID-19 Detection Using Forced Cough Sounds and Medical Information,2023.0,Lucas Augusto Müller de Souza,Lucas,Souza,Brazil,BR,male,0.99,True,Local Lexicon,first
87,COVID-19 Detection Using Forced Cough Sounds and Medical Information,2023.0,Heder S. Bernardino,Heder,Bernardino,Brazil,BR,male,0.9019546330408617,True,NamSor API,middle
87,COVID-19 Detection Using Forced Cough Sounds and Medical Information,2023.0,Jairo Francisco de Souza,Jairo,Souza,Brazil,BR,male,0.96,True,gender-guesser,middle
87,COVID-19 Detection Using Forced Cough Sounds and Medical Information,2023.0,Alex Borges Vieira,Alex,Vieira,Brazil,BR,male,0.96,True,gender-guesser,last
88,Autism Spectrum Disorder Diagnosis Assistance using Machine Learning,2022.0,Arthur Alexandre Artoni,Arthur,Artoni,Brazil,BR,male,0.96,True,gender-guesser,first
88,Autism Spectrum Disorder Diagnosis Assistance using Machine Learning,2022.0,Cinthyan Renata Sachs Camerlengo de Barbosa,Cinthyan,Barbosa,Brazil,BR,unknown,0.590827518531055,False,NamSor API,middle
88,Autism Spectrum Disorder Diagnosis Assistance using Machine Learning,2022.0,Marcelo Morandini,Marcelo,Morandini,Brazil,BR,male,0.99,True,Local Lexicon,last
89,Editorial,2010.0,José Palazzo Moreira de Oliveira,José,Oliveira,Brazil,BR,male,0.99,True,Local Lexicon,first
90,Avaliação do Desempenho da Utilização de Threads em user level em Linux,2011.0,Renato Ramos da Silva,Renato,Silva,Brazil,BR,male,0.99,True,Local Lexicon,first
90,Avaliação do Desempenho da Utilização de Threads em user level em Linux,2011.0,Roberto Sadao Yokoyama,Roberto,Yokoyama,Brazil,BR,male,0.96,True,gender-guesser,last
92,Modelo Estatístico para a Determinação do Número Ótimo de Iterações do Filtro de Difusão Anisotrópica Aplicado à Redução de Ruído de Imagens de Ressonância Magnética do Cérebro,2011.0,Yuri Saito,Yuri,Saito,Brazil,BR,male,0.96,True,gender-guesser,first
92,Modelo Estatístico para a Determinação do Número Ótimo de Iterações do Filtro de Difusão Anisotrópica Aplicado à Redução de Ruído de Imagens de Ressonância Magnética do Cérebro,2011.0,Ricardo J. Ferrari,Ricardo,Ferrari,Brazil,BR,male,0.99,True,Local Lexicon,middle
92,Modelo Estatístico para a Determinação do Número Ótimo de Iterações do Filtro de Difusão Anisotrópica Aplicado à Redução de Ruído de Imagens de Ressonância Magnética do Cérebro,2011.0,Jefferson William Teixeira,Jefferson,Teixeira,Brazil,BR,male,0.96,True,gender-guesser,middle
92,Modelo Estatístico para a Determinação do Número Ótimo de Iterações do Filtro de Difusão Anisotrópica Aplicado à Redução de Ruído de Imagens de Ressonância Magnética do Cérebro,2011.0,Paulo Mazzoncini de Azevedo‐Marques,Paulo,Azevedo‐Marques,Brazil,BR,male,0.99,True,Local Lexicon,middle
92,Modelo Estatístico para a Determinação do Número Ótimo de Iterações do Filtro de Difusão Anisotrópica Aplicado à Redução de Ruído de Imagens de Ressonância Magnética do Cérebro,2011.0,André Ponce Leon Ferreira Carvalho,André,Carvalho,Brazil,BR,male,0.98,True,Local Lexicon,middle
92,Modelo Estatístico para a Determinação do Número Ótimo de Iterações do Filtro de Difusão Anisotrópica Aplicado à Redução de Ruído de Imagens de Ressonância Magnética do Cérebro,2011.0,Antônio Carlos dos Santos,Antônio,Santos,Brazil,BR,male,0.99,True,Local Lexicon,last
93,Livestock Monitoring Prototype Implementation and Validation,2023.0,Vitor M. T. Aleluia,Vitor,Aleluia,Portugal,PT,male,0.99,True,Local Lexicon,first
93,Livestock Monitoring Prototype Implementation and Validation,2023.0,Vasco N. G. J. Soares,Vasco,Soares,Portugal,PT,male,0.96,True,gender-guesser,middle
93,Livestock Monitoring Prototype Implementation and Validation,2023.0,João M. L. P. Caldeira,João,Caldeira,Portugal,PT,male,0.99,True,Local Lexicon,middle
93,Livestock Monitoring Prototype Implementation and Validation,2023.0,Pedro Dinis Gaspar,Pedro,Gaspar,Portugal,PT,male,0.99,True,Local Lexicon,last
94,Catboost Algorithm Application in Legal Texts and UN 2030 Agenda,2023.0,Lucas José Gonçalves Freitas,Lucas,Freitas,Brazil,BR,male,0.99,True,Local Lexicon,first
94,Catboost Algorithm Application in Legal Texts and UN 2030 Agenda,2023.0,Pamella Sada Dias Edokawa,Pamella,Edokawa,Brazil,BR,female,0.96,True,gender-guesser,middle
94,Catboost Algorithm Application in Legal Texts and UN 2030 Agenda,2023.0,Thaís Carvalho Valadares Rodrigues,Thaís,Rodrigues,Brazil,BR,female,0.9932816484218553,True,NamSor API,middle
94,Catboost Algorithm Application in Legal Texts and UN 2030 Agenda,2023.0,Ariane Hayana Thomé de Farias,Ariane,Farias,Brazil,BR,female,0.96,True,gender-guesser,middle
94,Catboost Algorithm Application in Legal Texts and UN 2030 Agenda,2023.0,Euler Rodrigues de Alencar,Euler,Alencar,Brazil,BR,male,0.9952445639861734,True,NamSor API,last
95,Inteligência Swarm e Equilíbrio de Verhulst Aplicados à Alocação de Potência em Redes Ópticas CDMA Particionadas,2011.0,Moanir Stábile Filho,Moanir,Filho,Brazil,BR,unknown,0.5584761065467321,False,NamSor API,first
95,Inteligência Swarm e Equilíbrio de Verhulst Aplicados à Alocação de Potência em Redes Ópticas CDMA Particionadas,2011.0,Taufik Abrão,Taufik,Abrão,Brazil,BR,male,0.96,True,gender-guesser,middle
95,Inteligência Swarm e Equilíbrio de Verhulst Aplicados à Alocação de Potência em Redes Ópticas CDMA Particionadas,2011.0,Lucas Dias Hiera Sampaio,Lucas,Sampaio,Brazil,BR,male,0.99,True,Local Lexicon,last
96,Integração de evidências em redes credais e a regra de Jeffrey,2011.0,José Carlos Ferreira da Rocha,José,Rocha,Unknown,,male,0.99,True,Local Lexicon,first
96,Integração de evidências em redes credais e a regra de Jeffrey,2011.0,Alaine Margarete Guimarães,Alaine,Guimarães,Unknown,,female,0.9998556722280114,True,NamSor API,middle
96,Integração de evidências em redes credais e a regra de Jeffrey,2011.0,Cassio P. de Campos,Cassio,Campos,Unknown,,male,0.9981362169753261,True,NamSor API,last
97,The Use of Technology in the Diagnosis and Treatment of Epilepsy: Trends and Open Issues,2023.0,J. da Rocha Fernandes,,,Portugal,PT,unknown,0.0,False,Initial / Abbreviated,first
97,The Use of Technology in the Diagnosis and Treatment of Epilepsy: Trends and Open Issues,2023.0,Pedro Dinis Gaspar,Pedro,Gaspar,Portugal,PT,male,0.99,True,Local Lexicon,middle
97,The Use of Technology in the Diagnosis and Treatment of Epilepsy: Trends and Open Issues,2023.0,Eva Menino,Eva,Menino,Portugal,PT,female,0.96,True,gender-guesser,middle
97,The Use of Technology in the Diagnosis and Treatment of Epilepsy: Trends and Open Issues,2023.0,João M. L. P. Caldeira,João,Caldeira,Portugal,PT,male,0.99,True,Local Lexicon,middle
97,The Use of Technology in the Diagnosis and Treatment of Epilepsy: Trends and Open Issues,2023.0,Vasco N. G. J. Soares,Vasco,Soares,Portugal,PT,male,0.96,True,gender-guesser,last
98,"Road Pavement Damage Detection using Computer Vision Techniques: Approaches, Challenges and Opportunities",2023.0,Miguel Gonçalves,Miguel,Gonçalves,Portugal,PT,male,0.96,True,gender-guesser,first
98,"Road Pavement Damage Detection using Computer Vision Techniques: Approaches, Challenges and Opportunities",2023.0,Tomás Marques,Tomás,Marques,Portugal,PT,male,0.96,True,gender-guesser,middle
98,"Road Pavement Damage Detection using Computer Vision Techniques: Approaches, Challenges and Opportunities",2023.0,Pedro Dinis Gaspar,Pedro,Gaspar,Portugal,PT,male,0.99,True,Local Lexicon,middle
98,"Road Pavement Damage Detection using Computer Vision Techniques: Approaches, Challenges and Opportunities",2023.0,Vasco N. G. J. Soares,Vasco,Soares,Portugal,PT,male,0.96,True,gender-guesser,middle
98,"Road Pavement Damage Detection using Computer Vision Techniques: Approaches, Challenges and Opportunities",2023.0,João M. L. P. Caldeira,João,Caldeira,Portugal,PT,male,0.99,True,Local Lexicon,last
99,Evaluation of the Relationship Between the Age of the Patient and the Mandibular Trabecular Bone Structure Through Dental Cone Beam Tomographic Images by Means of a Convolutional Neural Network,2023.0,Matheus Raffael Simon,Matheus,Simon,Brazil,BR,male,0.99,True,Local Lexicon,first
99,Evaluation of the Relationship Between the Age of the Patient and the Mandibular Trabecular Bone Structure Through Dental Cone Beam Tomographic Images by Means of a Convolutional Neural Network,2023.0,Adair Santa Catarina,Adair,Catarina,Brazil,BR,male,0.8918516584934172,True,NamSor API,middle
99,Evaluation of the Relationship Between the Age of the Patient and the Mandibular Trabecular Bone Structure Through Dental Cone Beam Tomographic Images by Means of a Convolutional Neural Network,2023.0,Adriane Yaeko Togashi,Adriane,Togashi,Brazil,BR,female,0.96,True,gender-guesser,last
100,Predictive Maintenance based on Log Analysis: A Systematic Review,2024.0,Luís Barata,Luís,Barata,Portugal,PT,male,0.99,True,Local Lexicon,first
100,Predictive Maintenance based on Log Analysis: A Systematic Review,2024.0,Sérgio Sequeira,Sérgio,Sequeira,Portugal,PT,male,0.99,True,Local Lexicon,middle
100,Predictive Maintenance based on Log Analysis: A Systematic Review,2024.0,Eurico Lopes,Eurico,Lopes,Portugal,PT,male,0.96,True,gender-guesser,last
101,Automated Lung Region Segmentation in Pediatric Chest Radiography,2024.0,Afonso U. Fonseca,Afonso,Fonseca,Brazil,BR,male,0.96,True,gender-guesser,first
101,Automated Lung Region Segmentation in Pediatric Chest Radiography,2024.0,Juliana Paula Félix,Juliana,Félix,Brazil,BR,female,0.99,True,Local Lexicon,middle
101,Automated Lung Region Segmentation in Pediatric Chest Radiography,2024.0,Gabriel da Silva Vieira,Gabriel,Vieira,Brazil,BR,male,0.99,True,Local Lexicon,middle
101,Automated Lung Region Segmentation in Pediatric Chest Radiography,2024.0,Deborah Fernandes,Deborah,Fernandes,Brazil,BR,female,0.96,True,gender-guesser,middle
101,Automated Lung Region Segmentation in Pediatric Chest Radiography,2024.0,Fabrízzio Soares,Fabrízzio,Soares,Brazil,BR,male,0.9976741750799971,True,NamSor API,last
103,Image Classification Using Convolutional Neural Networks for Automatic Correction of Multiprova Answer Sheets,2024.0,Darlan Castro,Darlan,Castro,Brazil,BR,male,0.9635913707104546,True,NamSor API,first
103,Image Classification Using Convolutional Neural Networks for Automatic Correction of Multiprova Answer Sheets,2024.0,Helton Maia,Helton,Maia,Brazil,BR,male,0.9653231247297918,True,NamSor API,middle
103,Image Classification Using Convolutional Neural Networks for Automatic Correction of Multiprova Answer Sheets,2024.0,Rex A. C. Medeiros,Rex,Medeiros,Brazil,BR,male,0.96,True,gender-guesser,middle
103,Image Classification Using Convolutional Neural Networks for Automatic Correction of Multiprova Answer Sheets,2024.0,André Bessa,André,Bessa,Brazil,BR,male,0.98,True,Local Lexicon,last
104,Use of wearable chemical sensors in IoT: a systematic literature review,2024.0,Carlos Eduardo do Egito Araújo,Carlos,Araújo,Brazil,BR,male,0.99,True,Local Lexicon,first
104,Use of wearable chemical sensors in IoT: a systematic literature review,2024.0,Lívia F. Sgobbi,Lívia,Sgobbi,Brazil,BR,female,0.96,True,gender-guesser,middle
104,Use of wearable chemical sensors in IoT: a systematic literature review,2024.0,Renato F. Bulcão-Neto,Renato,Bulcão-Neto,Brazil,BR,male,0.99,True,Local Lexicon,middle
104,Use of wearable chemical sensors in IoT: a systematic literature review,2024.0,Iwens G. Sene,Iwens,Sene,Brazil,BR,unknown,0.5205985393814134,False,NamSor API,middle
104,Use of wearable chemical sensors in IoT: a systematic literature review,2024.0,Sérgio T. Carvalho,Sérgio,Carvalho,Brazil,BR,male,0.99,True,Local Lexicon,last
105,Machine Learning Algorithms for Peripheral Blood Cell Classification - A Hemovision Project Experience,2023.0,Mariana Dourado X. S. Santos,Mariana,Santos,Brazil,BR,female,0.99,True,Local Lexicon,first
105,Machine Learning Algorithms for Peripheral Blood Cell Classification - A Hemovision Project Experience,2023.0,William Laus Bertemes,William,Bertemes,Brazil,BR,male,0.96,True,gender-guesser,middle
105,Machine Learning Algorithms for Peripheral Blood Cell Classification - A Hemovision Project Experience,2023.0,Iaan Mesquita de Souza,Iaan,Souza,Brazil,BR,male,0.9944761620402536,True,NamSor API,middle
105,Machine Learning Algorithms for Peripheral Blood Cell Classification - A Hemovision Project Experience,2023.0,Mateus Henrique B. Andrades,Mateus,Andrades,Brazil,BR,male,0.99,True,Local Lexicon,middle
105,Machine Learning Algorithms for Peripheral Blood Cell Classification - A Hemovision Project Experience,2023.0,Vinícius Sebba Patto,Vinícius,Patto,Brazil,BR,male,0.99,True,Local Lexicon,last
106,Predicting Startup Success Using Tree-Based Machine Learning Algorithms,2024.0,Saifur Rohman Cholil,Saifur,Cholil,Unknown,,male,0.9936933561368274,True,NamSor API,first
106,Predicting Startup Success Using Tree-Based Machine Learning Algorithms,2024.0,Rahmat Gernowo,Rahmat,Gernowo,Unknown,,male,0.9741320792413495,True,NamSor API,middle
106,Predicting Startup Success Using Tree-Based Machine Learning Algorithms,2024.0,Catur Edi Widodo,Catur,Widodo,Unknown,,male,0.9755310491078151,True,NamSor API,middle
106,Predicting Startup Success Using Tree-Based Machine Learning Algorithms,2024.0,Adi Wibowo,Adi,Wibowo,Unknown,,male,0.9794762251966482,True,NamSor API,middle
106,Predicting Startup Success Using Tree-Based Machine Learning Algorithms,2024.0,Budi Warsito,Budi,Warsito,Unknown,,male,0.9827003830225157,True,NamSor API,middle
106,Predicting Startup Success Using Tree-Based Machine Learning Algorithms,2024.0,Alauddin Maulana Hirzan,Alauddin,Hirzan,Unknown,,male,0.9673726954373033,True,NamSor API,last
107,Machine learning in medicine using JavaScript: building web apps using TensorFlow.js for interpreting biomedical datasets,2024.0,Jorge Guerra Pires,Jorge,Pires,Spain,ES,male,0.9999354919819972,True,NamSor API,first
109,"Detection and Pose Adjustment in Physical Exercises using Computer Vision Techniques: Approaches, Challenges and Opportunities",2024.0,Joao J.G.M. Gonçalves,Joao,Gonçalves,Portugal,PT,male,0.99,True,Local Lexicon,first
109,"Detection and Pose Adjustment in Physical Exercises using Computer Vision Techniques: Approaches, Challenges and Opportunities",2024.0,João Palhares,João,Palhares,Portugal,PT,male,0.99,True,Local Lexicon,middle
109,"Detection and Pose Adjustment in Physical Exercises using Computer Vision Techniques: Approaches, Challenges and Opportunities",2024.0,Vasco N. G. J. Soares,Vasco,Soares,Portugal,PT,male,0.96,True,gender-guesser,middle
109,"Detection and Pose Adjustment in Physical Exercises using Computer Vision Techniques: Approaches, Challenges and Opportunities",2024.0,Paulo A. C. S. Neves,Paulo,Neves,Portugal,PT,male,0.99,True,Local Lexicon,last
110,Performance Evaluation and Operational Availability of a Textile Manufacturing 4.0 Using Stochastic Petri Nets,2024.0,Edson Moura Silva,Edson,Silva,Brazil,BR,male,0.96,True,gender-guesser,first
110,Performance Evaluation and Operational Availability of a Textile Manufacturing 4.0 Using Stochastic Petri Nets,2024.0,Danilo Araújo,Danilo,Araújo,Brazil,BR,male,0.96,True,gender-guesser,middle
110,Performance Evaluation and Operational Availability of a Textile Manufacturing 4.0 Using Stochastic Petri Nets,2024.0,Ermeson Andrade,Ermeson,Andrade,Brazil,BR,male,0.9382817427225647,True,NamSor API,last
111,Prediction of Stock Prices Using Ensemble Models,2024.0,Claudio Silva,Claudio,Silva,Brazil,BR,male,0.96,True,gender-guesser,first
111,Prediction of Stock Prices Using Ensemble Models,2024.0,Ricardo Menezes Salgado,Ricardo,Salgado,Brazil,BR,male,0.99,True,Local Lexicon,last
112,Framework for Security Risk Assessment (FSRA) and Fuzzy Risk Inference System (FRIS) based on Standard ISO/IEC 27002:2022,2024.0,Diógenes Antonio Marques José,Diógenes,José,Brazil,BR,male,0.9978677551372267,True,NamSor API,first
112,Framework for Security Risk Assessment (FSRA) and Fuzzy Risk Inference System (FRIS) based on Standard ISO/IEC 27002:2022,2024.0,Douglas Schmitz Dupski,Douglas,Dupski,Brazil,BR,male,0.96,True,gender-guesser,middle
112,Framework for Security Risk Assessment (FSRA) and Fuzzy Risk Inference System (FRIS) based on Standard ISO/IEC 27002:2022,2024.0,Kembolle Amilkar,Kembolle,Amilkar,Brazil,BR,unknown,0.548394630007128,False,NamSor API,last
113,Energy Consumption and Performance Evaluation of Multi-Model NoSQL DBMSs,2024.0,Fúlvio Falcão,Fúlvio,Falcão,Brazil,BR,male,0.9987348167259358,True,NamSor API,first
113,Energy Consumption and Performance Evaluation of Multi-Model NoSQL DBMSs,2024.0,João Moura,João,Moura,Brazil,BR,male,0.99,True,Local Lexicon,middle
113,Energy Consumption and Performance Evaluation of Multi-Model NoSQL DBMSs,2024.0,Gabriel San Martin Silva,Gabriel,Silva,Brazil,BR,male,0.99,True,Local Lexicon,middle
113,Energy Consumption and Performance Evaluation of Multi-Model NoSQL DBMSs,2024.0,Carlos Araújo,Carlos,Araújo,Brazil,BR,male,0.99,True,Local Lexicon,middle
113,Energy Consumption and Performance Evaluation of Multi-Model NoSQL DBMSs,2024.0,Érica Sousa,Érica,Sousa,Brazil,BR,female,0.9998797064336665,True,NamSor API,middle
113,Energy Consumption and Performance Evaluation of Multi-Model NoSQL DBMSs,2024.0,Eduardo Tavares,Eduardo,Tavares,Brazil,BR,male,0.99,True,Local Lexicon,last
114,Modeling and Analysis of a Telesurgery Environment Considering a 5G Network,2024.0,Vamberto Rocha,Vamberto,Rocha,Brazil,BR,male,0.9918375830771939,True,NamSor API,first
114,Modeling and Analysis of a Telesurgery Environment Considering a 5G Network,2024.0,Jean Araújo,Jean,Araújo,Brazil,BR,male,0.96,True,gender-guesser,middle
114,Modeling and Analysis of a Telesurgery Environment Considering a 5G Network,2024.0,Bruno Nogueira,Bruno,Nogueira,Brazil,BR,male,0.99,True,Local Lexicon,middle
114,Modeling and Analysis of a Telesurgery Environment Considering a 5G Network,2024.0,Ermeson Andrade,Ermeson,Andrade,Brazil,BR,male,0.9382817427225647,True,NamSor API,last
115,Tutorial sobre Fuzzy-c-Means e Fuzzy Learning Vector Quantization: Abordagens Híbridas para Tarefas de Agrupamento e Classificação,2012.0,Sarajane Marques Peres,Sarajane,Peres,Brazil,BR,female,0.983468757781729,True,NamSor API,first
115,Tutorial sobre Fuzzy-c-Means e Fuzzy Learning Vector Quantization: Abordagens Híbridas para Tarefas de Agrupamento e Classificação,2012.0,Thiago Rocha,Thiago,Rocha,Brazil,BR,male,0.99,True,Local Lexicon,middle
115,Tutorial sobre Fuzzy-c-Means e Fuzzy Learning Vector Quantization: Abordagens Híbridas para Tarefas de Agrupamento e Classificação,2012.0,Helton Hideraldo Bíscaro,Helton,Bíscaro,Brazil,BR,male,0.9653231247297918,True,NamSor API,middle
115,Tutorial sobre Fuzzy-c-Means e Fuzzy Learning Vector Quantization: Abordagens Híbridas para Tarefas de Agrupamento e Classificação,2012.0,Renata C. B. Madeo,Renata,Madeo,Brazil,BR,female,0.99,True,Local Lexicon,middle
115,Tutorial sobre Fuzzy-c-Means e Fuzzy Learning Vector Quantization: Abordagens Híbridas para Tarefas de Agrupamento e Classificação,2012.0,Clodis Boscarioli,Clodis,Boscarioli,Brazil,BR,male,0.8,True,NamSor API,last
116,Rough Sets and Multilayer Perceptron in Tandem for Processing the Aleatory Uncertainty in COVID-19 Cases,2024.0,Kalyl Henings,Kalyl,Henings,Brazil,BR,male,0.8490398198626672,True,NamSor API,first
116,Rough Sets and Multilayer Perceptron in Tandem for Processing the Aleatory Uncertainty in COVID-19 Cases,2024.0,Vinícius Hansen,Vinícius,Hansen,Brazil,BR,male,0.99,True,Local Lexicon,middle
116,Rough Sets and Multilayer Perceptron in Tandem for Processing the Aleatory Uncertainty in COVID-19 Cases,2024.0,Gilmário Barbosa dos Santos,Gilmário,Santos,Brazil,BR,male,0.9969740321106804,True,NamSor API,last
117,Comparative Study of Predictive Models Based on Moving Averages Applied in Binary Options in the Financial Market,2024.0,Luccas R. Hoff,Luccas,Hoff,Brazil,BR,male,0.999282192694042,True,NamSor API,first
117,Comparative Study of Predictive Models Based on Moving Averages Applied in Binary Options in the Financial Market,2024.0,Rafael Alceste Berri,Rafael,Berri,Brazil,BR,male,0.99,True,Local Lexicon,middle
117,Comparative Study of Predictive Models Based on Moving Averages Applied in Binary Options in the Financial Market,2024.0,Eduardo Nunes Borges,Eduardo,Borges,Brazil,BR,male,0.99,True,Local Lexicon,middle
117,Comparative Study of Predictive Models Based on Moving Averages Applied in Binary Options in the Financial Market,2024.0,André Riker,André,Riker,Brazil,BR,male,0.98,True,Local Lexicon,middle
117,Comparative Study of Predictive Models Based on Moving Averages Applied in Binary Options in the Financial Market,2024.0,Bruno L. Dalmazo,Bruno,Dalmazo,Brazil,BR,male,0.99,True,Local Lexicon,last
118,UnbIAs - Google Translate Gender Bias Mitigation and Addition of Genderless Translation,2024.0,Vanessa Schenkel,Vanessa,Schenkel,Brazil,BR,female,0.99,True,Local Lexicon,first
118,UnbIAs - Google Translate Gender Bias Mitigation and Addition of Genderless Translation,2024.0,Blanda Mello,Blanda,Mello,Brazil,BR,female,0.9752825225308619,True,NamSor API,middle
118,UnbIAs - Google Translate Gender Bias Mitigation and Addition of Genderless Translation,2024.0,Sandro José Rigo,Sandro,Rigo,Brazil,BR,male,0.96,True,gender-guesser,middle
118,UnbIAs - Google Translate Gender Bias Mitigation and Addition of Genderless Translation,2024.0,Gabriel de Oliveira Ramos,Gabriel,Ramos,Brazil,BR,male,0.99,True,Local Lexicon,last
119,Supervised Learning Algorithms Evaluation on Sweet Potato Data for Production Indices Considering Human Consumption,2024.0,Mardem Arantes de Castro,Mardem,Castro,Brazil,BR,male,0.9967914720962952,True,NamSor API,first
119,Supervised Learning Algorithms Evaluation on Sweet Potato Data for Production Indices Considering Human Consumption,2024.0,Ranulfo Mascari Neto,Ranulfo,Neto,Brazil,BR,male,0.9360654611403942,True,NamSor API,middle
119,Supervised Learning Algorithms Evaluation on Sweet Potato Data for Production Indices Considering Human Consumption,2024.0,Joaquim Quinteiro Uchôa,Joaquim,Uchôa,Brazil,BR,male,0.96,True,gender-guesser,middle
119,Supervised Learning Algorithms Evaluation on Sweet Potato Data for Production Indices Considering Human Consumption,2024.0,Jesimar da Silva Arantes,Jesimar,Arantes,Brazil,BR,female,0.988247558953227,True,NamSor API,middle
119,Supervised Learning Algorithms Evaluation on Sweet Potato Data for Production Indices Considering Human Consumption,2024.0,Orlando Gonçalves Brito,Orlando,Brito,Brazil,BR,male,0.96,True,gender-guesser,middle
119,Supervised Learning Algorithms Evaluation on Sweet Potato Data for Production Indices Considering Human Consumption,2024.0,Valter Carvalho de Andrade Júnior,Valter,Júnior,Brazil,BR,male,0.9247194864323968,True,NamSor API,middle
119,Supervised Learning Algorithms Evaluation on Sweet Potato Data for Production Indices Considering Human Consumption,2024.0,Jeferson Carlos de Oliveira Silva,Jeferson,Silva,Brazil,BR,male,0.9802886299030116,True,NamSor API,middle
119,Supervised Learning Algorithms Evaluation on Sweet Potato Data for Production Indices Considering Human Consumption,2024.0,Renato Ramos da Silva,Renato,Silva,Brazil,BR,male,0.99,True,Local Lexicon,last
120,Analysis of Forensic Tools for Recovery of Formatted Data: a case study with Microsoft Word files,2024.0,Rubens Karman Paula da Silva,Rubens,Silva,Brazil,BR,male,0.96,True,gender-guesser,first
120,Analysis of Forensic Tools for Recovery of Formatted Data: a case study with Microsoft Word files,2024.0,Islan Amorim Bezerra,Islan,Bezerra,Brazil,BR,unknown,0.7258877008512926,False,NamSor API,middle
120,Analysis of Forensic Tools for Recovery of Formatted Data: a case study with Microsoft Word files,2024.0,Sidney Marlon Lopes de Lima,Sidney,Lima,Brazil,BR,male,0.9106410767487263,True,NamSor API,middle
120,Analysis of Forensic Tools for Recovery of Formatted Data: a case study with Microsoft Word files,2024.0,Sérgio Fernandes,Sérgio,Fernandes,Brazil,BR,male,0.99,True,Local Lexicon,last
121,Systematic Literature Review on the Application of Controllers Based on Cellular Automata in Robotic Tasks,2024.0,Naya Letícia Batista Souza,Naya,Souza,Brazil,BR,female,0.9198046233438437,True,NamSor API,first
121,Systematic Literature Review on the Application of Controllers Based on Cellular Automata in Robotic Tasks,2024.0,Danielli Araújo Lima,Danielli,Lima,Brazil,BR,female,0.985866083441529,True,NamSor API,last
122,Ontology for Healthcare AI Privacy in Brazil,2024.0,Tiago Andres Vaz,Tiago,Vaz,Brazil,BR,male,0.99,True,Local Lexicon,first
122,Ontology for Healthcare AI Privacy in Brazil,2024.0,José Miguel Dora,José,Dora,Brazil,BR,male,0.99,True,Local Lexicon,middle
122,Ontology for Healthcare AI Privacy in Brazil,2024.0,Luís C. Lamb,Luís,Lamb,Brazil,BR,male,0.99,True,Local Lexicon,middle
122,Ontology for Healthcare AI Privacy in Brazil,2024.0,Suzi Alves Camey,Suzi,Camey,Brazil,BR,female,0.96,True,gender-guesser,last
123,Parameterized Model for Multimedia-Content Placement of the Streaming Service on 5G Cellular Networks,2025.0,Rodrigo A. C. da Silva,Rodrigo,Silva,Brazil,BR,male,0.99,True,Local Lexicon,first
123,Parameterized Model for Multimedia-Content Placement of the Streaming Service on 5G Cellular Networks,2025.0,Carlo Kleber da Silva Rodrigues,Carlo,Rodrigues,Brazil,BR,male,0.96,True,gender-guesser,middle
123,Parameterized Model for Multimedia-Content Placement of the Streaming Service on 5G Cellular Networks,2025.0,Vladimir Rocha,Vladimir,Rocha,Brazil,BR,male,0.96,True,gender-guesser,last
124,Machine Learning Applied to Biological Sequence Comparison: an Alignment-free Approach,2025.0,Thaizy Aparecida Vicentini,Thaizy,Vicentini,Brazil,BR,female,0.9994961633411936,True,NamSor API,first
124,Machine Learning Applied to Biological Sequence Comparison: an Alignment-free Approach,2025.0,Luiz Carlos Bertucci Barbosa,Luiz,Barbosa,Brazil,BR,male,0.99,True,Local Lexicon,last
125,Symmetric Peer-to-Peer Applications,2025.0,Francisco Sant’Anna,Francisco,Sant’Anna,Brazil,BR,male,0.99,True,Local Lexicon,first
126,A Bibliometric Study on the Applications of Neural Networks in Metal Surface Defect Inspection,2025.0,Sandro Bessa de Lima,Sandro,Lima,Brazil,BR,male,0.96,True,gender-guesser,first
126,A Bibliometric Study on the Applications of Neural Networks in Metal Surface Defect Inspection,2025.0,Marcos dos Santos,Marcos,Santos,Brazil,BR,male,0.99,True,Local Lexicon,middle
126,A Bibliometric Study on the Applications of Neural Networks in Metal Surface Defect Inspection,2025.0,Júlio César Duarte,Júlio,Duarte,Brazil,BR,male,0.99,True,Local Lexicon,last
127,On the Use of Spectral Data from Smartphone Accelerometer Signals and Constituent Material for the Identification of Damaged Walls,2025.0,Tales Humberto de Aquino Boratto,Tales,Boratto,Brazil,BR,male,0.9919444597956454,True,NamSor API,first
127,On the Use of Spectral Data from Smartphone Accelerometer Signals and Constituent Material for the Identification of Damaged Walls,2025.0,Douglas Lima Fonseca,Douglas,Fonseca,Brazil,BR,male,0.96,True,gender-guesser,middle
127,On the Use of Spectral Data from Smartphone Accelerometer Signals and Constituent Material for the Identification of Damaged Walls,2025.0,Heder S. Bernardino,Heder,Bernardino,Brazil,BR,male,0.9019546330408617,True,NamSor API,middle
127,On the Use of Spectral Data from Smartphone Accelerometer Signals and Constituent Material for the Identification of Damaged Walls,2025.0,Alex Borges Vieira,Alex,Vieira,Brazil,BR,male,0.96,True,gender-guesser,middle
127,On the Use of Spectral Data from Smartphone Accelerometer Signals and Constituent Material for the Identification of Damaged Walls,2025.0,Alexandre Cury,Alexandre,Cury,Brazil,BR,male,0.99,True,Local Lexicon,middle
127,On the Use of Spectral Data from Smartphone Accelerometer Signals and Constituent Material for the Identification of Damaged Walls,2025.0,Leonardo Goliatt,Leonardo,Goliatt,Brazil,BR,male,0.99,True,Local Lexicon,last
128,Comparison of AI Models for Data Extraction in Glucometers,2025.0,Genivaldo Braynner Teixeira do Carmo,Genivaldo,Carmo,Brazil,BR,male,0.993290116274139,True,NamSor API,first
128,Comparison of AI Models for Data Extraction in Glucometers,2025.0,Julyanne Maria Dos Santos Correia,Julyanne,Correia,Brazil,BR,female,0.9905935709069468,True,NamSor API,middle
128,Comparison of AI Models for Data Extraction in Glucometers,2025.0,Ronaldo Rodrigues da Silva Filho,Ronaldo,Filho,Brazil,BR,male,0.96,True,gender-guesser,middle
128,Comparison of AI Models for Data Extraction in Glucometers,2025.0,Pablo Azevedo Sampaio,Pablo,Sampaio,Brazil,BR,male,0.96,True,gender-guesser,middle
128,Comparison of AI Models for Data Extraction in Glucometers,2025.0,Robson Wagner Albuquerque de Medeiros,Robson,Medeiros,Brazil,BR,male,0.9808493532104462,True,NamSor API,last
129,"Optimizing Mikrotik-Based Network Security using Address List, Firewall Filter Rules, and Raw Firewall",2025.0,Febrian Wahyu Christanto,Febrian,Christanto,Unknown,,male,0.9846763833677973,True,NamSor API,first
129,"Optimizing Mikrotik-Based Network Security using Address List, Firewall Filter Rules, and Raw Firewall",2025.0,Putri Cholillah,Putri,Cholillah,Unknown,,female,0.9851812082891392,True,NamSor API,middle
129,"Optimizing Mikrotik-Based Network Security using Address List, Firewall Filter Rules, and Raw Firewall",2025.0,Alauddin Maulana Hirzan,Alauddin,Hirzan,Unknown,,male,0.9673726954373033,True,NamSor API,last
130,Composite Material Defect Segmentation Using Deep Learning Models and Infrared Thermography,2025.0,Iago Garcia Vargas,Iago,Vargas,Brazil,BR,male,0.96,True,gender-guesser,first
130,Composite Material Defect Segmentation Using Deep Learning Models and Infrared Thermography,2025.0,Henrique Fernandes,Henrique,Fernandes,Brazil,BR,male,0.96,True,gender-guesser,last
131,A Speech Emotion Recognition Approach Using Discrete Wavelet Transform and Deep Learning Techniques in a Brazilian Portuguese Corpus,2025.0,Rafael Greca Vieira,Rafael,Vieira,Brazil,BR,male,0.99,True,Local Lexicon,first
131,A Speech Emotion Recognition Approach Using Discrete Wavelet Transform and Deep Learning Techniques in a Brazilian Portuguese Corpus,2025.0,Alessandra Alaniz Macedo,Alessandra,Macedo,Brazil,BR,female,0.96,True,gender-guesser,last
132,Deep Semantic Segmentation Applied to Honey Bee Comb Cells,2025.0,Gustavo Vasconcelos,Gustavo,Vasconcelos,Brazil,BR,male,0.99,True,Local Lexicon,first
132,Deep Semantic Segmentation Applied to Honey Bee Comb Cells,2025.0,André Roberto Ortoncelli,André,Ortoncelli,Brazil,BR,male,0.98,True,Local Lexicon,middle
132,Deep Semantic Segmentation Applied to Honey Bee Comb Cells,2025.0,Fabiana Martins Costa,Fabiana,Costa,Brazil,BR,female,0.96,True,gender-guesser,middle
132,Deep Semantic Segmentation Applied to Honey Bee Comb Cells,2025.0,Marlon Marcon,Marlon,Marcon,Brazil,BR,male,0.96,True,gender-guesser,last
133,Deep Learning-Based Instance Segmentation for Enhanced Navigation of Agricultural Vehicles,2025.0,Renato de Avila Lopes,Renato,Lopes,Brazil,BR,male,0.99,True,Local Lexicon,first
133,Deep Learning-Based Instance Segmentation for Enhanced Navigation of Agricultural Vehicles,2025.0,Marcus de Carvalho,Marcus,Carvalho,Brazil,BR,male,0.96,True,gender-guesser,middle
133,Deep Learning-Based Instance Segmentation for Enhanced Navigation of Agricultural Vehicles,2025.0,Edson C. Kitani,Edson,Kitani,Brazil,BR,male,0.96,True,gender-guesser,middle
133,Deep Learning-Based Instance Segmentation for Enhanced Navigation of Agricultural Vehicles,2025.0,Francisco de Assis Zampirolli,Francisco,Zampirolli,Brazil,BR,male,0.99,True,Local Lexicon,middle
133,Deep Learning-Based Instance Segmentation for Enhanced Navigation of Agricultural Vehicles,2025.0,Leopoldo Rideki Yoshioka,Leopoldo,Yoshioka,Brazil,BR,male,0.96,True,gender-guesser,middle
133,Deep Learning-Based Instance Segmentation for Enhanced Navigation of Agricultural Vehicles,2025.0,Luiz A. Celiberto,Luiz,Celiberto,Brazil,BR,male,0.99,True,Local Lexicon,middle
133,Deep Learning-Based Instance Segmentation for Enhanced Navigation of Agricultural Vehicles,2025.0,Ugo Ibusuki,Ugo,Ibusuki,Brazil,BR,male,0.96,True,gender-guesser,last
134,Transfer Learning and Handcrafted Features Ensembles for Ultrasound Breast Cancer Image Classification,2025.0,Vanessa Kaplum Foleis,Vanessa,Foleis,Brazil,BR,female,0.99,True,Local Lexicon,first
134,Transfer Learning and Handcrafted Features Ensembles for Ultrasound Breast Cancer Image Classification,2025.0,Bianca Aparecida Andrade,Bianca,Andrade,Brazil,BR,female,0.96,True,gender-guesser,middle
134,Transfer Learning and Handcrafted Features Ensembles for Ultrasound Breast Cancer Image Classification,2025.0,Henrique Bergamo Shigihara,Henrique,Shigihara,Brazil,BR,male,0.96,True,gender-guesser,middle
134,Transfer Learning and Handcrafted Features Ensembles for Ultrasound Breast Cancer Image Classification,2025.0,Dimas Augusto Mendes Lemes,Dimas,Lemes,Brazil,BR,male,0.96,True,gender-guesser,middle
134,Transfer Learning and Handcrafted Features Ensembles for Ultrasound Breast Cancer Image Classification,2025.0,José Guilherme Picolo,José,Picolo,Brazil,BR,male,0.99,True,Local Lexicon,middle
134,Transfer Learning and Handcrafted Features Ensembles for Ultrasound Breast Cancer Image Classification,2025.0,Bernardo Feijó Junqueira,Bernardo,Junqueira,Brazil,BR,male,0.96,True,gender-guesser,middle
134,Transfer Learning and Handcrafted Features Ensembles for Ultrasound Breast Cancer Image Classification,2025.0,Guilherme Ribeiro Sales,Guilherme,Sales,Brazil,BR,male,0.99,True,Local Lexicon,middle
134,Transfer Learning and Handcrafted Features Ensembles for Ultrasound Breast Cancer Image Classification,2025.0,Valentino Corso,Valentino,Corso,Brazil,BR,male,0.96,True,gender-guesser,middle
134,Transfer Learning and Handcrafted Features Ensembles for Ultrasound Breast Cancer Image Classification,2025.0,Cides S. Bezerra,Cides,Bezerra,Brazil,BR,male,0.9978697113040575,True,NamSor API,last
135,New Approach for Soil Carbon and Nitrogen Assessment through Image Analysis: A Case Study with Oxisols and Inceptisols,2025.0,Juliano Tiago Rinaldi,Juliano,Rinaldi,Brazil,BR,male,0.96,True,gender-guesser,first
135,New Approach for Soil Carbon and Nitrogen Assessment through Image Analysis: A Case Study with Oxisols and Inceptisols,2025.0,Dalcimar Casanova,Dalcimar,Casanova,Brazil,BR,unknown,0.660762713770353,False,NamSor API,middle
135,New Approach for Soil Carbon and Nitrogen Assessment through Image Analysis: A Case Study with Oxisols and Inceptisols,2025.0,Larissa Macedo dos Santos,Larissa,Santos,Brazil,BR,female,0.99,True,Local Lexicon,middle
135,New Approach for Soil Carbon and Nitrogen Assessment through Image Analysis: A Case Study with Oxisols and Inceptisols,2025.0,Marcelo Teixeira,Marcelo,Teixeira,Brazil,BR,male,0.99,True,Local Lexicon,middle
135,New Approach for Soil Carbon and Nitrogen Assessment through Image Analysis: A Case Study with Oxisols and Inceptisols,2025.0,Heitor Silvério Lopes,Heitor,Lopes,Brazil,BR,male,0.96,True,gender-guesser,last
136,Mini-map Alignment Approach using Landmark Observation Information Intrinsic to the Feature-based Visual SLAM Pipeline,2025.0,Felipe Pires Saraiva,Felipe,Saraiva,Brazil,BR,male,0.99,True,Local Lexicon,first
136,Mini-map Alignment Approach using Landmark Observation Information Intrinsic to the Feature-based Visual SLAM Pipeline,2025.0,Gustavo Teodoro Laureano,Gustavo,Laureano,Brazil,BR,male,0.99,True,Local Lexicon,middle
136,Mini-map Alignment Approach using Landmark Observation Information Intrinsic to the Feature-based Visual SLAM Pipeline,2025.0,Thiago Henrique De Oliveira,Thiago,Oliveira,Brazil,BR,male,0.99,True,Local Lexicon,last
137,Case Study of Deep Learning Methods for Depth Estimation in Indoor Ground Robotics,2025.0,Fábio Leandro Vizzotto,Fábio,Vizzotto,Brazil,BR,male,0.99,True,Local Lexicon,first
137,Case Study of Deep Learning Methods for Depth Estimation in Indoor Ground Robotics,2025.0,Márcio das Chagas Moura,Márcio,Moura,Brazil,BR,male,0.96,True,gender-guesser,middle
137,Case Study of Deep Learning Methods for Depth Estimation in Indoor Ground Robotics,2025.0,Vinicius da Silva Souza,Vinicius,Souza,Brazil,BR,male,0.99,True,Local Lexicon,middle
137,Case Study of Deep Learning Methods for Depth Estimation in Indoor Ground Robotics,2025.0,Cides Semprebom Bezerra,Cides,Bezerra,Brazil,BR,male,0.9978697113040575,True,NamSor API,middle
137,Case Study of Deep Learning Methods for Depth Estimation in Indoor Ground Robotics,2025.0,Guilherme Ribeiro Sales,Guilherme,Sales,Brazil,BR,male,0.99,True,Local Lexicon,middle
137,Case Study of Deep Learning Methods for Depth Estimation in Indoor Ground Robotics,2025.0,Valentino Corso,Valentino,Corso,Brazil,BR,male,0.96,True,gender-guesser,middle
137,Case Study of Deep Learning Methods for Depth Estimation in Indoor Ground Robotics,2025.0,Luiz Eduardo Pita Mercês Almeida,Luiz,Almeida,Brazil,BR,male,0.99,True,Local Lexicon,middle
137,Case Study of Deep Learning Methods for Depth Estimation in Indoor Ground Robotics,2025.0,D. Abreu,,,Brazil,BR,unknown,0.0,False,Initial / Abbreviated,last
138,Rust Detection in Coffee Leaves Using Otsu's Method and Mathematical Morphology,2025.0,René Ernesto García Rivas,René,Rivas,Brazil,BR,male,0.96,True,gender-guesser,first
138,Rust Detection in Coffee Leaves Using Otsu's Method and Mathematical Morphology,2025.0,Renata S. Melo,Renata,Melo,Brazil,BR,female,0.99,True,Local Lexicon,middle
138,Rust Detection in Coffee Leaves Using Otsu's Method and Mathematical Morphology,2025.0,Saide Manuel Saide,Saide,Saide,Brazil,BR,female,0.96,True,gender-guesser,middle
138,Rust Detection in Coffee Leaves Using Otsu's Method and Mathematical Morphology,2025.0,André Ricardo Backes,André,Backes,Brazil,BR,male,0.98,True,Local Lexicon,middle
138,Rust Detection in Coffee Leaves Using Otsu's Method and Mathematical Morphology,2025.0,Henrique Fernandes,Henrique,Fernandes,Brazil,BR,male,0.96,True,gender-guesser,last
139,Identifying Malignant Skin Diseases Through Deep Learning,2025.0,Gabriel Sávio de Lima Mota,Gabriel,Mota,Brazil,BR,male,0.99,True,Local Lexicon,first
139,Identifying Malignant Skin Diseases Through Deep Learning,2025.0,Matheus Vieira da Silva,Matheus,Silva,Brazil,BR,male,0.99,True,Local Lexicon,middle
139,Identifying Malignant Skin Diseases Through Deep Learning,2025.0,João Fernando Mari,João,Mari,Brazil,BR,male,0.99,True,Local Lexicon,middle
139,Identifying Malignant Skin Diseases Through Deep Learning,2025.0,André Ricardo Backes,André,Backes,Brazil,BR,male,0.98,True,Local Lexicon,last
140,Medical Image Classification with Privacy: Centralized and Federated Learning Comparison,2025.0,Lara Cristina Evaristo Rodrigues,Lara,Rodrigues,Brazil,BR,female,0.96,True,gender-guesser,first
140,Medical Image Classification with Privacy: Centralized and Federated Learning Comparison,2025.0,Gleidson Barbosa,Gleidson,Barbosa,Brazil,BR,unknown,0.7153611739818172,False,NamSor API,middle
140,Medical Image Classification with Privacy: Centralized and Federated Learning Comparison,2025.0,Rodrigo Moreira,Rodrigo,Moreira,Brazil,BR,male,0.99,True,Local Lexicon,middle
140,Medical Image Classification with Privacy: Centralized and Federated Learning Comparison,2025.0,Larissa Ferreira Rodrigues Moreira,Larissa,Moreira,Brazil,BR,female,0.99,True,Local Lexicon,middle
140,Medical Image Classification with Privacy: Centralized and Federated Learning Comparison,2025.0,André Ricardo Backes,André,Backes,Brazil,BR,male,0.98,True,Local Lexicon,last
141,Federated Learning in Breast Cancer Diagnosis,2025.0,Gleidson Barbosa,Gleidson,Barbosa,Brazil,BR,unknown,0.7153611739818172,False,NamSor API,first
141,Federated Learning in Breast Cancer Diagnosis,2025.0,Leonardo Gabriel Ferreira Rodrigues,Leonardo,Rodrigues,Brazil,BR,male,0.99,True,Local Lexicon,middle
141,Federated Learning in Breast Cancer Diagnosis,2025.0,Larissa Ferreira Rodrigues Moreira,Larissa,Moreira,Brazil,BR,female,0.99,True,Local Lexicon,middle
141,Federated Learning in Breast Cancer Diagnosis,2025.0,André Ricardo Backes,André,Backes,Brazil,BR,male,0.98,True,Local Lexicon,last
142,Digital Fencing for Farms: Enhancing Object Detection through Multi-Dataset Integration,2025.0,Juliana Quintiliano de Oliveira Ferreira,Juliana,Ferreira,Brazil,BR,female,0.99,True,Local Lexicon,first
142,Digital Fencing for Farms: Enhancing Object Detection through Multi-Dataset Integration,2025.0,Lucas Silva,Lucas,Silva,Brazil,BR,male,0.99,True,Local Lexicon,middle
142,Digital Fencing for Farms: Enhancing Object Detection through Multi-Dataset Integration,2025.0,Thiago L. Gomes,Thiago,Gomes,Brazil,BR,male,0.99,True,Local Lexicon,middle
142,Digital Fencing for Farms: Enhancing Object Detection through Multi-Dataset Integration,2025.0,Michel M. Silva,Michel,Silva,Brazil,BR,male,0.96,True,gender-guesser,last
143,Automatic Identification of Relevant Moments in Security Force Videos Using Multimodal Analysis,2025.0,Luísa Ferreira,Luísa,Ferreira,Brazil,BR,female,0.96,True,gender-guesser,first
143,Automatic Identification of Relevant Moments in Security Force Videos Using Multimodal Analysis,2025.0,Michel M. Silva,Michel,Silva,Brazil,BR,male,0.96,True,gender-guesser,last
144,Evaluating Deep Learning Models for Effective Weed Classification in Agricultural Images,2025.0,Bianca Panacho Ferreira,Bianca,Ferreira,Brazil,BR,female,0.96,True,gender-guesser,first
144,Evaluating Deep Learning Models for Effective Weed Classification in Agricultural Images,2025.0,Pedro Henrique Campos Moreira,Pedro,Moreira,Brazil,BR,male,0.99,True,Local Lexicon,middle
144,Evaluating Deep Learning Models for Effective Weed Classification in Agricultural Images,2025.0,Leandro Henrique Furtado Pinto Silva,Leandro,Silva,Brazil,BR,male,0.99,True,Local Lexicon,middle
144,Evaluating Deep Learning Models for Effective Weed Classification in Agricultural Images,2025.0,João Fernando Mari,João,Mari,Brazil,BR,male,0.99,True,Local Lexicon,last
145,Aedes aegypti Egg Counting with Neural Networks for Object Detection,2025.0,Micheli Nayara de Oliveira Vicente,Micheli,Vicente,Brazil,BR,female,0.9962482648491148,True,NamSor API,first
145,Aedes aegypti Egg Counting with Neural Networks for Object Detection,2025.0,João Vitor de Andrade Porto,João,Porto,Brazil,BR,male,0.99,True,Local Lexicon,middle
145,Aedes aegypti Egg Counting with Neural Networks for Object Detection,2025.0,Gabriel Toshio Hirokawa Higa,Gabriel,Higa,Brazil,BR,male,0.99,True,Local Lexicon,middle
145,Aedes aegypti Egg Counting with Neural Networks for Object Detection,2025.0,Higor Henrique Picoli Nucci,Higor,Nucci,Brazil,BR,male,0.9640404024864132,True,NamSor API,middle
145,Aedes aegypti Egg Counting with Neural Networks for Object Detection,2025.0,Asser Botelho Santana,Asser,Santana,Brazil,BR,male,0.96,True,gender-guesser,middle
145,Aedes aegypti Egg Counting with Neural Networks for Object Detection,2025.0,Karla Rejane de Andrade Porto,Karla,Porto,Brazil,BR,female,0.96,True,gender-guesser,middle
145,Aedes aegypti Egg Counting with Neural Networks for Object Detection,2025.0,Antônia Railda Roel,Antônia,Roel,Brazil,BR,female,0.9983991978492075,True,NamSor API,middle
145,Aedes aegypti Egg Counting with Neural Networks for Object Detection,2025.0,Hemerson Pistori,Hemerson,Pistori,Brazil,BR,male,0.9816376135969236,True,NamSor API,last
146,Castor Beans Identification in Sugarcane Plantations Using Active Learning,2025.0,Juan Sales,Juan,Sales,Brazil,BR,male,0.96,True,gender-guesser,first
146,Castor Beans Identification in Sugarcane Plantations Using Active Learning,2025.0,Mário de Araújo Carvalho,Mário,Carvalho,Brazil,BR,male,0.96,True,gender-guesser,middle
146,Castor Beans Identification in Sugarcane Plantations Using Active Learning,2025.0,José Marcato,José,Marcato,Brazil,BR,male,0.99,True,Local Lexicon,middle
146,Castor Beans Identification in Sugarcane Plantations Using Active Learning,2025.0,Wesley Nunes Gonçalves,Wesley,Gonçalves,Brazil,BR,male,0.96,True,gender-guesser,last
147,Analyzing Bee Behavior Through Video Tracking Using Computer Vision Techniques,2025.0,I. Lima,,,Brazil,BR,unknown,0.0,False,Initial / Abbreviated,first
147,Analyzing Bee Behavior Through Video Tracking Using Computer Vision Techniques,2025.0,André Roberto Ortoncelli,André,Ortoncelli,Brazil,BR,male,0.98,True,Local Lexicon,middle
147,Analyzing Bee Behavior Through Video Tracking Using Computer Vision Techniques,2025.0,Michele Potrich,Michele,Potrich,Brazil,BR,female,0.96,True,gender-guesser,middle
147,Analyzing Bee Behavior Through Video Tracking Using Computer Vision Techniques,2025.0,Marlon Marcon,Marlon,Marcon,Brazil,BR,male,0.96,True,gender-guesser,last
148,Data Augmentation and Convolutional Network Architecture Influence on Distributed Learning,2025.0,Verena Jansen,Verena,Jansen,Brazil,BR,female,0.96,True,gender-guesser,first
148,Data Augmentation and Convolutional Network Architecture Influence on Distributed Learning,2025.0,Emanuel Teixeira Martins,Emanuel,Martins,Brazil,BR,male,0.96,True,gender-guesser,middle
148,Data Augmentation and Convolutional Network Architecture Influence on Distributed Learning,2025.0,Yasmin Souza Lima,Yasmin,Lima,Brazil,BR,female,0.96,True,gender-guesser,middle
148,Data Augmentation and Convolutional Network Architecture Influence on Distributed Learning,2025.0,Flávio de Oliveira Silva,Flávio,Silva,Brazil,BR,male,0.96,True,gender-guesser,middle
148,Data Augmentation and Convolutional Network Architecture Influence on Distributed Learning,2025.0,Rodrigo Moreira,Rodrigo,Moreira,Brazil,BR,male,0.99,True,Local Lexicon,middle
148,Data Augmentation and Convolutional Network Architecture Influence on Distributed Learning,2025.0,Larissa Ferreira Rodrigues Moreira,Larissa,Moreira,Brazil,BR,female,0.99,True,Local Lexicon,last
149,Portal to Other Dimensions: use of Computer Vision to create art work from day life images,2025.0,Luísa Ferreira,Luísa,Ferreira,Brazil,BR,female,0.96,True,gender-guesser,first
149,Portal to Other Dimensions: use of Computer Vision to create art work from day life images,2025.0,Ana Clara Fraga Osias,Ana,Osias,Brazil,BR,female,0.99,True,Local Lexicon,middle
149,Portal to Other Dimensions: use of Computer Vision to create art work from day life images,2025.0,Lucas Vieira dos Santos,Lucas,Santos,Brazil,BR,male,0.99,True,Local Lexicon,middle
149,Portal to Other Dimensions: use of Computer Vision to create art work from day life images,2025.0,Michel M. Silva,Michel,Silva,Brazil,BR,male,0.96,True,gender-guesser,last
150,Construction of Rolled Digital for Newborns Using Image Registration,2025.0,Wesley Augusto Catuzzo de Bona,Wesley,Bona,Brazil,BR,male,0.96,True,gender-guesser,first
150,Construction of Rolled Digital for Newborns Using Image Registration,2025.0,Jefferson Tales Oliva,Jefferson,Oliva,Brazil,BR,male,0.96,True,gender-guesser,middle
150,Construction of Rolled Digital for Newborns Using Image Registration,2025.0,Luiz Fernando Puttow Southier,Luiz,Southier,Brazil,BR,male,0.99,True,Local Lexicon,middle
150,Construction of Rolled Digital for Newborns Using Image Registration,2025.0,Fábio Favarim,Fábio,Favarim,Brazil,BR,male,0.99,True,Local Lexicon,middle
150,Construction of Rolled Digital for Newborns Using Image Registration,2025.0,Marcelo Teixeira,Marcelo,Teixeira,Brazil,BR,male,0.99,True,Local Lexicon,middle
150,Construction of Rolled Digital for Newborns Using Image Registration,2025.0,Dalcimar Casanova,Dalcimar,Casanova,Brazil,BR,unknown,0.660762713770353,False,NamSor API,last
151,Deep Learning-Based Segmentation of Nanomaterial Images Acquired via Scanning Electron Microscopy,2025.0,Ivânia Maria Lucinda De Donato,Ivânia,Donato,Brazil,BR,female,0.9999339534415382,True,NamSor API,first
151,Deep Learning-Based Segmentation of Nanomaterial Images Acquired via Scanning Electron Microscopy,2025.0,Juliana do Nascimento Lunz,Juliana,Lunz,Brazil,BR,female,0.99,True,Local Lexicon,middle
151,Deep Learning-Based Segmentation of Nanomaterial Images Acquired via Scanning Electron Microscopy,2025.0,Fernanda Davi Marques,Fernanda,Marques,Brazil,BR,female,0.99,True,Local Lexicon,middle
151,Deep Learning-Based Segmentation of Nanomaterial Images Acquired via Scanning Electron Microscopy,2025.0,Bráulio S. Archanjo,Bráulio,Archanjo,Brazil,BR,male,0.9175191204987403,True,NamSor API,middle
151,Deep Learning-Based Segmentation of Nanomaterial Images Acquired via Scanning Electron Microscopy,2025.0,Francisco J. P. Lopes,Francisco,Lopes,Brazil,BR,male,0.99,True,Local Lexicon,middle
151,Deep Learning-Based Segmentation of Nanomaterial Images Acquired via Scanning Electron Microscopy,2025.0,Gilson A. Giraldi,Gilson,Giraldi,Brazil,BR,male,0.8082814502952353,True,NamSor API,last
152,Classification of Agricultural Pests Through Digital Images Using Deep Learning,2025.0,Pedro Costa,Pedro,Costa,Brazil,BR,male,0.99,True,Local Lexicon,first
152,Classification of Agricultural Pests Through Digital Images Using Deep Learning,2025.0,Thiago Matheus De Oliveira Costa,Thiago,Costa,Brazil,BR,male,0.99,True,Local Lexicon,middle
152,Classification of Agricultural Pests Through Digital Images Using Deep Learning,2025.0,Larissa Ferreira Rodrigues Moreira,Larissa,Moreira,Brazil,BR,female,0.99,True,Local Lexicon,middle
152,Classification of Agricultural Pests Through Digital Images Using Deep Learning,2025.0,Leandro Henrique Furtado Pinto Silva,Leandro,Silva,Brazil,BR,male,0.99,True,Local Lexicon,middle
152,Classification of Agricultural Pests Through Digital Images Using Deep Learning,2025.0,João Fernando Mari,João,Mari,Brazil,BR,male,0.99,True,Local Lexicon,last
153,Exploiting Data Augmentation Strategies to Improve the Classification of Spinal Disorders in X-Ray Images,2025.0,João Flávio Martins Pereira,João,Pereira,Brazil,BR,male,0.99,True,Local Lexicon,first
153,Exploiting Data Augmentation Strategies to Improve the Classification of Spinal Disorders in X-Ray Images,2025.0,João Fernando Mari,João,Mari,Brazil,BR,male,0.99,True,Local Lexicon,middle
153,Exploiting Data Augmentation Strategies to Improve the Classification of Spinal Disorders in X-Ray Images,2025.0,Leandro Henrique Furtado Pinto Silva,Leandro,Silva,Brazil,BR,male,0.99,True,Local Lexicon,last
154,Automatic Detection and Counting of Tuta Absoluta Insect in Trap Images,2025.0,Gabriel Santos De Souza,Gabriel,Souza,Brazil,BR,male,0.99,True,Local Lexicon,first
154,Automatic Detection and Counting of Tuta Absoluta Insect in Trap Images,2025.0,Camila Corrêa Vargas,Camila,Vargas,Brazil,BR,female,0.99,True,Local Lexicon,middle
154,Automatic Detection and Counting of Tuta Absoluta Insect in Trap Images,2025.0,Jean Carlo Hamerski,Jean,Hamerski,Brazil,BR,male,0.96,True,gender-guesser,last
155,Fusion of Satellite and Drone Images for Identifying Water Bodies,2025.0,Ariane Paula Barros,Ariane,Barros,Brazil,BR,female,0.96,True,gender-guesser,first
155,Fusion of Satellite and Drone Images for Identifying Water Bodies,2025.0,Elizângela Jussara dos Santos,Elizângela,Santos,Brazil,BR,female,0.9906830961791487,True,NamSor API,middle
155,Fusion of Satellite and Drone Images for Identifying Water Bodies,2025.0,Fernanda Kristen da Silva Pedro,Fernanda,Pedro,Brazil,BR,female,0.99,True,Local Lexicon,middle
155,Fusion of Satellite and Drone Images for Identifying Water Bodies,2025.0,Dimas Augusto Mendes Lemes,Dimas,Lemes,Brazil,BR,male,0.96,True,gender-guesser,middle
155,Fusion of Satellite and Drone Images for Identifying Water Bodies,2025.0,José Picolo,José,Picolo,Brazil,BR,male,0.99,True,Local Lexicon,middle
155,Fusion of Satellite and Drone Images for Identifying Water Bodies,2025.0,Guilherme Ribeiro Sales,Guilherme,Sales,Brazil,BR,male,0.99,True,Local Lexicon,middle
155,Fusion of Satellite and Drone Images for Identifying Water Bodies,2025.0,Valentino Corso,Valentino,Corso,Brazil,BR,male,0.96,True,gender-guesser,middle
155,Fusion of Satellite and Drone Images for Identifying Water Bodies,2025.0,Cides Semprebom Bezerra,Cides,Bezerra,Brazil,BR,male,0.9978697113040575,True,NamSor API,last
156,Artificial Intelligence for Gas Leak Detection with Thermal Cameras and Metal Oxide Semiconductor Sensors,2025.0,Edmilson Sanches,Edmilson,Sanches,Brazil,BR,male,0.9975722972246936,True,NamSor API,first
156,Artificial Intelligence for Gas Leak Detection with Thermal Cameras and Metal Oxide Semiconductor Sensors,2025.0,Fábio Augusto,Fábio,Augusto,Brazil,BR,male,0.99,True,Local Lexicon,middle
156,Artificial Intelligence for Gas Leak Detection with Thermal Cameras and Metal Oxide Semiconductor Sensors,2025.0,Paulo Márcio da Silveira,Paulo,Silveira,Brazil,BR,male,0.99,True,Local Lexicon,middle
156,Artificial Intelligence for Gas Leak Detection with Thermal Cameras and Metal Oxide Semiconductor Sensors,2025.0,Bernardo Feijó Junqueira,Bernardo,Junqueira,Brazil,BR,male,0.96,True,gender-guesser,middle
156,Artificial Intelligence for Gas Leak Detection with Thermal Cameras and Metal Oxide Semiconductor Sensors,2025.0,Dimas Augusto Mendes Lemes,Dimas,Lemes,Brazil,BR,male,0.96,True,gender-guesser,middle
156,Artificial Intelligence for Gas Leak Detection with Thermal Cameras and Metal Oxide Semiconductor Sensors,2025.0,J.L. Picolo,J.L.,Picolo,Brazil,BR,male,0.9845108363907651,True,NamSor API,middle
156,Artificial Intelligence for Gas Leak Detection with Thermal Cameras and Metal Oxide Semiconductor Sensors,2025.0,Guilherme Ribeiro Sales,Guilherme,Sales,Brazil,BR,male,0.99,True,Local Lexicon,middle
156,Artificial Intelligence for Gas Leak Detection with Thermal Cameras and Metal Oxide Semiconductor Sensors,2025.0,Valentino Corso,Valentino,Corso,Brazil,BR,male,0.96,True,gender-guesser,middle
156,Artificial Intelligence for Gas Leak Detection with Thermal Cameras and Metal Oxide Semiconductor Sensors,2025.0,Cides S. Bezerra,Cides,Bezerra,Brazil,BR,male,0.9978697113040575,True,NamSor API,last
157,Big Data in Healthcare: Possibilities and Challenges - A Systematic Literature Review,2025.0,Luís Barata,Luís,Barata,Portugal,PT,male,0.99,True,Local Lexicon,first
157,Big Data in Healthcare: Possibilities and Challenges - A Systematic Literature Review,2025.0,João Louro,João,Louro,Portugal,PT,male,0.99,True,Local Lexicon,middle
157,Big Data in Healthcare: Possibilities and Challenges - A Systematic Literature Review,2025.0,João Afonso,João,Afonso,Portugal,PT,male,0.99,True,Local Lexicon,last
158,How Misleading Can The Analysis of Human Eye Movements Be? Experiments on Dominante Eye and Cognitive Visual Perception,2025.0,Alisson Moriyasu Pinto,Alisson,Pinto,Brazil,BR,female,0.96,True,gender-guesser,first
158,How Misleading Can The Analysis of Human Eye Movements Be? Experiments on Dominante Eye and Cognitive Visual Perception,2025.0,João Vitor Macedo Romera,João,Romera,Brazil,BR,male,0.99,True,Local Lexicon,middle
158,How Misleading Can The Analysis of Human Eye Movements Be? Experiments on Dominante Eye and Cognitive Visual Perception,2025.0,Carlos Eduardo Thomaz,Carlos,Thomaz,Brazil,BR,male,0.99,True,Local Lexicon,last
159,Sheep Behavioral Analysis with Optical Flow,2025.0,Pedro Henrique Neves da Silva,Pedro,Silva,Brazil,BR,male,0.99,True,Local Lexicon,first
159,Sheep Behavioral Analysis with Optical Flow,2025.0,Rodrigo Gonçalves Mateus,Rodrigo,Mateus,Brazil,BR,male,0.99,True,Local Lexicon,middle
159,Sheep Behavioral Analysis with Optical Flow,2025.0,Diego André Sant’Ana,Diego,Sant’Ana,Brazil,BR,male,0.99,True,Local Lexicon,middle
159,Sheep Behavioral Analysis with Optical Flow,2025.0,Sebastião Lucas Neves de Melo,Sebastião,Melo,Brazil,BR,male,0.96,True,gender-guesser,middle
159,Sheep Behavioral Analysis with Optical Flow,2025.0,Hemerson Pistori,Hemerson,Pistori,Brazil,BR,male,0.9816376135969236,True,NamSor API,last
160,Leveraging Optimal Methods for Diverse Skin Types Classification in Images for Reduced Bias,2025.0,Luiz Augusto Vieira Manoel,Luiz,Manoel,Brazil,BR,male,0.99,True,Local Lexicon,first
160,Leveraging Optimal Methods for Diverse Skin Types Classification in Images for Reduced Bias,2025.0,Moacir Antonelli Ponti,Moacir,Ponti,Brazil,BR,male,0.9172715191926595,True,NamSor API,last
161,Renal Cancer Classification in Tomographic Images Using Convolutional Neural Networks to Assist Early Diagnosis,2025.0,Vinícius Meireles Pereira Santos,Vinícius,Santos,Brazil,BR,male,0.99,True,Local Lexicon,first
161,Renal Cancer Classification in Tomographic Images Using Convolutional Neural Networks to Assist Early Diagnosis,2025.0,Ana Cláudia Patrocínio,Ana,Patrocínio,Brazil,BR,female,0.99,True,Local Lexicon,middle
161,Renal Cancer Classification in Tomographic Images Using Convolutional Neural Networks to Assist Early Diagnosis,2025.0,William Chaves de Souza Carvalho,William,Carvalho,Brazil,BR,male,0.96,True,gender-guesser,middle
161,Renal Cancer Classification in Tomographic Images Using Convolutional Neural Networks to Assist Early Diagnosis,2025.0,Pedro Moisés de Sousa,Pedro,Sousa,Brazil,BR,male,0.99,True,Local Lexicon,last
162,Bulldogs Nose Detection using Deep Learning,2025.0,Joyce Katiuccia Medeiros Ramos Carvalho,Joyce,Carvalho,Brazil,BR,female,0.96,True,gender-guesser,first
162,Bulldogs Nose Detection using Deep Learning,2025.0,Pedro Henrique Neves da Silva,Pedro,Silva,Brazil,BR,male,0.99,True,Local Lexicon,middle
162,Bulldogs Nose Detection using Deep Learning,2025.0,Sandra Adriana Uhry,Sandra,Uhry,Brazil,BR,female,0.99,True,Local Lexicon,middle
162,Bulldogs Nose Detection using Deep Learning,2025.0,Gustavo Da Silva Andrade,Gustavo,Andrade,Brazil,BR,male,0.99,True,Local Lexicon,middle
162,Bulldogs Nose Detection using Deep Learning,2025.0,Gisele Braziliano de Andrade,Gisele,Andrade,Brazil,BR,female,0.9994238229687613,True,NamSor API,middle
162,Bulldogs Nose Detection using Deep Learning,2025.0,Hemerson Pistori,Hemerson,Pistori,Brazil,BR,male,0.9816376135969236,True,NamSor API,middle
162,Bulldogs Nose Detection using Deep Learning,2025.0,Newton Loebens,Newton,Loebens,Brazil,BR,male,0.9743710376511823,True,NamSor API,last
163,A Novel Brazilian Dataset for Automatic Detection of Psyllid Attacksin Guava,2025.0,Iago Magalhães de Mesquita,Iago,Mesquita,Brazil,BR,male,0.96,True,gender-guesser,first
163,A Novel Brazilian Dataset for Automatic Detection of Psyllid Attacksin Guava,2025.0,Larissa Ferreira Rodrigues Moreira,Larissa,Moreira,Brazil,BR,female,0.99,True,Local Lexicon,middle
163,A Novel Brazilian Dataset for Automatic Detection of Psyllid Attacksin Guava,2025.0,Rhuan da Silva Nunes,Rhuan,Nunes,Brazil,BR,male,0.9978480185326299,True,NamSor API,middle
163,A Novel Brazilian Dataset for Automatic Detection of Psyllid Attacksin Guava,2025.0,Ialis Cavalcante de Paula,Ialis,Paula,Brazil,BR,unknown,0.541239396788111,False,NamSor API,last
164,Preprocessing and Optimizer impact on Image-Based Autoimmune Disease Diagnosis,2025.0,João Vítor Souto de Lima,João,Lima,Brazil,BR,male,0.99,True,Local Lexicon,first
164,Preprocessing and Optimizer impact on Image-Based Autoimmune Disease Diagnosis,2025.0,Rafael Marinho e Silva,Rafael,Silva,Brazil,BR,male,0.99,True,Local Lexicon,middle
164,Preprocessing and Optimizer impact on Image-Based Autoimmune Disease Diagnosis,2025.0,Rodrigo Moreira,Rodrigo,Moreira,Brazil,BR,male,0.99,True,Local Lexicon,middle
164,Preprocessing and Optimizer impact on Image-Based Autoimmune Disease Diagnosis,2025.0,Larissa Ferreira Rodrigues Moreira,Larissa,Moreira,Brazil,BR,female,0.99,True,Local Lexicon,last
165,Segmentation of Skin Lesions and their Attributes in Dermatoscopic Images Based on Convolutional Neural Networks,2025.0,A. Rodrigues,,,Brazil,BR,unknown,0.0,False,Initial / Abbreviated,first
165,Segmentation of Skin Lesions and their Attributes in Dermatoscopic Images Based on Convolutional Neural Networks,2025.0,Roberta B. Oliveira,Roberta,Oliveira,Brazil,BR,female,0.99,True,Local Lexicon,last
166,Classification of Cells Infected by Malaria with Vision Transformers Models,2025.0,Eduardo David Campopiano,Eduardo,Campopiano,Brazil,BR,male,0.99,True,Local Lexicon,first
166,Classification of Cells Infected by Malaria with Vision Transformers Models,2025.0,Iago Fonseca Marinho Pereira,Iago,Pereira,Brazil,BR,male,0.96,True,gender-guesser,middle
166,Classification of Cells Infected by Malaria with Vision Transformers Models,2025.0,Thomas William,Thomas,William,Brazil,BR,male,0.96,True,gender-guesser,middle
166,Classification of Cells Infected by Malaria with Vision Transformers Models,2025.0,D. Abreu,,,Brazil,BR,unknown,0.0,False,Initial / Abbreviated,middle
166,Classification of Cells Infected by Malaria with Vision Transformers Models,2025.0,Guilherme Ribeiro Sales,Guilherme,Sales,Brazil,BR,male,0.99,True,Local Lexicon,middle
166,Classification of Cells Infected by Malaria with Vision Transformers Models,2025.0,Valentino Corso,Valentino,Corso,Brazil,BR,male,0.96,True,gender-guesser,middle
166,Classification of Cells Infected by Malaria with Vision Transformers Models,2025.0,Cides S. Bezerra,Cides,Bezerra,Brazil,BR,male,0.9978697113040575,True,NamSor API,last
167,Safer Stack: Safe Dump of Off-Highways Trucks in Slope Crest Windrows,2025.0,Lorrainy Rembiski Delfino,Lorrainy,Delfino,United States,US,female,0.9997769636477876,True,NamSor API,first
167,Safer Stack: Safe Dump of Off-Highways Trucks in Slope Crest Windrows,2025.0,Marina Cunha Galvão de França,Marina,França,United States,US,female,0.9996744251561884,True,NamSor API,middle
167,Safer Stack: Safe Dump of Off-Highways Trucks in Slope Crest Windrows,2025.0,Jaquelini Kumm,Jaquelini,Kumm,United States,US,female,0.9997294853304097,True,NamSor API,middle
167,Safer Stack: Safe Dump of Off-Highways Trucks in Slope Crest Windrows,2025.0,Marcus Ventura,Marcus,Ventura,United States,US,male,0.96,True,gender-guesser,middle
167,Safer Stack: Safe Dump of Off-Highways Trucks in Slope Crest Windrows,2025.0,Gabriel Flausino de Souza,Gabriel,Souza,United States,US,male,0.99,True,Local Lexicon,middle
167,Safer Stack: Safe Dump of Off-Highways Trucks in Slope Crest Windrows,2025.0,Allan Lorenzoni Canal,Allan,Canal,United States,US,male,0.96,True,gender-guesser,middle
167,Safer Stack: Safe Dump of Off-Highways Trucks in Slope Crest Windrows,2025.0,Yargo Alves Sampaio,Yargo,Sampaio,United States,US,male,0.997826878982321,True,NamSor API,middle
167,Safer Stack: Safe Dump of Off-Highways Trucks in Slope Crest Windrows,2025.0,Fabiana Zambroni Neves,Fabiana,Neves,United States,US,female,0.96,True,gender-guesser,last
168,YOLO and CNN for Cat Detection and Recognition,2025.0,Dayllon Vinícius Xavier Lemos,Dayllon,Lemos,Brazil,BR,male,0.9857680388325265,True,NamSor API,first
168,YOLO and CNN for Cat Detection and Recognition,2025.0,Humberto J. Longo,Humberto,Longo,Brazil,BR,male,0.96,True,gender-guesser,middle
168,YOLO and CNN for Cat Detection and Recognition,2025.0,Márcia R. Cappelle,Márcia,Cappelle,Brazil,BR,female,0.96,True,gender-guesser,middle
168,YOLO and CNN for Cat Detection and Recognition,2025.0,Mariana Dourado X. S. Santos,Mariana,Santos,Brazil,BR,female,0.99,True,Local Lexicon,middle
168,YOLO and CNN for Cat Detection and Recognition,2025.0,Sanderson Oliveira de Macedo,Sanderson,Macedo,Brazil,BR,male,0.9950129252490231,True,NamSor API,middle
168,YOLO and CNN for Cat Detection and Recognition,2025.0,Ronaldo Martins da Costa,Ronaldo,Costa,Brazil,BR,male,0.96,True,gender-guesser,last
169,Application of Denoising Diffusion Probabilistic Methods in Fetal MRI,2025.0,Ana Cláudia Souza Vidal de Negreiros,Ana,Negreiros,Brazil,BR,female,0.99,True,Local Lexicon,first
169,Application of Denoising Diffusion Probabilistic Methods in Fetal MRI,2025.0,Gilson A. Giraldi,Gilson,Giraldi,Brazil,BR,male,0.8082814502952353,True,NamSor API,middle
169,Application of Denoising Diffusion Probabilistic Methods in Fetal MRI,2025.0,Heron Werner,Heron,Werner,Brazil,BR,male,0.9978264844213213,True,NamSor API,last
170,Notification Oriented Paradigm based on Internet Protocol (NOP-IP) to Distributed Computing,2025.0,Marcos Talau,Marcos,Talau,Brazil,BR,male,0.99,True,Local Lexicon,first
170,Notification Oriented Paradigm based on Internet Protocol (NOP-IP) to Distributed Computing,2025.0,Christian Carlos Souza Mendes,Christian,Mendes,Brazil,BR,male,0.96,True,gender-guesser,middle
170,Notification Oriented Paradigm based on Internet Protocol (NOP-IP) to Distributed Computing,2025.0,Paulo Cézar Stadzisz,Paulo,Stadzisz,Brazil,BR,male,0.99,True,Local Lexicon,middle
170,Notification Oriented Paradigm based on Internet Protocol (NOP-IP) to Distributed Computing,2025.0,Jean Marcelo Simão,Jean,Simão,Brazil,BR,male,0.96,True,gender-guesser,last
171,Do Deep Learning Models Generalize Facial Emotion Recognition in Different Age Groups?,2026.0,Neusa Liberato Evangelista,Neusa,Evangelista,Brazil,BR,female,0.9998981036276201,True,NamSor API,first
171,Do Deep Learning Models Generalize Facial Emotion Recognition in Different Age Groups?,2026.0,Thiago Lopes Trugillo da Silveira,Thiago,Silveira,Brazil,BR,male,0.99,True,Local Lexicon,last
172,Exploring Topic Modeling in Short Texts from Social Media,2026.0,Ian Macedo Maiwald Santos,Ian,Santos,Brazil,BR,male,0.96,True,gender-guesser,first
172,Exploring Topic Modeling in Short Texts from Social Media,2026.0,Luciana de Oliveira Rech,Luciana,Rech,Brazil,BR,female,0.99,True,Local Lexicon,middle
172,Exploring Topic Modeling in Short Texts from Social Media,2026.0,Ricardo Moraes,Ricardo,Moraes,Brazil,BR,male,0.99,True,Local Lexicon,last
173,Transformers or Not,2026.0,Pedro Luiz Henriques Benedetti,Pedro,Benedetti,Brazil,BR,male,0.99,True,Local Lexicon,first
173,Transformers or Not,2026.0,Marcelo Ricardo Stemmer,Marcelo,Stemmer,Brazil,BR,male,0.99,True,Local Lexicon,last
174,NOPL - Improvements in the Language and its Compiler for the Notification Oriented Paradigm,2025.0,Fernando Schütz,Fernando,Schütz,Brazil,BR,male,0.99,True,Local Lexicon,first
174,NOPL - Improvements in the Language and its Compiler for the Notification Oriented Paradigm,2025.0,Adriano F. Ronszcka,Adriano,Ronszcka,Brazil,BR,male,0.96,True,gender-guesser,middle
174,NOPL - Improvements in the Language and its Compiler for the Notification Oriented Paradigm,2025.0,João Alberto Fabro,João,Fabro,Brazil,BR,male,0.99,True,Local Lexicon,middle
174,NOPL - Improvements in the Language and its Compiler for the Notification Oriented Paradigm,2025.0,Jean Marcelo Simão,Jean,Simão,Brazil,BR,male,0.96,True,gender-guesser,last
175,Hybrid Convolutional Neural Network on Fault Detection in Electroluminescence Images of Photovoltaic Cells,2025.0,Alan Marques da Rocha,Alan,Rocha,Brazil,BR,male,0.96,True,gender-guesser,first
175,Hybrid Convolutional Neural Network on Fault Detection in Electroluminescence Images of Photovoltaic Cells,2025.0,Marcelo Marques Simões de Souza,Marcelo,Souza,Brazil,BR,male,0.99,True,Local Lexicon,middle
175,Hybrid Convolutional Neural Network on Fault Detection in Electroluminescence Images of Photovoltaic Cells,2025.0,Carlos Alexandre Rolim Fernandes,Carlos,Fernandes,Brazil,BR,male,0.99,True,Local Lexicon,last
176,An Ontology of Tobacco Production: Enriching Large Language Model-based Decision Support,2025.0,Luis Felipe Medeiro Alves,Luis,Alves,Brazil,BR,male,0.99,True,Local Lexicon,first
176,An Ontology of Tobacco Production: Enriching Large Language Model-based Decision Support,2025.0,José Maria Parente de Oliveira,José,Oliveira,Brazil,BR,male,0.99,True,Local Lexicon,middle
176,An Ontology of Tobacco Production: Enriching Large Language Model-based Decision Support,2025.0,Rodrigo Bonacin,Rodrigo,Bonacin,Brazil,BR,male,0.99,True,Local Lexicon,middle
176,An Ontology of Tobacco Production: Enriching Large Language Model-based Decision Support,2025.0,Ferrucio de Franco Rosa,Ferrucio,Rosa,Brazil,BR,male,0.9941076434228242,True,NamSor API,last
177,Hybrid Machine Learning Model for Cache Performance Prediction and Design Space Exploration,2025.0,Hetal V. Dave,Hetal,Dave,India,IN,female,0.9995491397332181,True,NamSor API,first
177,Hybrid Machine Learning Model for Cache Performance Prediction and Design Space Exploration,2025.0,Nirali A. Kotak,Nirali,Kotak,India,IN,female,0.9944242272815541,True,NamSor API,middle
177,Hybrid Machine Learning Model for Cache Performance Prediction and Design Space Exploration,2025.0,Jay B. Teraiya,Jay,Teraiya,India,IN,male,0.96,True,gender-guesser,last
178,Machine Learning and Explainable Artificial Intelligence in Carbon Nanotubes Predictions,2026.0,Moacir Guedes Oliveira,Moacir,Oliveira,Brazil,BR,male,0.9172715191926595,True,NamSor API,first
178,Machine Learning and Explainable Artificial Intelligence in Carbon Nanotubes Predictions,2026.0,Carolina Paula Almeida,Carolina,Almeida,Brazil,BR,female,0.99,True,Local Lexicon,middle
178,Machine Learning and Explainable Artificial Intelligence in Carbon Nanotubes Predictions,2026.0,Sandra M. Venske,Sandra,Venske,Brazil,BR,female,0.99,True,Local Lexicon,last
179,Cognitive Modeling and its Applications in Industry:,2026.0,Sérgio Santos Silva,Sérgio,Silva,Brazil,BR,male,0.99,True,Local Lexicon,first
179,Cognitive Modeling and its Applications in Industry:,2026.0,Lynn Rosalina Gama Alves,Lynn,Alves,Brazil,BR,female,0.8437286028886273,True,NamSor API,last
180,Synergizing CNNs and ViTs,2026.0,Sonia Bouzidi,Sonia,Bouzidi,France,FR,female,0.9998111880556909,True,NamSor API,first
180,Synergizing CNNs and ViTs,2026.0,Ghazala Hcini,Ghazala,Hcini,France,FR,female,0.9850295073892278,True,NamSor API,middle
180,Synergizing CNNs and ViTs,2026.0,Imen Jdey,Imen,Jdey,France,FR,female,0.9858593106519535,True,NamSor API,middle
180,Synergizing CNNs and ViTs,2026.0,Fadoua Drira,Fadoua,Drira,France,FR,female,0.9987170397403344,True,NamSor API,last
181,Evaluating Contactless Fingerprint Segmentation for Interoperable Biometric Identification Systems,2026.0,Euclides Napoleão Arcoverde Neto,Euclides,Neto,Brazil,BR,male,0.96,True,gender-guesser,first
181,Evaluating Contactless Fingerprint Segmentation for Interoperable Biometric Identification Systems,2026.0,Thiago Lopes Trugillo da Silveira,Thiago,Silveira,Brazil,BR,male,0.99,True,Local Lexicon,last
182,Analyzing Code Commits Addressing Vulnerabilities in the Android Project,2026.0,Marcelino Weigmar Duarte BARROS,Marcelino,Barros,Brazil,BR,male,0.96,True,gender-guesser,first
182,Analyzing Code Commits Addressing Vulnerabilities in the Android Project,2026.0,Gustavo Torres,Gustavo,Torres,Brazil,BR,male,0.99,True,Local Lexicon,middle
182,Analyzing Code Commits Addressing Vulnerabilities in the Android Project,2026.0,Rodrigo Andrade,Rodrigo,Andrade,Brazil,BR,male,0.99,True,Local Lexicon,last
183,A Systematic Literature Review of Autonomous Line-Following Robots using Reinforcement Learning,2026.0,Matheus Amorim Pereira,Matheus,Pereira,Brazil,BR,male,0.99,True,Local Lexicon,first
183,A Systematic Literature Review of Autonomous Line-Following Robots using Reinforcement Learning,2026.0,Hianna Araujo dos Reis Soares,Hianna,Soares,Brazil,BR,female,0.9861585689007487,True,NamSor API,middle
183,A Systematic Literature Review of Autonomous Line-Following Robots using Reinforcement Learning,2026.0,S ́ ́érgio R. Barros dos Santos,,,Brazil,BR,unknown,0.0,False,Initial / Abbreviated,middle
183,A Systematic Literature Review of Autonomous Line-Following Robots using Reinforcement Learning,2026.0,Ricardo Pires,Ricardo,Pires,Brazil,BR,male,0.99,True,Local Lexicon,last
184,Improving the Resilience of Smart City Systems During Network Outage,2026.0,Leidmar Magnus Festa,Leidmar,Festa,Brazil,BR,unknown,0.6782575549811456,False,NamSor API,first
184,Improving the Resilience of Smart City Systems During Network Outage,2026.0,Daniel Fernando Pigatto,Daniel,Pigatto,Brazil,BR,male,0.99,True,Local Lexicon,middle
184,Improving the Resilience of Smart City Systems During Network Outage,2026.0,Luiz Gomes-Jr,Luiz,Gomes-Jr,Brazil,BR,male,0.99,True,Local Lexicon,last
185,Combining Complex Networks and Multi-level Local Binary Patterns for Texture Analysis,2026.0,André Ricardo Backes,André,Backes,Brazil,BR,male,0.98,True,Local Lexicon,first
186,PSO-based Client Selection to Improve Medical Image Classification in Federated Learning,2026.0,Lara Cristina Evaristo Rodrigues,Lara,Rodrigues,Brazil,BR,female,0.96,True,gender-guesser,first
186,PSO-based Client Selection to Improve Medical Image Classification in Federated Learning,2026.0,Larissa Ferreira Rodrigues Moreira,Larissa,Moreira,Brazil,BR,female,0.99,True,Local Lexicon,middle
186,PSO-based Client Selection to Improve Medical Image Classification in Federated Learning,2026.0,Rodrigo Moreira,Rodrigo,Moreira,Brazil,BR,male,0.99,True,Local Lexicon,middle
186,PSO-based Client Selection to Improve Medical Image Classification in Federated Learning,2026.0,André Ricardo Backes,André,Backes,Brazil,BR,male,0.98,True,Local Lexicon,last
187,Ensemble of Handcrafted and Learned Features using a Lightweight CNN for Colorectal Cancer Classification,2026.0,Larissa Ferreira Rodrigues Moreira,Larissa,Moreira,Brazil,BR,female,0.99,True,Local Lexicon,first
187,Ensemble of Handcrafted and Learned Features using a Lightweight CNN for Colorectal Cancer Classification,2026.0,André Ricardo Backes,André,Backes,Brazil,BR,male,0.98,True,Local Lexicon,last
188,Federated Learning on Non-IID Environmental Images for Enhanced Wildfire Surveillance,2026.0,Elisa Ribeiro Gonçalves,Elisa,Gonçalves,Brazil,BR,female,0.96,True,gender-guesser,first
188,Federated Learning on Non-IID Environmental Images for Enhanced Wildfire Surveillance,2026.0,Emanuel Teixeira Martins,Emanuel,Martins,Brazil,BR,male,0.96,True,gender-guesser,middle
188,Federated Learning on Non-IID Environmental Images for Enhanced Wildfire Surveillance,2026.0,Rodrigo Moreira,Rodrigo,Moreira,Brazil,BR,male,0.99,True,Local Lexicon,middle
188,Federated Learning on Non-IID Environmental Images for Enhanced Wildfire Surveillance,2026.0,Larissa Ferreira Rodrigues Moreira,Larissa,Moreira,Brazil,BR,female,0.99,True,Local Lexicon,last
189,Graph-Based Nearest Centroid for Image Classification,2026.0,Alexandre L. M. Levada,Alexandre,Levada,Brazil,BR,male,0.99,True,Local Lexicon,first
190,Efficient Pothole Segmentation Using Quantization and Pruning for ADAS,2026.0,William D’Abruzzo Martins,William,Martins,Brazil,BR,male,0.96,True,gender-guesser,first
190,Efficient Pothole Segmentation Using Quantization and Pruning for ADAS,2026.0,Fernando Santos Osório,Fernando,Osório,Brazil,BR,male,0.99,True,Local Lexicon,middle
190,Efficient Pothole Segmentation Using Quantization and Pruning for ADAS,2026.0,Diego Renan Bruno,Diego,Bruno,Brazil,BR,male,0.99,True,Local Lexicon,last
191,Cross-Validation Deep Learning for Breast Cancer Detection Using DMR-IR Infrared Images,2026.0,Renata dos Santos Melo,Renata,Melo,Brazil,BR,female,0.99,True,Local Lexicon,first
191,Cross-Validation Deep Learning for Breast Cancer Detection Using DMR-IR Infrared Images,2026.0,Henrique Fernandes,Henrique,Fernandes,Brazil,BR,male,0.96,True,gender-guesser,middle
191,Cross-Validation Deep Learning for Breast Cancer Detection Using DMR-IR Infrared Images,2026.0,André Ricardo Backes,André,Backes,Brazil,BR,male,0.98,True,Local Lexicon,last
192,Classifying Synthetic Facial Images:,2026.0,Fernanda Goyo Tamanaka,Fernanda,Tamanaka,Japan,JP,female,0.99,True,Local Lexicon,first
192,Classifying Synthetic Facial Images:,2026.0,Lucas F. Buzuti,Lucas,Buzuti,Japan,JP,male,0.99,True,Local Lexicon,middle
192,Classifying Synthetic Facial Images:,2026.0,CARLOS EDUARDO THOMAZ,Carlos,Thomaz,Japan,JP,male,0.99,True,Local Lexicon,last
193,Impact of Wavelet Pre-processing on Deep Learning Architectures for Renal Cancer Diagnosis,2026.0,Vinícius Meireles Pereira Santos,Vinícius,Santos,Brazil,BR,male,0.99,True,Local Lexicon,first
193,Impact of Wavelet Pre-processing on Deep Learning Architectures for Renal Cancer Diagnosis,2026.0,Ana Cláudia Patrocínio,Ana,Patrocínio,Brazil,BR,female,0.99,True,Local Lexicon,middle
193,Impact of Wavelet Pre-processing on Deep Learning Architectures for Renal Cancer Diagnosis,2026.0,Pedro Moisés de Sousa,Pedro,Sousa,Brazil,BR,male,0.99,True,Local Lexicon,last
194,Automated Analysis of Packaging Seal Failures Using Computer Vision Techniques,2026.0,Ana Clara Fraga Osias,Ana,Osias,Brazil,BR,female,0.99,True,Local Lexicon,first
194,Automated Analysis of Packaging Seal Failures Using Computer Vision Techniques,2026.0,Ian Otoni,Ian,Otoni,Brazil,BR,male,0.96,True,gender-guesser,middle
194,Automated Analysis of Packaging Seal Failures Using Computer Vision Techniques,2026.0,Thiago L. Gomes,Thiago,Gomes,Brazil,BR,male,0.99,True,Local Lexicon,middle
194,Automated Analysis of Packaging Seal Failures Using Computer Vision Techniques,2026.0,Michel M. Silva,Michel,Silva,Brazil,BR,male,0.96,True,gender-guesser,last
195,SARS-CoV-2 Detection in Genosensor Images via Deep Learning and Data Augmentation,2026.0,Ana Beatriz S. Zerati,Ana,Zerati,Brazil,BR,female,0.99,True,Local Lexicon,first
195,SARS-CoV-2 Detection in Genosensor Images via Deep Learning and Data Augmentation,2026.0,Luan B. Guerra,Luan,Guerra,Brazil,BR,male,0.96,True,gender-guesser,middle
195,SARS-CoV-2 Detection in Genosensor Images via Deep Learning and Data Augmentation,2026.0,Osvaldo N. Oliveira Jr,Osvaldo,Jr,Brazil,BR,male,0.9999503894797238,True,NamSor API,middle
195,SARS-CoV-2 Detection in Genosensor Images via Deep Learning and Data Augmentation,2026.0,Lucas C. Ribas,Lucas,Ribas,Brazil,BR,male,0.99,True,Local Lexicon,last
196,Assessing Deep Hybrid Representations for Colorectal Polyp Classification in Histopathology Images,2026.0,Luan B. Guerra,Luan,Guerra,Brazil,BR,male,0.96,True,gender-guesser,first
196,Assessing Deep Hybrid Representations for Colorectal Polyp Classification in Histopathology Images,2026.0,Ana Beatriz S. Zerati,Ana,Zerati,Brazil,BR,female,0.99,True,Local Lexicon,middle
196,Assessing Deep Hybrid Representations for Colorectal Polyp Classification in Histopathology Images,2026.0,Ana Catarina M. Vicentim,Ana,Vicentim,Brazil,BR,female,0.99,True,Local Lexicon,middle
196,Assessing Deep Hybrid Representations for Colorectal Polyp Classification in Histopathology Images,2026.0,Lucas C. Ribas,Lucas,Ribas,Brazil,BR,male,0.99,True,Local Lexicon,last
197,Enhanced Engine Vibration by Computer Vision Methods for Predictive Maintenance,2026.0,Loureni Monteiro Coutinho,Loureni,Coutinho,Brazil,BR,female,0.9782514811274493,True,NamSor API,first
197,Enhanced Engine Vibration by Computer Vision Methods for Predictive Maintenance,2026.0,Leonardo de Assis Silva,Leonardo,Silva,Brazil,BR,male,0.99,True,Local Lexicon,middle
197,Enhanced Engine Vibration by Computer Vision Methods for Predictive Maintenance,2026.0,Fabricio Bortolini de Sá,Fabricio,Sá,Brazil,BR,male,0.96,True,gender-guesser,last
198,Generalization in Deepfake Detection:,2026.0,Nathalia Farinha Rodrigues,Nathalia,Rodrigues,Brazil,BR,female,0.96,True,gender-guesser,first
198,Generalization in Deepfake Detection:,2026.0,Ademar Takeo Akabane,Ademar,Akabane,Brazil,BR,male,0.96,True,gender-guesser,middle
198,Generalization in Deepfake Detection:,2026.0,Vinicius Carbonezi de Souza,Vinicius,Souza,Brazil,BR,male,0.99,True,Local Lexicon,middle
198,Generalization in Deepfake Detection:,2026.0,Luiz Antonio Buschetto Macarini,Luiz,Macarini,Brazil,BR,male,0.99,True,Local Lexicon,last
199,Automated Segmentation of the Spinal Column in MRI Volumes Using Deep Learning,2026.0,Renan Silva de Carvalho,Renan,Carvalho,Brazil,BR,female,0.96,True,gender-guesser,first
199,Automated Segmentation of the Spinal Column in MRI Volumes Using Deep Learning,2026.0,Leandro Henrique Furtado Pinto Silva,Leandro,Silva,Brazil,BR,male,0.99,True,Local Lexicon,middle
199,Automated Segmentation of the Spinal Column in MRI Volumes Using Deep Learning,2026.0,João Fernando Mari,João,Mari,Brazil,BR,male,0.99,True,Local Lexicon,last
200,KLT Revisited: Spatio-Temporal Affine Regression for Feature Tracking,2026.0,Nigel Joseph Bandeira Dias,Nigel,Dias,Brazil,BR,male,0.96,True,gender-guesser,first
200,KLT Revisited: Spatio-Temporal Affine Regression for Feature Tracking,2026.0,Gustavo Teodoro Laureano,Gustavo,Laureano,Brazil,BR,male,0.99,True,Local Lexicon,middle
200,KLT Revisited: Spatio-Temporal Affine Regression for Feature Tracking,2026.0,Ronaldo Martins da Costa,Ronaldo,Costa,Brazil,BR,male,0.96,True,gender-guesser,last
201,Two-Stage Fine-Tuning of Object Detectors for Industrial Environments,2026.0,Gabriel Gonçalves Moreira,Gabriel,Moreira,Brazil,BR,male,0.99,True,Local Lexicon,first
201,Two-Stage Fine-Tuning of Object Detectors for Industrial Environments,2026.0,Ian Otoni,Ian,Otoni,Brazil,BR,male,0.96,True,gender-guesser,middle
201,Two-Stage Fine-Tuning of Object Detectors for Industrial Environments,2026.0,Michel M. Silva,Michel,Silva,Brazil,BR,male,0.96,True,gender-guesser,middle
201,Two-Stage Fine-Tuning of Object Detectors for Industrial Environments,2026.0,Thiago L. Gomes,Thiago,Gomes,Brazil,BR,male,0.99,True,Local Lexicon,last
202,Comparison of Low-Cost 3D Reconstruction Techniques for Change Detection in Indoor Environments,2026.0,Walter Bueno de Brito Neto,Walter,Neto,Brazil,BR,male,0.96,True,gender-guesser,first
202,Comparison of Low-Cost 3D Reconstruction Techniques for Change Detection in Indoor Environments,2026.0,Michel M. Silva,Michel,Silva,Brazil,BR,male,0.96,True,gender-guesser,middle
202,Comparison of Low-Cost 3D Reconstruction Techniques for Change Detection in Indoor Environments,2026.0,Thiago L. Gomes,Thiago,Gomes,Brazil,BR,male,0.99,True,Local Lexicon,last
203,Deep Learning-Based Brain Tumor Classification in MRI with External Validation Across Multiple Datasets,2026.0,Filipe Ferreira Viana,Filipe,Viana,Brazil,BR,male,0.96,True,gender-guesser,first
203,Deep Learning-Based Brain Tumor Classification in MRI with External Validation Across Multiple Datasets,2026.0,Leandro Henrique Furtado Pinto Silva,Leandro,Silva,Brazil,BR,male,0.99,True,Local Lexicon,middle
203,Deep Learning-Based Brain Tumor Classification in MRI with External Validation Across Multiple Datasets,2026.0,João Fernando Mari,João,Mari,Brazil,BR,male,0.99,True,Local Lexicon,last
204,Semantic Segmentation of Coffee Regions From Satellite Images Using Deep Learning,2026.0,João Alberto de Souza Ribeiro,João,Ribeiro,Brazil,BR,male,0.99,True,Local Lexicon,first
204,Semantic Segmentation of Coffee Regions From Satellite Images Using Deep Learning,2026.0,Vitor Augusto Negrão de Assis,Vitor,Assis,Brazil,BR,male,0.99,True,Local Lexicon,middle
204,Semantic Segmentation of Coffee Regions From Satellite Images Using Deep Learning,2026.0,Lais Bueno Palos,Lais,Palos,Brazil,BR,female,0.9947371696075352,True,NamSor API,middle
204,Semantic Segmentation of Coffee Regions From Satellite Images Using Deep Learning,2026.0,Jorge Otávio de Souza Nogueira,Jorge,Nogueira,Brazil,BR,male,0.9999354919819972,True,NamSor API,middle
204,Semantic Segmentation of Coffee Regions From Satellite Images Using Deep Learning,2026.0,Jhonathas Emiliano Candido,Jhonathas,Candido,Brazil,BR,male,0.9997030470140399,True,NamSor API,middle
204,Semantic Segmentation of Coffee Regions From Satellite Images Using Deep Learning,2026.0,André Ricardo Backes,André,Backes,Brazil,BR,male,0.98,True,Local Lexicon,last
205,HEVA: Integrating ViT and ResNet50 with ABCD Clinical Features for Skin Cancer Diagnosis,2026.0,Antônio Marcio Crepaldi Junior,Antônio,Junior,Brazil,BR,male,0.99,True,Local Lexicon,first
205,HEVA: Integrating ViT and ResNet50 with ABCD Clinical Features for Skin Cancer Diagnosis,2026.0,Bianca Aparecida Andrade,Bianca,Andrade,Brazil,BR,female,0.96,True,gender-guesser,middle
205,HEVA: Integrating ViT and ResNet50 with ABCD Clinical Features for Skin Cancer Diagnosis,2026.0,Ademar Takeo Akabane,Ademar,Akabane,Brazil,BR,male,0.96,True,gender-guesser,last
206,Evaluating Preprocessing and Data Augmentation for Soybean Leaf Pest Classification with Deep Learning,2026.0,Ana Raquel Tinoco Vaz Martins Borges,Ana,Borges,Brazil,BR,female,0.99,True,Local Lexicon,first
206,Evaluating Preprocessing and Data Augmentation for Soybean Leaf Pest Classification with Deep Learning,2026.0,Larissa Ferreira Rodrigues Moreira,Larissa,Moreira,Brazil,BR,female,0.99,True,Local Lexicon,middle
206,Evaluating Preprocessing and Data Augmentation for Soybean Leaf Pest Classification with Deep Learning,2026.0,Leandro Henrique Furtado Pinto Silva,Leandro,Silva,Brazil,BR,male,0.99,True,Local Lexicon,middle
206,Evaluating Preprocessing and Data Augmentation for Soybean Leaf Pest Classification with Deep Learning,2026.0,João Fernando Mari,João,Mari,Brazil,BR,male,0.99,True,Local Lexicon,last
207,Federated Semantic Segmentation of Synthetic UAV Imagery under Non-IID Conditions,2026.0,Victor Gonçalves Vieira,Victor,Vieira,Brazil,BR,male,0.96,True,gender-guesser,first
207,Federated Semantic Segmentation of Synthetic UAV Imagery under Non-IID Conditions,2026.0,Emanuel Teixeira Martins,Emanuel,Martins,Brazil,BR,male,0.96,True,gender-guesser,middle
207,Federated Semantic Segmentation of Synthetic UAV Imagery under Non-IID Conditions,2026.0,Juliana Quintiliano Ferreira,Juliana,Ferreira,Brazil,BR,female,0.99,True,Local Lexicon,middle
207,Federated Semantic Segmentation of Synthetic UAV Imagery under Non-IID Conditions,2026.0,Thiago Luange Gomes,Thiago,Gomes,Brazil,BR,male,0.99,True,Local Lexicon,middle
207,Federated Semantic Segmentation of Synthetic UAV Imagery under Non-IID Conditions,2026.0,Michel Melo Silva,Michel,Silva,Brazil,BR,male,0.96,True,gender-guesser,middle
207,Federated Semantic Segmentation of Synthetic UAV Imagery under Non-IID Conditions,2026.0,Rodrigo Moreira,Rodrigo,Moreira,Brazil,BR,male,0.99,True,Local Lexicon,middle
207,Federated Semantic Segmentation of Synthetic UAV Imagery under Non-IID Conditions,2026.0,Larissa Ferreira Rodrigues Moreira,Larissa,Moreira,Brazil,BR,female,0.99,True,Local Lexicon,last
208,Evaluating Deep Segmentation Models for Wildfire Mapping Using Sentinel-2 Satellite Imagery,2026.0,Victor Hugo Lara Souza,Victor,Souza,Brazil,BR,male,0.96,True,gender-guesser,first
208,Evaluating Deep Segmentation Models for Wildfire Mapping Using Sentinel-2 Satellite Imagery,2026.0,Rodrigo Smarzaro,Rodrigo,Smarzaro,Brazil,BR,male,0.99,True,Local Lexicon,middle
208,Evaluating Deep Segmentation Models for Wildfire Mapping Using Sentinel-2 Satellite Imagery,2026.0,Leandro Henrique Furtado Pinto Silva,Leandro,Silva,Brazil,BR,male,0.99,True,Local Lexicon,middle
208,Evaluating Deep Segmentation Models for Wildfire Mapping Using Sentinel-2 Satellite Imagery,2026.0,João Fernando Mari,João,Mari,Brazil,BR,male,0.99,True,Local Lexicon,last
209,Deep Learning Models for Brachial Lumen Segmentation:,2026.0,Breno Luiz Nunes da Silva,Breno,Silva,Brazil,BR,male,0.9951923076923077,True,NamSor API,first
209,Deep Learning Models for Brachial Lumen Segmentation:,2026.0,Alexandre Gonçalves da Silva,Alexandre,Silva,Brazil,BR,male,0.99,True,Local Lexicon,middle
209,Deep Learning Models for Brachial Lumen Segmentation:,2026.0,Lucas Ziza Nastari,Lucas,Nastari,Brazil,BR,male,0.99,True,Local Lexicon,middle
209,Deep Learning Models for Brachial Lumen Segmentation:,2026.0,Rangel Arthur,Rangel,Arthur,Brazil,BR,male,0.96,True,gender-guesser,last
210,Poultry Detection on Hooks in Meat Processing Plant Production Lines,2026.0,Leonardo dos Santos Valejo,Leonardo,Valejo,Brazil,BR,male,0.99,True,Local Lexicon,first
210,Poultry Detection on Hooks in Meat Processing Plant Production Lines,2026.0,Marlon Marcon,Marlon,Marcon,Brazil,BR,male,0.96,True,gender-guesser,middle
210,Poultry Detection on Hooks in Meat Processing Plant Production Lines,2026.0,André Roberto Ortoncelli,André,Ortoncelli,Brazil,BR,male,0.98,True,Local Lexicon,last
211,Livestock Fish Larvae Counting using DETR and YOLO based Deep Networks,2026.0,Daniel Ortega de Carvalho,Daniel,Carvalho,Brazil,BR,male,0.99,True,Local Lexicon,first
211,Livestock Fish Larvae Counting using DETR and YOLO based Deep Networks,2026.0,Luiz Felipe Teodoro Monteiro,Luiz,Monteiro,Brazil,BR,male,0.99,True,Local Lexicon,middle
211,Livestock Fish Larvae Counting using DETR and YOLO based Deep Networks,2026.0,Fernanda Marques Bazilio,Fernanda,Bazilio,Brazil,BR,female,0.99,True,Local Lexicon,middle
211,Livestock Fish Larvae Counting using DETR and YOLO based Deep Networks,2026.0,Gabriel Toshio Hirokawa Higa,Gabriel,Higa,Brazil,BR,male,0.99,True,Local Lexicon,middle
211,Livestock Fish Larvae Counting using DETR and YOLO based Deep Networks,2026.0,Hemerson Pistori,Hemerson,Pistori,Brazil,BR,male,0.9816376135969236,True,NamSor API,last
212,Radiomics for the Classification of Radiological Patterns in Computed Tomography,2026.0,Heloísa Dias Viotto,Heloísa,Viotto,Brazil,BR,female,0.96,True,gender-guesser,first
212,Radiomics for the Classification of Radiological Patterns in Computed Tomography,2026.0,Felipe Duarte Silva,Felipe,Silva,Brazil,BR,male,0.99,True,Local Lexicon,middle
212,Radiomics for the Classification of Radiological Patterns in Computed Tomography,2026.0,Guilherme Eduardo Gonçalves da Silva,Guilherme,Silva,Brazil,BR,male,0.99,True,Local Lexicon,middle
212,Radiomics for the Classification of Radiological Patterns in Computed Tomography,2026.0,Heloisa de Oliveira Pinho,Heloisa,Pinho,Brazil,BR,female,0.9997953351308987,True,NamSor API,middle
212,Radiomics for the Classification of Radiological Patterns in Computed Tomography,2026.0,Ricardo Quer do Nascimento Filho,Ricardo,Filho,Brazil,BR,male,0.99,True,Local Lexicon,middle
212,Radiomics for the Classification of Radiological Patterns in Computed Tomography,2026.0,Lucas Ferrari de Oliveira,Lucas,Oliveira,Brazil,BR,male,0.99,True,Local Lexicon,last
213,Exploratory Study on Mastitis Identification in Bovine Udders Using Thermography,2026.0,Víctor Emmanuel Olmi Louzada,Víctor,Louzada,Brazil,BR,male,0.96,True,gender-guesser,first
213,Exploratory Study on Mastitis Identification in Bovine Udders Using Thermography,2026.0,Matheus de Freitas Oliveira Baffa,Matheus,Baffa,Brazil,BR,male,0.99,True,Local Lexicon,middle
213,Exploratory Study on Mastitis Identification in Bovine Udders Using Thermography,2026.0,Sandra Helena Gabaldi Wolf,Sandra,Wolf,Brazil,BR,female,0.99,True,Local Lexicon,middle
213,Exploratory Study on Mastitis Identification in Bovine Udders Using Thermography,2026.0,Isabele Pessoa Ribeiro,Isabele,Ribeiro,Brazil,BR,female,0.9997578111209687,True,NamSor API,middle
213,Exploratory Study on Mastitis Identification in Bovine Udders Using Thermography,2026.0,Lucas Grassano Lattari,Lucas,Lattari,Brazil,BR,male,0.99,True,Local Lexicon,last
214,Performance Evaluation of Low-Cost 3D Scanning Techniques,2026.0,Bruno Castro,Bruno,Castro,Brazil,BR,male,0.99,True,Local Lexicon,first
214,Performance Evaluation of Low-Cost 3D Scanning Techniques,2026.0,André Roberto Ortoncelli,André,Ortoncelli,Brazil,BR,male,0.98,True,Local Lexicon,middle
214,Performance Evaluation of Low-Cost 3D Scanning Techniques,2026.0,Marlon Marcon,Marlon,Marcon,Brazil,BR,male,0.96,True,gender-guesser,last
215,SAR Images Despeckling Using Convolutional Neural Networks with Stochastic Distances,2026.0,Pedro Henrique Salles Arouck de Souza,Pedro,Souza,Brazil,BR,male,0.99,True,Local Lexicon,first
215,SAR Images Despeckling Using Convolutional Neural Networks with Stochastic Distances,2026.0,José Hiroki Saito,José,Saito,Brazil,BR,male,0.99,True,Local Lexicon,middle
215,SAR Images Despeckling Using Convolutional Neural Networks with Stochastic Distances,2026.0,Francisco Fambrini,Francisco,Fambrini,Brazil,BR,male,0.99,True,Local Lexicon,last
216,Sign Language Segmentation Models and Their Impact on Automatic Translation Systems,2026.0,Jéssica Luiza Ferreira Ramos,Jéssica,Ramos,Brazil,BR,female,0.99,True,Local Lexicon,first
216,Sign Language Segmentation Models and Their Impact on Automatic Translation Systems,2026.0,Michel Melo da Silva,Michel,Silva,Brazil,BR,male,0.96,True,gender-guesser,middle
216,Sign Language Segmentation Models and Their Impact on Automatic Translation Systems,2026.0,Mario Fernando Montenegro Campos,Mario,Campos,Brazil,BR,male,0.96,True,gender-guesser,last
217,Comparative Evaluation of YOLO-family Detectors for Pig Detection in Precision Livestock Systems,2026.0,Marcos Vinicius Mendes Faria,Marcos,Faria,Unknown,,male,0.99,True,Local Lexicon,first
217,Comparative Evaluation of YOLO-family Detectors for Pig Detection in Precision Livestock Systems,2026.0,Thiago Meireles Paixão,Thiago,Paixão,Unknown,,male,0.99,True,Local Lexicon,middle
217,Comparative Evaluation of YOLO-family Detectors for Pig Detection in Precision Livestock Systems,2026.0,Francisco de Assis Boldt,Francisco,Boldt,Unknown,,male,0.99,True,Local Lexicon,last
218,Improving Image Classification through Active Learning and Pseudo-Labeling in Vision-Language Models,2026.0,Willian P. Amorim,Willian,Amorim,Brazil,BR,male,0.9946986414913865,True,NamSor API,first
218,Improving Image Classification through Active Learning and Pseudo-Labeling in Vision-Language Models,2026.0,Cid Adinam Nogueira Santos,Cid,Santos,Brazil,BR,male,0.8798893579769241,True,NamSor API,middle
218,Improving Image Classification through Active Learning and Pseudo-Labeling in Vision-Language Models,2026.0,Priscila T. M. Saito,Priscila,Saito,Brazil,BR,female,0.99,True,Local Lexicon,last
219,Automation of Coffee Biotic Stresses Classification Using Convolutional Neural Networks and Image Preprocessing Techniques,2026.0,Daniel Imai Yamakawa,Daniel,Yamakawa,Brazil,BR,male,0.99,True,Local Lexicon,first
219,Automation of Coffee Biotic Stresses Classification Using Convolutional Neural Networks and Image Preprocessing Techniques,2026.0,Ana Claudia Patrocinio,Ana,Patrocinio,Brazil,BR,female,0.99,True,Local Lexicon,middle
219,Automation of Coffee Biotic Stresses Classification Using Convolutional Neural Networks and Image Preprocessing Techniques,2026.0,Pedro Moisés de Sousa,Pedro,Sousa,Brazil,BR,male,0.99,True,Local Lexicon,middle
219,Automation of Coffee Biotic Stresses Classification Using Convolutional Neural Networks and Image Preprocessing Techniques,2026.0,Pedro Henrique Aparecido Damaso de Melo,Pedro,Melo,Brazil,BR,male,0.99,True,Local Lexicon,last
220,Human Gesture Recognition using CNNs for Human-Robot Interaction,2026.0,Werikson Frederiko de Oliveira Alves,Werikson,Alves,Brazil,BR,unknown,0.68145471257621,False,NamSor API,first
220,Human Gesture Recognition using CNNs for Human-Robot Interaction,2026.0,Michel Melo da Silva,Michel,Silva,Brazil,BR,male,0.96,True,gender-guesser,middle
220,Human Gesture Recognition using CNNs for Human-Robot Interaction,2026.0,Alexandre Santos Brandão,Alexandre,Brandão,Brazil,BR,male,0.99,True,Local Lexicon,last
221,CoSegXAI: A Pipeline for Context vs. Segmented ROI Images in Lung Disease Classification through Saliency Map Insights,2026.0,Graciella dos Santos Favoreto,Graciella,Favoreto,Unknown,,female,0.9847887152931101,True,NamSor API,first
221,CoSegXAI: A Pipeline for Context vs. Segmented ROI Images in Lung Disease Classification through Saliency Map Insights,2026.0,Mariana Aya Suzuki Uchida,Mariana,Uchida,Unknown,,female,0.99,True,Local Lexicon,middle
221,CoSegXAI: A Pipeline for Context vs. Segmented ROI Images in Lung Disease Classification through Saliency Map Insights,2026.0,Pedro Augusto Luiz,Pedro,Luiz,Unknown,,male,0.99,True,Local Lexicon,middle
221,CoSegXAI: A Pipeline for Context vs. Segmented ROI Images in Lung Disease Classification through Saliency Map Insights,2026.0,Erikson Julio de Aguiar,Erikson,Aguiar,Unknown,,male,0.9993954493428607,True,NamSor API,middle
221,CoSegXAI: A Pipeline for Context vs. Segmented ROI Images in Lung Disease Classification through Saliency Map Insights,2026.0,Marcel Koenigkam Santos,Marcel,Santos,Unknown,,male,0.96,True,gender-guesser,middle
221,CoSegXAI: A Pipeline for Context vs. Segmented ROI Images in Lung Disease Classification through Saliency Map Insights,2026.0,Agma Juci Machado Traina,Agma,Traina,Unknown,,male,0.9861467322065873,True,NamSor API,last
222,Multi-Fruit Tracking and 3-D Structure Recovery via CoTracker,2026.0,Thiago Teixeira Santos,Thiago,Santos,Brazil,BR,male,0.99,True,Local Lexicon,first
223,Magnetic Resonance Imaging Acceleration Using Diffusion Models:,2026.0,João Paulo Ferreira Junior,João,Junior,Brazil,BR,male,0.99,True,Local Lexicon,first
223,Magnetic Resonance Imaging Acceleration Using Diffusion Models:,2026.0,Renata Manzano Maria,Renata,Maria,Brazil,BR,female,0.99,True,Local Lexicon,middle
223,Magnetic Resonance Imaging Acceleration Using Diffusion Models:,2026.0,Marcelo Vieira,Marcelo,Vieira,Brazil,BR,male,0.99,True,Local Lexicon,last
224,A Luminous Pen for Air-Writing: Hybrid Approach with Computer Vision and Vision–Language Models,2026.0,Luma T. L. de Souza,Luma,Souza,Brazil,BR,female,0.96,True,gender-guesser,first
224,A Luminous Pen for Air-Writing: Hybrid Approach with Computer Vision and Vision–Language Models,2026.0,Rafael A. D. Caldeira,Rafael,Caldeira,Brazil,BR,male,0.99,True,Local Lexicon,middle
224,A Luminous Pen for Air-Writing: Hybrid Approach with Computer Vision and Vision–Language Models,2026.0,Sérgio D. C. Leal,Sérgio,Leal,Brazil,BR,male,0.99,True,Local Lexicon,middle
224,A Luminous Pen for Air-Writing: Hybrid Approach with Computer Vision and Vision–Language Models,2026.0,Maria Clara P. de Souza,Maria,Souza,Brazil,BR,female,0.99,True,Local Lexicon,middle
224,A Luminous Pen for Air-Writing: Hybrid Approach with Computer Vision and Vision–Language Models,2026.0,Thiago M. Paixão,Thiago,Paixão,Brazil,BR,male,0.99,True,Local Lexicon,middle
224,A Luminous Pen for Air-Writing: Hybrid Approach with Computer Vision and Vision–Language Models,2026.0,Richard J. M. G. Tello,Richard,Tello,Brazil,BR,male,0.96,True,gender-guesser,last
225,Bias Analysis and Data Augmentation Strategies in Skin Lesion Classification,2026.0,Thiago Meneses Lopes,Thiago,Lopes,Brazil,BR,male,0.99,True,Local Lexicon,first
225,Bias Analysis and Data Augmentation Strategies in Skin Lesion Classification,2026.0,Martin Heckmann,Martin,Heckmann,Brazil,BR,male,0.96,True,gender-guesser,middle
225,Bias Analysis and Data Augmentation Strategies in Skin Lesion Classification,2026.0,Marcelo Ponciano da Silva,Marcelo,Silva,Brazil,BR,male,0.99,True,Local Lexicon,middle
225,Bias Analysis and Data Augmentation Strategies in Skin Lesion Classification,2026.0,Pedro Henrique Bugatti,Pedro,Bugatti,Brazil,BR,male,0.99,True,Local Lexicon,middle
225,Bias Analysis and Data Augmentation Strategies in Skin Lesion Classification,2026.0,Priscila Tiemi Maeda Saito,Priscila,Saito,Brazil,BR,female,0.99,True,Local Lexicon,last
226,A Deep Transfer Learning Strategy for Identifying Photovoltaic Panels Mounted on Building Rooftops from Orthophotos,2026.0,Marco A. M. de Freitas Junior,Marco,Junior,Brazil,BR,male,0.96,True,gender-guesser,first
226,A Deep Transfer Learning Strategy for Identifying Photovoltaic Panels Mounted on Building Rooftops from Orthophotos,2026.0,Ricardo A. S. Fernandes,Ricardo,Fernandes,Brazil,BR,male,0.99,True,Local Lexicon,last
227,On the use of Image-Based Feature Extraction for Non-Intrusive Load Monitoring:,2026.0,Juan Salin Corrêa,Juan,Corrêa,Brazil,BR,male,0.96,True,gender-guesser,first
227,On the use of Image-Based Feature Extraction for Non-Intrusive Load Monitoring:,2026.0,Ricardo Augusto Souza Fernandes,Ricardo,Fernandes,Brazil,BR,male,0.99,True,Local Lexicon,last
228,Grad-CAM Sensitivity to Orientation Transformations in Breast Cancer Histopathological Images,2026.0,Felipe Moura da Silva,Felipe,Silva,Brazil,BR,male,0.99,True,Local Lexicon,first
228,Grad-CAM Sensitivity to Orientation Transformations in Breast Cancer Histopathological Images,2026.0,Roberta Barbosa Oliveira,Roberta,Oliveira,Brazil,BR,female,0.99,True,Local Lexicon,last
230,Evaluating Monocular Depth Estimation on Embedded Platforms for Autonomous Navigation,2026.0,Wilbur Naike Chiuyari Veramendi,Wilbur,Veramendi,Brazil,BR,male,0.96,True,gender-guesser,first
230,Evaluating Monocular Depth Estimation on Embedded Platforms for Autonomous Navigation,2026.0,Fernando Santos Osório,Fernando,Osório,Brazil,BR,male,0.99,True,Local Lexicon,last
231,Um Arcabouço para Desenvolvimento de Algoritmos da Análise Formal de Conceitos,2011.0,Sérgio M. Dias,Sérgio,Dias,Brazil,BR,male,0.99,True,Local Lexicon,first
231,Um Arcabouço para Desenvolvimento de Algoritmos da Análise Formal de Conceitos,2011.0,Newton José Vieria,Newton,Vieria,Brazil,BR,male,0.9743710376511823,True,NamSor API,last
232,Tracking Ethological Behaviors of Broiler Chickens Through Computer Vision (YoloV11) Using an Android Mobile Device,2026.0,Ryan Davi Oliveira de Meneses,Ryan,Meneses,Brazil,BR,male,0.997369665506989,True,NamSor API,first
232,Tracking Ethological Behaviors of Broiler Chickens Through Computer Vision (YoloV11) Using an Android Mobile Device,2026.0,Glauber da Rocha Balthazar,Glauber,Balthazar,Brazil,BR,male,0.8161865208778429,True,NamSor API,last
233,Detecção de Inclinação em Imagens de Documentos,2011.0,Angélica A. Mascaro,Angélica,Mascaro,Brazil,BR,female,0.96,True,gender-guesser,first
234,"Usando CSP, RSL e o Modelo PopOrg na Especificação Formal de Organizações de SMAs",2011.0,Raquel de Miranda Barbosa,Raquel,Barbosa,Brazil,BR,female,0.96,True,gender-guesser,first
234,"Usando CSP, RSL e o Modelo PopOrg na Especificação Formal de Organizações de SMAs",2011.0,Antônio Carlos da Rocha Costa,Antônio,Costa,Brazil,BR,male,0.99,True,Local Lexicon,middle
234,"Usando CSP, RSL e o Modelo PopOrg na Especificação Formal de Organizações de SMAs",2011.0,Patrícia C. de A. R. Tedesco,Patrícia,Tedesco,Brazil,BR,female,0.99,True,Local Lexicon,middle
234,"Usando CSP, RSL e o Modelo PopOrg na Especificação Formal de Organizações de SMAs",2011.0,Alexandre Mota,Alexandre,Mota,Brazil,BR,male,0.99,True,Local Lexicon,last
235,Aplicação de Agentes BDI com Percepção Fuzzy em um Modelo Presa-Predador Fuzzy,2011.0,Giovani Farias,Giovani,Farias,Brazil,BR,male,0.9856378449552021,True,NamSor API,first
235,Aplicação de Agentes BDI com Percepção Fuzzy em um Modelo Presa-Predador Fuzzy,2011.0,Graçaliz Pereira Dimuro,Graçaliz,Dimuro,Brazil,BR,unknown,0.5188568804738327,False,NamSor API,middle
235,Aplicação de Agentes BDI com Percepção Fuzzy em um Modelo Presa-Predador Fuzzy,2011.0,Antônio Carlos da Rocha Costa,Antônio,Costa,Brazil,BR,male,0.99,True,Local Lexicon,last
236,Um Sistema de Apoio à Decisão Baseado em Agentes para Tratamento de Ocorrências no Setor Elétrico,2011.0,Valdemar Vicente Graciano Neto,Valdemar,Neto,Brazil,BR,male,0.96,True,gender-guesser,first
236,Um Sistema de Apoio à Decisão Baseado em Agentes para Tratamento de Ocorrências no Setor Elétrico,2011.0,Ronneesley M. Teles,Ronneesley,Teles,Brazil,BR,unknown,0.6270214254356588,False,NamSor API,middle
236,Um Sistema de Apoio à Decisão Baseado em Agentes para Tratamento de Ocorrências no Setor Elétrico,2011.0,Marcos Ivamoto,Marcos,Ivamoto,Brazil,BR,male,0.99,True,Local Lexicon,middle
236,Um Sistema de Apoio à Decisão Baseado em Agentes para Tratamento de Ocorrências no Setor Elétrico,2011.0,Leonardo H. S. Mello,Leonardo,Mello,Brazil,BR,male,0.99,True,Local Lexicon,middle
236,Um Sistema de Apoio à Decisão Baseado em Agentes para Tratamento de Ocorrências no Setor Elétrico,2011.0,Cedric Luiz de Carvalho,Cedric,Carvalho,Brazil,BR,male,0.96,True,gender-guesser,last
237,"Identifying people who are talking about the same topic in social networks, even having a different cultural background",2011.0,Gilberto Astolfi,Gilberto,Astolfi,Brazil,BR,male,0.96,True,gender-guesser,first
237,"Identifying people who are talking about the same topic in social networks, even having a different cultural background",2011.0,Vanessa Maia Aguiar de Magalhães,Vanessa,Magalhães,Brazil,BR,female,0.99,True,Local Lexicon,middle
237,"Identifying people who are talking about the same topic in social networks, even having a different cultural background",2011.0,Marcos Alexandre Rose Silva,Marcos,Silva,Brazil,BR,male,0.99,True,Local Lexicon,middle
237,"Identifying people who are talking about the same topic in social networks, even having a different cultural background",2011.0,Júnia Coutinho Anacleto,Júnia,Anacleto,Brazil,BR,female,0.96,True,gender-guesser,last
238,Planejamento de um Serious Games Voltado para Saúde Bucal em Bebês,2011.0,Alana Marques de Morais,Alana,Morais,Brazil,BR,female,0.96,True,gender-guesser,first
238,Planejamento de um Serious Games Voltado para Saúde Bucal em Bebês,2011.0,Liliane dos Santos Machado,Liliane,Machado,Brazil,BR,female,0.96,True,gender-guesser,middle
238,Planejamento de um Serious Games Voltado para Saúde Bucal em Bebês,2011.0,Ana Maria Gondim Valença,Ana,Valença,Brazil,BR,female,0.99,True,Local Lexicon,last
239,Comparative Analyses of Power Consumption in Arithmetic Algorithms Implementation,2011.0,Alexandre Wagner Chagas Faria,Alexandre,Faria,Brazil,BR,male,0.99,True,Local Lexicon,first
239,Comparative Analyses of Power Consumption in Arithmetic Algorithms Implementation,2011.0,Leandro Pfleger de Aguiar,Leandro,Aguiar,Brazil,BR,male,0.99,True,Local Lexicon,middle
239,Comparative Analyses of Power Consumption in Arithmetic Algorithms Implementation,2011.0,Daniel Da Silva Diogo Lara,Daniel,Lara,Brazil,BR,male,0.99,True,Local Lexicon,middle
239,Comparative Analyses of Power Consumption in Arithmetic Algorithms Implementation,2011.0,Antônio A. F. Loureiro,Antônio,Loureiro,Brazil,BR,male,0.99,True,Local Lexicon,last
240,Detecção e Correção Automática de Estilos de Aprendizagem em Sistemas Adaptativos para Educação,2011.0,Fabiano A. Dorça,Fabiano,Dorça,Brazil,BR,male,0.96,True,gender-guesser,first
240,Detecção e Correção Automática de Estilos de Aprendizagem em Sistemas Adaptativos para Educação,2011.0,Luciano Vieira Lima,Luciano,Lima,Brazil,BR,male,0.99,True,Local Lexicon,middle
240,Detecção e Correção Automática de Estilos de Aprendizagem em Sistemas Adaptativos para Educação,2011.0,Márcia A. Fernandes,Márcia,Fernandes,Brazil,BR,female,0.96,True,gender-guesser,middle
240,Detecção e Correção Automática de Estilos de Aprendizagem em Sistemas Adaptativos para Educação,2011.0,Carlos R. Lopes,Carlos,Lopes,Brazil,BR,male,0.99,True,Local Lexicon,last
241,Sistema Pervasivo de Informação em Saúde Projetado para ser Programado pelo Usuário Clínico,2013.0,Alencar Machado,Alencar,Machado,Brazil,BR,male,0.990166696747778,True,NamSor API,first
241,Sistema Pervasivo de Informação em Saúde Projetado para ser Programado pelo Usuário Clínico,2013.0,Iara Augustin,Iara,Augustin,Brazil,BR,female,0.9844454334555273,True,NamSor API,last
242,Protocolo de Leilões Simultâneos com Escalonamento: Aplicação ao Problema de Planejamento de Movimentações de Derivados de Petróleo,2012.0,Roni F. Banaszewski,Roni,Banaszewski,Brazil,BR,male,0.96,True,gender-guesser,first
242,Protocolo de Leilões Simultâneos com Escalonamento: Aplicação ao Problema de Planejamento de Movimentações de Derivados de Petróleo,2012.0,Kelvin E. Nogueira,Kelvin,Nogueira,Brazil,BR,male,0.96,True,gender-guesser,middle
242,Protocolo de Leilões Simultâneos com Escalonamento: Aplicação ao Problema de Planejamento de Movimentações de Derivados de Petróleo,2012.0,Jean Marcelo Simão,Jean,Simão,Brazil,BR,male,0.96,True,gender-guesser,middle
242,Protocolo de Leilões Simultâneos com Escalonamento: Aplicação ao Problema de Planejamento de Movimentações de Derivados de Petróleo,2012.0,Lúcia Valéria Ramos de Arruda,Lúcia,Arruda,Brazil,BR,female,0.96,True,gender-guesser,middle
242,Protocolo de Leilões Simultâneos com Escalonamento: Aplicação ao Problema de Planejamento de Movimentações de Derivados de Petróleo,2012.0,César Augusto Tacla,César,Tacla,Brazil,BR,male,0.99,True,Local Lexicon,last
243,Utilização do Caminhamento Aleatório na Identificação de Características de Documentos na Língua Portuguesa,2012.0,Vagner Francisco Le Roy,Vagner,Roy,Argentina,AR,male,0.96,True,gender-guesser,first
243,Utilização do Caminhamento Aleatório na Identificação de Características de Documentos na Língua Portuguesa,2012.0,Ana Paula Ladeira,Ana,Ladeira,Argentina,AR,female,0.99,True,Local Lexicon,last
244,Uma Arquitetura Aberta e Orientada a Serviços para Softwares Assistentes Pessoais,2012.0,Saulo Popov Zambiasi,Saulo,Zambiasi,Brazil,BR,male,0.96,True,gender-guesser,first
244,Uma Arquitetura Aberta e Orientada a Serviços para Softwares Assistentes Pessoais,2012.0,Ricardo J. Rabelo,Ricardo,Rabelo,Brazil,BR,male,0.99,True,Local Lexicon,last
245,LTI Agent Rescue: A Partial Global Approach for Task Allocation in the RoboCup Rescue,2012.0,André Hahn Pereira,André,Pereira,Brazil,BR,male,0.98,True,Local Lexicon,first
245,LTI Agent Rescue: A Partial Global Approach for Task Allocation in the RoboCup Rescue,2012.0,Luis G. Nardin,Luis,Nardin,Brazil,BR,male,0.99,True,Local Lexicon,middle
245,LTI Agent Rescue: A Partial Global Approach for Task Allocation in the RoboCup Rescue,2012.0,Jaime Simão Sichman,Jaime,Sichman,Brazil,BR,male,0.96,True,gender-guesser,last
246,Estudo do Padrão Avançado de Criptografia AES – Advanced Encryption Standard,2013.0,Diogo Fernando Trevisan,Diogo,Trevisan,Brazil,BR,male,0.96,True,gender-guesser,first
246,Estudo do Padrão Avançado de Criptografia AES – Advanced Encryption Standard,2013.0,Rodrigo Sacchi,Rodrigo,Sacchi,Brazil,BR,male,0.99,True,Local Lexicon,middle
246,Estudo do Padrão Avançado de Criptografia AES – Advanced Encryption Standard,2013.0,Lino Sanabria,Lino,Sanabria,Brazil,BR,male,0.96,True,gender-guesser,last
247,Combinando Workflows e Semântica para Facilitar o Reuso de Software,2013.0,Luciano Antônio Digiampietri,Luciano,Digiampietri,Brazil,BR,male,0.99,True,Local Lexicon,first
247,Combinando Workflows e Semântica para Facilitar o Reuso de Software,2013.0,Jônatas Correa Araújo,Jônatas,Araújo,Brazil,BR,male,0.9587676721846033,True,NamSor API,middle
247,Combinando Workflows e Semântica para Facilitar o Reuso de Software,2013.0,Éric Hainer Ostroski,Éric,Ostroski,Brazil,BR,male,0.9985682949165579,True,NamSor API,middle
247,Combinando Workflows e Semântica para Facilitar o Reuso de Software,2013.0,Caio R. N. Santiago,Caio,Santiago,Brazil,BR,male,0.99,True,Local Lexicon,middle
247,Combinando Workflows e Semântica para Facilitar o Reuso de Software,2013.0,José De Jésus Pérez Alcázar,José,Alcázar,Brazil,BR,male,0.99,True,Local Lexicon,last
248,Common Dissimilarity Measures are Inappropriate for Time Series Clustering,2013.0,Cássio M. M. Pereira,Cássio,Pereira,Brazil,BR,male,0.930511392398365,True,NamSor API,first
248,Common Dissimilarity Measures are Inappropriate for Time Series Clustering,2013.0,Rodrigo Fernandes de Mello,Rodrigo,Mello,Brazil,BR,male,0.99,True,Local Lexicon,last
249,From UML to SIMULINK CAAM: Formal Specification and Transformation Analysis,2013.0,Luciana Foss,Luciana,Foss,Brazil,BR,female,0.99,True,Local Lexicon,first
249,From UML to SIMULINK CAAM: Formal Specification and Transformation Analysis,2013.0,Simone André da Costa Cavalheiro,Simone,Cavalheiro,Brazil,BR,female,0.95,True,Local Lexicon,middle
249,From UML to SIMULINK CAAM: Formal Specification and Transformation Analysis,2013.0,Nícolas Nogueira Bisi,Nícolas,Bisi,Brazil,BR,male,0.9926954918433887,True,NamSor API,middle
249,From UML to SIMULINK CAAM: Formal Specification and Transformation Analysis,2013.0,Vinícius Steffens Pazzini,Vinícius,Pazzini,Brazil,BR,male,0.99,True,Local Lexicon,middle
249,From UML to SIMULINK CAAM: Formal Specification and Transformation Analysis,2013.0,Lisane Brisolara,Lisane,Brisolara,Brazil,BR,female,0.9833544755468805,True,NamSor API,middle
249,From UML to SIMULINK CAAM: Formal Specification and Transformation Analysis,2013.0,Flávio Rech Wagner,Flávio,Wagner,Brazil,BR,male,0.96,True,gender-guesser,last
250,A Graph Grammar to Transform a Dataflow Graph into a Multithread Graph and its Application in Task Scheduling,2013.0,Cícero Augusto de S. Camargo,Cícero,Camargo,Brazil,BR,male,0.9738761295186789,True,NamSor API,first
250,A Graph Grammar to Transform a Dataflow Graph into a Multithread Graph and its Application in Task Scheduling,2013.0,Simone André da Costa Cavalheiro,Simone,Cavalheiro,Brazil,BR,female,0.95,True,Local Lexicon,middle
250,A Graph Grammar to Transform a Dataflow Graph into a Multithread Graph and its Application in Task Scheduling,2013.0,Luciana Foss,Luciana,Foss,Brazil,BR,female,0.99,True,Local Lexicon,middle
250,A Graph Grammar to Transform a Dataflow Graph into a Multithread Graph and its Application in Task Scheduling,2013.0,Gerson Geraldo H. Cavalheiro,Gerson,Cavalheiro,Brazil,BR,male,0.96,True,gender-guesser,last
251,Métodos Computacionais e Estatísticos no Estudo das Ondas de Frequência dos Sinais Eletroencefalográficos e o Envelhecimento: uma Abordagem Através da Análise Linear do Discriminante,2013.0,Lilian Ribeiro Mendes de Paiva,Lilian,Paiva,Brazil,BR,female,0.96,True,gender-guesser,first
251,Métodos Computacionais e Estatísticos no Estudo das Ondas de Frequência dos Sinais Eletroencefalográficos e o Envelhecimento: uma Abordagem Através da Análise Linear do Discriminante,2013.0,Adriano Alves Pereira,Adriano,Pereira,Brazil,BR,male,0.96,True,gender-guesser,middle
251,Métodos Computacionais e Estatísticos no Estudo das Ondas de Frequência dos Sinais Eletroencefalográficos e o Envelhecimento: uma Abordagem Através da Análise Linear do Discriminante,2013.0,Adriano de Oliveira Andrade,Adriano,Andrade,Brazil,BR,male,0.96,True,gender-guesser,last
252,Seleção Automática de Casos de Teste de Regressão Baseada em Similaridade e Valores,2013.0,Francisco Gomes Oliveira,Francisco,Oliveira,Brazil,BR,male,0.99,True,Local Lexicon,first
252,Seleção Automática de Casos de Teste de Regressão Baseada em Similaridade e Valores,2013.0,Patrícia D. L. Machado,Patrícia,Machado,Brazil,BR,female,0.99,True,Local Lexicon,last
253,Generating Integration Test Orders for Aspect Oriented Software with Multi-objective Algorithms,2013.0,Wesley K. G. Assunção,Wesley,Assunção,Brazil,BR,male,0.96,True,gender-guesser,first
253,Generating Integration Test Orders for Aspect Oriented Software with Multi-objective Algorithms,2013.0,Thelma Elita Colanzi,Thelma,Colanzi,Brazil,BR,female,0.96,True,gender-guesser,middle
253,Generating Integration Test Orders for Aspect Oriented Software with Multi-objective Algorithms,2013.0,Sílvia Regina Vergílio,Sílvia,Vergílio,Brazil,BR,female,0.99,True,Local Lexicon,middle
253,Generating Integration Test Orders for Aspect Oriented Software with Multi-objective Algorithms,2013.0,Aurora Pozo,Aurora,Pozo,Brazil,BR,female,0.96,True,gender-guesser,last
254,"Compilação Just-In-Time: Histórico, Arquitetura, Princípios e Sistemas",2013.0,George Souza Oliveira,George,Oliveira,Brazil,BR,male,0.96,True,gender-guesser,first
254,"Compilação Just-In-Time: Histórico, Arquitetura, Princípios e Sistemas",2013.0,Anderson Faustino da Silva,Anderson,Silva,Brazil,BR,male,0.96,True,gender-guesser,last
255,Aplicação de Modelos Intencionais e Sistemas Multiagentes para Estabelecer Políticas de Monitoração de Transparência de Software,2013.0,André Luiz de Castro Leal,André,Leal,Brazil,BR,male,0.98,True,Local Lexicon,first
255,Aplicação de Modelos Intencionais e Sistemas Multiagentes para Estabelecer Políticas de Monitoração de Transparência de Software,2013.0,Henrique Prado Sousa,Henrique,Sousa,Brazil,BR,male,0.96,True,gender-guesser,middle
255,Aplicação de Modelos Intencionais e Sistemas Multiagentes para Estabelecer Políticas de Monitoração de Transparência de Software,2013.0,Julio César Sampaio do Prado Leite,Julio,Leite,Brazil,BR,male,0.99,True,Local Lexicon,middle
255,Aplicação de Modelos Intencionais e Sistemas Multiagentes para Estabelecer Políticas de Monitoração de Transparência de Software,2013.0,Carlos Lucena,Carlos,Lucena,Brazil,BR,male,0.99,True,Local Lexicon,last
256,Um Sistema para Inspeções de Garantia da Qualidade Baseado em Ontologias e Agentes,2013.0,João Pablo Silva da Silva,João,Silva,Brazil,BR,male,0.99,True,Local Lexicon,first
256,Um Sistema para Inspeções de Garantia da Qualidade Baseado em Ontologias e Agentes,2013.0,Pablo Dall'Oglio,Pablo,Dalloglio,Brazil,BR,male,0.96,True,gender-guesser,middle
256,Um Sistema para Inspeções de Garantia da Qualidade Baseado em Ontologias e Agentes,2013.0,Sérgio Crespo Coelho da Silva Pinto,Sérgio,Pinto,Brazil,BR,male,0.99,True,Local Lexicon,middle
256,Um Sistema para Inspeções de Garantia da Qualidade Baseado em Ontologias e Agentes,2013.0,Ig Ibert Bittencourt,Ig,Bittencourt,Brazil,BR,male,0.9845231941040363,True,NamSor API,last
257,Avaliação de Desempenho da Política EBS para Escalonamento em Aplicações com Restrições de Máximo Tempo Médio de Resposta,2014.0,Alessandro Nakamuta,Alessandro,Nakamuta,Brazil,BR,male,0.96,True,gender-guesser,first
257,Avaliação de Desempenho da Política EBS para Escalonamento em Aplicações com Restrições de Máximo Tempo Médio de Resposta,2014.0,Lourenço Alves Pereira,Lourenço,Pereira,Brazil,BR,male,0.96,True,gender-guesser,middle
257,Avaliação de Desempenho da Política EBS para Escalonamento em Aplicações com Restrições de Máximo Tempo Médio de Resposta,2014.0,Francisco José Monaco,Francisco,Monaco,Brazil,BR,male,0.99,True,Local Lexicon,last
258,Uma introdução ao tema Recuperação de Informações Textuais,2013.0,Fabrício J. Barth,Fabrício,Barth,Unknown,,male,0.9728807742539187,True,NamSor API,first
259,Intrusion Detection in Unstructured Contexts Using On-line Clustering and Novelty Detection,2013.0,Eduardo Alves Ferreira,Eduardo,Ferreira,Unknown,,male,0.99,True,Local Lexicon,first
259,Intrusion Detection in Unstructured Contexts Using On-line Clustering and Novelty Detection,2013.0,Rodrigo Fernandes de Mello,Rodrigo,Mello,Unknown,,male,0.99,True,Local Lexicon,last
260,PColorAnt3-RT: Um Algoritmo ACO Paralelo para Coloração de Grafos,2013.0,Carla Négri Lintzmayer,Carla,Lintzmayer,Brazil,BR,female,0.96,True,gender-guesser,first
260,PColorAnt3-RT: Um Algoritmo ACO Paralelo para Coloração de Grafos,2013.0,Mauro Henrique Mulati,Mauro,Mulati,Brazil,BR,male,0.96,True,gender-guesser,middle
260,PColorAnt3-RT: Um Algoritmo ACO Paralelo para Coloração de Grafos,2013.0,Anderson Faustino da Silva,Anderson,Silva,Brazil,BR,male,0.96,True,gender-guesser,last
261,Decision making for a delivery robot through a fuzzy system,2013.0,Murillo Rehder Batista,Murillo,Batista,Brazil,BR,male,0.9838249929923543,True,NamSor API,first
261,Decision making for a delivery robot through a fuzzy system,2013.0,Roseli Aparecida Francelin Romero,Roseli,Romero,Brazil,BR,female,0.9455519502797496,True,NamSor API,last
262,"Serviços em Redes Futuras: Objetivos, Tecnologias e Comparação de Iniciativas",2013.0,Rodrigo Brandão,Rodrigo,Brandão,Brazil,BR,male,0.99,True,Local Lexicon,first
262,"Serviços em Redes Futuras: Objetivos, Tecnologias e Comparação de Iniciativas",2013.0,Agostinho Manuel Vaz,Agostinho,Vaz,Brazil,BR,male,0.96,True,gender-guesser,middle
262,"Serviços em Redes Futuras: Objetivos, Tecnologias e Comparação de Iniciativas",2013.0,Antônio Marcos Alberti,Antônio,Alberti,Brazil,BR,male,0.99,True,Local Lexicon,last
263,Um Sistema de Realização Superficial para Geração de Textos em Português,2013.0,Douglas Fernandes Pereira da Silva,Douglas,Silva,Brazil,BR,male,0.96,True,gender-guesser,first
263,Um Sistema de Realização Superficial para Geração de Textos em Português,2013.0,Eder Miranda de Novais,Eder,Novais,Brazil,BR,male,0.9172809956201462,True,NamSor API,middle
263,Um Sistema de Realização Superficial para Geração de Textos em Português,2013.0,Ivandré Paraboni,Ivandré,Paraboni,Brazil,BR,unknown,0.7260724138571563,False,NamSor API,last
264,Deterministic and efficient minimal perfect hashing schemes,2013.0,Leandro M. Zatesko,Leandro,Zatesko,Brazil,BR,male,0.99,True,Local Lexicon,first
264,Deterministic and efficient minimal perfect hashing schemes,2013.0,Jair Donadelli,Jair,Donadelli,Brazil,BR,male,0.96,True,gender-guesser,last
265,Uma Abordagem para Jogos Bayesianos Fuzzy com base na Probabilidade Fuzzy de Buckley,2013.0,Tiago Cruz Asmus,Tiago,Asmus,Brazil,BR,male,0.99,True,Local Lexicon,first
265,Uma Abordagem para Jogos Bayesianos Fuzzy com base na Probabilidade Fuzzy de Buckley,2013.0,Graçaliz Pereira Dimuro,Graçaliz,Dimuro,Brazil,BR,unknown,0.5188568804738327,False,NamSor API,last
266,Uma Avaliação do Esquema de Gerenciamento de Chave Baseado em Identidade Identity Key Management,2013.0,Eduardo da Silva,Eduardo,Silva,Brazil,BR,male,0.99,True,Local Lexicon,first
266,Uma Avaliação do Esquema de Gerenciamento de Chave Baseado em Identidade Identity Key Management,2013.0,Luiz Carlos Pessoa Albini,Luiz,Albini,Brazil,BR,male,0.99,True,Local Lexicon,middle
266,Uma Avaliação do Esquema de Gerenciamento de Chave Baseado em Identidade Identity Key Management,2013.0,Murilo W. S. Lima,Murilo,Lima,Brazil,BR,unknown,0.7417692044113027,False,NamSor API,last
267,Simulação do Espalhamento da Influenza na Cidade de Cascavel-PR Utilizando Agentes Computacionais,2013.0,Marcos Paulo Nicoletti,Marcos,Nicoletti,Brazil,BR,male,0.99,True,Local Lexicon,first
267,Simulação do Espalhamento da Influenza na Cidade de Cascavel-PR Utilizando Agentes Computacionais,2013.0,Claudia Brandelero Rizzi,Claudia,Rizzi,Brazil,BR,female,0.99,True,Local Lexicon,middle
267,Simulação do Espalhamento da Influenza na Cidade de Cascavel-PR Utilizando Agentes Computacionais,2013.0,Rogério Luís Rizzi,Rogério,Rizzi,Brazil,BR,male,0.96,True,gender-guesser,last
268,Independent learners in abstract traffic scenarios,2013.0,Anderson Rocha Tavares,Anderson,Tavares,Brazil,BR,male,0.96,True,gender-guesser,first
268,Independent learners in abstract traffic scenarios,2013.0,Ana L. C. Bazzan,Ana,Bazzan,Brazil,BR,female,0.99,True,Local Lexicon,last
269,Aplicando Conceitos de Sistemas Multiagentes na Elaboração de um Jogo de Estratégia Simulado,2013.0,José Rodrigo Neri,José,Neri,Brazil,BR,male,0.99,True,Local Lexicon,first
269,Aplicando Conceitos de Sistemas Multiagentes na Elaboração de um Jogo de Estratégia Simulado,2013.0,Maicon Rafael Zatelli,Maicon,Zatelli,Brazil,BR,male,0.9339077621300607,True,NamSor API,middle
269,Aplicando Conceitos de Sistemas Multiagentes na Elaboração de um Jogo de Estratégia Simulado,2013.0,Daniela Maria Uez,Daniela,Uez,Brazil,BR,female,0.99,True,Local Lexicon,middle
269,Aplicando Conceitos de Sistemas Multiagentes na Elaboração de um Jogo de Estratégia Simulado,2013.0,Rafael Frizzo Callegaro,Rafael,Callegaro,Brazil,BR,male,0.99,True,Local Lexicon,last
270,Extending the RoboCup Rescue to Support Stigmergy: Experiments and Results,2013.0,Fernando dos Santos,Fernando,Santos,Brazil,BR,male,0.99,True,Local Lexicon,first
270,Extending the RoboCup Rescue to Support Stigmergy: Experiments and Results,2013.0,Gabriel Rigo da Cruz Jacobsen,Gabriel,Jacobsen,Brazil,BR,male,0.99,True,Local Lexicon,middle
270,Extending the RoboCup Rescue to Support Stigmergy: Experiments and Results,2013.0,Carlos Alberto Barth,Carlos,Barth,Brazil,BR,male,0.99,True,Local Lexicon,last
271,On the Influence of Latent Semantic Analysis Parameterization for Bug Localization,2013.0,Marcelo de Almeida Maia,Marcelo,Maia,Brazil,BR,male,0.99,True,Local Lexicon,first
271,On the Influence of Latent Semantic Analysis Parameterization for Bug Localization,2013.0,Allysson Costa e Silva,Allysson,Silva,Brazil,BR,male,0.9418783008994951,True,NamSor API,middle
271,On the Influence of Latent Semantic Analysis Parameterization for Bug Localization,2013.0,Ilmério Reis da Silva,Ilmério,Silva,Brazil,BR,unknown,0.5465805441472171,False,NamSor API,last
272,Modelagem de Tráfego VoIP Utilizando Misturas Gaussianas Ajustadas por Algoritmo de Maximização de Esperança e Comprimento de Descrição Mínimo,2013.0,Cheila Mendes de Oliveira,Cheila,Oliveira,Brazil,BR,female,0.9999805836424408,True,NamSor API,first
272,Modelagem de Tráfego VoIP Utilizando Misturas Gaussianas Ajustadas por Algoritmo de Maximização de Esperança e Comprimento de Descrição Mínimo,2013.0,Rosana De Paula Lucas,Rosana,Lucas,Brazil,BR,female,0.96,True,gender-guesser,middle
272,Modelagem de Tráfego VoIP Utilizando Misturas Gaussianas Ajustadas por Algoritmo de Maximização de Esperança e Comprimento de Descrição Mínimo,2013.0,Flávio Henrique Teles Vieira,Flávio,Vieira,Brazil,BR,male,0.96,True,gender-guesser,last
273,Aplicação de Modelos de Aprendizado Semissupervisionado na Classificação de Imagens de Sensoriamento Remoto,2013.0,Rogério Galante Negri,Rogério,Negri,Brazil,BR,male,0.96,True,gender-guesser,first
273,Aplicação de Modelos de Aprendizado Semissupervisionado na Classificação de Imagens de Sensoriamento Remoto,2013.0,Sidnei J. S. Sant’Anna,Sidnei,Sant’Anna,Brazil,BR,male,0.9086570457279678,True,NamSor API,middle
273,Aplicação de Modelos de Aprendizado Semissupervisionado na Classificação de Imagens de Sensoriamento Remoto,2013.0,Luciano Vieira Dutra,Luciano,Dutra,Brazil,BR,male,0.99,True,Local Lexicon,last
274,"Prolog: A Linguagem, A Máquina Abstrata de Warren e Implementações",2013.0,George Souza Oliveira,George,Oliveira,Brazil,BR,male,0.96,True,gender-guesser,first
274,"Prolog: A Linguagem, A Máquina Abstrata de Warren e Implementações",2013.0,Anderson Faustino da Silva,Anderson,Silva,Brazil,BR,male,0.96,True,gender-guesser,last
275,Seleção de Transformações Baseada em Estatística,2013.0,Ewerton Daniel de Lima,Ewerton,Lima,Brazil,BR,male,0.9958845092563426,True,NamSor API,first
275,Seleção de Transformações Baseada em Estatística,2013.0,Tiago Xavier,Tiago,Xavier,Brazil,BR,male,0.99,True,Local Lexicon,middle
275,Seleção de Transformações Baseada em Estatística,2013.0,Anderson Faustino da Silva,Anderson,Silva,Brazil,BR,male,0.96,True,gender-guesser,last
276,Teste de Linha de Produto de Software Baseado em Mutação de Variabilidades,2014.0,Marcos Antonio Quináia,Marcos,Quináia,Brazil,BR,male,0.99,True,Local Lexicon,first
276,Teste de Linha de Produto de Software Baseado em Mutação de Variabilidades,2014.0,Johnny Maikeo Ferreira,Johnny,Ferreira,Brazil,BR,male,0.96,True,gender-guesser,middle
276,Teste de Linha de Produto de Software Baseado em Mutação de Variabilidades,2014.0,Sílvia Regina Vergílio,Sílvia,Vergílio,Brazil,BR,female,0.99,True,Local Lexicon,last
277,Analysis of Using Metric Access Methods for Visual Search of Objects in Video Databases,2014.0,Henrique Batista da Silva,Henrique,Silva,Brazil,BR,male,0.96,True,gender-guesser,first
277,Analysis of Using Metric Access Methods for Visual Search of Objects in Video Databases,2014.0,Zenilton K. G. Patrocínio,Zenilton,Patrocínio,Brazil,BR,male,0.884630050843543,True,NamSor API,middle
277,Analysis of Using Metric Access Methods for Visual Search of Objects in Video Databases,2014.0,Silvio Jamil F. Guimarães,Silvio,Guimarães,Brazil,BR,male,0.96,True,gender-guesser,last
278,Filtragem Wavelet de Sinais Cardíacos através de Algoritmos Adaptativos,2013.0,Guilherme Perin,Guilherme,Perin,Brazil,BR,male,0.99,True,Local Lexicon,first
278,Filtragem Wavelet de Sinais Cardíacos através de Algoritmos Adaptativos,2013.0,Alice Kozakevicius,Alice,Kozakevicius,Brazil,BR,female,0.96,True,gender-guesser,last
279,Uma Estratégia Baseada em Difusão de Informação para Determinação de Conteúdos Relevantes e Usuários Influentes em Redes Sociais,2013.0,Hérico Valiati,Hérico,Valiati,United States,US,male,0.9936193269100313,True,NamSor API,first
279,Uma Estratégia Baseada em Difusão de Informação para Determinação de Conteúdos Relevantes e Usuários Influentes em Redes Sociais,2013.0,Arlei Silva,Arlei,Silva,United States,US,male,0.8382406791803126,True,NamSor API,middle
279,Uma Estratégia Baseada em Difusão de Informação para Determinação de Conteúdos Relevantes e Usuários Influentes em Redes Sociais,2013.0,Sara Guimarães,Sara,Guimarães,United States,US,female,0.96,True,gender-guesser,middle
279,Uma Estratégia Baseada em Difusão de Informação para Determinação de Conteúdos Relevantes e Usuários Influentes em Redes Sociais,2013.0,Wagner Meira,Wagner,Meira,United States,US,male,0.96,True,gender-guesser,last
280,Support Vector Machines and Kernel Functions for Text Processing,2013.0,Celso A. A. Kaestner,Celso,Kaestner,Brazil,BR,male,0.96,True,gender-guesser,first
281,Assessing the Semiotic Inspection Method – The Evaluators’ Perspective,2013.0,Soraia Reis,Soraia,Reis,Brazil,BR,female,0.9997457175680609,True,NamSor API,first
281,Assessing the Semiotic Inspection Method – The Evaluators’ Perspective,2013.0,Raquel Oliveira Prates,Raquel,Prates,Brazil,BR,female,0.96,True,gender-guesser,last
282,Expressiveness of Automatic Semantic Web Service Composition Approaches: A Survey based on Workﬂow Patterns,2014.0,Evando Carlos Pessini,Evando,Pessini,Brazil,BR,male,0.9924966053123696,True,NamSor API,first
283,Introdução aos Sistemas de Recomendação para Grupos,2014.0,Lucas Resende de Carvalho,Lucas,Carvalho,Brazil,BR,male,0.99,True,Local Lexicon,first
283,Introdução aos Sistemas de Recomendação para Grupos,2014.0,Hendrik Macedo,Hendrik,Macedo,Brazil,BR,male,0.96,True,gender-guesser,last
284,Seleção de Casos de Teste para Agentes Racionais,2014.0,Raquel Silveira,Raquel,Silveira,Brazil,BR,female,0.96,True,gender-guesser,first
284,Seleção de Casos de Teste para Agentes Racionais,2014.0,Gustavo Lima de Campos,Gustavo,Campos,Brazil,BR,male,0.99,True,Local Lexicon,middle
284,Seleção de Casos de Teste para Agentes Racionais,2014.0,Mariela I. Cortés,Mariela,Cortés,Brazil,BR,female,0.96,True,gender-guesser,last
285,XIRU: Interface de Rede Extensível para Integração de Núcleos a uma Rede-em-Chip,2014.0,Douglas R. Melo,Douglas,Melo,Brazil,BR,male,0.96,True,gender-guesser,first
285,XIRU: Interface de Rede Extensível para Integração de Núcleos a uma Rede-em-Chip,2014.0,Michelle Silva Wangham,Michelle,Wangham,Brazil,BR,female,0.96,True,gender-guesser,middle
285,XIRU: Interface de Rede Extensível para Integração de Núcleos a uma Rede-em-Chip,2014.0,Cesar Albenes Zeferino,Cesar,Zeferino,Brazil,BR,male,0.99,True,Local Lexicon,last
286,Segurança em Redes-em-Chip: Conceitos e Revisão do Estado da Arte,2014.0,Cesar Albenes Zeferino,Cesar,Zeferino,Brazil,BR,male,0.99,True,Local Lexicon,first
286,Segurança em Redes-em-Chip: Conceitos e Revisão do Estado da Arte,2014.0,Sidnei Baron,Sidnei,Baron,Brazil,BR,male,0.9086570457279678,True,NamSor API,middle
286,Segurança em Redes-em-Chip: Conceitos e Revisão do Estado da Arte,2014.0,Michelle Silva Wangham,Michelle,Wangham,Brazil,BR,female,0.96,True,gender-guesser,last
287,O Teste de Mutação apoiado pelo Algoritmo Genético Coevolucionário com Classificação Genética Controlada,2014.0,André Assis Lôbo de Oliveira,André,Oliveira,Brazil,BR,male,0.98,True,Local Lexicon,first
287,O Teste de Mutação apoiado pelo Algoritmo Genético Coevolucionário com Classificação Genética Controlada,2014.0,Celso G. Camilo-Junior,Celso,Camilo-Junior,Brazil,BR,male,0.96,True,gender-guesser,middle
287,O Teste de Mutação apoiado pelo Algoritmo Genético Coevolucionário com Classificação Genética Controlada,2014.0,Auri Marcelo Rizzo Vincenzi,Auri,Vincenzi,Brazil,BR,female,0.96,True,gender-guesser,last
288,Local Binary Patterns Applied to Breast Cancer Classification in Mammographies,2014.0,Eanes Torres Pereira,Eanes,Pereira,Brazil,BR,unknown,0.5191335324581171,False,NamSor API,first
288,Local Binary Patterns Applied to Breast Cancer Classification in Mammographies,2014.0,Sidney Pimentel Eleutério,Sidney,Eleutério,Brazil,BR,male,0.9106410767487263,True,NamSor API,middle
288,Local Binary Patterns Applied to Breast Cancer Classification in Mammographies,2014.0,João Marques Carvalho,João,Carvalho,Brazil,BR,male,0.99,True,Local Lexicon,last
289,Comparativo entre o algoritmo de Luhn e o algoritmo GistSumm para sumarização de documentos,2015.0,E Muller,,,Brazil,BR,unknown,0.0,False,Initial / Abbreviated,first
289,Comparativo entre o algoritmo de Luhn e o algoritmo GistSumm para sumarização de documentos,2015.0,Jones Granatyr,Jones,Granatyr,Brazil,BR,male,0.96,True,gender-guesser,middle
289,Comparativo entre o algoritmo de Luhn e o algoritmo GistSumm para sumarização de documentos,2015.0,Otto Robert Lessing,Otto,Lessing,Brazil,BR,male,0.96,True,gender-guesser,last
290,Do multiple sclerosis lesions affect the outcome of magnetic resonance image registration?,2014.0,Paulo Guilherme de Lima Freire,Paulo,Freire,Brazil,BR,male,0.99,True,Local Lexicon,first
290,Do multiple sclerosis lesions affect the outcome of magnetic resonance image registration?,2014.0,Ricardo J. Ferrari,Ricardo,Ferrari,Brazil,BR,male,0.99,True,Local Lexicon,last
291,Tutorial Sobre o Uso de Técnicas para Controle de Parâmetros em Algoritmos de Inteligência de Enxame e Computação Evolutiva,2014.0,Leanderson André,Leanderson,André,Brazil,BR,male,0.9960742936226146,True,NamSor API,first
291,Tutorial Sobre o Uso de Técnicas para Controle de Parâmetros em Algoritmos de Inteligência de Enxame e Computação Evolutiva,2014.0,Rafael Stubs Parpinelli,Rafael,Parpinelli,Brazil,BR,male,0.99,True,Local Lexicon,last
292,Reconhecimento de Padrões em Tecnologia Portável – Um Estudo de Caso,2015.0,Geisla de Albuquerque Melo,Geisla,Melo,Brazil,BR,female,0.999850637640907,True,NamSor API,first
292,Reconhecimento de Padrões em Tecnologia Portável – Um Estudo de Caso,2015.0,Ivo Mário Mathias,Ivo,Mathias,Brazil,BR,male,0.96,True,gender-guesser,middle
292,Reconhecimento de Padrões em Tecnologia Portável – Um Estudo de Caso,2015.0,Ariângelo Hauer Dias,Ariângelo,Dias,Brazil,BR,unknown,0.5665254942716063,False,NamSor API,last
293,Predição do tráfego de rede de computadores usando redes neurais tradicionais e de aprendizagem profunda,2015.0,Tiago Prado Oliveira,Tiago,Oliveira,Brazil,BR,male,0.99,True,Local Lexicon,first
293,Predição do tráfego de rede de computadores usando redes neurais tradicionais e de aprendizagem profunda,2015.0,Jamil Salém Barbar,Jamil,Barbar,Brazil,BR,male,0.96,True,gender-guesser,middle
293,Predição do tráfego de rede de computadores usando redes neurais tradicionais e de aprendizagem profunda,2015.0,Alexsandro Santos Soares,Alexsandro,Soares,Brazil,BR,male,0.9993102315151158,True,NamSor API,last
294,Predição de função de proteínas através da extração de características físico-químicas,2015.0,Thiago Assis De Oliveira Rodrigues,Thiago,Rodrigues,Brazil,BR,male,0.99,True,Local Lexicon,first
294,Predição de função de proteínas através da extração de características físico-químicas,2015.0,Larissa Fernandes Leijôto,Larissa,Leijôto,Brazil,BR,female,0.99,True,Local Lexicon,middle
294,Predição de função de proteínas através da extração de características físico-químicas,2015.0,Poliane C. Oliveira Brandão,Poliane,Brandão,Brazil,BR,female,0.9997994438224292,True,NamSor API,middle
294,Predição de função de proteínas através da extração de características físico-químicas,2015.0,Cristiane Neri Nobre,Cristiane,Nobre,Brazil,BR,female,0.999752531169934,True,NamSor API,last
295,SciPy and OpenCV as an interactive computing environment for computer vision,2015.0,Thiago Teixeira Santos,Thiago,Santos,Brazil,BR,male,0.99,True,Local Lexicon,first
296,Visual Computing and Machine Learning Techniques for Digital Forensics,2015.0,Tiago Carvalho,Tiago,Carvalho,Brazil,BR,male,0.99,True,Local Lexicon,first
296,Visual Computing and Machine Learning Techniques for Digital Forensics,2015.0,Hélio Pedrini,Hélio,Pedrini,Brazil,BR,male,0.99,True,Local Lexicon,middle
296,Visual Computing and Machine Learning Techniques for Digital Forensics,2015.0,Anderson de Rezende Rocha,Anderson,Rocha,Brazil,BR,male,0.96,True,gender-guesser,last
297,Programação matemática e imersões métricas para aproximações em problemas de corte,2015.0,Santiago Viertel,Santiago,Viertel,Brazil,BR,male,0.96,True,gender-guesser,first
297,Programação matemática e imersões métricas para aproximações em problemas de corte,2015.0,André L. Vignatti,André,Vignatti,Brazil,BR,male,0.98,True,Local Lexicon,last
298,Proof Tactics for Theorem Proving Graph Grammars through Rodin,2015.0,Luiz Carlos Lemor,Luiz,Lemor,Unknown,,male,0.99,True,Local Lexicon,first
298,Proof Tactics for Theorem Proving Graph Grammars through Rodin,2015.0,Simone André da Costa Cavalheiro,Simone,Cavalheiro,Unknown,,female,0.95,True,Local Lexicon,middle
298,Proof Tactics for Theorem Proving Graph Grammars through Rodin,2015.0,Luciana Foss,Luciana,Foss,Unknown,,female,0.99,True,Local Lexicon,last
299,QJava: A Monadic Java Library for Quantum Programming,2015.0,Juliana Kaizer Vizzotto,Juliana,Vizzotto,Brazil,BR,female,0.99,True,Local Lexicon,first
299,QJava: A Monadic Java Library for Quantum Programming,2015.0,Bruno Crestani Calegaro,Bruno,Calegaro,Brazil,BR,male,0.99,True,Local Lexicon,last
300,Deconvolução Cega Aplicada à Correção de Artefatos de Movimento em Imagens de Vídeo de Microscopia Intravital para Detecção Automática de Leucócitos,2015.0,Carlos Henrique Villa Pinto,Carlos,Pinto,Brazil,BR,male,0.99,True,Local Lexicon,first
300,Deconvolução Cega Aplicada à Correção de Artefatos de Movimento em Imagens de Vídeo de Microscopia Intravital para Detecção Automática de Leucócitos,2015.0,Bruno C. Gregório da Silva,Bruno,Silva,Brazil,BR,male,0.99,True,Local Lexicon,middle
300,Deconvolução Cega Aplicada à Correção de Artefatos de Movimento em Imagens de Vídeo de Microscopia Intravital para Detecção Automática de Leucócitos,2015.0,Paulo Guilherme de Lima Freire,Paulo,Freire,Brazil,BR,male,0.99,True,Local Lexicon,middle
300,Deconvolução Cega Aplicada à Correção de Artefatos de Movimento em Imagens de Vídeo de Microscopia Intravital para Detecção Automática de Leucócitos,2015.0,Danielle Bernardes,Danielle,Bernardes,Brazil,BR,female,0.96,True,gender-guesser,middle
300,Deconvolução Cega Aplicada à Correção de Artefatos de Movimento em Imagens de Vídeo de Microscopia Intravital para Detecção Automática de Leucócitos,2015.0,Juliana Carvalho‐Tavares,Juliana,Carvalho‐Tavares,Brazil,BR,female,0.99,True,Local Lexicon,middle
300,Deconvolução Cega Aplicada à Correção de Artefatos de Movimento em Imagens de Vídeo de Microscopia Intravital para Detecção Automática de Leucócitos,2015.0,Ricardo J. Ferrari,Ricardo,Ferrari,Brazil,BR,male,0.99,True,Local Lexicon,last
301,Software para Auxílio no Processo de Elaboração do Cariótipo,2015.0,Guilherme Chagas Kurtz,Guilherme,Kurtz,Brazil,BR,male,0.99,True,Local Lexicon,first
301,Software para Auxílio no Processo de Elaboração do Cariótipo,2015.0,Gustavo Stangherlin Cantarelli,Gustavo,Cantarelli,Brazil,BR,male,0.99,True,Local Lexicon,middle
301,Software para Auxílio no Processo de Elaboração do Cariótipo,2015.0,Michele Rorato Sagrillo,Michele,Sagrillo,Brazil,BR,female,0.96,True,gender-guesser,middle
301,Software para Auxílio no Processo de Elaboração do Cariótipo,2015.0,Fernando Gomes Pires,Fernando,Pires,Brazil,BR,male,0.99,True,Local Lexicon,last
302,Coverage Criteria for Set-Based Specifications,2015.0,Maximiliano Cristiá,Maximiliano,Cristiá,Argentina,AR,male,0.96,True,gender-guesser,first
302,Coverage Criteria for Set-Based Specifications,2015.0,Joaquín Cuenca,Joaquín,Cuenca,Argentina,AR,male,0.96,True,gender-guesser,middle
302,Coverage Criteria for Set-Based Specifications,2015.0,Claudia Frydman,Claudia,Frydman,Argentina,AR,female,0.99,True,Local Lexicon,last
303,Identificação de Viabilidade de Leveduras Com Corante Vital Utilizando Histogramas de Palavras Visuais em Imagens Coloridas,2015.0,Junior Silva Souza,Junior,Souza,Brazil,BR,male,0.9976525821596244,True,NamSor API,first
303,Identificação de Viabilidade de Leveduras Com Corante Vital Utilizando Histogramas de Palavras Visuais em Imagens Coloridas,2015.0,Hemerson Pistori,Hemerson,Pistori,Brazil,BR,male,0.9816376135969236,True,NamSor API,middle
303,Identificação de Viabilidade de Leveduras Com Corante Vital Utilizando Histogramas de Palavras Visuais em Imagens Coloridas,2015.0,Marney Pascoli Cereda,Marney,Cereda,Brazil,BR,unknown,0.6806124063572914,False,NamSor API,middle
303,Identificação de Viabilidade de Leveduras Com Corante Vital Utilizando Histogramas de Palavras Visuais em Imagens Coloridas,2015.0,Wesley Nunes Gonçalves,Wesley,Gonçalves,Brazil,BR,male,0.96,True,gender-guesser,middle
303,Identificação de Viabilidade de Leveduras Com Corante Vital Utilizando Histogramas de Palavras Visuais em Imagens Coloridas,2015.0,Valguima Odakura,Valguima,Odakura,Brazil,BR,female,0.7514138929001686,True,NamSor API,last
304,Huginn for Jason: Uma arquitetura para agentes normativos,2015.0,Tiago Luiz Schmitz,Tiago,Schmitz,Brazil,BR,male,0.99,True,Local Lexicon,first
304,Huginn for Jason: Uma arquitetura para agentes normativos,2015.0,Jomi Fred Hübner,Jomi,Hübner,Brazil,BR,male,0.8698787096769424,True,NamSor API,last
305,Abordagem Proativa para a Gestão Integrada dos Trabalhos de Projeto,2015.0,Nécio L. Veras,Nécio,Veras,Brazil,BR,male,0.9945107269373493,True,NamSor API,first
305,Abordagem Proativa para a Gestão Integrada dos Trabalhos de Projeto,2015.0,Mariela I. Cortés,Mariela,Cortés,Brazil,BR,female,0.96,True,gender-guesser,middle
305,Abordagem Proativa para a Gestão Integrada dos Trabalhos de Projeto,2015.0,Anderson C. P. Queiroz,Anderson,Queiroz,Brazil,BR,male,0.96,True,gender-guesser,middle
305,Abordagem Proativa para a Gestão Integrada dos Trabalhos de Projeto,2015.0,Leandro L. C. de Souza,Leandro,Souza,Brazil,BR,male,0.99,True,Local Lexicon,last
306,Estudo Comparativo entre as Redes Neurais Artificiais MLP e RBF para Previsão de Cheias em Curto Prazo,2015.0,Daniel Gomes Soares,Daniel,Soares,Brazil,BR,male,0.99,True,Local Lexicon,first
306,Estudo Comparativo entre as Redes Neurais Artificiais MLP e RBF para Previsão de Cheias em Curto Prazo,2015.0,Raimundo Celeste Ghizoni Teive,Raimundo,Teive,Brazil,BR,male,0.96,True,gender-guesser,last
307,Recuperação de modelos médicos por conteúdo usando Extrator Local de Área e Distância,2015.0,Pedro Henrique Morais Delmondes,Pedro,Delmondes,Brazil,BR,male,0.99,True,Local Lexicon,first
307,Recuperação de modelos médicos por conteúdo usando Extrator Local de Área e Distância,2015.0,Leila Cristina Carneiro Bergamasco,Leila,Bergamasco,Brazil,BR,female,0.96,True,gender-guesser,middle
307,Recuperação de modelos médicos por conteúdo usando Extrator Local de Área e Distância,2015.0,Fátima L. S. Nunes,Fátima,Nunes,Brazil,BR,female,0.96,True,gender-guesser,last
308,Linguagens de consulta para bases de dados em grafos: um mapeamento sistemático,2016.0,Simone de Oliveira Santos,Simone,Santos,Brazil,BR,female,0.95,True,Local Lexicon,first
308,Linguagens de consulta para bases de dados em grafos: um mapeamento sistemático,2016.0,Martín A. Musicante,Martín,Musicante,Brazil,BR,male,0.96,True,gender-guesser,middle
308,Linguagens de consulta para bases de dados em grafos: um mapeamento sistemático,2016.0,Mírian Halfeld Ferrari,Mírian,Ferrari,Brazil,BR,female,0.9938042019562907,True,NamSor API,last
309,Classificador de imagens de pulmão utilizando wavelets de Haar e distância de Mahalanobis,2015.0,Rafaelo Pinheiro da Rosa,Rafaelo,Rosa,Brazil,BR,male,0.9914991563414743,True,NamSor API,first
309,Classificador de imagens de pulmão utilizando wavelets de Haar e distância de Mahalanobis,2015.0,Marcelo Arrais Porto,Marcelo,Porto,Brazil,BR,male,0.99,True,Local Lexicon,middle
309,Classificador de imagens de pulmão utilizando wavelets de Haar e distância de Mahalanobis,2015.0,Alice Kozakevicius,Alice,Kozakevicius,Brazil,BR,female,0.96,True,gender-guesser,last
310,Evolução Diferencial com ensemble de Operadores de Mutação em GPGPUs para o Despacho Econômico de Energia Elétrica,2016.0,Gustavo H. Czaikoski,Gustavo,Czaikoski,Brazil,BR,male,0.99,True,Local Lexicon,first
310,Evolução Diferencial com ensemble de Operadores de Mutação em GPGPUs para o Despacho Econômico de Energia Elétrica,2016.0,Paulo Roberto Urio,Paulo,Urio,Brazil,BR,male,0.99,True,Local Lexicon,middle
310,Evolução Diferencial com ensemble de Operadores de Mutação em GPGPUs para o Despacho Econômico de Energia Elétrica,2016.0,Richard A. Gonçalves,Richard,Gonçalves,Brazil,BR,male,0.96,True,gender-guesser,middle
310,Evolução Diferencial com ensemble de Operadores de Mutação em GPGPUs para o Despacho Econômico de Energia Elétrica,2016.0,Carolina P. Almeida,Carolina,Almeida,Brazil,BR,female,0.99,True,Local Lexicon,middle
310,Evolução Diferencial com ensemble de Operadores de Mutação em GPGPUs para o Despacho Econômico de Energia Elétrica,2016.0,Josiel N. Kuk,Josiel,Kuk,Brazil,BR,male,0.9991039025815136,True,NamSor API,middle
310,Evolução Diferencial com ensemble de Operadores de Mutação em GPGPUs para o Despacho Econômico de Energia Elétrica,2016.0,Sandra M. Venske,Sandra,Venske,Brazil,BR,female,0.99,True,Local Lexicon,last
311,O Potencial do Uso de Estimativas de Desempenho na Exploração de Conjuntos de Otimizações,2015.0,Anderson Faustino da Silva,Anderson,Silva,Brazil,BR,male,0.96,True,gender-guesser,first
311,O Potencial do Uso de Estimativas de Desempenho na Exploração de Conjuntos de Otimizações,2015.0,Vanderson Martins Rosario,Vanderson,Rosario,Brazil,BR,male,0.9329761896948745,True,NamSor API,last
312,Detecção de Tubos em Imagens Radiográficas Digitais,2016.0,Márlon de Oliveira Vaz,Márlon,Vaz,Brazil,BR,male,0.9951926730104506,True,NamSor API,first
312,Detecção de Tubos em Imagens Radiográficas Digitais,2016.0,Tânia Mezzadri Centeno,Tânia,Centeno,Brazil,BR,female,0.96,True,gender-guesser,middle
312,Detecção de Tubos em Imagens Radiográficas Digitais,2016.0,Myrian Regattieri Delgado,Myrian,Delgado,Brazil,BR,female,0.9980670555627967,True,NamSor API,last
313,Automating mobile application development: UML-based code generation for Android and Windows Phone,2015.0,Abilio G. Parada,Abilio,Parada,Brazil,BR,male,0.96,True,gender-guesser,first
313,Automating mobile application development: UML-based code generation for Android and Windows Phone,2015.0,Milena Rota Sena Marques,Milena,Marques,Brazil,BR,female,0.96,True,gender-guesser,middle
313,Automating mobile application development: UML-based code generation for Android and Windows Phone,2015.0,Lisane Brisolara,Lisane,Brisolara,Brazil,BR,female,0.9833544755468805,True,NamSor API,last
314,Método Sistêmico com Suporte em GORE para Análise de Conformidade de Requisitos não Funcionais Implementados em Software,2016.0,André Luiz de Castro Leal,André,Leal,Brazil,BR,male,0.98,True,Local Lexicon,first
314,Método Sistêmico com Suporte em GORE para Análise de Conformidade de Requisitos não Funcionais Implementados em Software,2016.0,Henrique Prado Sousa,Henrique,Sousa,Brazil,BR,male,0.96,True,gender-guesser,middle
314,Método Sistêmico com Suporte em GORE para Análise de Conformidade de Requisitos não Funcionais Implementados em Software,2016.0,Julio César Sampaio do Prado Leite,Julio,Leite,Brazil,BR,male,0.99,True,Local Lexicon,last
315,Desenvolvimento de Aplicações Gráficas Interativas com a Unreal Engine 4,2015.0,Daniel Valente de Macedo,Daniel,Macedo,Brazil,BR,male,0.99,True,Local Lexicon,first
315,Desenvolvimento de Aplicações Gráficas Interativas com a Unreal Engine 4,2015.0,Maria Andréia Formico Rodriguês,Maria,Rodriguês,Brazil,BR,female,0.99,True,Local Lexicon,middle
315,Desenvolvimento de Aplicações Gráficas Interativas com a Unreal Engine 4,2015.0,Yvens R. Serpa,Yvens,Serpa,Brazil,BR,male,0.9838920543801368,True,NamSor API,last
316,Uma Revisão Sobre as Publicações de Sistemas de Detecção de Intrusão,2016.0,Felipe Cesar Costa Alves,Felipe,Alves,Brazil,BR,male,0.99,True,Local Lexicon,first
316,Uma Revisão Sobre as Publicações de Sistemas de Detecção de Intrusão,2016.0,Ed Wilson Tavares Ferreira,Ed,Ferreira,Brazil,BR,male,0.96,True,gender-guesser,middle
316,Uma Revisão Sobre as Publicações de Sistemas de Detecção de Intrusão,2016.0,Valtemir Emerêncio do Nascimento,Valtemir,Nascimento,Brazil,BR,male,0.9936072308592059,True,NamSor API,middle
316,Uma Revisão Sobre as Publicações de Sistemas de Detecção de Intrusão,2016.0,Ruy de Oliveira,Ruy,Oliveira,Brazil,BR,male,0.96,True,gender-guesser,last
317,Programming in CUDA for Kepler and Maxwell Architecture,2015.0,Esteban Clua,Esteban,Clua,Brazil,BR,male,0.96,True,gender-guesser,first
317,Programming in CUDA for Kepler and Maxwell Architecture,2015.0,Marcelo Zamith,Marcelo,Zamith,Brazil,BR,male,0.99,True,Local Lexicon,last
318,"Hyperspectral Modeling of Material Appearance: General Framework, Challenges and Prospects",2015.0,Gladimir V. G. Baranoski,Gladimir,Baranoski,Canada,CA,male,0.8646594684732924,True,NamSor API,first
319,Análise Visual utilizando Projeções Multidimensionais,2015.0,Tácito Trindade de Araújo Tiburtino Neves,Tácito,Neves,Brazil,BR,male,0.9939808632313359,True,NamSor API,first
319,Análise Visual utilizando Projeções Multidimensionais,2015.0,Samuel G. Fadel,Samuel,Fadel,Brazil,BR,male,0.96,True,gender-guesser,middle
319,Análise Visual utilizando Projeções Multidimensionais,2015.0,Danilo Barbosa Coimbra,Danilo,Coimbra,Brazil,BR,male,0.96,True,gender-guesser,middle
319,Análise Visual utilizando Projeções Multidimensionais,2015.0,Fernando V. Paulovich,Fernando,Paulovich,Brazil,BR,male,0.99,True,Local Lexicon,last
320,TVX - Time and Versions in XML,2007.0,Rodrigo Gasparoni Santos,Rodrigo,Santos,Brazil,BR,male,0.99,True,Local Lexicon,first
320,TVX - Time and Versions in XML,2007.0,Nina Edelweiss,Nina,Edelweiss,Brazil,BR,female,0.96,True,gender-guesser,middle
320,TVX - Time and Versions in XML,2007.0,Renata de Matos Galante,Renata,Galante,Brazil,BR,female,0.99,True,Local Lexicon,last
321,Uma Proposta de Framework para Desenvolvimento de Aplicações Paralelas com Mobilidade,2007.0,Dárlinton Barbosa Feres Carvalho,Dárlinton,Carvalho,Brazil,BR,male,0.9953345754224278,True,NamSor API,first
321,Uma Proposta de Framework para Desenvolvimento de Aplicações Paralelas com Mobilidade,2007.0,Carlos Lucena,Carlos,Lucena,Brazil,BR,male,0.99,True,Local Lexicon,middle
321,Uma Proposta de Framework para Desenvolvimento de Aplicações Paralelas com Mobilidade,2007.0,Celso C. Ribeiro,Celso,Ribeiro,Brazil,BR,male,0.96,True,gender-guesser,last
322,Uma Introdução às Support Vector Machines,2007.0,Ana Carolina Lorena,Ana,Lorena,Brazil,BR,female,0.99,True,Local Lexicon,first
322,Uma Introdução às Support Vector Machines,2007.0,André C. P. L. F. de Carvalho,André,Carvalho,Brazil,BR,male,0.98,True,Local Lexicon,last
323,Técnicas probabilísticas para análise de yield em nível elétrico usando propagação de erros e derivadas numéricas,2007.0,Lucas Brusamarello,Lucas,Brusamarello,Brazil,BR,male,0.99,True,Local Lexicon,first
323,Técnicas probabilísticas para análise de yield em nível elétrico usando propagação de erros e derivadas numéricas,2007.0,Roberto da Silva,Roberto,Silva,Brazil,BR,male,0.96,True,gender-guesser,middle
323,Técnicas probabilísticas para análise de yield em nível elétrico usando propagação de erros e derivadas numéricas,2007.0,Gilson Wirth,Gilson,Wirth,Brazil,BR,male,0.8082814502952353,True,NamSor API,middle
323,Técnicas probabilísticas para análise de yield em nível elétrico usando propagação de erros e derivadas numéricas,2007.0,Ricardo Da Luz Reis,Ricardo,Reis,Brazil,BR,male,0.99,True,Local Lexicon,last
324,Aplicação de Redes Neurais Artificiais na Classificação de Padrões Posturais em Crianças Respiradoras Bucais e Nasais,2007.0,Félipe Mancini,Félipe,Mancini,Brazil,BR,male,0.9861832255447018,True,NamSor API,first
324,Aplicação de Redes Neurais Artificiais na Classificação de Padrões Posturais em Crianças Respiradoras Bucais e Nasais,2007.0,Liu Chiao Yi,Liu,Yi,Brazil,BR,unknown,0.6158693371175071,False,NamSor API,middle
324,Aplicação de Redes Neurais Artificiais na Classificação de Padrões Posturais em Crianças Respiradoras Bucais e Nasais,2007.0,Shirley Shizue Nagata Pignatari,Shirley,Pignatari,Brazil,BR,female,0.96,True,gender-guesser,middle
324,Aplicação de Redes Neurais Artificiais na Classificação de Padrões Posturais em Crianças Respiradoras Bucais e Nasais,2007.0,Antônio C. Roque,Antônio,Roque,Brazil,BR,male,0.99,True,Local Lexicon,middle
324,Aplicação de Redes Neurais Artificiais na Classificação de Padrões Posturais em Crianças Respiradoras Bucais e Nasais,2007.0,Ivan Torres Pisa,Ivan,Pisa,Brazil,BR,male,0.96,True,gender-guesser,last
325,Performance Evaluation of CORBA Concurrency Control Service Using Stochastic Petri Nets,2007.0,Roberta A.A. Fagundes,Roberta,Fagundes,Brazil,BR,female,0.99,True,Local Lexicon,first
325,Performance Evaluation of CORBA Concurrency Control Service Using Stochastic Petri Nets,2007.0,Paulo Romero Martins Maciel,Paulo,Maciel,Brazil,BR,male,0.99,True,Local Lexicon,middle
325,Performance Evaluation of CORBA Concurrency Control Service Using Stochastic Petri Nets,2007.0,Nelson Souto Rosa,Nelson,Rosa,Brazil,BR,male,0.96,True,gender-guesser,last
326,Processos de Decisão de Markov: um tutorial,2007.0,Jerônimo Pellegrini,Jerônimo,Pellegrini,Brazil,BR,male,0.9961216179878866,True,NamSor API,first
326,Processos de Decisão de Markov: um tutorial,2007.0,Jacques Wainer,Jacques,Wainer,Brazil,BR,male,0.9850213109766655,True,NamSor API,last
327,Aspectos sociotécnicos da computação: contextualizando o desenvolvimento de sistemas de computação com o modelo Mikropolis,2007.0,João Porto de Albuquerque,João,Albuquerque,Germany,DE,male,0.99,True,Local Lexicon,first
328,Um Olhar Sociotécnico sobre a Engenharia de Software,2007.0,Henrique Luiz Cukierman,Henrique,Cukierman,Brazil,BR,male,0.96,True,gender-guesser,first
328,Um Olhar Sociotécnico sobre a Engenharia de Software,2007.0,Cássio Adriano Nunes Teixeira,Cássio,Teixeira,Brazil,BR,male,0.930511392398365,True,NamSor API,middle
328,Um Olhar Sociotécnico sobre a Engenharia de Software,2007.0,Rafael Prikladnicki,Rafael,Prikladnicki,Brazil,BR,male,0.99,True,Local Lexicon,last
329,O uso de Métodos Ágeis no ensino de Métodos Ágeis,2015.0,Avelino Ferreira Gomes Filho,Avelino,Filho,Brazil,BR,male,0.96,True,gender-guesser,first
329,O uso de Métodos Ágeis no ensino de Métodos Ágeis,2015.0,Carlos Felippe Cardoso de Resende,Carlos,Resende,Brazil,BR,male,0.99,True,Local Lexicon,middle
329,O uso de Métodos Ágeis no ensino de Métodos Ágeis,2015.0,Rodrigo Toledo,Rodrigo,Toledo,Brazil,BR,male,0.99,True,Local Lexicon,last
330,Computer Vision and Graphics for Heritage Preservation and Digital Archaeology,2004.0,Luciano Silva,Luciano,Silva,Brazil,BR,male,0.99,True,Local Lexicon,first
330,Computer Vision and Graphics for Heritage Preservation and Digital Archaeology,2004.0,Olga Regina Pereira Bellon,Olga,Bellon,Brazil,BR,female,0.96,True,gender-guesser,middle
330,Computer Vision and Graphics for Heritage Preservation and Digital Archaeology,2004.0,Kim L. Boyer,Kim,Boyer,Brazil,BR,female,0.9177215189873418,True,NamSor API,last
331,Editorial,2007.0,Luís C. Lamb,Luís,Lamb,Brazil,BR,male,0.99,True,Local Lexicon,first
331,Editorial,2007.0,José Palazzo Moreira de Oliveira,José,Oliveira,Brazil,BR,male,0.99,True,Local Lexicon,middle
331,Editorial,2007.0,Lizandro Z. Granville,Lizandro,Granville,Brazil,BR,male,0.9933797700454602,True,NamSor API,last
332,Mineração em Grandes Massas de Dados Utilizando Hadoop MapReduce e Algoritmos Bio-inspirados: Uma Revisão Sistemática,2016.0,Sandro Loiola Menezes,Sandro,Menezes,Unknown,,male,0.96,True,gender-guesser,first
332,Mineração em Grandes Massas de Dados Utilizando Hadoop MapReduce e Algoritmos Bio-inspirados: Uma Revisão Sistemática,2016.0,Rebeca Schroeder Freitas,Rebeca,Freitas,Unknown,,female,0.9815079715854984,True,NamSor API,middle
332,Mineração em Grandes Massas de Dados Utilizando Hadoop MapReduce e Algoritmos Bio-inspirados: Uma Revisão Sistemática,2016.0,Rafael Stubs Parpinelli,Rafael,Parpinelli,Unknown,,male,0.99,True,Local Lexicon,last
333,Relação Entre o Gênero de Espectadores e o Conteúdo de Vídeos,2016.0,Ítalo de Pontes Oliveira,Ítalo,Oliveira,Brazil,BR,male,0.9931725630441451,True,NamSor API,first
333,Relação Entre o Gênero de Espectadores e o Conteúdo de Vídeos,2016.0,Eanes Torres Pereira,Eanes,Pereira,Brazil,BR,unknown,0.5191335324581171,False,NamSor API,middle
333,Relação Entre o Gênero de Espectadores e o Conteúdo de Vídeos,2016.0,Herman Martins Gomes,Herman,Gomes,Brazil,BR,male,0.96,True,gender-guesser,last
334,Exploring the subtopic-based relationship map strategy for multi-document summarization,2016.0,Rafael Ribaldo,Rafael,Ribaldo,Brazil,BR,male,0.99,True,Local Lexicon,first
334,Exploring the subtopic-based relationship map strategy for multi-document summarization,2016.0,Paula Christina Figueira Cardoso,Paula,Cardoso,Brazil,BR,female,0.99,True,Local Lexicon,middle
334,Exploring the subtopic-based relationship map strategy for multi-document summarization,2016.0,Thiago Alexandre Salgueiro Pardo,Thiago,Pardo,Brazil,BR,male,0.99,True,Local Lexicon,last
335,ZipfTool: Uma ferramenta bibliométrica para auxílio na pesquisa teórica,2016.0,Diego Nunes Molinos,Diego,Molinos,Brazil,BR,male,0.99,True,Local Lexicon,first
335,ZipfTool: Uma ferramenta bibliométrica para auxílio na pesquisa teórica,2016.0,Daniel Mesquita,Daniel,Mesquita,Brazil,BR,male,0.99,True,Local Lexicon,middle
335,ZipfTool: Uma ferramenta bibliométrica para auxílio na pesquisa teórica,2016.0,Débora Nayar Hoff,Débora,Hoff,Brazil,BR,female,0.96,True,gender-guesser,last
336,Revisores da RITA no JEMS,2007.0,José Palazzo Moreira de Oliveira,José,Oliveira,Brazil,BR,male,0.99,True,Local Lexicon,first
337,An Introduction to Light Interaction with Human Skin,2004.0,Gladimir V. G. Baranoski,Gladimir,Baranoski,Canada,CA,male,0.8646594684732924,True,NamSor API,first
337,An Introduction to Light Interaction with Human Skin,2004.0,Aravind Krishnaswamy,Aravind,Krishnaswamy,Canada,CA,male,0.9848677177548828,True,NamSor API,last
338,Paralelismo em Prolog: Conceitos e Sistemas,2016.0,Jo�ão Fabrício Filho,Jo�Ão,Filho,Brazil,BR,male,0.8808786771483893,True,NamSor API,first
338,Paralelismo em Prolog: Conceitos e Sistemas,2016.0,Anderson Faustino da Silva,Anderson,Silva,Brazil,BR,male,0.96,True,gender-guesser,last
339,A Gentle Introduction to Predictive Filters,2004.0,Siome Goldenstein,Siome,Goldenstein,Brazil,BR,unknown,0.5725549327997661,False,NamSor API,first
340,Java Advanced Imaging API: A Tutorial,2004.0,Rafael Santos,Rafael,Santos,Brazil,BR,male,0.99,True,Local Lexicon,first
341,Shader Programming: An Introduction Using the Effect Framework,2004.0,Jörn Loviscach,Jörn,Loviscach,Germany,DE,male,0.96,True,gender-guesser,first
342,A Revista de Informática Teórica e Aplicada e as Tecnologias de Informação,2004.0,José Palazzo Moreira de Oliveira,José,Oliveira,Brazil,BR,male,0.99,True,Local Lexicon,first
342,A Revista de Informática Teórica e Aplicada e as Tecnologias de Informação,2004.0,Luís C. Lamb,Luís,Lamb,Brazil,BR,male,0.99,True,Local Lexicon,last
343,Uso de Aspectos para Verificar Regras de Instanciação de Frameworks,2004.0,André Dantas Rocha,André,Rocha,Spain,ES,male,0.98,True,Local Lexicon,first
343,Uso de Aspectos para Verificar Regras de Instanciação de Frameworks,2004.0,Valter Vieira de Camargo,Valter,Camargo,Spain,ES,male,0.9247194864323968,True,NamSor API,middle
343,Uso de Aspectos para Verificar Regras de Instanciação de Frameworks,2004.0,Paulo César Masiero,Paulo,Masiero,Spain,ES,male,0.99,True,Local Lexicon,last
344,AspectH: Uma Extensão Orientada a Aspectos de Haskel,2004.0,Carlos A. R. Andrade,Carlos,Andrade,Brazil,BR,male,0.99,True,Local Lexicon,first
344,AspectH: Uma Extensão Orientada a Aspectos de Haskel,2004.0,André L. M. Santos,André,Santos,Brazil,BR,male,0.98,True,Local Lexicon,middle
344,AspectH: Uma Extensão Orientada a Aspectos de Haskel,2004.0,Paulo Borba,Paulo,Borba,Brazil,BR,male,0.99,True,Local Lexicon,last
345,Making Medical Visual Information Available on the WEB,2004.0,Silvio Antonio Carro,Silvio,Carro,Brazil,BR,male,0.96,True,gender-guesser,first
345,Making Medical Visual Information Available on the WEB,2004.0,Jacob Scharcanski,Jacob,Scharcanski,Brazil,BR,male,0.96,True,gender-guesser,last
346,Um Framework de Apoio à Colaboração no Projeto Distribuído de Sistemas Integrados,2004.0,Leandro Soares Indrusiak,Leandro,Indrusiak,Brazil,BR,male,0.99,True,Local Lexicon,first
346,Um Framework de Apoio à Colaboração no Projeto Distribuído de Sistemas Integrados,2004.0,Ricardo Reis,Ricardo,Reis,Brazil,BR,male,0.99,True,Local Lexicon,middle
346,Um Framework de Apoio à Colaboração no Projeto Distribuído de Sistemas Integrados,2004.0,Manfred Glesner,Manfred,Glesner,Brazil,BR,male,0.96,True,gender-guesser,last
347,Teorias da Aleatoriedade,2004.0,Carlos Antonio Pereira Campani,Carlos,Campani,Brazil,BR,male,0.99,True,Local Lexicon,first
347,Teorias da Aleatoriedade,2004.0,Paulo Blauth Menezes,Paulo,Menezes,Brazil,BR,male,0.99,True,Local Lexicon,last
348,3D Compression: from A to Zip a first complete example,2008.0,Thomas Lewiner,Thomas,Lewiner,Brazil,BR,male,0.96,True,gender-guesser,first
349,Introdução ao XNA,2008.0,Bruno Tavares Rabello,Bruno,Rabello,Brazil,BR,male,0.99,True,Local Lexicon,first
349,Introdução ao XNA,2008.0,Edson Mattos,Edson,Mattos,Brazil,BR,male,0.96,True,gender-guesser,middle
349,Introdução ao XNA,2008.0,Bruno Evangelista,Bruno,Evangelista,Brazil,BR,male,0.99,True,Local Lexicon,middle
349,Introdução ao XNA,2008.0,Esteban Clua,Esteban,Clua,Brazil,BR,male,0.96,True,gender-guesser,last
350,Steganography and Steganalysis in Digital Multimedia: Hype or Hallelujah?,2008.0,Anderson Rocha,Anderson,Rocha,Brazil,BR,male,0.96,True,gender-guesser,first
350,Steganography and Steganalysis in Digital Multimedia: Hype or Hallelujah?,2008.0,Siome Goldenstein,Siome,Goldenstein,Brazil,BR,unknown,0.5725549327997661,False,NamSor API,last
351,Navigation and Interaction in Graph Visualizations,2008.0,André Suslik Spritzer,André,Spritzer,Brazil,BR,male,0.98,True,Local Lexicon,first
351,Navigation and Interaction in Graph Visualizations,2008.0,Carla Maria Dal Sasso Freitas,Carla,Freitas,Brazil,BR,female,0.96,True,gender-guesser,last
352,"Dimensionality Reduction, Classification and Reconstruction Problems in Statistical Learning Approaches",2008.0,Gilson A. Giraldi,Gilson,Giraldi,Brazil,BR,male,0.8082814502952353,True,NamSor API,first
352,"Dimensionality Reduction, Classification and Reconstruction Problems in Statistical Learning Approaches",2008.0,Paulo S. Rodrigues,Paulo,Rodrigues,Brazil,BR,male,0.99,True,Local Lexicon,middle
352,"Dimensionality Reduction, Classification and Reconstruction Problems in Statistical Learning Approaches",2008.0,Edson C. Kitani,Edson,Kitani,Brazil,BR,male,0.96,True,gender-guesser,middle
352,"Dimensionality Reduction, Classification and Reconstruction Problems in Statistical Learning Approaches",2008.0,Carlos Eduardo Thomaz,Carlos,Thomaz,Brazil,BR,male,0.99,True,Local Lexicon,last
353,Uma contribuição ao auxíılio do diagnóstico do autismo a partir do processamento de imagens para extração de medidas antropométricas,2016.0,Samuel Portela Carvalho,Samuel,Carvalho,Brazil,BR,male,0.96,True,gender-guesser,first
353,Uma contribuição ao auxíılio do diagnóstico do autismo a partir do processamento de imagens para extração de medidas antropométricas,2016.0,Ariane Machado Lima,Ariane,Lima,Brazil,BR,female,0.96,True,gender-guesser,middle
353,Uma contribuição ao auxíılio do diagnóstico do autismo a partir do processamento de imagens para extração de medidas antropométricas,2016.0,Helena Brentani,Helena,Brentani,Brazil,BR,female,0.99,True,Local Lexicon,middle
353,Uma contribuição ao auxíılio do diagnóstico do autismo a partir do processamento de imagens para extração de medidas antropométricas,2016.0,Décio Brunoni,Décio,Brunoni,Brazil,BR,male,0.96,True,gender-guesser,middle
353,Uma contribuição ao auxíılio do diagnóstico do autismo a partir do processamento de imagens para extração de medidas antropométricas,2016.0,Rodrigo Ambrósio Fock,Rodrigo,Fock,Brazil,BR,male,0.99,True,Local Lexicon,middle
353,Uma contribuição ao auxíılio do diagnóstico do autismo a partir do processamento de imagens para extração de medidas antropométricas,2016.0,Fátima Lourdes Santos Nunes,Fátima,Nunes,Brazil,BR,female,0.96,True,gender-guesser,last
354,Editorial,2008.0,Luís C. Lamb,Luís,Lamb,Brazil,BR,male,0.99,True,Local Lexicon,first
354,Editorial,2008.0,José Palazzo Moreira de Oliveira,José,Oliveira,Brazil,BR,male,0.99,True,Local Lexicon,middle
354,Editorial,2008.0,Lisandro Zambenedetti Granville,Lisandro,Granville,Brazil,BR,male,0.9946239549230296,True,NamSor API,last
355,Editorial convidado,2008.0,Agma J. M. Traina,Agma,Traina,Brazil,BR,male,0.9861467322065873,True,NamSor API,first
355,Editorial convidado,2008.0,M. Dreux,,,Brazil,BR,unknown,0.0,False,Initial / Abbreviated,last
356,Avaliação de Incisão Cirúrgica em Simuladores com Realidade Virtual,2016.0,Ives Fernando Martins Santos de Moura,Ives,Moura,Brazil,BR,male,0.96,True,gender-guesser,first
356,Avaliação de Incisão Cirúrgica em Simuladores com Realidade Virtual,2016.0,Ronei Marcos de Moraes,Ronei,Moraes,Brazil,BR,unknown,0.7463643945294686,False,NamSor API,middle
356,Avaliação de Incisão Cirúrgica em Simuladores com Realidade Virtual,2016.0,Liliane S. Machado,Liliane,Machado,Brazil,BR,female,0.96,True,gender-guesser,last
357,Método Computacional para o Diagnóstico Precoce da Granulomatose de Wegener,2016.0,José Do Nascimento Linhares,José,Linhares,Brazil,BR,male,0.99,True,Local Lexicon,first
357,Método Computacional para o Diagnóstico Precoce da Granulomatose de Wegener,2016.0,Lúcio Flávio de Albuquerque Campos,Lúcio,Campos,Brazil,BR,male,0.96,True,gender-guesser,middle
357,Método Computacional para o Diagnóstico Precoce da Granulomatose de Wegener,2016.0,Ewaldo Éder Carvalho Santana,Ewaldo,Santana,Brazil,BR,male,0.9918832288391978,True,NamSor API,middle
357,Método Computacional para o Diagnóstico Precoce da Granulomatose de Wegener,2016.0,Jardiel Nunes Almeida,Jardiel,Almeida,Brazil,BR,male,0.9938527918075423,True,NamSor API,middle
357,Método Computacional para o Diagnóstico Precoce da Granulomatose de Wegener,2016.0,Flávia Larisse da Silva Fernandes,Flávia,Fernandes,Brazil,BR,female,0.99,True,Local Lexicon,last
358,Learning to Identify At-Risk Students in Distance Education Using Interaction Counts,2016.0,Douglas Detoni,Douglas,Detoni,Brazil,BR,male,0.96,True,gender-guesser,first
358,Learning to Identify At-Risk Students in Distance Education Using Interaction Counts,2016.0,Cristian Cechinel,Cristian,Cechinel,Brazil,BR,male,0.96,True,gender-guesser,middle
358,Learning to Identify At-Risk Students in Distance Education Using Interaction Counts,2016.0,Ricardo Araujo Matsumura,Ricardo,Matsumura,Brazil,BR,male,0.99,True,Local Lexicon,middle
358,Learning to Identify At-Risk Students in Distance Education Using Interaction Counts,2016.0,Daniela F. Brauner,Daniela,Brauner,Brazil,BR,female,0.99,True,Local Lexicon,last
359,Autômatos celulares unidimensionais caóticos com borda fixa aplicados à modelagem de um sistema criptográfico para imagens digitais,2016.0,Eduardo Cassiano Silva,Eduardo,Silva,Brazil,BR,male,0.99,True,Local Lexicon,first
359,Autômatos celulares unidimensionais caóticos com borda fixa aplicados à modelagem de um sistema criptográfico para imagens digitais,2016.0,Jaqueline A. J. P. Soares,Jaqueline,Soares,Brazil,BR,female,0.96,True,gender-guesser,middle
359,Autômatos celulares unidimensionais caóticos com borda fixa aplicados à modelagem de um sistema criptográfico para imagens digitais,2016.0,Danielli Araújo Lima,Danielli,Lima,Brazil,BR,female,0.985866083441529,True,NamSor API,last
360,Detecção de leucócitos em imagens de vídeo de microscopia intravital usando a técnica de congruência de fase,2016.0,Kathiani Elisa de Souza,Kathiani,Souza,Brazil,BR,unknown,0.6865683494171041,False,NamSor API,first
360,Detecção de leucócitos em imagens de vídeo de microscopia intravital usando a técnica de congruência de fase,2016.0,Bruno C. Gregório da Silva,Bruno,Silva,Brazil,BR,male,0.99,True,Local Lexicon,middle
360,Detecção de leucócitos em imagens de vídeo de microscopia intravital usando a técnica de congruência de fase,2016.0,Juliana Carvalho‐Tavares,Juliana,Carvalho‐Tavares,Brazil,BR,female,0.99,True,Local Lexicon,middle
360,Detecção de leucócitos em imagens de vídeo de microscopia intravital usando a técnica de congruência de fase,2016.0,Ricardo J. Ferrari,Ricardo,Ferrari,Brazil,BR,male,0.99,True,Local Lexicon,last
361,Emprego de Banco de Filtros e do Teorema de Imersão de Takens em Padrões Espaciais para a Classificação de Imagética Motora em Interfaces Cérebro-Computador,2016.0,Yule Vaz,Yule,Vaz,Brazil,BR,female,0.9897509716371766,True,NamSor API,first
361,Emprego de Banco de Filtros e do Teorema de Imersão de Takens em Padrões Espaciais para a Classificação de Imagética Motora em Interfaces Cérebro-Computador,2016.0,Rodrigo Fernandes de Mello,Rodrigo,Mello,Brazil,BR,male,0.99,True,Local Lexicon,last
362,Comparando o Desempenho de Implementações de Tabelas Hash Concorrentes em Haskell,2016.0,Rodrigo Medeiros Duarte,Rodrigo,Duarte,Brazil,BR,male,0.99,True,Local Lexicon,first
362,Comparando o Desempenho de Implementações de Tabelas Hash Concorrentes em Haskell,2016.0,André Rauber Du Bois,André,Bois,Brazil,BR,male,0.98,True,Local Lexicon,middle
362,Comparando o Desempenho de Implementações de Tabelas Hash Concorrentes em Haskell,2016.0,Maurı́cio L. Pilla,Maurı́Cio,Pilla,Brazil,BR,unknown,0.6809052431004717,False,NamSor API,middle
362,Comparando o Desempenho de Implementações de Tabelas Hash Concorrentes em Haskell,2016.0,Renata Reiser,Renata,Reiser,Brazil,BR,female,0.99,True,Local Lexicon,last
363,Computação na Educação Básica no Brasil: o Estado da Arte,2016.0,Adriana Bordini,Adriana,Bordini,Brazil,BR,female,0.96,True,gender-guesser,first
363,Computação na Educação Básica no Brasil: o Estado da Arte,2016.0,Christiano Avila,Christiano,Avila,Brazil,BR,male,0.96,True,gender-guesser,middle
363,Computação na Educação Básica no Brasil: o Estado da Arte,2016.0,Yuri Weisshahn,Yuri,Weisshahn,Brazil,BR,male,0.96,True,gender-guesser,middle
363,Computação na Educação Básica no Brasil: o Estado da Arte,2016.0,Mônica Marques da Cunha,Mônica,Cunha,Brazil,BR,female,0.99,True,Local Lexicon,middle
363,Computação na Educação Básica no Brasil: o Estado da Arte,2016.0,Simone André da Costa Cavalheiro,Simone,Cavalheiro,Brazil,BR,female,0.95,True,Local Lexicon,middle
363,Computação na Educação Básica no Brasil: o Estado da Arte,2016.0,Luciana Foss,Luciana,Foss,Brazil,BR,female,0.99,True,Local Lexicon,middle
363,Computação na Educação Básica no Brasil: o Estado da Arte,2016.0,Marílton Sanchotene de Aguiar,Marílton,Aguiar,Brazil,BR,male,0.9939352570558255,True,NamSor API,middle
363,Computação na Educação Básica no Brasil: o Estado da Arte,2016.0,Renata Reiser,Renata,Reiser,Brazil,BR,female,0.99,True,Local Lexicon,last
364,Escola Gaúcha de Bioinformática 2015,2016.0,Comissão Organizadora EGB,Comissão,Egb,Brazil,BR,male,0.8843429086067902,True,NamSor API,first
365,QEDS: Um Simulador Clássico para Distinção de Elementos Quântico,2016.0,Alexandre Abreu,Alexandre,Abreu,Brazil,BR,male,0.99,True,Local Lexicon,first
365,QEDS: Um Simulador Clássico para Distinção de Elementos Quântico,2016.0,Matheus Manzoli Ferreira,Matheus,Ferreira,Brazil,BR,male,0.99,True,Local Lexicon,middle
365,QEDS: Um Simulador Clássico para Distinção de Elementos Quântico,2016.0,Luis Antônio Brasil Kowada,Luis,Kowada,Brazil,BR,male,0.99,True,Local Lexicon,middle
365,QEDS: Um Simulador Clássico para Distinção de Elementos Quântico,2016.0,Franklin de Lima Marquezino,Franklin,Marquezino,Brazil,BR,male,0.96,True,gender-guesser,last
366,Autômatos Celulares e Sistema Multiagente para Simulação da Propagação de Doenças,2016.0,Rogério Luís Rizzi,Rogério,Rizzi,Brazil,BR,male,0.96,True,gender-guesser,first
366,Autômatos Celulares e Sistema Multiagente para Simulação da Propagação de Doenças,2016.0,Claudia Brandelero Rizzi,Claudia,Rizzi,Brazil,BR,female,0.99,True,Local Lexicon,middle
366,Autômatos Celulares e Sistema Multiagente para Simulação da Propagação de Doenças,2016.0,Wesley Luciano Kaiser,Wesley,Kaiser,Brazil,BR,male,0.96,True,gender-guesser,middle
366,Autômatos Celulares e Sistema Multiagente para Simulação da Propagação de Doenças,2016.0,Pétterson Vinícius Pramiu,Pétterson,Pramiu,Brazil,BR,male,0.9770203505831394,True,NamSor API,last
367,Comparação entre abordagens escaláveis para o processamento de conjuntos de dados textuais,2017.0,Gustavo de P. Avelar,Gustavo,Avelar,Brazil,BR,male,0.99,True,Local Lexicon,first
367,Comparação entre abordagens escaláveis para o processamento de conjuntos de dados textuais,2017.0,Murilo Coelho Naldi,Murilo,Naldi,Brazil,BR,unknown,0.7417692044113027,False,NamSor API,last
368,Avaliação Pró-ativa da Deterioração de Sistemas de Informação por meio de Medidas de Gestão,2011.0,Káthia Marçal de Oliveira,Káthia,Oliveira,Brazil,BR,female,0.9992908338647535,True,NamSor API,first
369,Desenvolvimento de Interface de Usuário para a Melhoria da Consciência Situacional em Gerenciamento de Emergências,2017.0,Leonardo Castro Botega,Leonardo,Botega,Brazil,BR,male,0.99,True,Local Lexicon,first
369,Desenvolvimento de Interface de Usuário para a Melhoria da Consciência Situacional em Gerenciamento de Emergências,2017.0,Allan Oliveira,Allan,Oliveira,Brazil,BR,male,0.96,True,gender-guesser,middle
369,Desenvolvimento de Interface de Usuário para a Melhoria da Consciência Situacional em Gerenciamento de Emergências,2017.0,Regina B. Araújo,Regina,Araújo,Brazil,BR,female,0.96,True,gender-guesser,last
370,Editorial,2009.0,Luís C. Lamb,Luís,Lamb,Brazil,BR,male,0.99,True,Local Lexicon,first
370,Editorial,2009.0,José Palazzo Moreira de Oliveira,José,Oliveira,Brazil,BR,male,0.99,True,Local Lexicon,middle
370,Editorial,2009.0,Lisandro Zambenedetti Granville,Lisandro,Granville,Brazil,BR,male,0.9946239549230296,True,NamSor API,last
371,Guest Editors,2009.0,Alberto Raposo,Alberto,Raposo,Brazil,BR,male,0.9954880354505283,True,NamSor API,first
371,Guest Editors,2009.0,Judith Kelner,Judith,Kelner,Brazil,BR,female,0.96,True,gender-guesser,last
372,"Uma Revisão Sistemática sobre Abordagens em Organizações Virtuais no Contexto de Confiança, Reputação e Computação em Nuvem",2017.0,Luís Felipe Bilecki,Luís,Bilecki,Brazil,BR,male,0.99,True,Local Lexicon,first
372,"Uma Revisão Sistemática sobre Abordagens em Organizações Virtuais no Contexto de Confiança, Reputação e Computação em Nuvem",2017.0,Marcelo Da Silva Hounsell,Marcelo,Hounsell,Brazil,BR,male,0.99,True,Local Lexicon,middle
372,"Uma Revisão Sistemática sobre Abordagens em Organizações Virtuais no Contexto de Confiança, Reputação e Computação em Nuvem",2017.0,Adriano Fiorese,Adriano,Fiorese,Brazil,BR,male,0.96,True,gender-guesser,last
373,Uma Arquitetura de Software para Bibliotecas de Realidade Aumentada Baseada em Marcadores Naturais,2017.0,Douglas Oliveira,Douglas,Oliveira,Brazil,BR,male,0.96,True,gender-guesser,first
373,Uma Arquitetura de Software para Bibliotecas de Realidade Aumentada Baseada em Marcadores Naturais,2017.0,Lidiane Teixeira Pereira,Lidiane,Pereira,Brazil,BR,female,0.9839228359693329,True,NamSor API,middle
373,Uma Arquitetura de Software para Bibliotecas de Realidade Aumentada Baseada em Marcadores Naturais,2017.0,Rodrigo Luis de Souza da Silva,Rodrigo,Silva,Brazil,BR,male,0.99,True,Local Lexicon,last
374,FORUM: Modelo e Linguagem para Especificação de Regras em Ambientes Colaborativos,2008.0,Luiz Eduardo Galvão Martins,Luiz,Martins,Brazil,BR,male,0.99,True,Local Lexicon,first
374,FORUM: Modelo e Linguagem para Especificação de Regras em Ambientes Colaborativos,2008.0,Luiz Camolesi,Luiz,Camolesi,Brazil,BR,male,0.99,True,Local Lexicon,last
375,Estabilidade de Classificadores de Decisão em Árvore Binária para Dados Imagem em Alta Dimensão,2008.0,Denis Altieri de Oliveira Moraes,Denis,Moraes,Brazil,BR,male,0.96,True,gender-guesser,first
375,Estabilidade de Classificadores de Decisão em Árvore Binária para Dados Imagem em Alta Dimensão,2008.0,Victor Haertel,Victor,Haertel,Brazil,BR,male,0.96,True,gender-guesser,last
376,On the Development and Evaluation of a Brazilian Portuguese Discourse Parser,2008.0,Thiago Alexandre Salgueiro Pardo,Thiago,Pardo,Brazil,BR,male,0.99,True,Local Lexicon,first
376,On the Development and Evaluation of a Brazilian Portuguese Discourse Parser,2008.0,Maria das Graças Volpe Nunes,Maria,Nunes,Brazil,BR,female,0.99,True,Local Lexicon,last
377,Estratégias para a Combinação de Classificadores Binários em Soluções Multiclasses,2008.0,Ana Carolina Lorena,Ana,Lorena,Brazil,BR,female,0.99,True,Local Lexicon,first
377,Estratégias para a Combinação de Classificadores Binários em Soluções Multiclasses,2008.0,André C. P. L. F. de Carvalho,André,Carvalho,Brazil,BR,male,0.98,True,Local Lexicon,last
378,Representação e Classificação de Texturas da Íris Baseada na Transformada Ótima de Gabor,2008.0,Fernanda Rispoli Quartieri,Fernanda,Quartieri,Brazil,BR,female,0.99,True,Local Lexicon,first
378,Representação e Classificação de Texturas da Íris Baseada na Transformada Ótima de Gabor,2008.0,Jacob Scharcanski,Jacob,Scharcanski,Brazil,BR,male,0.96,True,gender-guesser,middle
378,Representação e Classificação de Texturas da Íris Baseada na Transformada Ótima de Gabor,2008.0,Letícia Vieira Guimarães,Letícia,Guimarães,Brazil,BR,female,0.99,True,Local Lexicon,middle
378,Representação e Classificação de Texturas da Íris Baseada na Transformada Ótima de Gabor,2008.0,Adalberto Schuck,Adalberto,Schuck,Brazil,BR,male,0.96,True,gender-guesser,last
379,A Novel Method for Generating Scale Space Kernels Based on Wavelet Theory,2008.0,D. Doering,,,Brazil,BR,unknown,0.0,False,Initial / Abbreviated,first
379,A Novel Method for Generating Scale Space Kernels Based on Wavelet Theory,2008.0,Adalberto Schuck,Adalberto,Schuck,Brazil,BR,male,0.96,True,gender-guesser,last
380,Proposta de Utilização do Diagrama de Seqüência para Definição de Casos de Teste de Unidade,2008.0,Fabiane Fabiane Barreto Vavassori Benitti,Fabiane,Benitti,Brazil,BR,female,0.96,True,gender-guesser,first
381,Reestruturação de Software Dirigida por Conectividade para Redução de Custo de Manutenção,2008.0,Kecia A. M. Ferreira,Kecia,Ferreira,Brazil,BR,female,0.96,True,gender-guesser,first
381,Reestruturação de Software Dirigida por Conectividade para Redução de Custo de Manutenção,2008.0,Mariza A. S. Bigonha,Mariza,Bigonha,Brazil,BR,female,0.9945829472145282,True,NamSor API,middle
381,Reestruturação de Software Dirigida por Conectividade para Redução de Custo de Manutenção,2008.0,Roberto S. Bigonha,Roberto,Bigonha,Brazil,BR,male,0.96,True,gender-guesser,last
382,Uma Proposta de Modelagem para a Generalização de Elos de Rastreabilidade,2008.0,Elias Canhadas Genvigir,Elias,Genvigir,Brazil,BR,male,0.96,True,gender-guesser,first
382,Uma Proposta de Modelagem para a Generalização de Elos de Rastreabilidade,2008.0,Nandamudi L. Vijaykumar,Nandamudi,Vijaykumar,Brazil,BR,unknown,0.5783180051766237,False,NamSor API,last
383,Inspeção Automática de Defeitos em Madeiras de Pinus usando Visão Computacional,2008.0,Luiz S. Oliveira,Luiz,Oliveira,Brazil,BR,male,0.99,True,Local Lexicon,first
383,Inspeção Automática de Defeitos em Madeiras de Pinus usando Visão Computacional,2008.0,Paulo Cavalin,Paulo,Cavalin,Brazil,BR,male,0.99,True,Local Lexicon,middle
383,Inspeção Automática de Defeitos em Madeiras de Pinus usando Visão Computacional,2008.0,Alceu S. Britto,Alceu,Britto,Brazil,BR,male,0.96,True,gender-guesser,middle
383,Inspeção Automática de Defeitos em Madeiras de Pinus usando Visão Computacional,2008.0,Alessandro L. Koerich,Alessandro,Koerich,Brazil,BR,male,0.96,True,gender-guesser,last
384,Non-Cooperative Facility Location Games: a Survey,2017.0,Félix Carvalho Rodrigues,Félix,Rodrigues,Brazil,BR,male,0.96,True,gender-guesser,first
384,Non-Cooperative Facility Location Games: a Survey,2017.0,Eduardo C. Xavier,Eduardo,Xavier,Brazil,BR,male,0.99,True,Local Lexicon,last
385,Identificação de amostras de sementes utilizando VisãoComputacional,2017.0,Lucas Ferrari de Oliveira,Lucas,Oliveira,Brazil,BR,male,0.99,True,Local Lexicon,first
385,Identificação de amostras de sementes utilizando VisãoComputacional,2017.0,Luiz Alberto Bordignon,Luiz,Bordignon,Brazil,BR,male,0.99,True,Local Lexicon,middle
385,Identificação de amostras de sementes utilizando VisãoComputacional,2017.0,Jeovane Honório Alves,Jeovane,Alves,Brazil,BR,male,0.9803624890006303,True,NamSor API,last
386,Revisores,2008.0,José Palazzo Moreira de Oliveira,José,Oliveira,Brazil,BR,male,0.99,True,Local Lexicon,first
387,Modelagem de Tráfego de Redes Utilizando Cascata Multifractal Generalizada,2008.0,Flávio Henrique Teles Vieira,Flávio,Vieira,Brazil,BR,male,0.96,True,gender-guesser,first
387,Modelagem de Tráfego de Redes Utilizando Cascata Multifractal Generalizada,2008.0,Lee Luan Ling,Lee,Ling,Brazil,BR,unknown,0.6707101510035511,False,NamSor API,last
388,Editorial,2008.0,Luís C. Lamb,Luís,Lamb,Brazil,BR,male,0.99,True,Local Lexicon,first
388,Editorial,2008.0,José Palazzo Moreira de Oliveira,José,Oliveira,Brazil,BR,male,0.99,True,Local Lexicon,middle
388,Editorial,2008.0,Lisandro Zambenedetti Granville,Lisandro,Granville,Brazil,BR,male,0.9946239549230296,True,NamSor API,last
389,Análise de desempenho de Banco de Dados Relacionais e Não Relacionais em dados genômicos,2017.0,Juccelino Rodrigues Alves Barros,Juccelino,Barros,Brazil,BR,unknown,0.5736454727681195,False,NamSor API,first
389,Análise de desempenho de Banco de Dados Relacionais e Não Relacionais em dados genômicos,2017.0,Gustavo Callou,Gustavo,Callou,Brazil,BR,male,0.99,True,Local Lexicon,middle
389,Análise de desempenho de Banco de Dados Relacionais e Não Relacionais em dados genômicos,2017.0,Glauco Estácio Gonçalves,Glauco,Gonçalves,Brazil,BR,male,0.96,True,gender-guesser,middle
389,Análise de desempenho de Banco de Dados Relacionais e Não Relacionais em dados genômicos,2017.0,Victor Wanderley,Victor,Wanderley,Brazil,BR,male,0.96,True,gender-guesser,middle
389,Análise de desempenho de Banco de Dados Relacionais e Não Relacionais em dados genômicos,2017.0,Henrique Casteletti,Henrique,Casteletti,Brazil,BR,male,0.96,True,gender-guesser,last
390,Estudo e Modelagem dos Efeitos da Forma e do Crescimento em Processos de Formação de Padrões de Pelagem via Reação-Difusão,2017.0,Davi Padilha Mesquita,Davi,Mesquita,Brazil,BR,male,0.9994116885006504,True,NamSor API,first
390,Estudo e Modelagem dos Efeitos da Forma e do Crescimento em Processos de Formação de Padrões de Pelagem via Reação-Difusão,2017.0,Marcelo Walter,Marcelo,Walter,Brazil,BR,male,0.99,True,Local Lexicon,last
391,Posicionamento de Circuitos 3D Considerando o Planejamento de 3D-Vias,2012.0,Renato Hentschke,Renato,Hentschke,Brazil,BR,male,0.99,True,Local Lexicon,first
391,Posicionamento de Circuitos 3D Considerando o Planejamento de 3D-Vias,2012.0,Marcelo Johann,Marcelo,Johann,Brazil,BR,male,0.99,True,Local Lexicon,middle
391,Posicionamento de Circuitos 3D Considerando o Planejamento de 3D-Vias,2012.0,Ricardo Reis,Ricardo,Reis,Brazil,BR,male,0.99,True,Local Lexicon,last
392,Sleep Stages Classification Using Spectral Based Statistical Moments as Features,2018.0,Eduardo Tiago Braun,Eduardo,Braun,Brazil,BR,male,0.99,True,Local Lexicon,first
392,Sleep Stages Classification Using Spectral Based Statistical Moments as Features,2018.0,Alice Kozakevicius,Alice,Kozakevicius,Brazil,BR,female,0.96,True,gender-guesser,middle
392,Sleep Stages Classification Using Spectral Based Statistical Moments as Features,2018.0,Thiago L. T. da Silveira,Thiago,Silveira,Brazil,BR,male,0.99,True,Local Lexicon,middle
392,Sleep Stages Classification Using Spectral Based Statistical Moments as Features,2018.0,Cesar Ramos Rodrigues,Cesar,Rodrigues,Brazil,BR,male,0.99,True,Local Lexicon,middle
392,Sleep Stages Classification Using Spectral Based Statistical Moments as Features,2018.0,Giovani Baratto,Giovani,Baratto,Brazil,BR,male,0.9856378449552021,True,NamSor API,last
393,Análise Autônoma de Investimento: Uma Abordagem Multiagente Discreta,2018.0,Paulo André Lima de Castro,Paulo,Castro,Brazil,BR,male,0.99,True,Local Lexicon,first
393,Análise Autônoma de Investimento: Uma Abordagem Multiagente Discreta,2018.0,Ronald Annoni,Ronald,Annoni,Brazil,BR,male,0.96,True,gender-guesser,middle
393,Análise Autônoma de Investimento: Uma Abordagem Multiagente Discreta,2018.0,Jaime Simão Sichman,Jaime,Sichman,Brazil,BR,male,0.96,True,gender-guesser,last
394,"Combining Artificial Intelligence, Ontology, and Frequency-based Approaches to Recommend Activities in Scientific Workflows",2018.0,Adilson Lopes Khouri,Adilson,Khouri,Brazil,BR,male,0.9902143976490502,True,NamSor API,first
394,"Combining Artificial Intelligence, Ontology, and Frequency-based Approaches to Recommend Activities in Scientific Workflows",2018.0,Luciano Antônio Digiampietri,Luciano,Digiampietri,Brazil,BR,male,0.99,True,Local Lexicon,last
395,Energy Systems in Material Agent Societies,2017.0,Antônio Carlos da Rocha Costa,Antônio,Costa,Brazil,BR,male,0.99,True,Local Lexicon,first
396,Gerenciando Alterações em Documentos XML,2011.0,Alexandre Oliveira,Alexandre,Oliveira,Brazil,BR,male,0.99,True,Local Lexicon,first
396,Gerenciando Alterações em Documentos XML,2011.0,Alessandreia Marta de Oliveira,Alessandreia,Oliveira,Brazil,BR,unknown,0.6719645642760612,False,NamSor API,middle
396,Gerenciando Alterações em Documentos XML,2011.0,Vanessa Braganholo,Vanessa,Braganholo,Brazil,BR,female,0.99,True,Local Lexicon,middle
396,Gerenciando Alterações em Documentos XML,2011.0,Leonardo Murta,Leonardo,Murta,Brazil,BR,male,0.99,True,Local Lexicon,last
397,Estratégias de Construções de Comitês de Classificadores Multirrótulos no Aprendizado Semissupervisionado Multidescrição,2017.0,Wilamis Kleiton Nunes da Silva,Wilamis,Silva,Brazil,BR,male,0.9924398248348497,True,NamSor API,first
397,Estratégias de Construções de Comitês de Classificadores Multirrótulos no Aprendizado Semissupervisionado Multidescrição,2017.0,Araken de Medeiros Santos,Araken,Santos,Brazil,BR,male,0.8135027833227512,True,NamSor API,last
398,Simulação Multiagente da Evacuação da Boate Kiss: A Importância da NBR 9.077 e sua relação com o Pânico,2017.0,Vinicius Montenegro Silva,Vinicius,Silva,Brazil,BR,male,0.99,True,Local Lexicon,first
398,Simulação Multiagente da Evacuação da Boate Kiss: A Importância da NBR 9.077 e sua relação com o Pânico,2017.0,Marcos Vinicius Scholl,Marcos,Scholl,Brazil,BR,male,0.99,True,Local Lexicon,middle
398,Simulação Multiagente da Evacuação da Boate Kiss: A Importância da NBR 9.077 e sua relação com o Pânico,2017.0,Diana F. Adamatti,Diana,Adamatti,Brazil,BR,female,0.96,True,gender-guesser,last
399,Composição de Agentes EBDI: Integração WASABI-Jason,2017.0,Diego Couto,Diego,Couto,Brazil,BR,male,0.99,True,Local Lexicon,first
399,Composição de Agentes EBDI: Integração WASABI-Jason,2017.0,Jerusa Marchi,Jerusa,Marchi,Brazil,BR,female,0.9720902943383594,True,NamSor API,middle
399,Composição de Agentes EBDI: Integração WASABI-Jason,2017.0,Thiago Ângelo Gelaim,Thiago,Gelaim,Brazil,BR,male,0.99,True,Local Lexicon,last
400,Derivation of Mean Value Coordinates Using Interior Distance and Their Application on Mesh Deformation,2018.0,Lis Custódio,Lis,Custódio,Brazil,BR,female,0.96,True,gender-guesser,first
400,Derivation of Mean Value Coordinates Using Interior Distance and Their Application on Mesh Deformation,2018.0,Sinésio Pesco,Sinésio,Pesco,Brazil,BR,male,0.9553998052400763,True,NamSor API,last
401,Diagnóstico de Glaucoma Utilizando Atributos de Textura e CNN’s Pré-treinadas,2018.0,Maíla L. Claro,Maíla,Claro,Brazil,BR,female,0.9999595247810048,True,NamSor API,first
401,Diagnóstico de Glaucoma Utilizando Atributos de Textura e CNN’s Pré-treinadas,2018.0,Rodrigo Veras,Rodrigo,Veras,Brazil,BR,male,0.99,True,Local Lexicon,middle
401,Diagnóstico de Glaucoma Utilizando Atributos de Textura e CNN’s Pré-treinadas,2018.0,André Macedo Santana,André,Santana,Brazil,BR,male,0.98,True,Local Lexicon,middle
401,Diagnóstico de Glaucoma Utilizando Atributos de Textura e CNN’s Pré-treinadas,2018.0,Luis H. S. Vogado,Luis,Vogado,Brazil,BR,male,0.99,True,Local Lexicon,middle
401,Diagnóstico de Glaucoma Utilizando Atributos de Textura e CNN’s Pré-treinadas,2018.0,Leonardo P. Sousa,Leonardo,Sousa,Brazil,BR,male,0.99,True,Local Lexicon,last
402,A Multi-objective Version of the Lin-Kernighan Heuristic for the Traveling Salesman Problem,2018.0,Emerson Bezerra de Carvalho,Emerson,Carvalho,Brazil,BR,male,0.96,True,gender-guesser,first
402,A Multi-objective Version of the Lin-Kernighan Heuristic for the Traveling Salesman Problem,2018.0,Elizabeth Ferreira Gouvêa Goldbarg,Elizabeth,Goldbarg,Brazil,BR,female,0.96,True,gender-guesser,middle
402,A Multi-objective Version of the Lin-Kernighan Heuristic for the Traveling Salesman Problem,2018.0,Marco C. Goldbarg,Marco,Goldbarg,Brazil,BR,male,0.96,True,gender-guesser,last
403,MeHarCEn: Um Método de Harmonização do Consumo de Energia em Data Centers,2017.0,Daniel Scheidemantel Camargo,Daniel,Camargo,Brazil,BR,male,0.99,True,Local Lexicon,first
403,MeHarCEn: Um Método de Harmonização do Consumo de Energia em Data Centers,2017.0,Charles C. Miers,Charles,Miers,Brazil,BR,male,0.96,True,gender-guesser,middle
403,MeHarCEn: Um Método de Harmonização do Consumo de Energia em Data Centers,2017.0,Maurício A. Pillon,Maurício,Pillon,Brazil,BR,male,0.99,True,Local Lexicon,middle
403,MeHarCEn: Um Método de Harmonização do Consumo de Energia em Data Centers,2017.0,Guilherme Koslovski,Guilherme,Koslovski,Brazil,BR,male,0.99,True,Local Lexicon,last
404,Avaliação do Intel Software Guard Extensions via Emulação,2018.0,Marco Aurélio Spohn,Marco,Spohn,Brazil,BR,male,0.96,True,gender-guesser,first
404,Avaliação do Intel Software Guard Extensions via Emulação,2018.0,Mateus Trebien,Mateus,Trebien,Brazil,BR,male,0.99,True,Local Lexicon,last
405,Avaliação Pró-ativa da Deterioração de Sistemas de Informação por meio de Medidas de Gestão,2011.0,Káthia Marçal de Oliveira,Káthia,Oliveira,Brazil,BR,female,0.9992908338647535,True,NamSor API,first
405,Avaliação Pró-ativa da Deterioração de Sistemas de Informação por meio de Medidas de Gestão,2011.0,Nicolas Anquetil,Nicolas,Anquetil,Brazil,BR,male,0.96,True,gender-guesser,middle
405,Avaliação Pró-ativa da Deterioração de Sistemas de Informação por meio de Medidas de Gestão,2011.0,André Luiz Pimentel Queiroz,André,Queiroz,Brazil,BR,male,0.98,True,Local Lexicon,last
406,Virtual Reality as a Support Tool for the Treatment of People with Intellectual and Multiple Disabilities: A Systematic Literature Review,2018.0,Rian Dutra da Cunha,Rian,Cunha,Brazil,BR,male,0.9915621336898319,True,NamSor API,first
406,Virtual Reality as a Support Tool for the Treatment of People with Intellectual and Multiple Disabilities: A Systematic Literature Review,2018.0,Frâncila Weidt Neiva,Frâncila,Neiva,Brazil,BR,female,0.9817135364179106,True,NamSor API,middle
406,Virtual Reality as a Support Tool for the Treatment of People with Intellectual and Multiple Disabilities: A Systematic Literature Review,2018.0,Rodrigo Luis de Souza da Silva,Rodrigo,Silva,Brazil,BR,male,0.99,True,Local Lexicon,last
407,IndoLoR -- Uma Plataforma Adaptável para Localização em Ambientes Internos,2018.0,Mário Melo,Mário,Melo,Brazil,BR,male,0.96,True,gender-guesser,first
407,IndoLoR -- Uma Plataforma Adaptável para Localização em Ambientes Internos,2018.0,Gibeon Soares de Aquino,Gibeon,Aquino,Brazil,BR,unknown,0.7098836818435977,False,NamSor API,last
408,Teoria espaço-escala: conceitos e abordagens,2011.0,Leyza Baldo Dorini,Leyza,Dorini,Brazil,BR,female,0.999966686860157,True,NamSor API,first
408,Teoria espaço-escala: conceitos e abordagens,2011.0,Neucimar J. Leite,Neucimar,Leite,Brazil,BR,unknown,0.5463926417798568,False,NamSor API,last
409,CoWPar: A D2D Communication Approach Without Pairing for Mobile Social Network in Proximity,2018.0,Charles Tim Batista Garrocho,Charles,Garrocho,Brazil,BR,male,0.96,True,gender-guesser,first
409,CoWPar: A D2D Communication Approach Without Pairing for Mobile Social Network in Proximity,2018.0,Jessé Pires Barbosa Rocha,Jessé,Rocha,Brazil,BR,male,0.8178446082489769,True,NamSor API,middle
409,CoWPar: A D2D Communication Approach Without Pairing for Mobile Social Network in Proximity,2018.0,José Eduardo de Souza,José,Souza,Brazil,BR,male,0.99,True,Local Lexicon,last
410,Modelos para avaliação de disponibilidade orientada a capacidade de uma nuvem privada,2018.0,Matheus Torquato,Matheus,Torquato,Brazil,BR,male,0.99,True,Local Lexicon,first
410,Modelos para avaliação de disponibilidade orientada a capacidade de uma nuvem privada,2018.0,Lucas Torquato,Lucas,Torquato,Brazil,BR,male,0.99,True,Local Lexicon,middle
410,Modelos para avaliação de disponibilidade orientada a capacidade de uma nuvem privada,2018.0,Paulo Maciel,Paulo,Maciel,Brazil,BR,male,0.99,True,Local Lexicon,last
411,Video Conferencing Evaluation Considering Scalable Video Coding and SDN Network,2018.0,Francisco Kelsen de Oliveira,Francisco,Oliveira,Brazil,BR,male,0.99,True,Local Lexicon,first
411,Video Conferencing Evaluation Considering Scalable Video Coding and SDN Network,2018.0,Eduardo Tavares,Eduardo,Tavares,Brazil,BR,male,0.99,True,Local Lexicon,middle
411,Video Conferencing Evaluation Considering Scalable Video Coding and SDN Network,2018.0,Erica Sousa,Erica,Sousa,Brazil,BR,female,0.96,True,gender-guesser,middle
411,Video Conferencing Evaluation Considering Scalable Video Coding and SDN Network,2018.0,Bruno Nogueira,Bruno,Nogueira,Brazil,BR,male,0.99,True,Local Lexicon,last
412,A Genetic Programming Model for Association Studies to Detect Epistasis in Low Heritability Data,2018.0,Igor Magalhães Ribeiro,Igor,Ribeiro,Brazil,BR,male,0.96,True,gender-guesser,first
412,A Genetic Programming Model for Association Studies to Detect Epistasis in Low Heritability Data,2018.0,Carlos Cristiano Hasenclever Borges,Carlos,Borges,Brazil,BR,male,0.99,True,Local Lexicon,middle
412,A Genetic Programming Model for Association Studies to Detect Epistasis in Low Heritability Data,2018.0,Bruno Zonovelli Silva,Bruno,Silva,Brazil,BR,male,0.99,True,Local Lexicon,middle
412,A Genetic Programming Model for Association Studies to Detect Epistasis in Low Heritability Data,2018.0,Wagner Arbex,Wagner,Arbex,Brazil,BR,male,0.96,True,gender-guesser,last
413,Relative Scalability of NoSQL Databases for Genotype Data Manipulation,2018.0,Arthur Lorenzi Almeida,Arthur,Almeida,Brazil,BR,male,0.96,True,gender-guesser,first
413,Relative Scalability of NoSQL Databases for Genotype Data Manipulation,2018.0,Vinícius Junqueira Schettino,Vinícius,Schettino,Brazil,BR,male,0.99,True,Local Lexicon,middle
413,Relative Scalability of NoSQL Databases for Genotype Data Manipulation,2018.0,Thiago Jesus Rodrigues Barbosa,Thiago,Barbosa,Brazil,BR,male,0.99,True,Local Lexicon,middle
413,Relative Scalability of NoSQL Databases for Genotype Data Manipulation,2018.0,Pedro Fernandes Freitas,Pedro,Freitas,Brazil,BR,male,0.99,True,Local Lexicon,middle
413,Relative Scalability of NoSQL Databases for Genotype Data Manipulation,2018.0,Pedro Gabriel Silva Guimarães,Pedro,Guimarães,Brazil,BR,male,0.99,True,Local Lexicon,middle
413,Relative Scalability of NoSQL Databases for Genotype Data Manipulation,2018.0,Wagner Arbex,Wagner,Arbex,Brazil,BR,male,0.96,True,gender-guesser,last
414,Can the Use of nonlinear Color Metrics systematically improve Segmentation?,2018.0,L. E. Carvalho,,,Brazil,BR,unknown,0.0,False,Initial / Abbreviated,first
414,Can the Use of nonlinear Color Metrics systematically improve Segmentation?,2018.0,Sylvio Luiz Mantelli Neto,Sylvio,Neto,Brazil,BR,male,0.96,True,gender-guesser,middle
414,Can the Use of nonlinear Color Metrics systematically improve Segmentation?,2018.0,Eros Comunello,Eros,Comunello,Brazil,BR,male,0.96,True,gender-guesser,middle
414,Can the Use of nonlinear Color Metrics systematically improve Segmentation?,2018.0,Antonio Carlos Sobieranski,Antonio,Sobieranski,Brazil,BR,male,0.99,True,Local Lexicon,middle
414,Can the Use of nonlinear Color Metrics systematically improve Segmentation?,2018.0,Aldo von Wangenheim,Aldo,Wangenheim,Brazil,BR,male,0.96,True,gender-guesser,last
415,Algoritmos de Escalonamento Gangue com Estratégias de Migracão em um Ambiente MCMCA,2018.0,Francisca Aparecida Prado Pinto,Francisca,Pinto,Brazil,BR,female,0.96,True,gender-guesser,first
415,Algoritmos de Escalonamento Gangue com Estratégias de Migracão em um Ambiente MCMCA,2018.0,Henrique Jorge Amorim Holanda,Henrique,Holanda,Brazil,BR,male,0.96,True,gender-guesser,middle
415,Algoritmos de Escalonamento Gangue com Estratégias de Migracão em um Ambiente MCMCA,2018.0,Giovanni Cordeiro Barroso,Giovanni,Barroso,Brazil,BR,male,0.96,True,gender-guesser,middle
415,Algoritmos de Escalonamento Gangue com Estratégias de Migracão em um Ambiente MCMCA,2018.0,Carla Katarina Marques,Carla,Marques,Brazil,BR,female,0.96,True,gender-guesser,last
416,Desenvolvimento de uma rede neuro-fuzzy para predição da temperatura retal de frangos de corte,2011.0,Leandro Ferreira,Leandro,Ferreira,Brazil,BR,male,0.99,True,Local Lexicon,first
416,Desenvolvimento de uma rede neuro-fuzzy para predição da temperatura retal de frangos de corte,2011.0,Tadayuki Yanagi,Tadayuki,Yanagi,Brazil,BR,male,0.96,True,gender-guesser,middle
416,Desenvolvimento de uma rede neuro-fuzzy para predição da temperatura retal de frangos de corte,2011.0,Alison Zille Lopes,Alison,Lopes,Brazil,BR,female,0.96,True,gender-guesser,middle
416,Desenvolvimento de uma rede neuro-fuzzy para predição da temperatura retal de frangos de corte,2011.0,Wilian Soares Lacerda,Wilian,Lacerda,Brazil,BR,male,0.9921886733035343,True,NamSor API,last
417,Investigation of Archiving Techniques for Evolutionary Multi-objective Optimizers,2018.0,Hudson Geovane de Medeiros,Hudson,Medeiros,Brazil,BR,male,0.96,True,gender-guesser,first
417,Investigation of Archiving Techniques for Evolutionary Multi-objective Optimizers,2018.0,Elizabeth Ferreira Gouvêa Goldbarg,Elizabeth,Goldbarg,Brazil,BR,female,0.96,True,gender-guesser,middle
417,Investigation of Archiving Techniques for Evolutionary Multi-objective Optimizers,2018.0,Marco C. Goldbarg,Marco,Goldbarg,Brazil,BR,male,0.96,True,gender-guesser,last
418,Algorithms for the power-p Steiner tree problem in the Euclidean plane,2018.0,Christina N. Burt,Christina,Burt,Australia,AU,female,0.96,True,gender-guesser,first
418,Algorithms for the power-p Steiner tree problem in the Euclidean plane,2018.0,Alysson M. Costa,Alysson,Costa,Australia,AU,unknown,0.5619548786523267,False,NamSor API,middle
418,Algorithms for the power-p Steiner tree problem in the Euclidean plane,2018.0,Charl Ras,Charl,Ras,Australia,AU,male,0.9942903107361466,True,NamSor API,last
419,Um modelo computacional para a simulação de sistemas de transporte urbano,2018.0,Daniel Marques Gomes de Morais,Daniel,Morais,Brazil,BR,male,0.99,True,Local Lexicon,first
419,Um modelo computacional para a simulação de sistemas de transporte urbano,2018.0,Luciano Antônio Digiampietri,Luciano,Digiampietri,Brazil,BR,male,0.99,True,Local Lexicon,last
420,Use of cytomorphometry for classification of subcellular patterns in 3D images,2018.0,Eduardo Henrique Silva,Eduardo,Silva,Brazil,BR,male,0.99,True,Local Lexicon,first
420,Use of cytomorphometry for classification of subcellular patterns in 3D images,2018.0,Jefferson R. Souza,Jefferson,Souza,Brazil,BR,male,0.96,True,gender-guesser,middle
420,Use of cytomorphometry for classification of subcellular patterns in 3D images,2018.0,Bruno Augusto Nassif Travençolo,Bruno,Travençolo,Brazil,BR,male,0.99,True,Local Lexicon,last
421,Extreme Learning Machine combined with a Differential Evolution algorithm for lithology identification,2018.0,Camila Martins Saporetti,Camila,Saporetti,Brazil,BR,female,0.99,True,Local Lexicon,first
421,Extreme Learning Machine combined with a Differential Evolution algorithm for lithology identification,2018.0,Grasiele Regina Duarte,Grasiele,Duarte,Brazil,BR,female,0.9849722543304744,True,NamSor API,middle
421,Extreme Learning Machine combined with a Differential Evolution algorithm for lithology identification,2018.0,Tales Lima Fonseca,Tales,Fonseca,Brazil,BR,male,0.9919444597956454,True,NamSor API,middle
421,Extreme Learning Machine combined with a Differential Evolution algorithm for lithology identification,2018.0,Leonardo Goliatt,Leonardo,Goliatt,Brazil,BR,male,0.99,True,Local Lexicon,middle
421,Extreme Learning Machine combined with a Differential Evolution algorithm for lithology identification,2018.0,Egberto Pereira,Egberto,Pereira,Brazil,BR,male,0.96,True,gender-guesser,last
422,Exact Algorithms for the Graph Coloring Problem,2018.0,Alane M. de Lima,Alane,Lima,Brazil,BR,female,0.9988934008764893,True,NamSor API,first
422,Exact Algorithms for the Graph Coloring Problem,2018.0,Renato Carmo,Renato,Carmo,Brazil,BR,male,0.99,True,Local Lexicon,last
423,Formal Semantics for Java-like Languages and Research Opportunities,2018.0,Samuel da Silva Feitosa,Samuel,Feitosa,Brazil,BR,male,0.96,True,gender-guesser,first
423,Formal Semantics for Java-like Languages and Research Opportunities,2018.0,Rodrigo Ribeiro,Rodrigo,Ribeiro,Brazil,BR,male,0.99,True,Local Lexicon,middle
423,Formal Semantics for Java-like Languages and Research Opportunities,2018.0,André Rauber Du Bois,André,Bois,Brazil,BR,male,0.98,True,Local Lexicon,last
424,Introdução à Programação de Propósito Geral em Hardware Gráfico,2011.0,Cristina Nader Vasconcelos,Cristina,Vasconcelos,Brazil,BR,female,0.99,True,Local Lexicon,first
424,Introdução à Programação de Propósito Geral em Hardware Gráfico,2011.0,Paulo Cezar Pinto Carvalho,Paulo,Carvalho,Brazil,BR,male,0.99,True,Local Lexicon,middle
424,Introdução à Programação de Propósito Geral em Hardware Gráfico,2011.0,Marcelo Gattass,Marcelo,Gattass,Brazil,BR,male,0.99,True,Local Lexicon,last
425,Performance Analysis of the Segment Transfer Rate of TCP-UEM,2019.0,Airton Orlandini,Airton,Orlandini,Brazil,BR,male,0.9964317690191431,True,NamSor API,first
425,Performance Analysis of the Segment Transfer Rate of TCP-UEM,2019.0,Luciana Andréia Fondazzi Martimiano,Luciana,Martimiano,Brazil,BR,female,0.99,True,Local Lexicon,last
426,Vulnerability Identification on GNU/Linux Operating Systems through Case-Based Reasoning,2019.0,Douglas Santos,Douglas,Santos,Brazil,BR,male,0.96,True,gender-guesser,first
426,Vulnerability Identification on GNU/Linux Operating Systems through Case-Based Reasoning,2019.0,Jéferson Campos Nobre,Jéferson,Nobre,Brazil,BR,male,0.9819986716600185,True,NamSor API,last
427,Haskell Type System Analysis,2018.0,Rafael Castro G. Silva,Rafael,Silva,Brazil,BR,male,0.99,True,Local Lexicon,first
427,Haskell Type System Analysis,2018.0,Karina Girardi Roggia,Karina,Roggia,Brazil,BR,female,0.96,True,gender-guesser,middle
427,Haskell Type System Analysis,2018.0,Cristiano Vasconcellos,Cristiano,Vasconcellos,Brazil,BR,male,0.96,True,gender-guesser,last
428,Evolutionary Models applied to Multiprocessor TaskScheduling: Serial and Multipopulation Genetic Algorithm,2019.0,Bruno Well Dantas Morais,Bruno,Morais,Brazil,BR,male,0.99,True,Local Lexicon,first
428,Evolutionary Models applied to Multiprocessor TaskScheduling: Serial and Multipopulation Genetic Algorithm,2019.0,Gina M. B. Oliveira,Gina,Oliveira,Brazil,BR,female,0.96,True,gender-guesser,middle
428,Evolutionary Models applied to Multiprocessor TaskScheduling: Serial and Multipopulation Genetic Algorithm,2019.0,Tiago Ismailer Carvalho,Tiago,Carvalho,Brazil,BR,male,0.99,True,Local Lexicon,last
429,A Journey through Virtual and Augmented Reality - Reviewing the SVR Symposia from 2004 to 2008,2009.0,Alberto Raposo,Alberto,Raposo,Brazil,BR,male,0.9954880354505283,True,NamSor API,first
429,A Journey through Virtual and Augmented Reality - Reviewing the SVR Symposia from 2004 to 2008,2009.0,Luciano Soares,Luciano,Soares,Brazil,BR,male,0.99,True,Local Lexicon,middle
429,A Journey through Virtual and Augmented Reality - Reviewing the SVR Symposia from 2004 to 2008,2009.0,Judith Kelner,Judith,Kelner,Brazil,BR,female,0.96,True,gender-guesser,middle
429,A Journey through Virtual and Augmented Reality - Reviewing the SVR Symposia from 2004 to 2008,2009.0,Verônica Teichrieb,Verônica,Teichrieb,Brazil,BR,female,0.9998120664961639,True,NamSor API,last
430,The Design of a Graphics Engine for the Development of Virtual Reality Applications,2009.0,Silvano Maneck Malfatti,Silvano,Malfatti,Brazil,BR,male,0.96,True,gender-guesser,first
430,The Design of a Graphics Engine for the Development of Virtual Reality Applications,2009.0,Selan Rodrigues dos Santos,Selan,Santos,Brazil,BR,unknown,0.7226223075368472,False,NamSor API,middle
430,The Design of a Graphics Engine for the Development of Virtual Reality Applications,2009.0,Lucas Fraga,Lucas,Fraga,Brazil,BR,male,0.99,True,Local Lexicon,middle
430,The Design of a Graphics Engine for the Development of Virtual Reality Applications,2009.0,Cláudia Marcela Justel,Cláudia,Justel,Brazil,BR,female,0.99,True,Local Lexicon,middle
430,The Design of a Graphics Engine for the Development of Virtual Reality Applications,2009.0,Paulo Fernando Ferreira Rosa,Paulo,Rosa,Brazil,BR,male,0.99,True,Local Lexicon,middle
430,The Design of a Graphics Engine for the Development of Virtual Reality Applications,2009.0,Jauvane Cavalvante de Oliveira,Jauvane,Oliveira,Brazil,BR,unknown,0.5979999597434283,False,NamSor API,last
431,Designing and implementing an Spatial Augmented Reality X-Ray,2009.0,F. R. de Miranda,,,Brazil,BR,unknown,0.0,False,Initial / Abbreviated,first
431,Designing and implementing an Spatial Augmented Reality X-Ray,2009.0,Romero Tori,Romero,Tori,Brazil,BR,male,0.96,True,gender-guesser,middle
431,Designing and implementing an Spatial Augmented Reality X-Ray,2009.0,Cláudio E. S. Bueno,Cláudio,Bueno,Brazil,BR,male,0.96,True,gender-guesser,middle
431,Designing and implementing an Spatial Augmented Reality X-Ray,2009.0,Lucas P. Trias,Lucas,Trias,Brazil,BR,male,0.99,True,Local Lexicon,last
432,A Conceptual Image-Based Data Glove for Computer-Human Interaction,2009.0,Leandro A. F. Fernandes,Leandro,Fernandes,Brazil,BR,male,0.99,True,Local Lexicon,first
432,A Conceptual Image-Based Data Glove for Computer-Human Interaction,2009.0,Vitor F. Pamplona,Vitor,Pamplona,Brazil,BR,male,0.99,True,Local Lexicon,middle
432,A Conceptual Image-Based Data Glove for Computer-Human Interaction,2009.0,João Luis Prauchner,João,Prauchner,Brazil,BR,male,0.99,True,Local Lexicon,middle
432,A Conceptual Image-Based Data Glove for Computer-Human Interaction,2009.0,Luciana Nedel,Luciana,Nedel,Brazil,BR,female,0.99,True,Local Lexicon,middle
432,A Conceptual Image-Based Data Glove for Computer-Human Interaction,2009.0,Manuel M. Oliveira,Manuel,Oliveira,Brazil,BR,male,0.96,True,gender-guesser,last
433,A Software Framework to Create 3D Browser-Based Speech Enabled Applications,2009.0,Ednaldo Brigante Pizzolato,Ednaldo,Pizzolato,Brazil,BR,male,0.9932264304916625,True,NamSor API,first
433,A Software Framework to Create 3D Browser-Based Speech Enabled Applications,2009.0,D.D. Duarte,D.D.,Duarte,Brazil,BR,unknown,0.672729555170364,False,NamSor API,middle
433,A Software Framework to Create 3D Browser-Based Speech Enabled Applications,2009.0,Márcio Merino Fernandes,Márcio,Fernandes,Brazil,BR,male,0.96,True,gender-guesser,last
434,V: a language with extensible record accessors and a trait-based type system,2018.0,Arthur Giesel Vedana,Arthur,Vedana,Brazil,BR,male,0.96,True,gender-guesser,first
434,V: a language with extensible record accessors and a trait-based type system,2018.0,Rodrigo Machado,Rodrigo,Machado,Brazil,BR,male,0.99,True,Local Lexicon,middle
434,V: a language with extensible record accessors and a trait-based type system,2018.0,Álvaro Moreira,Álvaro,Moreira,Brazil,BR,male,0.96,True,gender-guesser,last
435,"Stochastic Models for Optimizing Availability, Cost and Sustainability of Data Center Power Architectures through Genetic Algorithm",2019.0,Márcio Sergio Soares Austregésilo,Márcio,Austregésilo,Brazil,BR,male,0.96,True,gender-guesser,first
435,"Stochastic Models for Optimizing Availability, Cost and Sustainability of Data Center Power Architectures through Genetic Algorithm",2019.0,Gustavo Callou,Gustavo,Callou,Brazil,BR,male,0.99,True,Local Lexicon,last
436,Use of text mining techniques for unsupervised organization of digital procedural acts,2018.0,Alfredo Silveira Araújo Neto,Alfredo,Neto,Brazil,BR,male,0.96,True,gender-guesser,first
436,Use of text mining techniques for unsupervised organization of digital procedural acts,2018.0,Marcos Negreiros,Marcos,Negreiros,Brazil,BR,male,0.99,True,Local Lexicon,last
437,An Analysis of a Real Mobility Trace Based on Standard Mobility Metrics,2019.0,Marco Aurélio Spohn,Marco,Spohn,Brazil,BR,male,0.96,True,gender-guesser,first
437,An Analysis of a Real Mobility Trace Based on Standard Mobility Metrics,2019.0,Matheus Henrique Trichez,Matheus,Trichez,Brazil,BR,male,0.99,True,Local Lexicon,last
438,SWEETS: um Sistema de Recomendação de Especialistas aplicado a uma plataforma de Gestão de Conhecimento,2011.0,Edeilson Milhomem Silva,Edeilson,Silva,Brazil,BR,male,0.9899024803737991,True,NamSor API,first
438,SWEETS: um Sistema de Recomendação de Especialistas aplicado a uma plataforma de Gestão de Conhecimento,2011.0,Ricardo A. Costa,Ricardo,Costa,Brazil,BR,male,0.99,True,Local Lexicon,middle
438,SWEETS: um Sistema de Recomendação de Especialistas aplicado a uma plataforma de Gestão de Conhecimento,2011.0,Lucas R. B. Schmitz,Lucas,Schmitz,Brazil,BR,male,0.99,True,Local Lexicon,middle
438,SWEETS: um Sistema de Recomendação de Especialistas aplicado a uma plataforma de Gestão de Conhecimento,2011.0,Sílvio R. L. Meira,Sílvio,Meira,Brazil,BR,male,0.96,True,gender-guesser,last
439,A gene based bacterial whole genome comparison toolkit,2019.0,Luciano Antônio Digiampietri,Luciano,Digiampietri,Brazil,BR,male,0.99,True,Local Lexicon,first
439,A gene based bacterial whole genome comparison toolkit,2019.0,Vivian Mayumi Yamassaki Pereira,Vivian,Pereira,Brazil,BR,female,0.96,True,gender-guesser,middle
439,A gene based bacterial whole genome comparison toolkit,2019.0,Geraldo José Santos-Júnior,Geraldo,Santos-Júnior,Brazil,BR,male,0.96,True,gender-guesser,middle
439,A gene based bacterial whole genome comparison toolkit,2019.0,Giovani Sousa-Leite,Giovani,Sousa-Leite,Brazil,BR,male,0.9856378449552021,True,NamSor API,middle
439,A gene based bacterial whole genome comparison toolkit,2019.0,Priscilla Koch Wagner,Priscilla,Wagner,Brazil,BR,female,0.96,True,gender-guesser,middle
439,A gene based bacterial whole genome comparison toolkit,2019.0,Leandro Márcio Moreira,Leandro,Moreira,Brazil,BR,male,0.99,True,Local Lexicon,middle
439,A gene based bacterial whole genome comparison toolkit,2019.0,Caio Rafael do Nascimento Santiago,Caio,Santiago,Brazil,BR,male,0.99,True,Local Lexicon,last
440,Analysis of the Performance of Genetic Algorithm Parallelized with OpenMP Through Execution Traces,2019.0,Gabriella Andrade,Gabriella,Andrade,Brazil,BR,female,0.96,True,gender-guesser,first
440,Analysis of the Performance of Genetic Algorithm Parallelized with OpenMP Through Execution Traces,2019.0,Márcia Cristina,Márcia,Cristina,Brazil,BR,female,0.96,True,gender-guesser,last
441,Uma Revisão Sobre Combinação de Agrupamentos,2010.0,Murilo Coelho Naldi,Murilo,Naldi,Brazil,BR,unknown,0.7417692044113027,False,NamSor API,first
441,Uma Revisão Sobre Combinação de Agrupamentos,2010.0,Katti Faceli,Katti,Faceli,Brazil,BR,female,0.9759676473879401,True,NamSor API,middle
441,Uma Revisão Sobre Combinação de Agrupamentos,2010.0,André F. Carvalho,André,Carvalho,Brazil,BR,male,0.98,True,Local Lexicon,last
442,Combinando Modelos de Interação para Melhorar a Coordenação em Sistemas Multiagente,2011.0,Richardson Ribeiro,Richardson,Ribeiro,Brazil,BR,male,0.9940408235870675,True,NamSor API,first
442,Combinando Modelos de Interação para Melhorar a Coordenação em Sistemas Multiagente,2011.0,André Pinz Borges,André,Borges,Brazil,BR,male,0.98,True,Local Lexicon,middle
442,Combinando Modelos de Interação para Melhorar a Coordenação em Sistemas Multiagente,2011.0,Adriano F. Ronszcka,Adriano,Ronszcka,Brazil,BR,male,0.96,True,gender-guesser,middle
442,Combinando Modelos de Interação para Melhorar a Coordenação em Sistemas Multiagente,2011.0,Edson Emílio Scalabrin,Edson,Scalabrin,Brazil,BR,male,0.96,True,gender-guesser,middle
442,Combinando Modelos de Interação para Melhorar a Coordenação em Sistemas Multiagente,2011.0,Bráulio C. Ávila,Bráulio,Ávila,Brazil,BR,male,0.9175191204987403,True,NamSor API,middle
442,Combinando Modelos de Interação para Melhorar a Coordenação em Sistemas Multiagente,2011.0,Fabrício Enembreck,Fabrício,Enembreck,Brazil,BR,male,0.9728807742539187,True,NamSor API,last
443,A Taxonomy of container security on computational clouds: concerns and solutions,2019.0,Guilherme Panizzon,Guilherme,Panizzon,Brazil,BR,male,0.99,True,Local Lexicon,first
443,A Taxonomy of container security on computational clouds: concerns and solutions,2019.0,João Henrique Faes Battisti,João,Battisti,Brazil,BR,male,0.99,True,Local Lexicon,middle
443,A Taxonomy of container security on computational clouds: concerns and solutions,2019.0,Guilherme Koslovski,Guilherme,Koslovski,Brazil,BR,male,0.99,True,Local Lexicon,middle
443,A Taxonomy of container security on computational clouds: concerns and solutions,2019.0,Maurício A. Pillon,Maurício,Pillon,Brazil,BR,male,0.99,True,Local Lexicon,middle
443,A Taxonomy of container security on computational clouds: concerns and solutions,2019.0,Charles C. Miers,Charles,Miers,Brazil,BR,male,0.96,True,gender-guesser,last
444,OLSR Fuzzy Cost (OLSR-FC): an extension to OLSR protocol based on fuzzy logic and applied to avoid selfish nodes,2019.0,Diógenes Antônio Marques José,Diógenes,José,Brazil,BR,male,0.9978677551372267,True,NamSor API,first
444,OLSR Fuzzy Cost (OLSR-FC): an extension to OLSR protocol based on fuzzy logic and applied to avoid selfish nodes,2019.0,Renato F. Bulcão-Neto,Renato,Bulcão-Neto,Brazil,BR,male,0.99,True,Local Lexicon,middle
444,OLSR Fuzzy Cost (OLSR-FC): an extension to OLSR protocol based on fuzzy logic and applied to avoid selfish nodes,2019.0,Vinícius Sebba Patto,Vinícius,Patto,Brazil,BR,male,0.99,True,Local Lexicon,middle
444,OLSR Fuzzy Cost (OLSR-FC): an extension to OLSR protocol based on fuzzy logic and applied to avoid selfish nodes,2019.0,Iwens G. Sene,Iwens,Sene,Brazil,BR,unknown,0.5205985393814134,False,NamSor API,last
445,A Model for the Diffusive Filling-In Algorithm Operating in Spike Mode,2019.0,Genildo Nonato Santos,Genildo,Santos,Brazil,BR,male,0.9942080346680129,True,NamSor API,first
445,A Model for the Diffusive Filling-In Algorithm Operating in Spike Mode,2019.0,José Gabriel R. C. Gomes,José,Gomes,Brazil,BR,male,0.99,True,Local Lexicon,last
446,Virtual Reality-based Training for the Motor Developmentof People With Intellectual and Multiple Disabilities,2019.0,Rian Dutra da Cunha,Rian,Cunha,Brazil,BR,male,0.9915621336898319,True,NamSor API,first
446,Virtual Reality-based Training for the Motor Developmentof People With Intellectual and Multiple Disabilities,2019.0,Frâncila Weidt Neiva,Frâncila,Neiva,Brazil,BR,female,0.9817135364179106,True,NamSor API,middle
446,Virtual Reality-based Training for the Motor Developmentof People With Intellectual and Multiple Disabilities,2019.0,Rodrigo Luis de Souza da Silva,Rodrigo,Silva,Brazil,BR,male,0.99,True,Local Lexicon,last
447,Elementary Economic Systems in Material Agent Societies,2019.0,Antônio Carlos da Rocha Costa,Antônio,Costa,Brazil,BR,male,0.99,True,Local Lexicon,first
448,Data Fusion through Fuzzy-Bayesian Networks for Belief Generation in Cognitive Agents,2019.0,Munyque Mittelmann,Munyque,Mittelmann,Brazil,BR,unknown,0.5939503045901515,False,NamSor API,first
448,Data Fusion through Fuzzy-Bayesian Networks for Belief Generation in Cognitive Agents,2019.0,Jerusa Marchi,Jerusa,Marchi,Brazil,BR,female,0.9720902943383594,True,NamSor API,middle
448,Data Fusion through Fuzzy-Bayesian Networks for Belief Generation in Cognitive Agents,2019.0,Aldo von Wangenheim,Aldo,Wangenheim,Brazil,BR,male,0.96,True,gender-guesser,last
449,A Strategy for Performance Evaluation and Modeling of Cloud Computing Services,2019.0,Rajeev Yadav,Rajeev,Yadav,Brazil,BR,male,0.96,True,gender-guesser,first
449,A Strategy for Performance Evaluation and Modeling of Cloud Computing Services,2019.0,Gleidson A. S. Campos,Gleidson,Campos,Brazil,BR,unknown,0.7153611739818172,False,NamSor API,middle
449,A Strategy for Performance Evaluation and Modeling of Cloud Computing Services,2019.0,Érica Sousa,Érica,Sousa,Brazil,BR,female,0.9998797064336665,True,NamSor API,middle
449,A Strategy for Performance Evaluation and Modeling of Cloud Computing Services,2019.0,Fernando Lins,Fernando,Lins,Brazil,BR,male,0.99,True,Local Lexicon,last
450,Evaluating the impact of maintenance policies associated to SLA contracts on the dependability of data centers electrical infrastructures,2020.0,Felipe Fernandes de Lima Melo,Felipe,Melo,Brazil,BR,male,0.99,True,Local Lexicon,first
450,Evaluating the impact of maintenance policies associated to SLA contracts on the dependability of data centers electrical infrastructures,2020.0,João Ferreira,João,Ferreira,Brazil,BR,male,0.99,True,Local Lexicon,middle
450,Evaluating the impact of maintenance policies associated to SLA contracts on the dependability of data centers electrical infrastructures,2020.0,Gustavo Callou,Gustavo,Callou,Brazil,BR,male,0.99,True,Local Lexicon,last
451,Hybrid Neural Networks Applied to Brazilian Stock Market,2020.0,Wilson Castello Branco Neto,Wilson,Neto,Brazil,BR,male,0.96,True,gender-guesser,first
451,Hybrid Neural Networks Applied to Brazilian Stock Market,2020.0,Andrey de Aguiar Salvi,Andrey,Salvi,Brazil,BR,male,0.96,True,gender-guesser,middle
451,Hybrid Neural Networks Applied to Brazilian Stock Market,2020.0,William Passig de Souza,William,Souza,Brazil,BR,male,0.96,True,gender-guesser,last
452,"Biclustering and coclustering: concepts, algorithms and viability for text mining",2019.0,Alexandra Katiuska Ramos Diaz,Alexandra,Diaz,Brazil,BR,female,0.96,True,gender-guesser,first
452,"Biclustering and coclustering: concepts, algorithms and viability for text mining",2019.0,Sarajane Marques Peres,Sarajane,Peres,Brazil,BR,female,0.983468757781729,True,NamSor API,last
453,PHOC Descriptor Applied for Mammography Classification,2020.0,Gilmário Barbosa dos Santos,Gilmário,Santos,Brazil,BR,male,0.9969740321106804,True,NamSor API,first
453,PHOC Descriptor Applied for Mammography Classification,2020.0,André Tragancin Filho,André,Filho,Brazil,BR,male,0.98,True,Local Lexicon,last
454,Uma abordagem estrutural para calcular similaridade entre conceitos de ontologias,2011.0,Jairo Francisco de Souza,Jairo,Souza,Brazil,BR,male,0.96,True,gender-guesser,first
454,Uma abordagem estrutural para calcular similaridade entre conceitos de ontologias,2011.0,Rubens N. Melo,Rubens,Melo,Brazil,BR,male,0.96,True,gender-guesser,middle
454,Uma abordagem estrutural para calcular similaridade entre conceitos de ontologias,2011.0,Jonice Oliveira,Jonice,Oliveira,Brazil,BR,female,0.9967749909031006,True,NamSor API,middle
454,Uma abordagem estrutural para calcular similaridade entre conceitos de ontologias,2011.0,Jano Moreira de Souza,Jano,Souza,Brazil,BR,male,0.96,True,gender-guesser,last
455,BeeNotified! A Notification System of Physical Quantities for Beehives Remote Monitoring,2020.0,Antonio Rafael Braga,Antonio,Braga,Brazil,BR,male,0.99,True,Local Lexicon,first
455,BeeNotified! A Notification System of Physical Quantities for Beehives Remote Monitoring,2020.0,Juliana De Castro Rabelo,Juliana,Rabelo,Brazil,BR,female,0.99,True,Local Lexicon,middle
455,BeeNotified! A Notification System of Physical Quantities for Beehives Remote Monitoring,2020.0,Arthur de Castro Callado,Arthur,Callado,Brazil,BR,male,0.96,True,gender-guesser,middle
455,BeeNotified! A Notification System of Physical Quantities for Beehives Remote Monitoring,2020.0,Atslands R. da Rocha,Atslands,Rocha,Brazil,BR,unknown,0.5578203826389803,False,NamSor API,middle
455,BeeNotified! A Notification System of Physical Quantities for Beehives Remote Monitoring,2020.0,Breno Magalhães Freitas,Breno,Freitas,Brazil,BR,male,0.9951923076923077,True,NamSor API,middle
455,BeeNotified! A Notification System of Physical Quantities for Beehives Remote Monitoring,2020.0,Danielo G. Gomes,Danielo,Gomes,Brazil,BR,male,0.9840681251090384,True,NamSor API,last
456,An Online Tree-Based Approach for Mining Non-Stationary High-Speed Data Streams,2020.0,Agustín Alejandro Ortiz Díaz,Agustín,Díaz,Brazil,BR,male,0.96,True,gender-guesser,first
456,An Online Tree-Based Approach for Mining Non-Stationary High-Speed Data Streams,2020.0,Isvani Inocencio Frías Blanco,Isvani,Blanco,Brazil,BR,unknown,0.5376104716057412,False,NamSor API,middle
456,An Online Tree-Based Approach for Mining Non-Stationary High-Speed Data Streams,2020.0,Laura María Palomino Mariño,Laura,Mariño,Brazil,BR,female,0.96,True,gender-guesser,middle
456,An Online Tree-Based Approach for Mining Non-Stationary High-Speed Data Streams,2020.0,Fabiano Baldo,Fabiano,Baldo,Brazil,BR,male,0.96,True,gender-guesser,last
457,Group Labeling Methodology Using Distance-based Data Grouping Algorithms,2020.0,Francisco Imperes Filho,Francisco,Filho,Brazil,BR,male,0.99,True,Local Lexicon,first
457,Group Labeling Methodology Using Distance-based Data Grouping Algorithms,2020.0,Vinícius Ponte Machado,Vinícius,Machado,Brazil,BR,male,0.99,True,Local Lexicon,middle
457,Group Labeling Methodology Using Distance-based Data Grouping Algorithms,2020.0,Rodrigo Veras,Rodrigo,Veras,Brazil,BR,male,0.99,True,Local Lexicon,middle
457,Group Labeling Methodology Using Distance-based Data Grouping Algorithms,2020.0,Kelson Aires,Kelson,Aires,Brazil,BR,male,0.9961003935559221,True,NamSor API,middle
457,Group Labeling Methodology Using Distance-based Data Grouping Algorithms,2020.0,Aline Montenegro Leal Silva,Aline,Silva,Brazil,BR,female,0.99,True,Local Lexicon,last
458,Road Surface Classification with Images Captured From Low-cost Camera - Road Traversing Knowledge (RTK) Dataset,2019.0,Thiago Rateke,Thiago,Rateke,Brazil,BR,male,0.99,True,Local Lexicon,first
458,Road Surface Classification with Images Captured From Low-cost Camera - Road Traversing Knowledge (RTK) Dataset,2019.0,Karla Aparecida Justen,Karla,Justen,Brazil,BR,female,0.96,True,gender-guesser,middle
458,Road Surface Classification with Images Captured From Low-cost Camera - Road Traversing Knowledge (RTK) Dataset,2019.0,Aldo von Wangenheim,Aldo,Wangenheim,Brazil,BR,male,0.96,True,gender-guesser,last
459,Models to evaluate service Provisioning over Cloud Computing Environments - A Blockchain-As-A-Service case study,2019.0,Carlos Melo,Carlos,Melo,Brazil,BR,male,0.99,True,Local Lexicon,first
459,Models to evaluate service Provisioning over Cloud Computing Environments - A Blockchain-As-A-Service case study,2019.0,Jamilson Dantas,Jamilson,Dantas,Brazil,BR,male,0.9773122446217214,True,NamSor API,middle
459,Models to evaluate service Provisioning over Cloud Computing Environments - A Blockchain-As-A-Service case study,2019.0,Ronierison Maciel,Ronierison,Maciel,Brazil,BR,unknown,0.6140370556828113,False,NamSor API,middle
459,Models to evaluate service Provisioning over Cloud Computing Environments - A Blockchain-As-A-Service case study,2019.0,Paulo Silva,Paulo,Silva,Brazil,BR,male,0.99,True,Local Lexicon,middle
459,Models to evaluate service Provisioning over Cloud Computing Environments - A Blockchain-As-A-Service case study,2019.0,Paulo Maciel,Paulo,Maciel,Brazil,BR,male,0.99,True,Local Lexicon,last
460,SafeFollowing: A collaborative model for public security agents to assist people with disabilities and the elderly,2019.0,Christian Moreira Matos,Christian,Matos,Unknown,,male,0.96,True,gender-guesser,first
460,SafeFollowing: A collaborative model for public security agents to assist people with disabilities and the elderly,2019.0,Vítor Kehl Matter,Vítor,Matter,Unknown,,male,0.99,True,Local Lexicon,middle
460,SafeFollowing: A collaborative model for public security agents to assist people with disabilities and the elderly,2019.0,Fábio Viegas,Fábio,Viegas,Unknown,,male,0.99,True,Local Lexicon,middle
460,SafeFollowing: A collaborative model for public security agents to assist people with disabilities and the elderly,2019.0,Márcio Garcia Martins,Márcio,Martins,Unknown,,male,0.96,True,gender-guesser,middle
460,SafeFollowing: A collaborative model for public security agents to assist people with disabilities and the elderly,2019.0,João Elison da Rosa Tavares,João,Tavares,Unknown,,male,0.99,True,Local Lexicon,middle
460,SafeFollowing: A collaborative model for public security agents to assist people with disabilities and the elderly,2019.0,Jorge Luís Victória Barbosa,Jorge,Barbosa,Unknown,,male,0.9999354919819972,True,NamSor API,last
461,A Computational Strategy for Classification of Enem Issues Based on Item Response Theory,2020.0,Gustavo Henrique Nunes,Gustavo,Nunes,Brazil,BR,male,0.99,True,Local Lexicon,first
461,A Computational Strategy for Classification of Enem Issues Based on Item Response Theory,2020.0,Bruno Alberto Soares Oliveira,Bruno,Oliveira,Brazil,BR,male,0.99,True,Local Lexicon,middle
461,A Computational Strategy for Classification of Enem Issues Based on Item Response Theory,2020.0,Ciniro Aparecido Leite Nametala,Ciniro,Nametala,Brazil,BR,unknown,0.5340774701125578,False,NamSor API,last
462,HICOLM: High-Performance Platform of Physical Simulations by Using Low Computational Cost Methods,2019.0,Flaviano Williams Fernandes,Flaviano,Fernandes,Brazil,BR,male,0.96,True,gender-guesser,first
463,"Traveling Salesman Problem with Optional Bonus Collection, Pickup Time and Passengers",2020.0,José Gomes Lopes Filho,José,Filho,Brazil,BR,male,0.99,True,Local Lexicon,first
463,"Traveling Salesman Problem with Optional Bonus Collection, Pickup Time and Passengers",2020.0,Marco C. Goldbarg,Marco,Goldbarg,Brazil,BR,male,0.96,True,gender-guesser,middle
463,"Traveling Salesman Problem with Optional Bonus Collection, Pickup Time and Passengers",2020.0,Elizabeth Ferreira Gouvêa Goldbarg,Elizabeth,Goldbarg,Brazil,BR,female,0.96,True,gender-guesser,middle
463,"Traveling Salesman Problem with Optional Bonus Collection, Pickup Time and Passengers",2020.0,Vinícius Araújo Petch,Vinícius,Petch,Brazil,BR,male,0.99,True,Local Lexicon,last
464,Performability Evaluation of Voice Services in Converged Networks,2020.0,Almir Pereira Guimarães,Almir,Guimarães,Brazil,BR,male,0.96,True,gender-guesser,first
464,Performability Evaluation of Voice Services in Converged Networks,2020.0,Dênis Da Silva Rodrigues,Dênis,Rodrigues,Brazil,BR,male,0.8747720034209425,True,NamSor API,middle
464,Performability Evaluation of Voice Services in Converged Networks,2020.0,Bruno Nogueira,Bruno,Nogueira,Brazil,BR,male,0.99,True,Local Lexicon,last
465,Prize Collecting Traveling Salesman Problem with Ridesharing,2020.0,Ygor Alcântara de Medeiros,Ygor,Medeiros,Brazil,BR,male,0.9993689244438861,True,NamSor API,first
465,Prize Collecting Traveling Salesman Problem with Ridesharing,2020.0,Marco C. Goldbarg,Marco,Goldbarg,Brazil,BR,male,0.96,True,gender-guesser,middle
465,Prize Collecting Traveling Salesman Problem with Ridesharing,2020.0,Elizabeth Ferreira Gouvêa Goldbarg,Elizabeth,Goldbarg,Brazil,BR,female,0.96,True,gender-guesser,last
466,WebGIS development for base flow separation and recharge estimation,2020.0,Taison Anderson Bortolin,Taison,Bortolin,Brazil,BR,male,0.9935804591683892,True,NamSor API,first
466,WebGIS development for base flow separation and recharge estimation,2020.0,Lucas Moraes dos Santos,Lucas,Santos,Brazil,BR,male,0.99,True,Local Lexicon,middle
466,WebGIS development for base flow separation and recharge estimation,2020.0,Adriano Gomes da Silva,Adriano,Silva,Brazil,BR,male,0.96,True,gender-guesser,middle
466,WebGIS development for base flow separation and recharge estimation,2020.0,Vânia Elisabete Schneider,Vânia,Schneider,Brazil,BR,female,0.9997713526039353,True,NamSor API,last
467,Water Resources Analysis: An Approach based on Agent-Based Modeling,2020.0,Giovani Farias,Giovani,Farias,Brazil,BR,male,0.9856378449552021,True,NamSor API,first
467,Water Resources Analysis: An Approach based on Agent-Based Modeling,2020.0,Bruna Leitzke,Bruna,Leitzke,Brazil,BR,female,0.99,True,Local Lexicon,middle
467,Water Resources Analysis: An Approach based on Agent-Based Modeling,2020.0,Míriam Blank Born,Míriam,Born,Brazil,BR,female,0.9979552578154826,True,NamSor API,middle
467,Water Resources Analysis: An Approach based on Agent-Based Modeling,2020.0,Marílton Sanchotene de Aguiar,Marílton,Aguiar,Brazil,BR,male,0.9939352570558255,True,NamSor API,middle
467,Water Resources Analysis: An Approach based on Agent-Based Modeling,2020.0,Diana F. Adamatti,Diana,Adamatti,Brazil,BR,female,0.96,True,gender-guesser,last
468,Effects of reward distribution strategies and perseverance profiles on agent-based coalitions dynamics,2020.0,Luís Gustavo Ludescher,Luís,Ludescher,Brazil,BR,male,0.99,True,Local Lexicon,first
468,Effects of reward distribution strategies and perseverance profiles on agent-based coalitions dynamics,2020.0,Jaime Simão Sichman,Jaime,Sichman,Brazil,BR,male,0.96,True,gender-guesser,last
469,Mosaik and PADE: Multiagents and Co-simulation for smart grids modeling,2020.0,Lucas Silveira Melo,Lucas,Melo,Brazil,BR,male,0.99,True,Local Lexicon,first
469,Mosaik and PADE: Multiagents and Co-simulation for smart grids modeling,2020.0,Filipe Saraiva,Filipe,Saraiva,Brazil,BR,male,0.96,True,gender-guesser,middle
469,Mosaik and PADE: Multiagents and Co-simulation for smart grids modeling,2020.0,Ruth Pastôra Saraiva Leão,Ruth,Leão,Brazil,BR,female,0.96,True,gender-guesser,middle
469,Mosaik and PADE: Multiagents and Co-simulation for smart grids modeling,2020.0,Raimundo Furtado Sampaio,Raimundo,Sampaio,Brazil,BR,male,0.96,True,gender-guesser,middle
469,Mosaik and PADE: Multiagents and Co-simulation for smart grids modeling,2020.0,Giovanni Cordeiro Barroso,Giovanni,Barroso,Brazil,BR,male,0.96,True,gender-guesser,last
470,Unsupervised Feature Selection Methodology for Clustering in High Dimensionality Datasets,2020.0,Marcos de Oliveira,Marcos,Oliveira,Brazil,BR,male,0.99,True,Local Lexicon,first
470,Unsupervised Feature Selection Methodology for Clustering in High Dimensionality Datasets,2020.0,Sergio Queiroz,Sergio,Queiroz,Brazil,BR,male,0.99,True,Local Lexicon,last
471,Studying the Performance of Cognitive Models in Time Series Forecasting,2020.0,Ademir Batista Santos Neto,Ademir,Neto,Brazil,BR,male,0.9983161752859534,True,NamSor API,first
471,Studying the Performance of Cognitive Models in Time Series Forecasting,2020.0,Tiago Alessandro Espindola Ferreira,Tiago,Ferreira,Brazil,BR,male,0.99,True,Local Lexicon,middle
471,Studying the Performance of Cognitive Models in Time Series Forecasting,2020.0,Maria C. M. Batista,Maria,Batista,Brazil,BR,female,0.99,True,Local Lexicon,middle
471,Studying the Performance of Cognitive Models in Time Series Forecasting,2020.0,Paulo Renato Alves Firmino,Paulo,Firmino,Brazil,BR,male,0.99,True,Local Lexicon,last
472,Aplicação de redes neurais ART e análise de textura para a classificação do estado de alteração de agregados minerais,2011.0,Luciano José Senger,Luciano,Senger,Brazil,BR,male,0.99,True,Local Lexicon,first
472,Aplicação de redes neurais ART e análise de textura para a classificação do estado de alteração de agregados minerais,2011.0,Lilian Tais de Gouveia,Lilian,Gouveia,Brazil,BR,female,0.96,True,gender-guesser,last
473,Arisa Nest – A Cloud-Based Platform for Development of Virtual Assistant,2020.0,Saulo Popov Zambiasi,Saulo,Zambiasi,Brazil,BR,male,0.96,True,gender-guesser,first
473,Arisa Nest – A Cloud-Based Platform for Development of Virtual Assistant,2020.0,Ricardo J. Rabelo,Ricardo,Rabelo,Brazil,BR,male,0.99,True,Local Lexicon,last
474,Reactive multi-agent system applied to self-healing in Smart Grids,2020.0,Ítalo Ramon da Costa Campos,Ítalo,Campos,Brazil,BR,male,0.9931725630441451,True,NamSor API,first
474,Reactive multi-agent system applied to self-healing in Smart Grids,2020.0,Filipe Saraiva,Filipe,Saraiva,Brazil,BR,male,0.96,True,gender-guesser,last
475,Comparison of Classical Computer Vision vs. Convolutional Neural Networks for Weed Mapping in Aerial Images,2020.0,Paulo César Pereira Júnior,Paulo,Júnior,Brazil,BR,male,0.99,True,Local Lexicon,first
475,Comparison of Classical Computer Vision vs. Convolutional Neural Networks for Weed Mapping in Aerial Images,2020.0,Alexandre Monteiro,Alexandre,Monteiro,Brazil,BR,male,0.99,True,Local Lexicon,middle
475,Comparison of Classical Computer Vision vs. Convolutional Neural Networks for Weed Mapping in Aerial Images,2020.0,Rafael Ribeiro,Rafael,Ribeiro,Brazil,BR,male,0.99,True,Local Lexicon,middle
475,Comparison of Classical Computer Vision vs. Convolutional Neural Networks for Weed Mapping in Aerial Images,2020.0,Antonio Carlos Sobieranski,Antonio,Sobieranski,Brazil,BR,male,0.99,True,Local Lexicon,middle
475,Comparison of Classical Computer Vision vs. Convolutional Neural Networks for Weed Mapping in Aerial Images,2020.0,Aldo von Wangenheim,Aldo,Wangenheim,Brazil,BR,male,0.96,True,gender-guesser,last
476,Scrumie: Scrum Teaching Agent Oriented Game,2020.0,Leonardo Lima Marinho,Leonardo,Marinho,Brazil,BR,male,0.99,True,Local Lexicon,first
476,Scrumie: Scrum Teaching Agent Oriented Game,2020.0,Suelen Regina C. dos Santos,Suelen,Santos,Brazil,BR,female,0.9352588660829741,True,NamSor API,middle
476,Scrumie: Scrum Teaching Agent Oriented Game,2020.0,Leonardo Andrade,Leonardo,Andrade,Brazil,BR,male,0.99,True,Local Lexicon,middle
476,Scrumie: Scrum Teaching Agent Oriented Game,2020.0,Bruna Cons,Bruna,Cons,Brazil,BR,female,0.99,True,Local Lexicon,middle
476,Scrumie: Scrum Teaching Agent Oriented Game,2020.0,Marcelo Schots,Marcelo,Schots,Brazil,BR,male,0.99,True,Local Lexicon,middle
476,Scrumie: Scrum Teaching Agent Oriented Game,2020.0,Vera Maria B. Werneck,Vera,Werneck,Brazil,BR,female,0.96,True,gender-guesser,last
477,Int-FLBCC: Model for Load Balancing in Cloud Computing using Fuzzy Logic Type-2 and Admissible Orders.,2020.0,Guilherme Bayer Schneider,Guilherme,Schneider,Brazil,BR,male,0.99,True,Local Lexicon,first
477,Int-FLBCC: Model for Load Balancing in Cloud Computing using Fuzzy Logic Type-2 and Admissible Orders.,2020.0,Bruno Moura,Bruno,Moura,Brazil,BR,male,0.99,True,Local Lexicon,middle
477,Int-FLBCC: Model for Load Balancing in Cloud Computing using Fuzzy Logic Type-2 and Admissible Orders.,2020.0,Adenauer Yamin,Adenauer,Yamin,Brazil,BR,male,0.9926170317878504,True,NamSor API,middle
477,Int-FLBCC: Model for Load Balancing in Cloud Computing using Fuzzy Logic Type-2 and Admissible Orders.,2020.0,Renata Reiser,Renata,Reiser,Brazil,BR,female,0.99,True,Local Lexicon,last
478,"Similar Yet Different: the Structure of Social Networks of Characters in Seinfeld, Friends, How I met Your Mother, and The Big Bang Theory",2020.0,Ana L. C. Bazzan,Ana,Bazzan,Brazil,BR,female,0.99,True,Local Lexicon,first
479,DenseNet-DC: Optimizing DenseNet Parameters Through Feature Map Generation Control,2020.0,André Tavares da Silva,André,Silva,Brazil,BR,male,0.98,True,Local Lexicon,first
479,DenseNet-DC: Optimizing DenseNet Parameters Through Feature Map Generation Control,2020.0,Cristiano Roberto Siebert,Cristiano,Siebert,Brazil,BR,male,0.96,True,gender-guesser,last
480,Reasoning about Partial Correctness Assertions in Isabelle/HOL,2020.0,Alfio Martini,Alfio,Martini,Brazil,BR,male,0.96,True,gender-guesser,first
481,Experiments on Model-Based Software Energy Consumption Analysis Involving Sorting Algorithms,2020.0,Danilo Silva Alves,Danilo,Alves,Brazil,BR,male,0.96,True,gender-guesser,first
481,Experiments on Model-Based Software Energy Consumption Analysis Involving Sorting Algorithms,2020.0,Oseias Ayres Ferreira,Oseias,Ferreira,Brazil,BR,male,0.9224299841484038,True,NamSor API,middle
481,Experiments on Model-Based Software Energy Consumption Analysis Involving Sorting Algorithms,2020.0,Lúcio Mauro Duarte,Lúcio,Duarte,Brazil,BR,male,0.96,True,gender-guesser,middle
481,Experiments on Model-Based Software Energy Consumption Analysis Involving Sorting Algorithms,2020.0,Davi Silva,Davi,Silva,Brazil,BR,male,0.9994116885006504,True,NamSor API,middle
481,Experiments on Model-Based Software Energy Consumption Analysis Involving Sorting Algorithms,2020.0,Paulo Henrique M. Maia,Paulo,Maia,Brazil,BR,male,0.99,True,Local Lexicon,last
482,Automatic identification of knowledge related to dengue cases in the state of Piauí in public databases using Filtered-Association Rules Networks,2020.0,Joan Davi Santos Silva,Joan,Silva,Brazil,BR,female,0.96,True,gender-guesser,first
482,Automatic identification of knowledge related to dengue cases in the state of Piauí in public databases using Filtered-Association Rules Networks,2020.0,Jâina Carolina Meneses Calçada,Jâina,Calçada,Brazil,BR,female,0.9860766024628531,True,NamSor API,middle
482,Automatic identification of knowledge related to dengue cases in the state of Piauí in public databases using Filtered-Association Rules Networks,2020.0,Solange Oliveira Rezende,Solange,Rezende,Brazil,BR,female,0.96,True,gender-guesser,middle
482,Automatic identification of knowledge related to dengue cases in the state of Piauí in public databases using Filtered-Association Rules Networks,2020.0,Dário Brito Calçada,Dário,Calçada,Brazil,BR,male,0.96,True,gender-guesser,last
