Status,Identified_Countries,Title,Affiliations,Address,Country,Location,Author,Publication Year
✅ Identified,Brazil,Geração de Testes de Desempenho e Estresse a partir de Testes Funcionais,Universidade Federal de Minas Gerais; Universidade Federal do Piauí,UNIVERSIDADE FEDERAL DE MINAS GERAIS; UNIVERSIDADE FEDERAL DO PIAUÍ,BR,Revista de Informática Teórica e Aplicada - Federal University of Rio Grande do Sul,"Ismayle S. Santos, Pedro A. Santos Neto, Rodolfo F. Resende",2011.0
✅ Identified,Brazil,A Mechanized Proof of a Textbook Type Unification Algorithm,Universidade Federal de Ouro Preto; Universidade Federal de Pelotas,"Universidade Federal de Ouro Preto, Ouro Preto, Minas Gerais, Brazil; Universidade Federal de Pelotas, Pelotas, Rio Grande do Sul, Brazil",BR,Revista de Informática Teórica e Aplicada - Federal University of Rio Grande do Sul,"André Rauber Du Bois, Rodrigo Ribeiro, Maycon Amaro",2020.0
✅ Identified,Brazil,A New Artificial Immune System Based on Continuous Learning for Pattern Recognition,"Instituto Federal de Educação, Ciência e Tecnologia de Mato Grosso; Universidade Estadual Paulista (Unesp); Universidade do Estado de Mato Grosso","Instituto Federal de Educação, Ciência e Tecnologia de Mato Grosso (IFMT), Campus Avançado Tangará da Serra; State
University of Mato Grosso (UNEMAT), Campus of Tangará da Serra, Rodovia MT-358, Km 07, Jardim Aeroporto, 78300000 - Tangará
da Serra, MT - Brasil; Universidade Estadual Paulista ""Julio de Mesquita Filho""(UNESP)",BR,Revista de Informática Teórica e Aplicada - Federal University of Rio Grande do Sul,"Simone F. Souza, Fernando Parra dos Anjos Lima, Fábio Roberto Chavarette",2020.0
✅ Identified,Brazil,Low-Latency f0 Estimation for the Finger Plucked Electric Bass Guitar Using the Absolute Difference Function,Universidade Estadual de Campinas (UNICAMP),"School of Electric and Computer Engineering (FEEC), University of Campinas, Brazil; School of Electrical and Computer Engineering, University of Campinas",BR,Revista de Informática Teórica e Aplicada - Federal University of Rio Grande do Sul,"Christhian Henrique Gomes Fonseca, Tiago Fernandes Tavares",2020.0
✅ Identified,Brazil,TSML: A XML-based Format for Exchange of Training Samples for Pattern Recognition in Remote Sensing Images,Instituto Nacional de Pesquisas Espaciais,Instituto Nacional de Pesquisas Espaciais - INPE,BR,Revista de Informática Teórica e Aplicada - Federal University of Rio Grande do Sul,"Marinalva Dias Soares, Luciano Vieira Dutra, Nandamudi L. Vijaykumar",2011.0
✅ Identified,Brazil,Creating Digital Musical Instruments with libmosaic-sound and Mosaicode,Federal University of São João del-Rei,Federal University of São João del-Rei,BR,Revista de Informática Teórica e Aplicada - Federal University of Rio Grande do Sul,"Luan Luiz Gonçalves, Flávio Luiz Schiavoni",2020.0
✅ Identified,Brazil,Overload Control in a Token Player for a Fuzzy Workflow Management System,Universidade Federal de Jataí,Universidade Federal de Jataí,BR,Revista de Informática Teórica e Aplicada - Federal University of Rio Grande do Sul,"Felipe Nedopetalski, Joslaine Cristina Jeske de Freitas",2021.0
✅ Identified,"Morocco, Brazil, United States",An operational support approach for Mining Unstructured Business Processes,Associated Research (United States); Centre National pour la Recherche Scientifique et Technique (CNRST); Mohammed V University,"LRIT associated unit to CNRST (URAC 29), Faculty of Sciences, Mohammed V University in Rabat, Morocco; LRIT associated unit to CNRST (URAC 29), Rabat IT Center, Faculty of Sciences, 
Mohammed V University in Rabat, Morocco; LRIT associated unit to CNRST (URAC 29), Rabat IT Center, Faculty of Sciences, 
Mohammed V University in Rabat, Morocco; SI2M Laboratory and LRIT associated unit to CNRST, Rabat",MA; US,Revista de Informática Teórica e Aplicada - Federal University of Rio Grande do Sul,"Zineb Lamghari, Maryam Radgui, Rajaa Saidi, Moulay Driss Rahmani",2021.0
✅ Identified,Brazil,Cloud infrastructure for HPC investment analysis,Universidade Federal de Pelotas,Universidade Federal de Pelotas,BR,Revista de Informática Teórica e Aplicada - Federal University of Rio Grande do Sul,"Maicon Ança dos Santos, Gerson Geraldo H. Cavalheiro",2020.0
✅ Identified,Bulgaria,Business Process Models in the Context of Predictive Process Monitoring,Technical University of Sofia,"Computer Science , Technical University of Sofia , Bulgaria; Computer Science, Technical University of Sofia, Bulgaria",BG,Revista de Informática Teórica e Aplicada - Federal University of Rio Grande do Sul,Florian Spree,2021.0
✅ Identified,Brazil,Integrating Exploitative and Explorative Thinking in Business Process Analysis: A Conceptual Model and Method,Universidade Federal de Pernambuco; Universidade de Pernambuco,Universidade Federal de Pernambuco; Universidade de Pernambuco,BR,Revista de Informática Teórica e Aplicada - Federal University of Rio Grande do Sul,"Carina Alves, Higor Monteiro",2021.0
✅ Identified,Brazil,A Model for Predicting Music Popularity on Streaming Platforms,Universidade Federal do Amazonas,Federal Univeristy of Amazonas; Federal University of Amazonas,BR,Revista de Informática Teórica e Aplicada - Federal University of Rio Grande do Sul,"Carlos V.S. Araújo, Marco Cristo, Rafael Giusti",2020.0
✅ Identified,"Brazil, France",An Agent-Based Model for Simulating Irrigated Agriculture in the Samambaia Basin in Goiás,Departamento de Ciência e Tecnologia; Laboratoire d'Informatique de Paris-Nord; Universidade de Brasília,"Computer Science Department
Institute of Exact Science
University of Brasília (UnB), Brazil; Computer Science Department
University of Brasilia; Computer Science Department
Institute of Exact Science
University of Brasília (UnB), Brazil; Computer Science Department
University of Brasilia; Programa de Pós-graduação em Tecnologia Ambiental e Recursos Hídricos
Departamento de Engenharia Civil e Ambiental; Programa de Pós-graduação em Tecnologia Ambiental e Recursos Hídricos
Departamento de Engenharia Civil e Ambiental",BR; FR,Revista de Informática Teórica e Aplicada - Federal University of Rio Grande do Sul,"Guido Dutra De Oliveira, Pedro Phelipe Gonçalves Porto, Conceição de Maria Albuquerque Alves, Célia Ghedini Ralha",2021.0
✅ Identified,Brazil,Hash Tables for a Digital Lexicon,Fatec Garça; São Paulo State Technological College; Universidade Estadual de Londrina; Universidade Estadual do Norte do Paraná,Faculdade de Tecnologia de Garça (FATEC-Garça-SP); Universidade Estadual de Londrina (UEL); Universidade Estadual do Norte do Paraná (UENP),BR,Revista de Informática Teórica e Aplicada - Federal University of Rio Grande do Sul,"Fábio Carlos Moreno, Cinthyan Renata Sachs Camerlengo de Barbosa, Edio Roberto Manfio",2021.0
✅ Identified,Brazil,System for Identifying Pests and Diseases in Soybean Crop through Natural Language Processing,Universidade Estadual de Londrina,"State University of Londrina, Computings Science Department; Universidade Estadual de Londrina",BR,Revista de Informática Teórica e Aplicada - Federal University of Rio Grande do Sul,"Carolinne Roque e Faria, Cinthyan Renata Sachs Camerlengo de Barbosa",2022.0
✅ Identified,Brazil,Centralized Algorithms Based on Clustering with Self-tuning of Parameters for Cooperative Target Observation,Universidade Estadual do Ceará,"Universidade Estadual do Cear á (UECE), Fortaleza -Cear á, Brasil)",BR,Revista de Informática Teórica e Aplicada - Federal University of Rio Grande do Sul,"João P. B. Andrade, José Everardo Bessa Maia, Gustavo Augusto Lima de Campos",2021.0
✅ Identified,Brazil,Dimensioning the relationship between availability and data center energy flow metrics,Universidade Federal Rural de Pernambuco,Universidade Federal Rural de Pernambuco,BR,Revista de Informática Teórica e Aplicada - Federal University of Rio Grande do Sul,"Thiago Bezerra, Wenderson de Souza Leonardo, Gabriel Alves, Gustavo Callou",2020.0
⚠️ Missing,❌ None,Iracema: a Python library for audio content analysis,Center for Research on Musical Gesture & Expression,Center for Research on Musical Gesture & Expression,,Revista de Informática Teórica e Aplicada - Federal University of Rio Grande do Sul,"Tairone Magalhães, Felippe Brandão Barros, Maurício Alves Loureiro",2020.0
✅ Identified,Brazil,Challenges and Perspectives on Real-time Singing Voice Synthesis,Universidade Federal de Sergipe,Universidade Federal de Sergipe,BR,Revista de Informática Teórica e Aplicada - Federal University of Rio Grande do Sul,"Leonardo Araujo Zoehler Brum, Edward David Moreno",2020.0
✅ Identified,Spain,Optimization Inspired on Herd Immunity Applied to Non-Hierarchical Grouping of Objects,"Centro Tecnológico de Investigación, Desarrollo e Innovación en tecnologías de la Información y las Comunicaciones (TIC)",Techway Informática Ltda,ES,Revista de Informática Teórica e Aplicada - Federal University of Rio Grande do Sul,Alfredo Silveira Araújo Neto,2021.0
⚠️ Missing,❌ None,Co-creating Service-Dominant Business Artifacts with Action Design Research,BusinessModelRadar.com,BusinessModelRadar.com,,Revista de Informática Teórica e Aplicada - Federal University of Rio Grande do Sul,Egon Lüftenegger,2021.0
✅ Identified,Brazil,The Explainable Business Process (XBP) - An Exploratory Research,Universidade Federal do Rio de Janeiro,"Programa de P ós-graduac ¸ão em Inform ática , Universidade Federal do Rio de Janeiro , Rio de Janeiro , Brazil; Programa de P ós-graduac ¸ão em Inform ática, Universidade Federal do Rio de Janeiro, Rio de Janeiro, Brazil",BR,Revista de Informática Teórica e Aplicada - Federal University of Rio Grande do Sul,"Riham Alhomsi, Adriana S. Vivacqua",2021.0
✅ Identified,Brazil,Classification Based on Rules for the Study of Cotton Productivity in the State of Mato Grosso,"Brazilian Agricultural Research Corporation; Brazilian Society of Computational and Applied Mathematics; Instituto Federal de Educação, Ciência e Tecnologia de Mato Grosso","Empresa Brasileira de Pesquisa Agropecuária - Embrapa (Embrapa Instrumentação) : São Carlos, São Paulo , Brasil; Instituto Mato-grossense do Algodão, Primavera do Leste-MT, Brasil; Instituto de Ciências Matemáticas e Computação da Universidade de São Paulo (ICMC – USP), São Carlos-SP, Brasil",BR,Revista de Informática Teórica e Aplicada - Federal University of Rio Grande do Sul,"Alexandra Virgínia Valente da Silva, Carlos Manoel Pedro Vaz, Ednaldo José Ferreira, Rafael Galbieri",2021.0
✅ Identified,"Brazil, United Kingdom",Using the Myers-Briggs Type Indicator (MBTI) for Modeling Multiagent Systems,Ecolab (United Kingdom); Universidade de São Paulo,"Laborat ório de T écnicas Inteligentes (LTI) , Escola Polit écnica (EP) , Universidade de S ão Paulo; Laborat ório de T écnicas Inteligentes (LTI), Escola Polit écnica (EP), Universidade de S ão Paulo (USP), Av. Prof. Luciano Gualberto 158 trav. 3 , 05508-970, S ão Paulo -S ão Paulo, Brasil; trav. 3 , 05508-970 , S ão Paulo -S ão Paulo , Brasil",BR; GB,Revista de Informática Teórica e Aplicada - Federal University of Rio Grande do Sul,"Luiz Fernando Braz, Jaime Simão Sichman",2022.0
✅ Identified,Brazil,A Novel Approach to the Measurement of Bourdieusian Social Capital within Institutional Pages and Profiles,Instituto Federal de Goiás,"Câmpus Inhumas -Instituto Federal de Educação, Ciência e Tecnologia de Goiás (IFG), Inhumas -Goiás, Brasil; Instituto Federal de Goiás",BR,Revista de Informática Teórica e Aplicada - Federal University of Rio Grande do Sul,"Alan Keller Gomes, Kaique Matheus Rodrigues Cunha, Guilherme Augusto da Silva Ferreira",2022.0
✅ Identified,Brazil,Implantação de Medição no Processo de Desenvolvimento de Software – Relato de Experiência e Lições Aprendidas,Universidade Federal do Pará,Universidade Federal do Pará,BR,Revista de Informática Teórica e Aplicada - Federal University of Rio Grande do Sul,"Luciana Maria Azevedo Nascimento, Talita Vieira Ribeiro, Carla Reis, Rodrigo Quites Reis, Adailton Magalhães Lima",2011.0
✅ Identified,Brazil,An Adaptive Trust Model Based on Fuzzy Logic,Universidade Tecnológica Federal do Paraná,Universidade Tecnológica Federal do Paraná,BR,Revista de Informática Teórica e Aplicada - Federal University of Rio Grande do Sul,"Jeferson José Baqueta, Mariela Morveli-Espinoza, Gustavo Lugo, César Augusto Tacla",2022.0
✅ Identified,Brazil,A Conceptual Model for Situating Purposes in Artificial Institutions,Universidade Federal de Santa Catarina,"Control, Automation, and Computation Engineering Department , Federal University of Santa Catarina (UFSC) , Blumenau -Santa Catarina , Brazil; Control, Automation, and Computation Engineering Department, Federal University of Santa Catarina (UFSC), Blumenau -Santa Catarina, Brazil; Federal University of the Santa Catarina",BR,Revista de Informática Teórica e Aplicada - Federal University of Rio Grande do Sul,"Rafhael R. Cunha, Jomi Fred Hübner, Maiquel de Brito",2022.0
✅ Identified,Brazil,Integrating Embedded Multiagent Systems with Urban Simulation Tools and IoT Applications,Federal Center for Technological Education Celso Suckow da Fonseca; Universidade Estadual de Campinas (UNICAMP); Universidade Federal do Paraná; Universidade Tecnológica Federal do Paraná,"Centro Federal de Educac ¸ão Tecnol ógica Celso Suckow da Fonseca (CEFET/RJ) , Rio de Janeiro -Rio de Janeiro , Brazil; Centro Federal de Educac ¸ão Tecnol ógica Celso Suckow da Fonseca (CEFET/RJ), Rio de Janeiro -Rio de Janeiro, Brazil; Computer Science Graduate Program , Universidade Tecnol ógica Federal do Paran á (UTFPR) , Curitiba -Paran á , Brazil; Computer Science Graduate Program, Universidade Tecnol ógica Federal do Paran á (UTFPR), Curitiba -Paran á, Brazil; University of Campinas",BR,Revista de Informática Teórica e Aplicada - Federal University of Rio Grande do Sul,"Lucas Fernando Souza de Castro, Fabian César Pereira Brandão Manoel, Vinicius Souza de Jesus, Carlos Eduardo Pantoja, André Pinz Borges, Gleifer Vaz Alves",2022.0
✅ Identified,Brazil,Towards Causal Effect Estimation of Emotional Labeling of Watched Videos,Universidade Federal de Campina Grande,"Unidade Acadêmica de Sistemas e Computação, Centro de Engenharia Elétrica e Informática, Universidade Federal de Campina Grande",BR,Revista de Informática Teórica e Aplicada - Federal University of Rio Grande do Sul,"Eanes Torres Pereira, Geovane Do Nascimento Silva",2022.0
✅ Identified,Brazil,Ab Initio Protein Structure Prediction Using Evolutionary Approach: A Survey,Universidade Estadual do Centro-Oeste,"Midwestern Paran á State University (UNICENTRO) , Guarapuava -Paran á , Brasil; Midwestern Paran á State University (UNICENTRO), Guarapuava -Paran á, Brasil",BR,Revista de Informática Teórica e Aplicada - Federal University of Rio Grande do Sul,"Lucas Siqueira, Sandra M. Venske",2021.0
✅ Identified,Brazil,The Notification Oriented Paradigm Language to Digital Hardware as an Intuitive High-level Synthesis Tool,Instituto Federal Catarinense; Universidade Tecnológica Federal do Paraná,"Instituto Federal Catarinense - IFC e
Universidade Tecnológica Federal do Paraná - UTFPR; Universidade Tecnológica Federal do Paraná - UTFPR",BR,Revista de Informática Teórica e Aplicada - Federal University of Rio Grande do Sul,"Ricardo Kerschbaumer, André Augusto Kaviatkovski, Gabriel Rodrigues Garcia, Carlos R. Erig Lima, Jean Marcelo Simão",2021.0
✅ Identified,"Brazil, Canada",Identificação da Autoria de Manuscritos com Base em Atributos Genéticos e Genéricos da Escrita,Pontifícia Universidade Católica do Paraná; Universidade Federal do Paraná; École de Technologie Supérieure,"Ecole de Technologie Superieure, Université Du Quebec; Pontifìcia Universidade Católica do Paraná; Pontifícia Universidade Católica do Paraná; Universidade Federal do Paraná; École de Technologie Supérieure, Université du Québec",BR; CA,Revista de Informática Teórica e Aplicada - Federal University of Rio Grande do Sul,"Regiane Kowalek Hanusiak, Edson Justino, Luiz S. Oliveira, Robert Sabourin",2011.0
✅ Identified,Brazil,A Review of Testbeds on SCADA Systems with Malware Analysis,Military Institute of Engineering; Universidade de Brasília,"Military Institute of Engineering (IME), Rio de Janeiro, RJ, Brazil; Systems Development Center (CDS), Brasília, DF, Brazil",BR,Revista de Informática Teórica e Aplicada - Federal University of Rio Grande do Sul,"Otávio Augusto Maciel Camargo, Júlio César Duarte, Anderson Fernandes Pereira dos Santos, César Augusto Borges de Andrade",2022.0
✅ Identified,Brazil,Ambiente Virtual Interativo com Colisão e Deformação de Objetos para Treinamento Médico,Universidade Estadual de Campinas (UNICAMP); Universidade Federal do Paraná; Universidade de São Paulo,Universidade Estadual de Campinas; Universidade Federal do Paraná; Universidade de São Paulo,BR,Revista de Informática Teórica e Aplicada - Federal University of Rio Grande do Sul,"Marcello Kera, Hélio Pedrini, Fátima L. S. Nunes",2011.0
✅ Identified,Brazil,QOC*: utilizando Design Rationale como ferramenta para gerenciar conhecimento em projetos de software,Pontifícia Universidade Católica do Rio Grande do Sul,"PPGCC/PUCRS, Avenida Ipiranga, 6681, Prédio 32, Porto Alegre, RS",BR,Revista de Informática Teórica e Aplicada - Federal University of Rio Grande do Sul,"Marcos Camponogara, Milene Selbach Silveira",2010.0
✅ Identified,Brazil,Uso da ferramenta PreText para mineração de textos extraídos do NCBI para estudo epistemológico da Informática em Saúde,Universidade Federal de São Paulo,DIS/UNIFESP; ICMC/USP,BR,Revista de Informática Teórica e Aplicada - Federal University of Rio Grande do Sul,"Eliane Colepícolo, Edson Takashi Matsubara, Alex Esteves Jaccoud Falcão, Ivan Torres Pisa",2010.0
✅ Identified,Brazil,ALUPAS: Avaliação de desempenho e consumo de energia de softwares para sistemas embarcados,Universidade Federal de Pernambuco,"Universidade Federal de Pernambuco, UFPE",BR,Revista de Informática Teórica e Aplicada - Federal University of Rio Grande do Sul,"Bruno Nogueira, Paulo Marcos Cardoso Maciel, Gustavo Callou, Ermeson Andrade, Eduardo Tavares",2010.0
✅ Identified,Brazil,Avaliação Pró-ativa da Deterioração de Sistemas de Informação por meio de Medidas de Gestão,Universidade Católica de Brasília,Universidade Católica de Brasília,BR,Revista de Informática Teórica e Aplicada - Federal University of Rio Grande do Sul,"André Luiz Pimentel Queiroz, Nicolas Anquetil, Káthia Marçal De Oliveira",2010.0
✅ Identified,Brazil,High Performance Computing: CUDA as a Supporting Technology for Next Generation Augmented Reality Applications,"Centro de Informática, UFPE","Centro de Informática, UFPE",,Revista de Informática Teórica e Aplicada - Federal University of Rio Grande do Sul,"Thiago Farias, João Marcelo N. X. Teixeira, Pedro José Silva Leite, Gabriel F. Almeida, Mozart William Santos Almeida, Verônica Teichrieb, Judith Kelner",2010.0
✅ Identified,Brazil,"Efeitos Visuais, uma Abordagem a Partir do Processamento Digital de Imagens",Universidade Fundação Mineira de Educação e Cultura,"Departamento de Ciência da Computação, UFMG; Departamento de Ciência da, Computação, UFMG; Faculdade de Ciências Empresariais, Universidade FUMEC",BR,Revista de Informática Teórica e Aplicada - Federal University of Rio Grande do Sul,"João Victor Boechat Gomide, Arnaldo de Albuquerque Araújo",2010.0
✅ Identified,Brazil,Tutorial: Introdução à Visão Computacional usando OpenCV,Universidade Presbiteriana Mackenzie,"Universidade Presbiteriana Mackenzie, Faculdade de Computação e Informática; Universidade Presbiteriana Mackenzie, Faculdade de Computação e Informática e Pós Graduação em Engenharia Elétrica",BR,Revista de Informática Teórica e Aplicada - Federal University of Rio Grande do Sul,"Maurício Marengoni, Stringhini Stringhini",2010.0
✅ Identified,Brazil,Evaluating the Causal Effect of Multimedia and Affective Temperament in Felt Emotion and Liking,Universidade Federal de Campina Grande,"Unidade Acadêmica de Sistemas e Computação, Centro de Engenharia Elétrica e Informática, Universidade Federal de Campina Grande",BR,Revista de Informática Teórica e Aplicada - Federal University of Rio Grande do Sul,"Rafaela De Amorim Barbosa Silva, Eanes Torres Pereira",2022.0
✅ Identified,Brazil,Análise do Controle Motor com Interações usando Dispositivos Convencionais e Realidade Aumentada,Universidade do Estado de Santa Catarina,LAPE - CEFID - UDESC; LARVA - DCC - UDESC,BR,Revista de Informática Teórica e Aplicada - Federal University of Rio Grande do Sul,"Marcelo Da Silva Hounsell, Débora Cristine Xavier, Tânia Brusque Crocetta, Alexandro Andrade",2011.0
✅ Identified,Brazil,Variation Detection applied in User Signature Verification,Universidade de São Paulo,Universidade de São Paulo,BR,Revista de Informática Teórica e Aplicada - Federal University of Rio Grande do Sul,"Rodrigo Fernandes de Mello, Matheus Lorenzo dos Santos, Marcelo Keese Albertini",2011.0
✅ Identified,"Brazil, United States",Contributions on Computer Music from the SBCM 2019,Albert Einstein College of Medicine; Federal University of São João del-Rei; Universidade Estadual de Campinas (UNICAMP),"UNICAMP
Av. Albert Einstein, 400, CEP 13083-852, Campinas, SP, Brasil, Sala 311 | +55 19 3521-3773; Universidade Federal de São João Del-Rei.
Av. Visconde do Rio Preto, s/nº, Colônia do Bengo
Vila São Paulo (Fábricas)
36301360 - São João del Rei, MG - Brasil
Telefone: (32) 33728192",BR; US,Revista de Informática Teórica e Aplicada - Federal University of Rio Grande do Sul,"Tiago Fernandes Tavares, Flávio Luiz Schiavoni",2021.0
✅ Identified,Brazil,Aprendizado e Controle de Robôs Móveis Autônomos Utilizando Atenção Visual,Universidade Federal do Rio Grande do Sul,UFRGS,BR,Revista de Informática Teórica e Aplicada - Federal University of Rio Grande do Sul,"Milton Roberto Heinen, Paulo Martins Engel",2011.0
✅ Identified,Brazil,Estratégias de Atualização de Políticas para a Coordenação de Agentes Baseados em Enxames,Pontifícia Universidade Católica do Paraná,Pontifícia Universidade Católica do Paraná; Pontifícia Universidade Católica do Paraná - PUCPR,BR,Revista de Informática Teórica e Aplicada - Federal University of Rio Grande do Sul,"Richardson Ribeiro, Fabrício Enembreck",2011.0
✅ Identified,Brazil,Exploring Supervised Techniques for Automated Recognition of Intention Classes from Portuguese Free Texts on Agriculture,Centro de Tecnologia da Informação Renato Archer; Universidade Estadual de Campinas (UNICAMP),"CTI Renato Archer, Campinas, São Paulo, Brasil; Unifaccamp and CTI Renato Archer, Campinas, São Paulo, Brasil; Universidade Estadual de Campinas, Campinas, São Paulo, Brasil",BR,Revista de Informática Teórica e Aplicada - Federal University of Rio Grande do Sul,"Daniel Felix de Brito, Jarbas Lopes Cardoso Júnior, Júlio Cesar dos Reis, Guilherme Ruppert, Rodrigo Bonacin",2022.0
✅ Identified,Brazil,Building Contrastive Summaries of Subjective Text Via Opinion Ranking,Universidade de São Paulo,"Interinstitutional Center for Computational Linguistics (NILC), Institute of Mathematical and Computer Sciences, University of São Paulo. São Carlos/SP, Brazil",BR,Revista de Informática Teórica e Aplicada - Federal University of Rio Grande do Sul,"Raphael Rocha da Silva, Thiago Alexandre Salgueiro Pardo",2022.0
✅ Identified,Brazil,SSM: A Semantic Metasearch Platform for Scientific Data retrieval,Universidade Estadual de Campinas (UNICAMP),Universidade Estadual de Campinas,BR,Revista de Informática Teórica e Aplicada - Federal University of Rio Grande do Sul,"Gustavo Caetano Borges, Júlio Cesar dos Reis, Cláudia Bauzer Medeiros",2022.0
✅ Identified,Brazil,Stochastic Models for Planning VLE Moodle Environments based on Containers and Virtual Machines,"Instituto Federal de Educação, Ciência e Tecnologia de Alagoas; Universidade Federal Rural de Pernambuco","Coordenação de Informática, Instituto Federal de Alagoas, Maceió, Alagoas, Brasil; Departamento de Computação, Universidade Federal Rural de Pernambuco, Recife, Pernambuco, Brasil",BR,Revista de Informática Teórica e Aplicada - Federal University of Rio Grande do Sul,"Cleyton Ferreira Gonçalves, Ermeson Andrade, Júlio Mendonça, Gustavo Callou",2022.0
✅ Identified,Brazil,Efficient Breast Cancer Classification Using Histopathological Images and a Simple VGG,Instituto Federal do Maranhão,Instituto Federal do Maranhão,BR,Revista de Informática Teórica e Aplicada - Federal University of Rio Grande do Sul,"Marcelo Luis Rodrigues Filho, Omar Andrés Carmona Cortes",2022.0
✅ Identified,"Brazil, Netherlands",Application of Profile Prediction for Proactive Scheduling,Military Institute of Engineering; Netherlands Aerospace Centre,Instituto Militar de Engenharia; National Laboratory of Scientific Computing,BR; NL,Revista de Informática Teórica e Aplicada - Federal University of Rio Grande do Sul,"Allan Matheus Marques Dos Santos, Raquel Coelho Gomes Pinto, Júlio César Duarte, Bruno Schulze",2022.0
✅ Identified,Brazil,Estimação de Probabilidade de Perda de Dados em Redes Através de Modelagem Multifractal de Tráfego e Teoria de Muitas Fontes,Hospital de Clínicas da Unicamp; Universidade Federal de Goiás,Unicamp; Universidade Federal de Goiás,BR,Revista de Informática Teórica e Aplicada - Federal University of Rio Grande do Sul,"Flávio Henrique Teles Vieira, Scheila Guedes Garcez",2011.0
✅ Identified,Brazil,Desenvolvimento e Avaliação de um Protocolo Eletrônico para Atendimento e Monitoramento do Paciente com Doença Celíaca,Fundação de Apoio à Universidade Federal de São Paulo; Universidade Federal de São Paulo,"Departamento de Informática em Saúde, Universidade Federal de São Paulo; Departamento de Pediatria, Universidade Federal de São Paulo; Programa de Pós Graduação em Saúde Coletiva, Universidade Federal de São Paulo; UNIFESP; Unifesp; Universidade Federal
de São Paulo; Universidade Federal#R##N#de São Paulo",BR,Revista de Informática Teórica e Aplicada - Federal University of Rio Grande do Sul,"Josceli Maria Tenório, Frederico Molina Cohrs, Vera Lúcia Sdepanian, Ivan Torres Pisa, Heimar de Fátima Marín",2011.0
✅ Identified,Brazil,Optimal Control and Adaptive Learning for Stabilization of a Quadrotor-type Unmanned Aerial Vehicle via Approximate Dynamic Programming,Universidade Estadual do Maranhão,Universidade Estadual do Maranhão,BR,Revista de Informática Teórica e Aplicada - Federal University of Rio Grande do Sul,"Joelson Miller Bezerra De Souza, Patrícia Helena Moraes Rêgo, Guilherme Bonfim De Sousa, Janes Valdo Rodrigues Lima",2022.0
✅ Identified,Brazil,SEGBEE: Mobile Application for Honey Segmentation in Apiary Boards,"Instituto Federal de Educação, Ciência e Tecnologia de Minas Gerais; Universidade Federal de Minas Gerais",Instituto Federal de Minas Gerais; Universidade Federal de Minas Gerais,BR,Revista de Informática Teórica e Aplicada - Federal University of Rio Grande do Sul,"Daniel W. S. Rocha, Eduardo Cardoso Melo, Bruno Alberto Soares Oliveira",2022.0
✅ Identified,Brazil,"Multi-Objective, Multi-Armed Bandits: Algorithms for Repeated Games and Application to Route Choice",Universidade Federal do Rio Grande do Sul,Federal University of Rio Grande do Sul,BR,Revista de Informática Teórica e Aplicada - Federal University of Rio Grande do Sul,"Candy A. Huanca-Anquise, Ana L. C. Bazzan, Anderson Rocha Tavares",2023.0
✅ Identified,Brazil,Snake-3D na Modelagem Tridimensional e Medição do Comprimento de Arcos Elétricos,Hospital de Clínicas da Unicamp; Universidade Estadual de Campinas (UNICAMP); Universidade do Estado de Santa Catarina,UDESC; UDESC); UNICAMP; Unicamp,BR,Revista de Informática Teórica e Aplicada - Federal University of Rio Grande do Sul,"Gilmário Barbosa dos Santos, Clésio Luis Tozzi, Maria Cristina Tavares",2011.0
✅ Identified,Brazil,Editorial: 20 anos da Revista de Informática Teórica e Aplicada,Universidade Federal do Rio Grande do Sul,"Instituto de Informática, UFRGS, Porto Alegre, RS",BR,Revista de Informática Teórica e Aplicada - Federal University of Rio Grande do Sul,"Luís C. Lamb, José Palazzo Moreira de Oliveira, Lisandro Zambenedetti Granville",2010.0
✅ Identified,Brazil,Prefácio à Seção Especial dos Tutoriais do SIBGRAPI'08,Universidade Estadual de Campinas (UNICAMP),"Instituto de Computação, UFF, Niterói-RJ; Instituto de Computação, UNICAMP, Campinas",BR,Revista de Informática Teórica e Aplicada - Federal University of Rio Grande do Sul,"Siome Goldenstein, Anselmo Montenegro",2010.0
✅ Identified,Brazil,Neural Classification of Rotor Faults in Three-Phase Induction Motors using Electric Current Signals in the Frequency Domain,Universidade Tecnológica Federal do Paraná; Universidade de São Paulo,Universidade Tecnológica Federal do Paraná; Universidade de São Paulo,BR,Revista de Informática Teórica e Aplicada - Federal University of Rio Grande do Sul,"Rodrigo Henrique Cunha Palácios, Ivan Nunes da Silva, Wagner Fontes Godoy",2023.0
✅ Identified,"Brazil, Canada",Quantools: A MDA transformation approach,Pontifícia Universidade Católica do Rio Grande do Sul; University of Waterloo,"Pontifical Catholic of Rio Grande do Sul – Faculty of Informatics Av. Ipiranga, 6681 – Prédio 32 – 6 Floor - Porto Alegre – RS; Quantiza Systems Av. Dos Municípios, 5510 Santa Lúcia Campo Bom – RS; University of Waterloo - David R. Cheriton School of Computer Science 200 university Ave N2L 6P2 - Waterloo",BR; CA,Revista de Informática Teórica e Aplicada - Federal University of Rio Grande do Sul,"Paulo Lumertz, Ana Paula Terra Bacelo, Toacy Oliveira",2010.0
⚠️ Missing,❌ None,Optimization Inspired by the Organization of Interiors Applied to Cluster Analysis,,,,,,
✅ Identified,Brazil,Comparative Analysis of Blockchain-Based Platforms for Managing Electronic Health Records in the Public Healthcare System of Brazil,Universidade Federal da Paraíba,Universidade Federal da Paraíba,BR,Revista de Informática Teórica e Aplicada - Federal University of Rio Grande do Sul,Carlo Kleber da Silva Rodrigues,2022.0
✅ Identified,Portugal,Performance Assessment of a Wireless Mesh Network for Post-harvest Food Quality Traceability of Fruit Products: A Case Study,Polytechnic Institute of Castelo Branco; University of Beira Interior,Instituto Politécnico de Castelo Branco; Universidade da Beira Interior,PT,Revista de Informática Teórica e Aplicada - Federal University of Rio Grande do Sul,"Tiago Costa, Luís Santos, João M. L. P. Caldeira, Vasco N. G. J. Soares, Pedro Dinis Gaspar",2023.0
✅ Identified,Spain,HiME: Hierarchical i* Modeling Editor,Universitat Politècnica de Catalunya,Polytechnic University of Catalonia,ES,Revista de Informática Teórica e Aplicada - Federal University of Rio Grande do Sul,"Lidia López, Xavier Franch, Jordi Marco",2010.0
✅ Identified,"Brazil, United Kingdom",An Ontology-Based Framework for Heterogeneous Data Sources Integration,Framework; Instituto Federal do Maranhão; Universidade Federal do Ceará,"Department of Computing , Universidade Federal do Ceará , Brazil; Department of Computing, Universidade Federal do Ceará, Brazil; Department of Informatics, Instituto Federal de Educação, Ciência e Tecnologia do Maranhão, Brazil; The Proposed Framework; [Federal University of Ceará]",BR; GB,Revista de Informática Teórica e Aplicada - Federal University of Rio Grande do Sul,"Vânia Maria Ponte Vidal, João C. Pinheiro, Eveline R. Sacramento, José Antônio Fernandes de Macêdo, Bernadette Farias Lóscio",2010.0
⚠️ Missing,❌ None,A Temporal-Rule Based Verification System for Business Collaboration Reliability,Department of Computing,Department of Computing,,Revista de Informática Teórica e Aplicada - Federal University of Rio Grande do Sul,"Haiyang Sun, Jian Yang, Weiliang Zhao",2010.0
⚠️ Missing,❌ None,Semantic Web and Knowledge Management in User Data Privacy,,,,Revista de Informática Teórica e Aplicada - Federal University of Rio Grande do Sul,"Douglas da Silva, Mírian Bruckschen, Paulo Bridi, Roger Granada, Alexandre Agustini, Renata Vieira, Caio Northfleet, Prasad Rao, Tomas Sander",2010.0
✅ Identified,Brazil,MatchMaking – A Tool to Match OWL Schemas,Pontifícia Universidade Católica do Rio de Janeiro,Pontifical Catholic University of Rio de janeiro,BR,Revista de Informática Teórica e Aplicada - Federal University of Rio Grande do Sul,"Raphael do Vale Amaral Gomes, Luiz André P. Paes Leme, Marco A. Casanova",2010.0
⚠️ Missing,❌ None,Web Information Extraction by Semantic Tagging,,,,Revista de Informática Teórica e Aplicada - Federal University of Rio Grande do Sul,"Mirel Coşulschi, Roberto De Virgilio, Tommaso Di Noia, Roberto Mirizzi",2010.0
✅ Identified,"South Korea, United States",SAMSTARplus: An Automatic Tool for Generating Multi- Dimensional Schemas from an Entity-Relationship Diagram,Drexel University; Kangwon National University,"College of Information Science and Technology , Drexel University , Philadelphia , PA19104 , U. S. A; College of Information Science and Technology, Drexel University, Philadelphia, PA19104, U. S. A; Department of Computer Science , Kangwon National University , 192-1 Hyoja-dong , Chuncheon , Kangwon 200-701 , KOREA; Department of Computer Science, Kangwon National University, 192-1 Hyoja-dong, Chuncheon, Kangwon 200-701, KOREA",KR; US,Revista de Informática Teórica e Aplicada - Federal University of Rio Grande do Sul,"Jinho Kim, Donghoo Kim, Suan Lee, Yang‐Sae Moon, Il-Yeol Song, Ritu Khare, Yuan An",2010.0
✅ Identified,Brazil,An Approach for Reducing the Gap between BPMN Models and Implementation Artifacts,Universidade Federal de Pernambuco,Federal University of Pernambuco,BR,Revista de Informática Teórica e Aplicada - Federal University of Rio Grande do Sul,"Bruno Leonardo Barros Silva, Robson Wagner Albuquerque de Medeiros, Julio Cesar Damasceno, Fernando Lins, Nelson Souto Rosa, Paulo Romero Martins Maciel, Bryan Stephenson, Hamid R. Motahari Nezhad, Jun Li, Caio Northfleet, André Ricardo Da Silva Souza",2010.0
✅ Identified,Brazil,A Frame-Based System for Automatic Classification of Semi- Structured Data,Pontifícia Universidade Católica do Rio de Janeiro,Pontifical Catholic University of Rio de janeiro,BR,Revista de Informática Teórica e Aplicada - Federal University of Rio Grande do Sul,"Bernardo Pereira Nunes, Marco A. Casanova",2010.0
⚠️ Missing,❌ None,Dealing with Uncertainty in Lexical Annotation,,,,Revista de Informática Teórica e Aplicada - Federal University of Rio Grande do Sul,"Sonia Bergamaschi, Laura Po, Serena Sorrentino, Alberto Corni",2010.0
✅ Identified,Brazil,Towards Generating Richer Code by Binding Security Abstractions to BPMN Task Types,Universidade Federal de Pernambuco,Federal University of Pernambuco,BR,Revista de Informática Teórica e Aplicada - Federal University of Rio Grande do Sul,"Julio Cesar Damasceno, Hamid R. Motahari Nezhad, Jun Li, Caio Northfleet, Bryan Stephenson, André Ricardo Da Silva Souza, Robson Wagner Albuquerque de Medeiros, Bruno Leonardo Barros Silva, Fernando Lins, Nelson Souto Rosa, Paulo Maciel",2010.0
⚠️ Missing,❌ None,An Eclipse-based Tool for Model Driven Web Applications with Personalization Support,,,,Revista de Informática Teórica e Aplicada - Federal University of Rio Grande do Sul,"Irene Garrigós, Octavio Glorio, Paul R. Hernandez, Alejandro Maté",2010.0
✅ Identified,Brazil,Chatbot Optimization using Sentiment Analysis and Timeline Navigation,Military Institute of Engineering,Instituto Militar de Engenharia,BR,Revista de Informática Teórica e Aplicada - Federal University of Rio Grande do Sul,"Wagner da Silva Maciel Sodré, Júlio César Duarte",2023.0
⚠️ Missing,❌ None,Conceptual Modeling: the Linguistic Approach,,,,Revista de Informática Teórica e Aplicada - Federal University of Rio Grande do Sul,"Lucia Castro, Fernanda Araujo Araujo, Giancarlo Guizzardi",2010.0
✅ Identified,Spain,UMLtoSBVR: An SBVR-based tool to validate UML conceptual schemas,Universitat Oberta de Catalunya; Universitat Politècnica de Catalunya,"Estudis d'Informàtica , Multimedia i Telecomunicació , Universitat Oberta de Catalunya; Estudis d'Informàtica, Multimedia i Telecomunicació, Universitat Oberta de Catalunya; Universitat Politècnica de Catalunya (UPC)",ES,Revista de Informática Teórica e Aplicada - Federal University of Rio Grande do Sul,"Raquel Pau, Jordi Cabot, Ruth Raventós",2010.0
✅ Identified,"Brazil, United States",The Animated Database Courseware (ADbC) and the Database Design Module,Kennesaw State University; Universidade Federal do Rio Grande do Sul,"Department of Computer Science and Information Systems Kennesaw State University Kennesaw , GA , 30144; Instituto de Informática, UFRGS, Porto Alegre, RS; Kennesaw State University;",BR; US,Revista de Informática Teórica e Aplicada - Federal University of Rio Grande do Sul,"Mário Guimarães, Meg Murray",2010.0
✅ Identified,Brazil,Aumento de Resolução Temporal de Sequências de Imagens do Trato Vocal por meio de Registro das Imagens,Universidade Federal de São Carlos,"Departamento; Departamento de Computação, UFSCar, CP 676, CEP: 13.565-905, São Carlos, SP",BR,Revista de Informática Teórica e Aplicada - Federal University of Rio Grande do Sul,"Ana Martins, Nelson D. A. Mascarenhas, Cláudio Alberto Torres Suazo",2010.0
✅ Identified,"Brazil, United States",Eliminação de Ruído Impulsivo Usando um Filtro Mediano Seletivo e Difusão Isotrópica,"Detector Technology (United States); Fundação de Apoio ao Desenvolvimento do Ensino, Ciência e Tecnologia do Estado de Mato Grosso do Sul; Universidade Federal da Grande Dourados","Processamento de Imagens, Eliminação de Ruído, Ruído Impulsivo, Difusão Isotrópica, Filtro Mediano; com um processo de difusão isotrópica para remoção de ruído sal e pimenta. Para eliminar ruído impulsivo em imagens coloridas,; detector de ruído impulsivo proposto por; restauração de imagens com grandes densidades de ruído",BR; US,Revista de Informática Teórica e Aplicada - Federal University of Rio Grande do Sul,"Marcos Proença de Almeida, Maurílio Boaventura",2010.0
✅ Identified,"Peru, Brazil, United States",HSM: A New Color Space used in the Processing of Color Images,St. Philip's College; Universidad San Pedro,"Department of Electrical Engineering -School of Engineering -USP , SP , ZIP Code 13566-590; Department of Electrical Engineering -School of Engineering -USP, SP, ZIP Code 13566-590",PE; US,Revista de Informática Teórica e Aplicada - Federal University of Rio Grande do Sul,"Osvaldo Severino, Adilson Gonzaga",2010.0
✅ Identified,Brazil,An Approach Based on Maintainability Criteria for Building Aspect-Oriented Software Design Model,Universidade Federal de Lavras; Universidade Federal de Minas Gerais; Universidade Federal de São Carlos; Universidade Federal de São Paulo; Universidade Federal do Rio de Janeiro,"DC/UFSCar, Federal University of São Carlos Post Box 676, Zip Code 13565-905 -São Carlos, SP, Brazil; DCC/UFMG , Federal University of Minas Gerais Zip Code 31270-010 - Belo Horizonte , MG , Brazil; DCC/UFMG, Federal University of Minas Gerais Zip Code 31270-010 -Belo Horizonte, MG, Brazil; DCT/ UNIFESP , Federal University of São Paulo Zip Code 04020-041 - São José dos Campos , SP , Brazil; DCT/UNIFESP, Federal University of São Paulo Zip Code 04020-041 -São José dos Campos, SP, Brazil; PESC/COPPE/UFRJ , Federal University of Rio de Janeiro Post Box 68511 , Zip Code 21945-970 - Rio de Janeiro , RJ , Brazil; PESC/COPPE/UFRJ, Federal University of Rio de Janeiro Post Box 68511, Zip Code 21945-970 -Rio de Janeiro, RJ, Brazil; PqES/DCC/UFLA , Federal University of Lavras Post Box 3037 , Zip Code 37200-000 - Lavras , MG , Brazil; PqES/DCC/UFLA, Federal University of Lavras Post Box 3037, Zip Code 37200-000 -Lavras, MG, Brazil",BR,Revista de Informática Teórica e Aplicada - Federal University of Rio Grande do Sul,"Rodrigo Pereira dos Santos, Heitor Costa, Cláudia Werner, André Fonseca Amâncio, Paulo Afonso Parreira Júnior, Antônio Resende, Fábio Fagundes Silveira",2010.0
✅ Identified,Brazil,COVID-19 Detection Using Forced Cough Sounds and Medical Information,Universidade Federal de Juiz de Fora,Universidade Federal de Juiz de Fora,BR,Revista de Informática Teórica e Aplicada - Federal University of Rio Grande do Sul,"Lucas Augusto Müller de Souza, Heder S. Bernardino, Jairo Francisco de Souza, Alex Borges Vieira",2023.0
✅ Identified,Brazil,Autism Spectrum Disorder Diagnosis Assistance using Machine Learning,Universidade Estadual de Londrina; Universidade de São Paulo,Universidade Estadual de Londrina; Universidade de São Paulo,BR,Revista de Informática Teórica e Aplicada - Federal University of Rio Grande do Sul,"Arthur Alexandre Artoni, Cinthyan Renata Sachs Camerlengo de Barbosa, Marcelo Morandini",2022.0
✅ Identified,Brazil,Editorial,Universidade Federal do Rio Grande do Sul,"Instituto de Informática, UFRGS, Porto Alegre, RS",BR,Revista de Informática Teórica e Aplicada - Federal University of Rio Grande do Sul,José Palazzo Moreira de Oliveira,2010.0
✅ Identified,"Brazil, Spain",Avaliação do Desempenho da Utilização de Threads em user level em Linux,Brazilian Society of Computational and Applied Mathematics; Consejo Superior de Investigaciones Científicas; Institute of Mathematical Sciences; Universidade de São Paulo,"Instituto de Ciências Matemáticas e de Computação (ICMC-USP); Instituto de Ciências Matemáticas e de Computação - ICMC-USP; Instituto de Ciências Matemáticas e de Computação Universidade de São Paulo - Campus São Carlos
Av. do Trabalhador Sancarlense, 400 - Centro Caixa Postal 668 - CEP 13560-970 São Carlos, SP; Instituto de Ciências Matemáticas e de Computação Universidade de São Paulo - Campus São Carlos#R##N#Av. do Trabalhador Sancarlense, 400 - Centro Caixa Postal 668 - CEP 13560-970 São Carlos, SP",BR; ES,Revista de Informática Teórica e Aplicada - Federal University of Rio Grande do Sul,"Renato Ramos da Silva, Roberto Sadao Yokoyama",2011.0
⚠️ Missing,❌ None,Provision and Collection of Safety Evidence: A Systematic Literature Review,,,,,,
✅ Identified,Brazil,Modelo Estatístico para a Determinação do Número Ótimo de Iterações do Filtro de Difusão Anisotrópica Aplicado à Redução de Ruído de Imagens de Ressonância Magnética do Cérebro,Universidade Federal de Uberlândia; Universidade de São Paulo,Universidade Federal de Uberlândia; Universidade de São Paulo,BR,Revista de Informática Teórica e Aplicada - Federal University of Rio Grande do Sul,"Yuri Saito, Ricardo J. Ferrari, Jefferson William Teixeira, Paulo Mazzoncini de Azevedo‐Marques, André Ponce Leon Ferreira Carvalho, Antônio Carlos dos Santos",2011.0
✅ Identified,Portugal,Livestock Monitoring Prototype Implementation and Validation,Polytechnic Institute of Castelo Branco; University of Beira Interior,Instituto Politécnico de Castelo Branco; Universidade da Beira Interior,PT,Revista de Informática Teórica e Aplicada - Federal University of Rio Grande do Sul,"Vitor M. T. Aleluia, Vasco N. G. J. Soares, João M. L. P. Caldeira, Pedro Dinis Gaspar",2023.0
✅ Identified,"Brazil, Switzerland, Portugal",Catboost Algorithm Application in Legal Texts and UN 2030 Agenda,Bio-Bras; Federal Supreme Court of Switzerland; Ministério da Justiça; Universidade de Brasília,"Corregedoria Geral de Justic¸a, Tribunal de Justic¸a de Roraima; Secretaria de Gestao Estratégica, Supremo Tribunal Federal; Universidade de Bras´ılia; Universidade de Brasília",BR; CH; PT,Revista de Informática Teórica e Aplicada - Federal University of Rio Grande do Sul,"Lucas José Gonçalves Freitas, Pamella Sada Dias Edokawa, Thaís Carvalho Valadares Rodrigues, Ariane Hayana Thomé de Farias, Euler Rodrigues de Alencar",2023.0
✅ Identified,Brazil,Inteligência Swarm e Equilíbrio de Verhulst Aplicados à Alocação de Potência em Redes Ópticas CDMA Particionadas,Universidade Estadual de Londrina,"Departamento de Ciência da Computação, Universidade Estadual de Londrina; Departamento de Engenharia Elétrica, Universidade Estadual de Londrina",BR,Revista de Informática Teórica e Aplicada - Federal University of Rio Grande do Sul,"Moanir Stábile Filho, Taufik Abrão, Lucas Dias Hiera Sampaio",2011.0
⚠️ Missing,❌ None,Integração de evidências em redes credais e a regra de Jeffrey,"Departamento de Informática, UEPG, Campus de Uvaranas; IDISIA; UEPG","Departamento de Informática, UEPG, Campus de Uvaranas; IDISIA; UEPG",,Revista de Informática Teórica e Aplicada - Federal University of Rio Grande do Sul,"José Carlos Ferreira da Rocha, Alaine Margarete Guimarães, Cassio P. de Campos",2011.0
✅ Identified,Portugal,The Use of Technology in the Diagnosis and Treatment of Epilepsy: Trends and Open Issues,Instituto Politécnico de Leiria; Polytechnic Institute of Castelo Branco; University of Beira Interior,Escola Superior de Saúde do Instituto Politécnico de Leiria; Instituto Politécnico de Castelo Branco; Universidade da Beira Interior,PT,Revista de Informática Teórica e Aplicada - Federal University of Rio Grande do Sul,"J. da Rocha Fernandes, Pedro Dinis Gaspar, Eva Menino, João M. L. P. Caldeira, Vasco N. G. J. Soares",2023.0
✅ Identified,Portugal,"Road Pavement Damage Detection using Computer Vision Techniques: Approaches, Challenges and Opportunities",Polytechnic Institute of Castelo Branco; University of Beira Interior,Instituto Politécnico de Castelo Branco; Universidade da Beira Interior,PT,Revista de Informática Teórica e Aplicada - Federal University of Rio Grande do Sul,"Miguel Gonçalves, Tomás Marques, Pedro Dinis Gaspar, Vasco N. G. J. Soares, João M. L. P. Caldeira",2023.0
✅ Identified,Brazil,Evaluation of the Relationship Between the Age of the Patient and the Mandibular Trabecular Bone Structure Through Dental Cone Beam Tomographic Images by Means of a Convolutional Neural Network,Universidade Estadual do Paraná,State University of Western Parana,BR,Revista de Informática Teórica e Aplicada - Federal University of Rio Grande do Sul,"Matheus Raffael Simon, Adair Santa Catarina, Adriane Yaeko Togashi",2023.0
✅ Identified,Portugal,Predictive Maintenance based on Log Analysis: A Systematic Review,Polytechnic Institute of Castelo Branco,Instituto Politecnico de Castelo Branco; Instituto Politécnico de Castelo Branco,PT,Revista de Informática Teórica e Aplicada - Federal University of Rio Grande do Sul,"Luís Barata, Sérgio Sequeira, Eurico Lopes",2024.0
✅ Identified,Brazil,Automated Lung Region Segmentation in Pediatric Chest Radiography,Instituto Federal Goiano; Universidade Federal de Goiás,Instituto Federal Goiano - Campus Uruta´i; Universidade Federal de Goiás,BR,Revista de Informática Teórica e Aplicada - Federal University of Rio Grande do Sul,"Afonso U. Fonseca, Juliana Paula Félix, Gabriel da Silva Vieira, Deborah Fernandes, Fabrízzio Soares",2024.0
⚠️ Missing,❌ None,Power Allocation in Orthogonal Frequency Division Multiplexing-based Wireless Networks Using Reinforcement Learning,,,,,,
✅ Identified,Brazil,Image Classification Using Convolutional Neural Networks for Automatic Correction of Multiprova Answer Sheets,Universidade Federal do Rio Grande do Norte,Universidade Federal do Rio Grande do Norte,BR,Revista de Informática Teórica e Aplicada - Federal University of Rio Grande do Sul,"Darlan Castro, Helton Maia, Rex A. C. Medeiros, André Bessa",2024.0
✅ Identified,Brazil,Use of wearable chemical sensors in IoT: a systematic literature review,Universidade Federal de Goiás,Universidade Federal de Goiás,BR,Revista de Informática Teórica e Aplicada - Federal University of Rio Grande do Sul,"Carlos Eduardo do Egito Araújo, Lívia F. Sgobbi, Renato F. Bulcão-Neto, Iwens G. Sene, Sérgio T. Carvalho",2024.0
✅ Identified,Brazil,Machine Learning Algorithms for Peripheral Blood Cell Classification - A Hemovision Project Experience,Universidade Federal de Goiás,Universidade Federal de Goias; Universidade Federal de Goiás,BR,Revista de Informática Teórica e Aplicada - Federal University of Rio Grande do Sul,"Mariana Dourado X. S. Santos, William Laus Bertemes, Iaan Mesquita de Souza, Mateus Henrique B. Andrades, Vinícius Sebba Patto",2023.0
⚠️ Missing,❌ None,Predicting Startup Success Using Tree-Based Machine Learning Algorithms,Diponegoro University; Universitas Semarang,Universitas Diponegoro; Universitas Semarang,ID,Revista de Informática Teórica e Aplicada - Federal University of Rio Grande do Sul,"Saifur Rohman Cholil, Rahmat Gernowo, Catur Edi Widodo, Adi Wibowo, Budi Warsito, Alauddin Maulana Hirzan",2024.0
✅ Identified,"Brazil, Mexico, Spain, United States",Machine learning in medicine using JavaScript: building web apps using TensorFlow.js for interpreting biomedical datasets,Allscripts (United States); Universidad San Jorge; Universidad de Especialidades,"Founder at IdeaCoding Lab / JovemPesquisador.com, Brazil; JavaScript, para modelar conjuntos de dados biom édicos por meio de redes neurais. Nosso objetivo principal é destacar o TensorFlow.js e advogar pela disseminac; JovemPesquisador.com; associados ao JavaScript. O Kaggle,; da intersec ¸ão entre aprendizado de m áquina e desenvolvimento web. Utilizamos o TensorFlow; de modelos avanc ¸ados de aprendizado de m áquina adaptados para aplicac ¸ões web. Modelamos tr ês conjuntos de dados: detecc ¸ão de diabetes, complicac ¸ões cir úrgicas; de seu interesse. Nossos resultados demonstram uma precis ão de 92% para detecc ¸ão de diabetes, 100% para complicac ¸ões cir; especialmente no campo da medicina; plataforma p ública de onde baixamos nossos conjuntos de dados, fornece uma extensa colec ¸ão de conjuntos de dados biom édicos. Portanto,; á repleta de pesquisadores ansiosos para contribuir. Neste artigo,",ES; MX; US,Revista de Informática Teórica e Aplicada - Federal University of Rio Grande do Sul,Jorge Guerra Pires,2024.0
⚠️ Missing,❌ None,A Random Generation of Haskell Programs Applied to Optimization Testing in Compilers,,,,,,
✅ Identified,Portugal,"Detection and Pose Adjustment in Physical Exercises using Computer Vision Techniques: Approaches, Challenges and Opportunities",Polytechnic Institute of Castelo Branco,Instituto Politécnico de Castelo Branco,PT,Revista de Informática Teórica e Aplicada - Federal University of Rio Grande do Sul,"Joao J.G.M. Gonçalves, João Palhares, Vasco N. G. J. Soares, Paulo A. C. S. Neves",2024.0
✅ Identified,Brazil,Performance Evaluation and Operational Availability of a Textile Manufacturing 4.0 Using Stochastic Petri Nets,Universidade Federal Rural de Pernambuco,"UFRPE - Federal Rural University of Pernambuco, Department of Computing, PO Box 52171-900, Recife, PE, Brazil",BR,Revista de Informática Teórica e Aplicada - Federal University of Rio Grande do Sul,"Edson Moura Silva, Danilo Araújo, Ermeson Andrade",2024.0
✅ Identified,Brazil,Prediction of Stock Prices Using Ensemble Models,Universidade Federal de Alfenas,Universidade Federal de Alfenas; universidade Federal de Alfenas,BR,Revista de Informática Teórica e Aplicada - Federal University of Rio Grande do Sul,"Claudio Silva, Ricardo Menezes Salgado",2024.0
✅ Identified,Brazil,Framework for Security Risk Assessment (FSRA) and Fuzzy Risk Inference System (FRIS) based on Standard ISO/IEC 27002:2022,Governo do Estado de Mato Grosso; Ministério Público; Universidade do Estado de Mato Grosso,Ministério Público do Estado de Mato Grosso; Universidade do Estado do Mato Grosso,BR,Revista de Informática Teórica e Aplicada - Federal University of Rio Grande do Sul,"Diógenes Antonio Marques José, Douglas Schmitz Dupski, Kembolle Amilkar",2024.0
✅ Identified,Brazil,Energy Consumption and Performance Evaluation of Multi-Model NoSQL DBMSs,Universidade Federal Rural de Pernambuco; Universidade Federal de Pernambuco,Universidade Federal Rural de Pernambuco; Universidade Federal de Pernambuco,BR,Revista de Informática Teórica e Aplicada - Federal University of Rio Grande do Sul,"Fúlvio Falcão, João Moura, Gabriel San Martin Silva, Carlos Araújo, Érica Sousa, Eduardo Tavares",2024.0
✅ Identified,Brazil,Modeling and Analysis of a Telesurgery Environment Considering a 5G Network,Universidade Federal Rural de Pernambuco; Universidade Federal de Alagoas; Universidade Federal de Pernambuco; Universidade Federal do Agreste de Pernambuco,Universidade Federal Rural de Pernambuco; Universidade Federal de Alagoas; Universidade Federal do Agreste de Pernambuco,BR,Revista de Informática Teórica e Aplicada - Federal University of Rio Grande do Sul,"Vamberto Rocha, Jean Araújo, Bruno Nogueira, Ermeson Andrade",2024.0
✅ Identified,Brazil,Tutorial sobre Fuzzy-c-Means e Fuzzy Learning Vector Quantization: Abordagens Híbridas para Tarefas de Agrupamento e Classificação,Centro Universitário Belas Artes de São Paulo; Universidade Estadual do Oeste do Paraná; Universidade de Brasília; Universidade de São Paulo,"Departamento de Engenharia Elétrica , Faculdade de Tecnologia , UnB , Gleba A , Av. L3 Norte , Brasília , DF; Departamento de Engenharia Elétrica, Faculdade de Tecnologia, UnB, Gleba A, Av. L3 Norte, Brasília, DF; Escola de Artes , Ciências e Humanidades , USP , Av. Arlindo Bettio , 1000 , São Paulo , SP; Escola de Artes, Ciências e Humanidades, USP, Av. Arlindo Bettio, 1000, São Paulo, SP; Universidade Estadual do Oeste do Paraná , Unioeste , R. Universitária , 1069 , Cascavel , PR; Universidade Estadual do Oeste do Paraná, Unioeste, R. Universitária, 1069, Cascavel, PR; Universidade de São Paulo",BR,Revista de Informática Teórica e Aplicada - Federal University of Rio Grande do Sul,"Sarajane Marques Peres, Thiago Rocha, Helton Hideraldo Bíscaro, Renata C. B. Madeo, Clodis Boscarioli",2012.0
✅ Identified,Brazil,Rough Sets and Multilayer Perceptron in Tandem for Processing the Aleatory Uncertainty in COVID-19 Cases,Universidade do Estado de Santa Catarina,Universidade do Estado de Santa Catarina,BR,Revista de Informática Teórica e Aplicada - Federal University of Rio Grande do Sul,"Kalyl Henings, Vinícius Hansen, Gilmário Barbosa dos Santos",2024.0
✅ Identified,Brazil,Comparative Study of Predictive Models Based on Moving Averages Applied in Binary Options in the Financial Market,Universidade Federal do Pará; Universidade Federal do Rio Grande,Universidade Federal do Para; Universidade Federal do Rio Grande,BR,Revista de Informática Teórica e Aplicada - Federal University of Rio Grande do Sul,"Luccas R. Hoff, Rafael Alceste Berri, Eduardo Nunes Borges, André Riker, Bruno L. Dalmazo",2024.0
✅ Identified,Brazil,UnbIAs - Google Translate Gender Bias Mitigation and Addition of Genderless Translation,Universidade do Vale do Rio dos Sinos,Universidade do Vale do Rio dos Sinos,BR,Revista de Informática Teórica e Aplicada - Federal University of Rio Grande do Sul,"Vanessa Schenkel, Blanda Mello, Sandro José Rigo, Gabriel de Oliveira Ramos",2024.0
✅ Identified,Brazil,Supervised Learning Algorithms Evaluation on Sweet Potato Data for Production Indices Considering Human Consumption,Universidade Federal de Lavras,Federal University of Lavras (UFLA),BR,Revista de Informática Teórica e Aplicada - Federal University of Rio Grande do Sul,"Mardem Arantes de Castro, Ranulfo Mascari Neto, Joaquim Quinteiro Uchôa, Jesimar da Silva Arantes, Orlando Gonçalves Brito, Valter Carvalho de Andrade Júnior, Jeferson Carlos de Oliveira Silva, Renato Ramos da Silva",2024.0
✅ Identified,Brazil,Analysis of Forensic Tools for Recovery of Formatted Data: a case study with Microsoft Word files,Universidade Federal de Pernambuco; Universidade de Pernambuco,Universidade Federal de Pernambuco (UFPE); Universidade de Pernambuco (UPE),BR,Revista de Informática Teórica e Aplicada - Federal University of Rio Grande do Sul,"Rubens Karman Paula da Silva, Islan Amorim Bezerra, Sidney Marlon Lopes de Lima, Sérgio Fernandes",2024.0
✅ Identified,Brazil,Systematic Literature Review on the Application of Controllers Based on Cellular Automata in Robotic Tasks,"Instituto Federal de Educação, Ciência e Tecnologia do Triângulo Mineiro",Instituto Federal do Triângulo Mineiro,BR,Revista de Informática Teórica e Aplicada - Federal University of Rio Grande do Sul,"Naya Letícia Batista Souza, Danielli Araújo Lima",2024.0
✅ Identified,Brazil,Ontology for Healthcare AI Privacy in Brazil,Hospital de Clínicas de Porto Alegre; Universidade Federal do Rio Grande do Sul,Hospital de Clinicas de Porto Alegre; Universidade Federal do Rio Grande do Sul,BR,Revista de Informática Teórica e Aplicada - Federal University of Rio Grande do Sul,"Tiago Andres Vaz, José Miguel Dora, Luís C. Lamb, Suzi Alves Camey",2024.0
✅ Identified,Brazil,Parameterized Model for Multimedia-Content Placement of the Streaming Service on 5G Cellular Networks,Universidade Federal do ABC,Universidade Federal do ABC (UFABC),BR,Revista de Informática Teórica e Aplicada - Federal University of Rio Grande do Sul,"Rodrigo A. C. da Silva, Carlo Kleber da Silva Rodrigues, Vladimir Rocha",2025.0
✅ Identified,Brazil,Machine Learning Applied to Biological Sequence Comparison: an Alignment-free Approach,Universidade Federal de Itajubá,Universidade Federal de Itajubá (UNIFEI),BR,Revista de Informática Teórica e Aplicada - Federal University of Rio Grande do Sul,"Thaizy Aparecida Vicentini, Luiz Carlos Bertucci Barbosa",2025.0
✅ Identified,Brazil,Symmetric Peer-to-Peer Applications,Universidade do Estado do Rio de Janeiro,Universidade Estadual do Rio de Janeiro - (UERJ),BR,Revista de Informática Teórica e Aplicada - Federal University of Rio Grande do Sul,Francisco Sant’Anna,2025.0
✅ Identified,Brazil,A Bibliometric Study on the Applications of Neural Networks in Metal Surface Defect Inspection,Military Institute of Engineering,Instituto Militar de Engenharia (IME),BR,Revista de Informática Teórica e Aplicada - Federal University of Rio Grande do Sul,"Sandro Bessa de Lima, Marcos dos Santos, Júlio César Duarte",2025.0
✅ Identified,Brazil,On the Use of Spectral Data from Smartphone Accelerometer Signals and Constituent Material for the Identification of Damaged Walls,Universidade Federal de Juiz de Fora,Universidade Federal de Juiz de Fora (UFJF),BR,Revista de Informática Teórica e Aplicada - Federal University of Rio Grande do Sul,"Tales Humberto de Aquino Boratto, Douglas Lima Fonseca, Heder S. Bernardino, Alex Borges Vieira, Alexandre Cury, Leonardo Goliatt",2025.0
✅ Identified,Brazil,Comparison of AI Models for Data Extraction in Glucometers,Universidade Federal Rural de Pernambuco,Universidade Federal Rural de Pernambuco (UFRPE),BR,Revista de Informática Teórica e Aplicada - Federal University of Rio Grande do Sul,"Genivaldo Braynner Teixeira do Carmo, Julyanne Maria Dos Santos Correia, Ronaldo Rodrigues da Silva Filho, Pablo Azevedo Sampaio, Robson Wagner Albuquerque de Medeiros",2025.0
⚠️ Missing,❌ None,"Optimizing Mikrotik-Based Network Security using Address List, Firewall Filter Rules, and Raw Firewall",Universitas Semarang,Universitas Semarang (USM),ID,Revista de Informática Teórica e Aplicada - Federal University of Rio Grande do Sul,"Febrian Wahyu Christanto, Putri Cholillah, Alauddin Maulana Hirzan",2025.0
✅ Identified,Brazil,Composite Material Defect Segmentation Using Deep Learning Models and Infrared Thermography,Universidade Federal de Uberlândia,Universidade Federal de Uberlândia (UFU); Universidade Federal de Uberlândia (UFU) & Cranfield University (CU),BR,Revista de Informática Teórica e Aplicada - Federal University of Rio Grande do Sul,"Iago Garcia Vargas, Henrique Fernandes",2025.0
✅ Identified,Brazil,A Speech Emotion Recognition Approach Using Discrete Wavelet Transform and Deep Learning Techniques in a Brazilian Portuguese Corpus,Hospital Universitário da Universidade de São Paulo,University of São Paulo (USP),BR,Revista de Informática Teórica e Aplicada - Federal University of Rio Grande do Sul,"Rafael Greca Vieira, Alessandra Alaniz Macedo",2025.0
✅ Identified,Brazil,Deep Semantic Segmentation Applied to Honey Bee Comb Cells,Universidade Tecnológica Federal do Paraná,Universidade Tecnológica Federal do Paraná (UTFPR),BR,Revista de Informática Teórica e Aplicada - Federal University of Rio Grande do Sul,"Gustavo Vasconcelos, André Roberto Ortoncelli, Fabiana Martins Costa, Marlon Marcon",2025.0
✅ Identified,Brazil,Deep Learning-Based Instance Segmentation for Enhanced Navigation of Agricultural Vehicles,Hospital Universitário da Universidade de São Paulo; São Paulo State Technological College; Universidade Federal do ABC,Faculdade de Tecnologia do Estado de São Paulo (FATEC); Universidade Federal do ABC (UFABC); Universidade de São Paulo (USP),BR,Revista de Informática Teórica e Aplicada - Federal University of Rio Grande do Sul,"Renato de Avila Lopes, Marcus de Carvalho, Edson C. Kitani, Francisco de Assis Zampirolli, Leopoldo Rideki Yoshioka, Luiz A. Celiberto, Ugo Ibusuki",2025.0
✅ Identified,Brazil,Transfer Learning and Handcrafted Features Ensembles for Ultrasound Breast Cancer Image Classification,Centre for Research and Development in Telecommunications (Brazil); Pontifícia Universidade Católica de Campinas,CPQD - Centro de Pesquisa e Desenvolvimento; Pontifícia Universidade Católica de Campinas (PUCC),BR,Revista de Informática Teórica e Aplicada - Federal University of Rio Grande do Sul,"Vanessa Kaplum Foleis, Bianca Aparecida Andrade, Henrique Bergamo Shigihara, Dimas Augusto Mendes Lemes, José Guilherme Picolo, Bernardo Feijó Junqueira, Guilherme Ribeiro Sales, Valentino Corso, Cides S. Bezerra",2025.0
✅ Identified,Brazil,New Approach for Soil Carbon and Nitrogen Assessment through Image Analysis: A Case Study with Oxisols and Inceptisols,Universidade Tecnológica Federal do Paraná,Universidade Tecnológica Federal do Paraná (UTFPR),BR,Revista de Informática Teórica e Aplicada - Federal University of Rio Grande do Sul,"Juliano Tiago Rinaldi, Dalcimar Casanova, Larissa Macedo dos Santos, Marcelo Teixeira, Heitor Silvério Lopes",2025.0
✅ Identified,Brazil,Mini-map Alignment Approach using Landmark Observation Information Intrinsic to the Feature-based Visual SLAM Pipeline,Universidade Federal de Goiás,Universidade Federal de Goiás (UFG),BR,Revista de Informática Teórica e Aplicada - Federal University of Rio Grande do Sul,"Felipe Pires Saraiva, Gustavo Teodoro Laureano, Thiago Henrique De Oliveira",2025.0
✅ Identified,Brazil,Case Study of Deep Learning Methods for Depth Estimation in Indoor Ground Robotics,Centre for Research and Development in Telecommunications (Brazil); Pontifícia Universidade Católica de Campinas,Centro de Pesquisa e Desenvolvimento em Telecomunicações (CPQD); Pontifícia Universidade Católica de Campinas (PUCC),BR,Revista de Informática Teórica e Aplicada - Federal University of Rio Grande do Sul,"Fábio Leandro Vizzotto, Márcio das Chagas Moura, Vinicius da Silva Souza, Cides Semprebom Bezerra, Guilherme Ribeiro Sales, Valentino Corso, Luiz Eduardo Pita Mercês Almeida, D. Abreu",2025.0
✅ Identified,Brazil,Rust Detection in Coffee Leaves Using Otsu's Method and Mathematical Morphology,Universidade Federal de São Carlos; Universidade Federal de Uberlândia,Federal University of São Carlos (UFSCar); Federal University of Uberlândia (UFU),BR,Revista de Informática Teórica e Aplicada - Federal University of Rio Grande do Sul,"René Ernesto García Rivas, Renata S. Melo, Saide Manuel Saide, André Ricardo Backes, Henrique Fernandes",2025.0
✅ Identified,Brazil,Identifying Malignant Skin Diseases Through Deep Learning,Universidade Federal de São Carlos; Universidade Federal de Uberlândia; Universidade Federal de Viçosa,Federal University of São Carlos (UFSCar); Federal University of Uberlândia (UFU); Federal University of Viçosa (UFV),BR,Revista de Informática Teórica e Aplicada - Federal University of Rio Grande do Sul,"Gabriel Sávio de Lima Mota, Matheus Vieira da Silva, João Fernando Mari, André Ricardo Backes",2025.0
✅ Identified,Brazil,Medical Image Classification with Privacy: Centralized and Federated Learning Comparison,Universidade Federal de São Carlos; Universidade Federal de Uberlândia; Universidade Federal de Viçosa,Federal University of São Carlos (UFSCar); Federal University of Uberlândia (UFU); Federal University of Viçosa (UFV),BR,Revista de Informática Teórica e Aplicada - Federal University of Rio Grande do Sul,"Lara Cristina Evaristo Rodrigues, Gleidson Barbosa, Rodrigo Moreira, Larissa Ferreira Rodrigues Moreira, André Ricardo Backes",2025.0
✅ Identified,Brazil,Federated Learning in Breast Cancer Diagnosis,Universidade Federal de São Carlos; Universidade Federal de Uberlândia,Federal University of São Carlos (UFSCar); Federal University of Uberlândia (UFU); Federal University of Uberlândia (UFU) & Federal University of São Carlos (UFSCar),BR,Revista de Informática Teórica e Aplicada - Federal University of Rio Grande do Sul,"Gleidson Barbosa, Leonardo Gabriel Ferreira Rodrigues, Larissa Ferreira Rodrigues Moreira, André Ricardo Backes",2025.0
✅ Identified,Brazil,Digital Fencing for Farms: Enhancing Object Detection through Multi-Dataset Integration,Universidade Federal de Viçosa,Universidade Federal de Viçosa (UFV),BR,Revista de Informática Teórica e Aplicada - Federal University of Rio Grande do Sul,"Juliana Quintiliano de Oliveira Ferreira, Lucas Silva, Thiago L. Gomes, Michel M. Silva",2025.0
✅ Identified,Brazil,Automatic Identification of Relevant Moments in Security Force Videos Using Multimodal Analysis,Universidade Federal de Viçosa,Federal University of Viçosa (UFV),BR,Revista de Informática Teórica e Aplicada - Federal University of Rio Grande do Sul,"Luísa Ferreira, Michel M. Silva",2025.0
✅ Identified,Brazil,Evaluating Deep Learning Models for Effective Weed Classification in Agricultural Images,Universidade Federal de Viçosa,Federal University of Viçosa (UFV),BR,Revista de Informática Teórica e Aplicada - Federal University of Rio Grande do Sul,"Bianca Panacho Ferreira, Pedro Henrique Campos Moreira, Leandro Henrique Furtado Pinto Silva, João Fernando Mari",2025.0
✅ Identified,Brazil,Aedes aegypti Egg Counting with Neural Networks for Object Detection,MRE Soluções (Brazil); Universidade Católica Dom Bosco; Universidade Federal de Mato Grosso do Sul,Dom Bosco Catholic University (UCDB); Federal University of Mato Grosso do Sul (UFMS); Kerow Soluções de Precisão,BR,Revista de Informática Teórica e Aplicada - Federal University of Rio Grande do Sul,"Micheli Nayara de Oliveira Vicente, João Vitor de Andrade Porto, Gabriel Toshio Hirokawa Higa, Higor Henrique Picoli Nucci, Asser Botelho Santana, Karla Rejane de Andrade Porto, Antônia Railda Roel, Hemerson Pistori",2025.0
✅ Identified,Brazil,Castor Beans Identification in Sugarcane Plantations Using Active Learning,Universidade Federal de Mato Grosso do Sul,Universidade Federal de Mato Grosso do Sul (UFMS),BR,Revista de Informática Teórica e Aplicada - Federal University of Rio Grande do Sul,"Juan Sales, Mário de Araújo Carvalho, José Marcato, Wesley Nunes Gonçalves",2025.0
✅ Identified,Brazil,Analyzing Bee Behavior Through Video Tracking Using Computer Vision Techniques,Universidade Tecnológica Federal do Paraná,Universidade Tecnológica Federal do Paraná (UTFPR); Universidade Tecnólogia Federal do Paraná (UTFPR),BR,Revista de Informática Teórica e Aplicada - Federal University of Rio Grande do Sul,"I. Lima, André Roberto Ortoncelli, Michele Potrich, Marlon Marcon",2025.0
✅ Identified,Brazil,Data Augmentation and Convolutional Network Architecture Influence on Distributed Learning,Universidade Federal de Uberlândia; Universidade Federal de Viçosa,Department of Informatics University of Minho (UMINHO) & Federal University of Uberlândia (UFU); Universidade Federal de Viçosa (UFV),BR,Revista de Informática Teórica e Aplicada - Federal University of Rio Grande do Sul,"Verena Jansen, Emanuel Teixeira Martins, Yasmin Souza Lima, Flávio de Oliveira Silva, Rodrigo Moreira, Larissa Ferreira Rodrigues Moreira",2025.0
✅ Identified,Brazil,Portal to Other Dimensions: use of Computer Vision to create art work from day life images,Universidade Federal de Viçosa,Universidade Federal de Viçosa (UFV),BR,Revista de Informática Teórica e Aplicada - Federal University of Rio Grande do Sul,"Luísa Ferreira, Ana Clara Fraga Osias, Lucas Vieira dos Santos, Michel M. Silva",2025.0
✅ Identified,Brazil,Construction of Rolled Digital for Newborns Using Image Registration,Universidade Tecnológica Federal do Paraná,Universidade Tecnológica Federal do Paraná (UTFPR),BR,Revista de Informática Teórica e Aplicada - Federal University of Rio Grande do Sul,"Wesley Augusto Catuzzo de Bona, Jefferson Tales Oliva, Luiz Fernando Puttow Southier, Fábio Favarim, Marcelo Teixeira, Dalcimar Casanova",2025.0
✅ Identified,Brazil,Deep Learning-Based Segmentation of Nanomaterial Images Acquired via Scanning Electron Microscopy,"Instituto Nacional de Metrologia, Qualidade e Tecnologia; Laboratório Nacional de Computação Científica; Universidade Federal do Rio de Janeiro",Divisão de Metrologia de Materiais - INMETRO; Laboratório Nacional de Computação Científica (LNCC); Universidade Federal do Rio de Janeiro - (UFRJ),BR,Revista de Informática Teórica e Aplicada - Federal University of Rio Grande do Sul,"Ivânia Maria Lucinda De Donato, Juliana do Nascimento Lunz, Fernanda Davi Marques, Bráulio S. Archanjo, Francisco J. P. Lopes, Gilson A. Giraldi",2025.0
✅ Identified,Brazil,Classification of Agricultural Pests Through Digital Images Using Deep Learning,Universidade Federal de Viçosa,Universidade Federal de Viçosa (UFV),BR,Revista de Informática Teórica e Aplicada - Federal University of Rio Grande do Sul,"Pedro Costa, Thiago Matheus De Oliveira Costa, Larissa Ferreira Rodrigues Moreira, Leandro Henrique Furtado Pinto Silva, João Fernando Mari",2025.0
✅ Identified,Brazil,Exploiting Data Augmentation Strategies to Improve the Classification of Spinal Disorders in X-Ray Images,Universidade Federal de Viçosa,Federal University of Viçosa (UFV),BR,Revista de Informática Teórica e Aplicada - Federal University of Rio Grande do Sul,"João Flávio Martins Pereira, João Fernando Mari, Leandro Henrique Furtado Pinto Silva",2025.0
✅ Identified,"Brazil, Portugal",Automatic Detection and Counting of Tuta Absoluta Insect in Trap Images,"Instituto Federal de Educação, Ciência e Tecnologia do Rio Grande do Sul; The Navigator (Portugal)","Business Incubator of the Biotechnology Center (IECBiot) - UFRGS; Federal Institute of Education, Science and Technology of Rio Grande do Sul (IFRS)",BR; PT,Revista de Informática Teórica e Aplicada - Federal University of Rio Grande do Sul,"Gabriel Santos De Souza, Camila Corrêa Vargas, Jean Carlo Hamerski",2025.0
✅ Identified,Brazil,Fusion of Satellite and Drone Images for Identifying Water Bodies,Centre for Research and Development in Telecommunications (Brazil); Pontifícia Universidade Católica de Campinas,CPQD - Centro de Pesquisa e Desenvolvimento; Pontifícia Universidade Católica de Campinas (PUCC),BR,Revista de Informática Teórica e Aplicada - Federal University of Rio Grande do Sul,"Ariane Paula Barros, Elizângela Jussara dos Santos, Fernanda Kristen da Silva Pedro, Dimas Augusto Mendes Lemes, José Picolo, Guilherme Ribeiro Sales, Valentino Corso, Cides Semprebom Bezerra",2025.0
✅ Identified,Brazil,Artificial Intelligence for Gas Leak Detection with Thermal Cameras and Metal Oxide Semiconductor Sensors,Centre for Research and Development in Telecommunications (Brazil); Pontifícia Universidade Católica de Campinas,CPQD - Centro de Pesquisa e Desenvolvimento; Pontifícia Universidade Católica de Campinas (PUCC),BR,Revista de Informática Teórica e Aplicada - Federal University of Rio Grande do Sul,"Edmilson Sanches, Fábio Augusto, Paulo Márcio da Silveira, Bernardo Feijó Junqueira, Dimas Augusto Mendes Lemes, J.L. Picolo, Guilherme Ribeiro Sales, Valentino Corso, Cides S. Bezerra",2025.0
✅ Identified,Portugal,Big Data in Healthcare: Possibilities and Challenges - A Systematic Literature Review,Polytechnic Institute of Castelo Branco,Instituto Politécnico de Castelo Branco (IPCB),PT,Revista de Informática Teórica e Aplicada - Federal University of Rio Grande do Sul,"Luís Barata, João Louro, João Afonso",2025.0
✅ Identified,Brazil,How Misleading Can The Analysis of Human Eye Movements Be? Experiments on Dominante Eye and Cognitive Visual Perception,Centro Universitário FEI,"Centro Universitário FEI, São Bernardo do Campo",BR,Revista de Informática Teórica e Aplicada - Federal University of Rio Grande do Sul,"Alisson Moriyasu Pinto, João Vitor Macedo Romera, Carlos Eduardo Thomaz",2025.0
✅ Identified,Brazil,Sheep Behavioral Analysis with Optical Flow,Universidade Católica Dom Bosco; Universidade Federal de Mato Grosso do Sul,Instituto Federal de Mato Grosso do Sul (UFMS); Universidade Católica Dom Bosco (UCDB); Universidade Federal de Mato Grosso do Sul (UFMS),BR,Revista de Informática Teórica e Aplicada - Federal University of Rio Grande do Sul,"Pedro Henrique Neves da Silva, Rodrigo Gonçalves Mateus, Diego André Sant’Ana, Sebastião Lucas Neves de Melo, Hemerson Pistori",2025.0
✅ Identified,Brazil,Leveraging Optimal Methods for Diverse Skin Types Classification in Images for Reduced Bias,Hospital Universitário da Universidade de São Paulo,Universidade de São Paulo (USP),BR,Revista de Informática Teórica e Aplicada - Federal University of Rio Grande do Sul,"Luiz Augusto Vieira Manoel, Moacir Antonelli Ponti",2025.0
✅ Identified,Brazil,Renal Cancer Classification in Tomographic Images Using Convolutional Neural Networks to Assist Early Diagnosis,Universidade Federal de Uberlândia; Universidade Federal de Viçosa,Universidade Federal de Uberlândia (UFU); Universidade Federal de Viçosa (UFV),BR,Revista de Informática Teórica e Aplicada - Federal University of Rio Grande do Sul,"Vinícius Meireles Pereira Santos, Ana Cláudia Patrocínio, William Chaves de Souza Carvalho, Pedro Moisés de Sousa",2025.0
✅ Identified,Brazil,Bulldogs Nose Detection using Deep Learning,Universidade Católica Dom Bosco; Universidade Federal de Mato Grosso do Sul; Universidade Federal do Pampa,Universidade Católica Dom Bosco (UCDB); Universidade Federal de Mato Grosso do Sul (UFMS); Universidade Federal do Pampa (UNIPAMPA),BR,Revista de Informática Teórica e Aplicada - Federal University of Rio Grande do Sul,"Joyce Katiuccia Medeiros Ramos Carvalho, Pedro Henrique Neves da Silva, Sandra Adriana Uhry, Gustavo Da Silva Andrade, Gisele Braziliano de Andrade, Hemerson Pistori, Newton Loebens",2025.0
✅ Identified,Brazil,A Novel Brazilian Dataset for Automatic Detection of Psyllid Attacksin Guava,Universidade Federal de Viçosa; Universidade Federal do Ceará,Universidade Federal de Viçosa (UFV); Universidade Federal do Ceará (UFC),BR,Revista de Informática Teórica e Aplicada - Federal University of Rio Grande do Sul,"Iago Magalhães de Mesquita, Larissa Ferreira Rodrigues Moreira, Rhuan da Silva Nunes, Ialis Cavalcante de Paula",2025.0
✅ Identified,Brazil,Preprocessing and Optimizer impact on Image-Based Autoimmune Disease Diagnosis,Centro Universitário de Patos de Minas; Universidade Federal de Viçosa,Federal University of Viçosa (UFV); University Center of Patos de Minas (UNIPAM),BR,Revista de Informática Teórica e Aplicada - Federal University of Rio Grande do Sul,"João Vítor Souto de Lima, Rafael Marinho e Silva, Rodrigo Moreira, Larissa Ferreira Rodrigues Moreira",2025.0
✅ Identified,Brazil,Segmentation of Skin Lesions and their Attributes in Dermatoscopic Images Based on Convolutional Neural Networks,Universidade de Brasília,University of Brasilia (UnB),BR,Revista de Informática Teórica e Aplicada - Federal University of Rio Grande do Sul,"A. Rodrigues, Roberta B. Oliveira",2025.0
✅ Identified,Brazil,Classification of Cells Infected by Malaria with Vision Transformers Models,Centre for Research and Development in Telecommunications (Brazil); Pontifícia Universidade Católica de Campinas,CPQD - Research and Development Center; Pontifical Catholic University of Campinas (PUCC),BR,Revista de Informática Teórica e Aplicada - Federal University of Rio Grande do Sul,"Eduardo David Campopiano, Iago Fonseca Marinho Pereira, Thomas William, D. Abreu, Guilherme Ribeiro Sales, Valentino Corso, Cides S. Bezerra",2025.0
✅ Identified,United States,Safer Stack: Safe Dump of Off-Highways Trucks in Slope Crest Windrows,Digital Science (United States),Act Digital; Vale,US,Revista de Informática Teórica e Aplicada - Federal University of Rio Grande do Sul,"Lorrainy Rembiski Delfino, Marina Cunha Galvão de França, Jaquelini Kumm, Marcus Ventura, Gabriel Flausino de Souza, Allan Lorenzoni Canal, Yargo Alves Sampaio, Fabiana Zambroni Neves",2025.0
✅ Identified,Brazil,YOLO and CNN for Cat Detection and Recognition,Instituto Federal de Goiás; Universidade Federal de Goiás,Instituto Federal de Goiás (IFG); Universidade Federal de Goiás (UFG),BR,Revista de Informática Teórica e Aplicada - Federal University of Rio Grande do Sul,"Dayllon Vinícius Xavier Lemos, Humberto J. Longo, Márcia R. Cappelle, Mariana Dourado X. S. Santos, Sanderson Oliveira de Macedo, Ronaldo Martins da Costa",2025.0
✅ Identified,Brazil,Application of Denoising Diffusion Probabilistic Methods in Fetal MRI,Laboratório Nacional de Computação Científica; Pontifícia Universidade Católica do Rio de Janeiro; Universidade Federal Rural do Semi-Árido,Federal Rural University of the Semi-Arid (UFERSA); National Laboratory for Cientific Computing (LNCC); Pontifícia Universidade Católica of Rio de Janeiro (PUCRJ),BR,Revista de Informática Teórica e Aplicada - Federal University of Rio Grande do Sul,"Ana Cláudia Souza Vidal de Negreiros, Gilson A. Giraldi, Heron Werner",2025.0
✅ Identified,Brazil,Notification Oriented Paradigm based on Internet Protocol (NOP-IP) to Distributed Computing,Universidade Tecnológica Federal do Paraná,Federal University of Technology - Paraná (UTFPR),BR,Revista de Informática Teórica e Aplicada - Federal University of Rio Grande do Sul,"Marcos Talau, Christian Carlos Souza Mendes, Paulo Cézar Stadzisz, Jean Marcelo Simão",2025.0
✅ Identified,Brazil,Do Deep Learning Models Generalize Facial Emotion Recognition in Different Age Groups?,Coordenação de Aperfeicoamento de Pessoal de Nível Superior; Universidade Federal do Rio Grande do Sul,Serviço Federal de Processamento de Dados (SERPRO); Universidade Federal do Rio Grande do Sul (UFRGS),BR,Revista de Informática Teórica e Aplicada - Federal University of Rio Grande do Sul,"Neusa Liberato Evangelista, Thiago Lopes Trugillo da Silveira",2026.0
✅ Identified,Brazil,Exploring Topic Modeling in Short Texts from Social Media,Universidade Federal de Santa Catarina,Universidade Federal de Santa Catarina (UFSC),BR,Revista de Informática Teórica e Aplicada - Federal University of Rio Grande do Sul,"Ian Macedo Maiwald Santos, Luciana de Oliveira Rech, Ricardo Moraes",2026.0
✅ Identified,Brazil,Transformers or Not,Universidade Federal de Santa Catarina,Universidade Federal de Santa Catarina (UFSC),BR,Revista de Informática Teórica e Aplicada - Federal University of Rio Grande do Sul,"Pedro Luiz Henriques Benedetti, Marcelo Ricardo Stemmer",2026.0
✅ Identified,Brazil,NOPL - Improvements in the Language and its Compiler for the Notification Oriented Paradigm,Universidade Tecnológica Federal do Paraná,Universidade Tecnológica Federal do Paraná; Universidade Tecnológica Federal do Paraná (UTFPR),BR,Revista de Informática Teórica e Aplicada - Federal University of Rio Grande do Sul,"Fernando Schütz, Adriano F. Ronszcka, João Alberto Fabro, Jean Marcelo Simão",2025.0
✅ Identified,Brazil,Hybrid Convolutional Neural Network on Fault Detection in Electroluminescence Images of Photovoltaic Cells,Universidade Federal do Ceará,Federal University of Ceará (UFC),BR,Revista de Informática Teórica e Aplicada - Federal University of Rio Grande do Sul,"Alan Marques da Rocha, Marcelo Marques Simões de Souza, Carlos Alexandre Rolim Fernandes",2025.0
✅ Identified,"Brazil, Norway",An Ontology of Tobacco Production: Enriching Large Language Model-based Decision Support,Archer (Norway); Hospital Universitário da Universidade de São Paulo; Instituto Tecnológico de Aeronáutica,Aeronautics Institute of Technology (ITA); Renato Archer Information Technology Center (CTI); University of São Paulo (USP),BR; NO,Revista de Informática Teórica e Aplicada - Federal University of Rio Grande do Sul,"Luis Felipe Medeiro Alves, José Maria Parente de Oliveira, Rodrigo Bonacin, Ferrucio de Franco Rosa",2025.0
✅ Identified,"India, United States",Hybrid Machine Learning Model for Cache Performance Prediction and Design Space Exploration,Gujarat Technological University; LDS Business College; National Forensic Sciences University,Gujarat Technological University (GTU); L. D. College of Engineering (LDCE); National Forensic Sciences University (NFSU),IN; US,Revista de Informática Teórica e Aplicada - Federal University of Rio Grande do Sul,"Hetal V. Dave, Nirali A. Kotak, Jay B. Teraiya",2025.0
✅ Identified,Brazil,Machine Learning and Explainable Artificial Intelligence in Carbon Nanotubes Predictions,Universidade Estadual do Centro-Oeste,Universidade Estadual do Centro-Oeste (UNICENTRO),BR,Revista de Informática Teórica e Aplicada - Federal University of Rio Grande do Sul,"Moacir Guedes Oliveira, Carolina Paula Almeida, Sandra M. Venske",2026.0
✅ Identified,"Brazil, Mexico",Cognitive Modeling and its Applications in Industry:,Mathematics Research Center; Serviço Nacional de Aprendizagem Industrial; Universidade Federal da Bahia; Universidade SENAI CIMATEC,SENAI CIMATEC; Universidade Federal da Bahia (UFBA),BR; MX,Revista de Informática Teórica e Aplicada - Federal University of Rio Grande do Sul,"Sérgio Santos Silva, Lynn Rosalina Gama Alves",2026.0
✅ Identified,France,Synergizing CNNs and ViTs,Institut National des Sciences Appliquées de Lyon; University of Sfax,"University of Sfax; University of Sfax, INSA de Lyon",FR; TN,Revista de Informática Teórica e Aplicada - Federal University of Rio Grande do Sul,"Sonia Bouzidi, Ghazala Hcini, Imen Jdey, Fadoua Drira",2026.0
✅ Identified,Brazil,Evaluating Contactless Fingerprint Segmentation for Interoperable Biometric Identification Systems,Coordenação de Aperfeicoamento de Pessoal de Nível Superior; Universidade Federal de Santa Maria,Serviço Federal de Processamento de Dados (SERPRO); Universidade Federal de Santa Maria (UFSM),BR,Revista de Informática Teórica e Aplicada - Federal University of Rio Grande do Sul,"Euclides Napoleão Arcoverde Neto, Thiago Lopes Trugillo da Silveira",2026.0
✅ Identified,Brazil,Analyzing Code Commits Addressing Vulnerabilities in the Android Project,Universidade Federal de Pernambuco; Universidade Federal do Agreste de Pernambuco,Universidade Federal do Agreste de Pernambuco (UFAPE),BR,Revista de Informática Teórica e Aplicada - Federal University of Rio Grande do Sul,"Marcelino Weigmar Duarte BARROS, Gustavo Torres, Rodrigo Andrade",2026.0
✅ Identified,Brazil,A Systematic Literature Review of Autonomous Line-Following Robots using Reinforcement Learning,Federal Institute of São Paulo,"Instituto Federal de Educação, Ciência e Tecnologia de São Paulo (IFSP)",BR,Revista de Informática Teórica e Aplicada - Federal University of Rio Grande do Sul,"Matheus Amorim Pereira, Hianna Araujo dos Reis Soares, S ́ ́érgio R. Barros dos Santos, Ricardo Pires",2026.0
✅ Identified,Brazil,Improving the Resilience of Smart City Systems During Network Outage,Universidade Tecnológica Federal do Paraná,Universidade Tecnológica Federal do Paraná (UTFPR),BR,Revista de Informática Teórica e Aplicada - Federal University of Rio Grande do Sul,"Leidmar Magnus Festa, Daniel Fernando Pigatto, Luiz Gomes-Jr",2026.0
✅ Identified,Brazil,Combining Complex Networks and Multi-level Local Binary Patterns for Texture Analysis,Universidade Federal de São Carlos,Universidade Federal de São Carlos (UFSCar),BR,Revista de Informática Teórica e Aplicada - Federal University of Rio Grande do Sul,André Ricardo Backes,2026.0
✅ Identified,Brazil,PSO-based Client Selection to Improve Medical Image Classification in Federated Learning,Universidade Federal de São Carlos; Universidade Federal de Uberlândia; Universidade Federal de Viçosa,Universidade Federal de São Carlos (UFSCar); Universidade Federal de Uberlândia (UFU); Universidade Federal de Viçosa (UFV),BR,Revista de Informática Teórica e Aplicada - Federal University of Rio Grande do Sul,"Lara Cristina Evaristo Rodrigues, Larissa Ferreira Rodrigues Moreira, Rodrigo Moreira, André Ricardo Backes",2026.0
✅ Identified,Brazil,Ensemble of Handcrafted and Learned Features using a Lightweight CNN for Colorectal Cancer Classification,Universidade Federal de São Carlos; Universidade Federal de Viçosa,Universidade Federal de São Carlos (UFSCar); Universidade Federal de Viçosa (UFV),BR,Revista de Informática Teórica e Aplicada - Federal University of Rio Grande do Sul,"Larissa Ferreira Rodrigues Moreira, André Ricardo Backes",2026.0
✅ Identified,Brazil,Federated Learning on Non-IID Environmental Images for Enhanced Wildfire Surveillance,Universidade Federal de Viçosa,Universidade Federal de Viçosa (UFV),BR,Revista de Informática Teórica e Aplicada - Federal University of Rio Grande do Sul,"Elisa Ribeiro Gonçalves, Emanuel Teixeira Martins, Rodrigo Moreira, Larissa Ferreira Rodrigues Moreira",2026.0
✅ Identified,Brazil,Graph-Based Nearest Centroid for Image Classification,Universidade Federal de São Carlos,Universidade Federal de São Carlos (UFSCar),BR,Revista de Informática Teórica e Aplicada - Federal University of Rio Grande do Sul,Alexandre L. M. Levada,2026.0
✅ Identified,Brazil,Efficient Pothole Segmentation Using Quantization and Pruning for ADAS,Hospital Universitário da Universidade de São Paulo; Universidade Estadual Paulista (Unesp),Universidade Estadual Paulista (Unesp); Universidade de São Paulo (USP),BR,Revista de Informática Teórica e Aplicada - Federal University of Rio Grande do Sul,"William D’Abruzzo Martins, Fernando Santos Osório, Diego Renan Bruno",2026.0
✅ Identified,Brazil,Cross-Validation Deep Learning for Breast Cancer Detection Using DMR-IR Infrared Images,Universidade Federal de São Carlos; Universidade Federal de Uberlândia,Universidade Federal de São Carlos (UFSCar); Universidade Federal de Uberlândia (UFU),BR,Revista de Informática Teórica e Aplicada - Federal University of Rio Grande do Sul,"Renata dos Santos Melo, Henrique Fernandes, André Ricardo Backes",2026.0
✅ Identified,Japan,Classifying Synthetic Facial Images:,Thermo Fisher Scientific (Japan),FEI,JP,Revista de Informática Teórica e Aplicada - Federal University of Rio Grande do Sul,"Fernanda Goyo Tamanaka, Lucas F. Buzuti, CARLOS EDUARDO THOMAZ",2026.0
✅ Identified,Brazil,Impact of Wavelet Pre-processing on Deep Learning Architectures for Renal Cancer Diagnosis,Universidade Federal de Uberlândia; Universidade Federal de Viçosa,Universidade Federal de Uberlândia (UFU); Universidade Federal de Viçosa (UFV),BR,Revista de Informática Teórica e Aplicada - Federal University of Rio Grande do Sul,"Vinícius Meireles Pereira Santos, Ana Cláudia Patrocínio, Pedro Moisés de Sousa",2026.0
✅ Identified,Brazil,Automated Analysis of Packaging Seal Failures Using Computer Vision Techniques,Universidade Federal de Viçosa,Universidade Federal de Viçosa (UFV),BR,Revista de Informática Teórica e Aplicada - Federal University of Rio Grande do Sul,"Ana Clara Fraga Osias, Ian Otoni, Thiago L. Gomes, Michel M. Silva",2026.0
✅ Identified,Brazil,SARS-CoV-2 Detection in Genosensor Images via Deep Learning and Data Augmentation,Hospital Universitário da Universidade de São Paulo; Universidade Estadual Paulista (Unesp),Universidade Estadual Paulista (Unesp); Universidade de São Paulo (USP),BR,Revista de Informática Teórica e Aplicada - Federal University of Rio Grande do Sul,"Ana Beatriz S. Zerati, Luan B. Guerra, Osvaldo N. Oliveira Jr, Lucas C. Ribas",2026.0
✅ Identified,Brazil,Assessing Deep Hybrid Representations for Colorectal Polyp Classification in Histopathology Images,Universidade Estadual Paulista (Unesp),Universidade Estadual Paulista (Unesp),BR,Revista de Informática Teórica e Aplicada - Federal University of Rio Grande do Sul,"Luan B. Guerra, Ana Beatriz S. Zerati, Ana Catarina M. Vicentim, Lucas C. Ribas",2026.0
✅ Identified,"Brazil, United States",Enhanced Engine Vibration by Computer Vision Methods for Predictive Maintenance,Instituto Federal do Espírito Santo; International Foundation for Electoral Systems,Instituto Federal do Espírito Santo (IFES),BR; US,Revista de Informática Teórica e Aplicada - Federal University of Rio Grande do Sul,"Loureni Monteiro Coutinho, Leonardo de Assis Silva, Fabricio Bortolini de Sá",2026.0
✅ Identified,Brazil,Generalization in Deepfake Detection:,Centre for Research and Development in Telecommunications (Brazil); Pontifícia Universidade Católica de Campinas,Centro de Pesquisa e Desenvolvimento em Telecomunicações (CPQD); Pontifícia Universidade Católica de Campinas (PUC-Campinas),BR,Revista de Informática Teórica e Aplicada - Federal University of Rio Grande do Sul,"Nathalia Farinha Rodrigues, Ademar Takeo Akabane, Vinicius Carbonezi de Souza, Luiz Antonio Buschetto Macarini",2026.0
✅ Identified,Brazil,Automated Segmentation of the Spinal Column in MRI Volumes Using Deep Learning,Universidade Federal de Viçosa,Universidade Federal de Viçosa (UFV),BR,Revista de Informática Teórica e Aplicada - Federal University of Rio Grande do Sul,"Renan Silva de Carvalho, Leandro Henrique Furtado Pinto Silva, João Fernando Mari",2026.0
✅ Identified,Brazil,KLT Revisited: Spatio-Temporal Affine Regression for Feature Tracking,Universidade Federal de Goiás,Universidade Federal de Goiás (UFG),BR,Revista de Informática Teórica e Aplicada - Federal University of Rio Grande do Sul,"Nigel Joseph Bandeira Dias, Gustavo Teodoro Laureano, Ronaldo Martins da Costa",2026.0
✅ Identified,Brazil,Two-Stage Fine-Tuning of Object Detectors for Industrial Environments,Universidade Federal de Viçosa,Universidade Federal de Viçosa (UFV),BR,Revista de Informática Teórica e Aplicada - Federal University of Rio Grande do Sul,"Gabriel Gonçalves Moreira, Ian Otoni, Michel M. Silva, Thiago L. Gomes",2026.0
✅ Identified,Brazil,Comparison of Low-Cost 3D Reconstruction Techniques for Change Detection in Indoor Environments,Universidade Federal de Viçosa,Universidade Federal de Viçosa (UFV),BR,Revista de Informática Teórica e Aplicada - Federal University of Rio Grande do Sul,"Walter Bueno de Brito Neto, Michel M. Silva, Thiago L. Gomes",2026.0
✅ Identified,Brazil,Deep Learning-Based Brain Tumor Classification in MRI with External Validation Across Multiple Datasets,Universidade Federal de Viçosa,Universidade Federal de Viçosa (UFV),BR,Revista de Informática Teórica e Aplicada - Federal University of Rio Grande do Sul,"Filipe Ferreira Viana, Leandro Henrique Furtado Pinto Silva, João Fernando Mari",2026.0
✅ Identified,Brazil,Semantic Segmentation of Coffee Regions From Satellite Images Using Deep Learning,Instituto Federal do Sul de Minas; Universidade Federal de São Carlos,"Instituto Federal de Educação, Ciência e Tecnologia do Sul de Minas (IFSULDEMINAS); Universidade Federal de São Carlos (UFSCar)",BR,Revista de Informática Teórica e Aplicada - Federal University of Rio Grande do Sul,"João Alberto de Souza Ribeiro, Vitor Augusto Negrão de Assis, Lais Bueno Palos, Jorge Otávio de Souza Nogueira, Jhonathas Emiliano Candido, André Ricardo Backes",2026.0
✅ Identified,Brazil,HEVA: Integrating ViT and ResNet50 with ABCD Clinical Features for Skin Cancer Diagnosis,Centre for Research and Development in Telecommunications (Brazil); Pontifícia Universidade Católica de Campinas,Centro de Pesquisa e Desenvolvimento em Telecomunicações (CPQD); Pontifícia Universidade Católica de Campinas (PUC-Campinas),BR,Revista de Informática Teórica e Aplicada - Federal University of Rio Grande do Sul,"Antônio Marcio Crepaldi Junior, Bianca Aparecida Andrade, Ademar Takeo Akabane",2026.0
✅ Identified,Brazil,Evaluating Preprocessing and Data Augmentation for Soybean Leaf Pest Classification with Deep Learning,Universidade Federal de Viçosa,Universidade Federal de Viçosa (UFV),BR,Revista de Informática Teórica e Aplicada - Federal University of Rio Grande do Sul,"Ana Raquel Tinoco Vaz Martins Borges, Larissa Ferreira Rodrigues Moreira, Leandro Henrique Furtado Pinto Silva, João Fernando Mari",2026.0
✅ Identified,Brazil,Federated Semantic Segmentation of Synthetic UAV Imagery under Non-IID Conditions,Universidade Federal de Viçosa,Universidade Federal de Viçosa (UFV),BR,Revista de Informática Teórica e Aplicada - Federal University of Rio Grande do Sul,"Victor Gonçalves Vieira, Emanuel Teixeira Martins, Juliana Quintiliano Ferreira, Thiago Luange Gomes, Michel Melo Silva, Rodrigo Moreira, Larissa Ferreira Rodrigues Moreira",2026.0
✅ Identified,Brazil,Evaluating Deep Segmentation Models for Wildfire Mapping Using Sentinel-2 Satellite Imagery,Universidade Federal de Viçosa,Universidade Federal de Viçosa (UFV),BR,Revista de Informática Teórica e Aplicada - Federal University of Rio Grande do Sul,"Victor Hugo Lara Souza, Rodrigo Smarzaro, Leandro Henrique Furtado Pinto Silva, João Fernando Mari",2026.0
✅ Identified,Brazil,Deep Learning Models for Brachial Lumen Segmentation:,Universidade Estadual de Campinas (UNICAMP); Universidade Federal de Santa Catarina,Universidade Estadual de Campinas (Unicamp); Universidade Federal de Santa Catarina (UFSC),BR,Revista de Informática Teórica e Aplicada - Federal University of Rio Grande do Sul,"Breno Luiz Nunes da Silva, Alexandre Gonçalves da Silva, Lucas Ziza Nastari, Rangel Arthur",2026.0
✅ Identified,Brazil,Poultry Detection on Hooks in Meat Processing Plant Production Lines,Universidade Tecnológica Federal do Paraná,Universidade Tecnológica Federal do Paraná (UTFPR); Universidade Tecnólogia Federal do Paraná (UTFPR),BR,Revista de Informática Teórica e Aplicada - Federal University of Rio Grande do Sul,"Leonardo dos Santos Valejo, Marlon Marcon, André Roberto Ortoncelli",2026.0
✅ Identified,Brazil,Livestock Fish Larvae Counting using DETR and YOLO based Deep Networks,Universidade Católica Dom Bosco,Universidade Católica Dom Bosco (UCDB),BR,Electronic System of Publishing Periodicals (Federal University of Rio Grande do Sul) - Universidade Federal do Rio Grande do Sul,"Daniel Ortega de Carvalho, Luiz Felipe Teodoro Monteiro, Fernanda Marques Bazilio, Gabriel Toshio Hirokawa Higa, Hemerson Pistori",2026.0
✅ Identified,Brazil,Radiomics for the Classification of Radiological Patterns in Computed Tomography,Universidade Federal do Paraná,Universidade Federal do Paraná (UFPR),BR,Revista de Informática Teórica e Aplicada - Federal University of Rio Grande do Sul,"Heloísa Dias Viotto, Felipe Duarte Silva, Guilherme Eduardo Gonçalves da Silva, Heloisa de Oliveira Pinho, Ricardo Quer do Nascimento Filho, Lucas Ferrari de Oliveira",2026.0
✅ Identified,Brazil,Exploratory Study on Mastitis Identification in Bovine Udders Using Thermography,Hospital Universitário da Universidade de São Paulo; Instituto Federal do Sudeste de Minas Gerais,Instituto Federal Sudeste de Minas (IF Sudeste MG); Universidade de São Paulo (USP),BR,Electronic System of Publishing Periodicals (Federal University of Rio Grande do Sul) - Universidade Federal do Rio Grande do Sul,"Víctor Emmanuel Olmi Louzada, Matheus de Freitas Oliveira Baffa, Sandra Helena Gabaldi Wolf, Isabele Pessoa Ribeiro, Lucas Grassano Lattari",2026.0
✅ Identified,Brazil,Performance Evaluation of Low-Cost 3D Scanning Techniques,Universidade Tecnológica Federal do Paraná,Universidade Tecnológica Federal do Paraná (UTFPR),BR,Revista de Informática Teórica e Aplicada - Federal University of Rio Grande do Sul,"Bruno Castro, André Roberto Ortoncelli, Marlon Marcon",2026.0
✅ Identified,"Brazil, Uruguay",SAR Images Despeckling Using Convolutional Neural Networks with Stochastic Distances,Universidade Estadual Paulista (Unesp); Universitario Francisco de Asís,Centro Universitário Campo Limpo Paulista (UNIFACCAMP); Universidade Virtual do Estado de São Paulo (UNIVESP),BR; UY,Revista de Informática Teórica e Aplicada - Federal University of Rio Grande do Sul,"Pedro Henrique Salles Arouck de Souza, José Hiroki Saito, Francisco Fambrini",2026.0
✅ Identified,Brazil,Sign Language Segmentation Models and Their Impact on Automatic Translation Systems,Universidade Federal de Minas Gerais; Universidade Federal de Viçosa,Universidade Federal de Minas Gerais (UFMG); Universidade Federal de Viçosa (UFV),BR,Revista de Informática Teórica e Aplicada - Federal University of Rio Grande do Sul,"Jéssica Luiza Ferreira Ramos, Michel Melo da Silva, Mario Fernando Montenegro Campos",2026.0
⚠️ Missing,❌ None,Comparative Evaluation of YOLO-family Detectors for Pig Detection in Precision Livestock Systems,,,,Revista de Informática Teórica e Aplicada - Federal University of Rio Grande do Sul,"Marcos Vinicius Mendes Faria, Thiago Meireles Paixão, Francisco de Assis Boldt",2026.0
✅ Identified,Brazil,Improving Image Classification through Active Learning and Pseudo-Labeling in Vision-Language Models,Instituto de Pesca; Universidade Federal da Grande Dourados; Universidade Federal de São Carlos,Instituto de Pesquisas Eldorado; Universidade Federal da Grande Dourados (UFGD); Universidade Federal de São Carlos (UFSCar),BR,Revista de Informática Teórica e Aplicada - Federal University of Rio Grande do Sul,"Willian P. Amorim, Cid Adinam Nogueira Santos, Priscila T. M. Saito",2026.0
✅ Identified,Brazil,Automation of Coffee Biotic Stresses Classification Using Convolutional Neural Networks and Image Preprocessing Techniques,Universidade Federal de Uberlândia; Universidade Federal de Viçosa,Universidade Federal de Uberlândia (UFU); Universidade Federal de Viçosa (UFV),BR,Revista de Informática Teórica e Aplicada - Federal University of Rio Grande do Sul,"Daniel Imai Yamakawa, Ana Claudia Patrocinio, Pedro Moisés de Sousa, Pedro Henrique Aparecido Damaso de Melo",2026.0
✅ Identified,Brazil,Human Gesture Recognition using CNNs for Human-Robot Interaction,Universidade Federal de Viçosa,Universidade Federal de Viçosa (UFV),BR,Revista de Informática Teórica e Aplicada - Federal University of Rio Grande do Sul,"Werikson Frederiko de Oliveira Alves, Michel Melo da Silva, Alexandre Santos Brandão",2026.0
⚠️ Missing,❌ None,CoSegXAI: A Pipeline for Context vs. Segmented ROI Images in Lung Disease Classification through Saliency Map Insights,,,,Revista de Informática Teórica e Aplicada - Federal University of Rio Grande do Sul,"Graciella dos Santos Favoreto, Mariana Aya Suzuki Uchida, Pedro Augusto Luiz, Erikson Julio de Aguiar, Marcel Koenigkam Santos, Agma Juci Machado Traina",2026.0
✅ Identified,Brazil,Multi-Fruit Tracking and 3-D Structure Recovery via CoTracker,Brazilian Agricultural Research Corporation,Empresa Brasileira de Pesquisa Agropecuária (Embrapa),BR,Revista de Informática Teórica e Aplicada - Federal University of Rio Grande do Sul,Thiago Teixeira Santos,2026.0
✅ Identified,Brazil,Magnetic Resonance Imaging Acceleration Using Diffusion Models:,Hospital Universitário da Universidade de São Paulo,Universidade de São Paulo (USP),BR,Revista de Informática Teórica e Aplicada - Federal University of Rio Grande do Sul,"João Paulo Ferreira Junior, Renata Manzano Maria, Marcelo Vieira",2026.0
✅ Identified,"Brazil, United States",A Luminous Pen for Air-Writing: Hybrid Approach with Computer Vision and Vision–Language Models,Instituto Federal do Espírito Santo; International Foundation for Electoral Systems,Instituto Federal do Espírito Santo (IFES),BR; US,Revista de Informática Teórica e Aplicada - Federal University of Rio Grande do Sul,"Luma T. L. de Souza, Rafael A. D. Caldeira, Sérgio D. C. Leal, Maria Clara P. de Souza, Thiago M. Paixão, Richard J. M. G. Tello",2026.0
✅ Identified,Brazil,Bias Analysis and Data Augmentation Strategies in Skin Lesion Classification,"Instituto Federal de Educação, Ciência e Tecnologia do Triângulo Mineiro; Universidade Federal de São Carlos",Instituto Federal do Triângulo Mineiro (IFTM); Universidade Federal de São Carlos (UFSCar),BR,Revista de Informática Teórica e Aplicada - Federal University of Rio Grande do Sul,"Thiago Meneses Lopes, Martin Heckmann, Marcelo Ponciano da Silva, Pedro Henrique Bugatti, Priscila Tiemi Maeda Saito",2026.0
✅ Identified,Brazil,A Deep Transfer Learning Strategy for Identifying Photovoltaic Panels Mounted on Building Rooftops from Orthophotos,Hospital Universitário da Universidade de São Paulo,Universidade de São Paulo (USP),BR,Electronic System of Publishing Periodicals (Federal University of Rio Grande do Sul) - Universidade Federal do Rio Grande do Sul,"Marco A. M. de Freitas Junior, Ricardo A. S. Fernandes",2026.0
✅ Identified,Brazil,On the use of Image-Based Feature Extraction for Non-Intrusive Load Monitoring:,Hospital Universitário da Universidade de São Paulo,Universidade de São Paulo (USP),BR,Revista de Informática Teórica e Aplicada - Federal University of Rio Grande do Sul,"Juan Salin Corrêa, Ricardo Augusto Souza Fernandes",2026.0
✅ Identified,Brazil,Grad-CAM Sensitivity to Orientation Transformations in Breast Cancer Histopathological Images,Universidade de Brasília,Universidade de Brasília (UnB),BR,Revista de Informática Teórica e Aplicada - Federal University of Rio Grande do Sul,"Felipe Moura da Silva, Roberta Barbosa Oliveira",2026.0
⚠️ Missing,❌ None,Two-Dimensional Image Processing for Fault Diagnosis in Centrifugal Pumps: An Approach Based on Feature Engineering and Convolutional Neural Networks,,,,,,
✅ Identified,Brazil,Evaluating Monocular Depth Estimation on Embedded Platforms for Autonomous Navigation,Hospital Universitário da Universidade de São Paulo,Universidade de São Paulo (USP),BR,Revista de Informática Teórica e Aplicada - Federal University of Rio Grande do Sul,"Wilbur Naike Chiuyari Veramendi, Fernando Santos Osório",2026.0
✅ Identified,Brazil,Um Arcabouço para Desenvolvimento de Algoritmos da Análise Formal de Conceitos,UFMG; UFMG/SERPRO,UFMG; UFMG/SERPRO,,Revista de Informática Teórica e Aplicada - Federal University of Rio Grande do Sul,"Sérgio M. Dias, Newton José Vieria",2011.0
✅ Identified,Brazil,Tracking Ethological Behaviors of Broiler Chickens Through Computer Vision (YoloV11) Using an Android Mobile Device,Federal Institute of São Paulo,Instituto Federal de São Paulo (IFSP),BR,Revista de Informática Teórica e Aplicada - Federal University of Rio Grande do Sul,"Ryan Davi Oliveira de Meneses, Glauber da Rocha Balthazar",2026.0
✅ Identified,Brazil,Detecção de Inclinação em Imagens de Documentos,Universidade Federal de Pernambuco,Universidade Federal de Pernambuco,BR,Revista de Informática Teórica e Aplicada - Federal University of Rio Grande do Sul,Angélica A. Mascaro,2011.0
✅ Identified,"Brazil, Chile","Usando CSP, RSL e o Modelo PopOrg na Especificação Formal de Organizações de SMAs",Instituto Profesional de Ciencias de la Computación; Universidade Federal do Rio Grande do Sul,"Centro de Ciências Computacionais, FURG; Centro de Informática, UFPE; Universidade Federal do Rio Grande do Sul - UFRGS; Universidade Federal do Rio Grande do Sul|UFRGS",BR; CL,Revista de Informática Teórica e Aplicada - Federal University of Rio Grande do Sul,"Raquel de Miranda Barbosa, Antônio Carlos da Rocha Costa, Patrícia C. de A. R. Tedesco, Alexandre Mota",2011.0
✅ Identified,Brazil,Aplicação de Agentes BDI com Percepção Fuzzy em um Modelo Presa-Predador Fuzzy,Universidade Federal do Rio Grande,Universidade  Federal do Rio Grande; Universidade Federal do Rio Grande,BR,Revista de Informática Teórica e Aplicada - Federal University of Rio Grande do Sul,"Giovani Farias, Graçaliz Pereira Dimuro, Antônio Carlos da Rocha Costa",2011.0
✅ Identified,Brazil,Um Sistema de Apoio à Decisão Baseado em Agentes para Tratamento de Ocorrências no Setor Elétrico,Universidade Federal de Goiás,"Instituto de Informática , Universidade Federal de Goiás (UFG) Caixa Postal 131 -74. 001-970 - Goiânia -GO - Brasil; Instituto de Informática, Universidade Federal de Goiás (UFG) Caixa Postal 131 -74.001-970 -Goiânia -GO -Brasil; Introdução Companhias Distribuidoras de Energia Elétrica são empresas responsáveis pela distribuição da energia elétrica bem como pela manutenção de sua rede de distribuição na região de cobertura. A Companhia Energética de Goiás (CELG) é; Universidade Federal de GOIÁS; Universidade Federal de Goiás",BR,Revista de Informática Teórica e Aplicada - Federal University of Rio Grande do Sul,"Valdemar Vicente Graciano Neto, Ronneesley M. Teles, Marcos Ivamoto, Leonardo H. S. Mello, Cedric Luiz de Carvalho",2011.0
✅ Identified,Brazil,"Identifying people who are talking about the same topic in social networks, even having a different cultural background",Universidade Federal de São Carlos,Universidade Federal de São Carlos,BR,Revista de Informática Teórica e Aplicada - Federal University of Rio Grande do Sul,"Gilberto Astolfi, Vanessa Maia Aguiar de Magalhães, Marcos Alexandre Rose Silva, Júnia Coutinho Anacleto",2011.0
✅ Identified,Brazil,Planejamento de um Serious Games Voltado para Saúde Bucal em Bebês,Universidade Federal da Paraíba,"Department of Social and Clinical Dentistry/UFPB. Federal University of Paraíba. Zip Code: 00000-000. João Pessoa-PB, Brazil; LabTEVE/UFPB, Federal University of Paraíba. Zip Code: 00000-000. João Pessoa-PB, Brazil; UFPB",BR,Revista de Informática Teórica e Aplicada - Federal University of Rio Grande do Sul,"Alana Marques de Morais, Liliane dos Santos Machado, Ana Maria Gondim Valença",2011.0
✅ Identified,Brazil,Comparative Analyses of Power Consumption in Arithmetic Algorithms Implementation,Universidade Federal de Minas Gerais,UNIVERSIDADE FEDERAL DE MINAS GERAIS; Universidade Federal de Minas Gerais,BR,Revista de Informática Teórica e Aplicada - Federal University of Rio Grande do Sul,"Alexandre Wagner Chagas Faria, Leandro Pfleger de Aguiar, Daniel Da Silva Diogo Lara, Antônio A. F. Loureiro",2011.0
✅ Identified,Brazil,Detecção e Correção Automática de Estilos de Aprendizagem em Sistemas Adaptativos para Educação,Universidade Federal de Uberlândia,"Faculdade de Computação, Universidade Federal de Uberlândia; Faculdade de Engenharia Elétrica, Universidade Federal de Uberlândia; Universidade Federal de UberlÂndia; Universidade Federal de Uberlândia; [Faculdade de Computação, Universidade Federal de Uberlândia]",BR,Revista de Informática Teórica e Aplicada - Federal University of Rio Grande do Sul,"Fabiano A. Dorça, Luciano Vieira Lima, Márcia A. Fernandes, Carlos R. Lopes",2011.0
✅ Identified,Brazil,Sistema Pervasivo de Informação em Saúde Projetado para ser Programado pelo Usuário Clínico,Universidade Federal de Santa Maria,Universidade Federal de Santa Maria,BR,Revista de Informática Teórica e Aplicada - Federal University of Rio Grande do Sul,"Alencar Machado, Iara Augustin",2013.0
✅ Identified,Brazil,Protocolo de Leilões Simultâneos com Escalonamento: Aplicação ao Problema de Planejamento de Movimentações de Derivados de Petróleo,Universidade Tecnológica Federal do Paraná,Universidade Tecnológica Federal do Paraná (UTFPR); Universidade Tecnológica Federal do Paraná - UTFPR,BR,Revista de Informática Teórica e Aplicada - Federal University of Rio Grande do Sul,"Roni F. Banaszewski, Kelvin E. Nogueira, Jean Marcelo Simão, Lúcia Valéria Ramos de Arruda, César Augusto Tacla",2012.0
✅ Identified,"Brazil, Argentina",Utilização do Caminhamento Aleatório na Identificação de Características de Documentos na Língua Portuguesa,Centro Universitário de Belo Horizonte; Universidad Nacional de La Plata,"Centro Universitário de Belo Horizonte- UNI-BH; Departamento de Ciências Exatas , UNI-BH , Caixa Postal 9999; Departamento de Ciências Exatas, UNI-BH, Caixa Postal 9999",AR; BR,Revista de Informática Teórica e Aplicada - Federal University of Rio Grande do Sul,"Vagner Francisco Le Roy, Ana Paula Ladeira",2012.0
✅ Identified,Brazil,Uma Arquitetura Aberta e Orientada a Serviços para Softwares Assistentes Pessoais,Universidade Federal de Santa Catarina,"Departamento de Automação e Sistemas , Universidade Federal de Santa Catarina; Departamento de Automação e Sistemas, Universidade Federal de Santa Catarina; Universidade Federal de Santa Catarina - UFSC; Universidade Federal de Santa Catarina, UFSC",BR,Revista de Informática Teórica e Aplicada - Federal University of Rio Grande do Sul,"Saulo Popov Zambiasi, Ricardo J. Rabelo",2012.0
✅ Identified,Brazil,LTI Agent Rescue: A Partial Global Approach for Task Allocation in the RoboCup Rescue,Universidade de São Paulo,Universidade de Sao Paulo#TAB#; Universidade de São Paulo,BR,Revista de Informática Teórica e Aplicada - Federal University of Rio Grande do Sul,"André Hahn Pereira, Luis G. Nardin, Jaime Simão Sichman",2012.0
✅ Identified,Brazil,Estudo do Padrão Avançado de Criptografia AES – Advanced Encryption Standard,Universidade Federal da Grande Dourados,"Universidade Federal da Grande                Dourados; Universidade Federal da Grande Dourados; Universidade Federal da Grande Dourados, UFGD; Universidade Federal da Grande Dourados- UFGD",BR,Revista de Informática Teórica e Aplicada - Federal University of Rio Grande do Sul,"Diogo Fernando Trevisan, Rodrigo Sacchi, Lino Sanabria",2013.0
✅ Identified,Brazil,Combinando Workflows e Semântica para Facilitar o Reuso de Software,Universidade de São Paulo,Universidade de São Paulo,BR,Revista de Informática Teórica e Aplicada - Federal University of Rio Grande do Sul,"Luciano Antônio Digiampietri, Jônatas Correa Araújo, Éric Hainer Ostroski, Caio R. N. Santiago, José De Jésus Pérez Alcázar",2013.0
✅ Identified,"Brazil, Spain",Common Dissimilarity Measures are Inappropriate for Time Series Clustering,Institute of Mathematical Sciences; Universidade de São Paulo,Instituto de Ciências Matemáticas e de Computação - ICMC - USP; Universidade de São Paulo,BR; ES,Revista de Informática Teórica e Aplicada - Federal University of Rio Grande do Sul,"Cássio M. M. Pereira, Rodrigo Fernandes de Mello",2013.0
✅ Identified,Brazil,From UML to SIMULINK CAAM: Formal Specification and Transformation Analysis,Universidade Federal de Pelotas; Universidade Federal do Rio Grande do Sul,"Centro de Desenvolvimento Tecnológico, UFPEL, Caixa Postal 354 -Pelotas -RS; Universidade Federal de Pelotas; Universidade Federal do Rio Grande do Sul",BR,Revista de Informática Teórica e Aplicada - Federal University of Rio Grande do Sul,"Luciana Foss, Simone André da Costa Cavalheiro, Nícolas Nogueira Bisi, Vinícius Steffens Pazzini, Lisane Brisolara, Flávio Rech Wagner",2013.0
✅ Identified,Brazil,A Graph Grammar to Transform a Dataflow Graph into a Multithread Graph and its Application in Task Scheduling,Universidade Federal de Pelotas,Universidade Federal de Pelotas,BR,Revista de Informática Teórica e Aplicada - Federal University of Rio Grande do Sul,"Cícero Augusto de S. Camargo, Simone André da Costa Cavalheiro, Luciana Foss, Gerson Geraldo H. Cavalheiro",2013.0
✅ Identified,Brazil,Métodos Computacionais e Estatísticos no Estudo das Ondas de Frequência dos Sinais Eletroencefalográficos e o Envelhecimento: uma Abordagem Através da Análise Linear do Discriminante,Universidade Federal de Uberlândia,Universidade Federal de Uberlândia (UFU),BR,Revista de Informática Teórica e Aplicada - Federal University of Rio Grande do Sul,"Lilian Ribeiro Mendes de Paiva, Adriano Alves Pereira, Adriano de Oliveira Andrade",2013.0
✅ Identified,Brazil,Seleção Automática de Casos de Teste de Regressão Baseada em Similaridade e Valores,Universidade Federal de Campina Grande,Universidade Federal de Campina Grande,BR,Revista de Informática Teórica e Aplicada - Federal University of Rio Grande do Sul,"Francisco Gomes Oliveira, Patrícia D. L. Machado",2013.0
✅ Identified,"Brazil, France",Generating Integration Test Orders for Aspect Oriented Software with Multi-objective Algorithms,Laboratoire d'Informatique de Paris-Nord; Universidade Estadual de Maringá; Universidade Federal do Paraná,"Computer Science Department, Federal University of Paraná (UFPR); Computer Science Department, State University of Maringá (UEM)",BR; FR,Revista de Informática Teórica e Aplicada - Federal University of Rio Grande do Sul,"Wesley K. G. Assunção, Thelma Elita Colanzi, Sílvia Regina Vergílio, Aurora Pozo",2013.0
✅ Identified,Brazil,"Compilação Just-In-Time: Histórico, Arquitetura, Princípios e Sistemas",Universidade Estadual de Maringá,Universidade Estadual de Maringá,BR,Revista de Informática Teórica e Aplicada - Federal University of Rio Grande do Sul,"George Souza Oliveira, Anderson Faustino da Silva",2013.0
✅ Identified,Brazil,Aplicação de Modelos Intencionais e Sistemas Multiagentes para Estabelecer Políticas de Monitoração de Transparência de Software,Pontifícia Universidade Católica do Rio de Janeiro; Universidade Federal Rural do Rio de Janeiro,"Pontifícia Universidade Católica do Rio de Janeiro/Departamento de Informática; Universidade Federal Rural do Rio de Janeiro/Departamento de Matemática

Pontifícia Universidade Católica do Rio de Janeiro/Departamento de Informática; Universidade Federal Rural do Rio de Janeiro/Departamento de Matemática#R##N##R##N#Pontifícia Universidade Católica do Rio de Janeiro/Departamento de Informática",BR,Revista de Informática Teórica e Aplicada - Federal University of Rio Grande do Sul,"André Luiz de Castro Leal, Henrique Prado Sousa, Julio César Sampaio do Prado Leite, Carlos Lucena",2013.0
✅ Identified,Brazil,Um Sistema para Inspeções de Garantia da Qualidade Baseado em Ontologias e Agentes,Universidade Federal de Alagoas; Universidade Federal do Pampa; Universidade do Vale do Rio dos Sinos,Universidade Federal de Alagoas; Universidade Federal do Pampa; Universidade do Vale do Rio dos Sinos,BR,Revista de Informática Teórica e Aplicada - Federal University of Rio Grande do Sul,"João Pablo Silva da Silva, Pablo Dall'Oglio, Sérgio Crespo Coelho da Silva Pinto, Ig Ibert Bittencourt",2013.0
✅ Identified,Brazil,Avaliação de Desempenho da Política EBS para Escalonamento em Aplicações com Restrições de Máximo Tempo Médio de Resposta,Universidade de São Paulo,Universidade de São Paulo,BR,Revista de Informática Teórica e Aplicada - Federal University of Rio Grande do Sul,"Alessandro Nakamuta, Lourenço Alves Pereira, Francisco José Monaco",2014.0
⚠️ Missing,❌ None,Uma introdução ao tema Recuperação de Informações Textuais,Faculdade de Tecnologia Bandeirantes,Faculdade de Tecnologia Bandeirantes,,Revista de Informática Teórica e Aplicada - Federal University of Rio Grande do Sul,Fabrício J. Barth,2013.0
⚠️ Missing,❌ None,Intrusion Detection in Unstructured Contexts Using On-line Clustering and Novelty Detection,,,,Revista de Informática Teórica e Aplicada - Federal University of Rio Grande do Sul,"Eduardo Alves Ferreira, Rodrigo Fernandes de Mello",2013.0
✅ Identified,Brazil,PColorAnt3-RT: Um Algoritmo ACO Paralelo para Coloração de Grafos,Hospital de Clínicas da Unicamp; Universidade Estadual de Campinas (UNICAMP); Universidade Estadual de Maringá,UNICAMP; Universidade Estadual de Maringá,BR,Revista de Informática Teórica e Aplicada - Federal University of Rio Grande do Sul,"Carla Négri Lintzmayer, Mauro Henrique Mulati, Anderson Faustino da Silva",2013.0
✅ Identified,Brazil,Decision making for a delivery robot through a fuzzy system,Brazilian Society of Computational and Applied Mathematics,Instituto de Ciências Matemáticas e de Computação - USP São Carlos,BR,Revista de Informática Teórica e Aplicada - Federal University of Rio Grande do Sul,"Murillo Rehder Batista, Roseli Aparecida Francelin Romero",2013.0
✅ Identified,Brazil,"Serviços em Redes Futuras: Objetivos, Tecnologias e Comparação de Iniciativas",National Institute of Telecommunications,INATEL; Instituto Nacional de Telecomunicações - INATEL,BR,Revista de Informática Teórica e Aplicada - Federal University of Rio Grande do Sul,"Rodrigo Brandão, Agostinho Manuel Vaz, Antônio Marcos Alberti",2013.0
✅ Identified,Brazil,Um Sistema de Realização Superficial para Geração de Textos em Português,Universidade de São Paulo,"Universidade de São Paulo
Escola de Artes, Ciências e Humanidades; Universidade de São Paulo (USP)
Escola de Artes, Ciências e Humanidades (EACH)",BR,Revista de Informática Teórica e Aplicada - Federal University of Rio Grande do Sul,"Douglas Fernandes Pereira da Silva, Eder Miranda de Novais, Ivandré Paraboni",2013.0
✅ Identified,Brazil,Deterministic and efficient minimal perfect hashing schemes,Universidade Federal do ABC; Universidade Federal do Paraná,Universidade Federal do ABC; Universidade Federal do Paraná,BR,Revista de Informática Teórica e Aplicada - Federal University of Rio Grande do Sul,"Leandro M. Zatesko, Jair Donadelli",2013.0
✅ Identified,Brazil,Uma Abordagem para Jogos Bayesianos Fuzzy com base na Probabilidade Fuzzy de Buckley,Universidade Federal do Rio Grande,Universidade  Federal do Rio Grande; Universidade Federal do Rio Grande,BR,Revista de Informática Teórica e Aplicada - Federal University of Rio Grande do Sul,"Tiago Cruz Asmus, Graçaliz Pereira Dimuro",2013.0
✅ Identified,Brazil,Uma Avaliação do Esquema de Gerenciamento de Chave Baseado em Identidade Identity Key Management,Instituto Federal Catarinense; Universidade Federal do Paraná,Instituto Federal Catarinense; Universidade Federal do Paraná,BR,Revista de Informática Teórica e Aplicada - Federal University of Rio Grande do Sul,"Eduardo da Silva, Luiz Carlos Pessoa Albini, Murilo W. S. Lima",2013.0
✅ Identified,Brazil,Simulação do Espalhamento da Influenza na Cidade de Cascavel-PR Utilizando Agentes Computacionais,Universidade Estadual do Oeste do Paraná,Universidade Estadual do Oeste do Paraná,BR,Revista de Informática Teórica e Aplicada - Federal University of Rio Grande do Sul,"Marcos Paulo Nicoletti, Claudia Brandelero Rizzi, Rogério Luís Rizzi",2013.0
✅ Identified,Brazil,Independent learners in abstract traffic scenarios,Universidade Federal do Rio Grande do Sul,Universidade Federal do Rio Grande do Sul,BR,Revista de Informática Teórica e Aplicada - Federal University of Rio Grande do Sul,"Anderson Rocha Tavares, Ana L. C. Bazzan",2013.0
✅ Identified,Brazil,Aplicando Conceitos de Sistemas Multiagentes na Elaboração de um Jogo de Estratégia Simulado,Polydoro Ernani de São Thiago University Hospital; Universidade Federal de Santa Catarina,"Introdução O paradigma de agentes tem sido cada vez mais utilizado pelos desenvolvedores de jogos. As características dos agentes, como autonomia,; Programa de Pós-Graduação em Engenharia de Automação e Sistemas, UFSC, Caixa Postal 476, CEP 88040-900; UFSC",BR,Revista de Informática Teórica e Aplicada - Federal University of Rio Grande do Sul,"José Rodrigo Neri, Maicon Rafael Zatelli, Daniela Maria Uez, Rafael Frizzo Callegaro",2013.0
✅ Identified,Brazil,Extending the RoboCup Rescue to Support Stigmergy: Experiments and Results,Universidade do Estado de Santa Catarina,Universidade do Estado de Santa Catarina (UDESC),BR,Revista de Informática Teórica e Aplicada - Federal University of Rio Grande do Sul,"Fernando dos Santos, Gabriel Rigo da Cruz Jacobsen, Carlos Alberto Barth",2013.0
✅ Identified,Brazil,On the Influence of Latent Semantic Analysis Parameterization for Bug Localization,Universidade Federal de Uberlândia,Universidade Federal de Uberlândia,BR,Revista de Informática Teórica e Aplicada - Federal University of Rio Grande do Sul,"Marcelo de Almeida Maia, Allysson Costa e Silva, Ilmério Reis da Silva",2013.0
✅ Identified,Brazil,Modelagem de Tráfego VoIP Utilizando Misturas Gaussianas Ajustadas por Algoritmo de Maximização de Esperança e Comprimento de Descrição Mínimo,Universidade Federal de Goiás,"Escola de Engenharia Elétrica, Mecânica e de Computação (EMC); Universidade Federal de Goiás",BR,Revista de Informática Teórica e Aplicada - Federal University of Rio Grande do Sul,"Cheila Mendes de Oliveira, Rosana De Paula Lucas, Flávio Henrique Teles Vieira",2013.0
✅ Identified,Brazil,Aplicação de Modelos de Aprendizado Semissupervisionado na Classificação de Imagens de Sensoriamento Remoto,Instituto Nacional de Pesquisas Espaciais,Instituto Nacional de Pesquisas Espaciais/Divisão de Processamento de Imagens,BR,Revista de Informática Teórica e Aplicada - Federal University of Rio Grande do Sul,"Rogério Galante Negri, Sidnei J. S. Sant’Anna, Luciano Vieira Dutra",2013.0
✅ Identified,Brazil,"Prolog: A Linguagem, A Máquina Abstrata de Warren e Implementações",Universidade Estadual de Maringá,Universidade Estadual de Maringá,BR,Revista de Informática Teórica e Aplicada - Federal University of Rio Grande do Sul,"George Souza Oliveira, Anderson Faustino da Silva",2013.0
✅ Identified,Brazil,Seleção de Transformações Baseada em Estatística,Universidade Estadual de Maringá,Universidade Estadual de Maringá,BR,Revista de Informática Teórica e Aplicada - Federal University of Rio Grande do Sul,"Ewerton Daniel de Lima, Tiago Xavier, Anderson Faustino da Silva",2013.0
✅ Identified,Brazil,Teste de Linha de Produto de Software Baseado em Mutação de Variabilidades,Universidade Estadual do Centro-Oeste; Universidade Federal do Paraná,Universidade Estadual do Centro-Oeste - UNICENTRO; Universidade Federal do Paraná - UFPR,BR,Revista de Informática Teórica e Aplicada - Federal University of Rio Grande do Sul,"Marcos Antonio Quináia, Johnny Maikeo Ferreira, Sílvia Regina Vergílio",2014.0
✅ Identified,Brazil,Analysis of Using Metric Access Methods for Visual Search of Objects in Video Databases,Hospital das Clínicas da Universidade Federal de Minas Gerais; Pontifícia Universidade Católica de Minas Gerais,DCC / UFMG; ICEI / PUC Minas,BR,Revista de Informática Teórica e Aplicada - Federal University of Rio Grande do Sul,"Henrique Batista da Silva, Zenilton K. G. Patrocínio, Silvio Jamil F. Guimarães",2014.0
✅ Identified,Brazil,Filtragem Wavelet de Sinais Cardíacos através de Algoritmos Adaptativos,Universidade Federal de Santa Maria,"Universidade Federal de Santa Maria
PPGI - LANA - GMICRO; Universidade Federal de Santa Maria - LANA - PPGI; Universidade Federal de Santa Maria#R##N#PPGI - LANA - GMICRO",BR,Revista de Informática Teórica e Aplicada - Federal University of Rio Grande do Sul,"Guilherme Perin, Alice Kozakevicius",2013.0
✅ Identified,United States,Uma Estratégia Baseada em Difusão de Informação para Determinação de Conteúdos Relevantes e Usuários Influentes em Redes Sociais,"University of California, Santa Barbara","Computer Science Department – University of California, Sa
nta Barbara; Departamento de Ciência da Computação – Universidade  Federal de Minas Gerais",US,Revista de Informática Teórica e Aplicada - Federal University of Rio Grande do Sul,"Hérico Valiati, Arlei Silva, Sara Guimarães, Wagner Meira",2013.0
✅ Identified,Brazil,Support Vector Machines and Kernel Functions for Text Processing,Universidade Tecnológica Federal do Paraná,"Informatics Department
Federal University of Technology - Paraná - UTFPR
Av. Sete de Setembro, 3165
Curitiba, Paraná - Brazil
80.230-901
Phone: +55 (41) 3310-4644
Fax: +55 (41) 3310-4646; Informatics Department#R##N#Federal University of Technology - Paraná - UTFPR#R##N#Av. Sete de Setembro, 3165#R##N#Curitiba, Paraná - Brazil#R##N#80.230-901#R##N#Phone: +55 (41) 3310-4644#R##N#Fax: +55 (41) 3310-4646",BR,Revista de Informática Teórica e Aplicada - Federal University of Rio Grande do Sul,Celso A. A. Kaestner,2013.0
✅ Identified,Brazil,Assessing the Semiotic Inspection Method – The Evaluators’ Perspective,Universidade Federal de Minas Gerais,Universidade Federal de Minas Gerais,BR,Revista de Informática Teórica e Aplicada - Federal University of Rio Grande do Sul,"Soraia Reis, Raquel Oliveira Prates",2013.0
✅ Identified,Brazil,Expressiveness of Automatic Semantic Web Service Composition Approaches: A Survey based on Workﬂow Patterns,Universidade Tecnológica Federal do Paraná,Universidade Tecnológica Federal do Paraná,BR,Revista de Informática Teórica e Aplicada - Federal University of Rio Grande do Sul,Evando Carlos Pessini,2014.0
✅ Identified,Brazil,Introdução aos Sistemas de Recomendação para Grupos,Universidade Federal de Sergipe,"Universidade Federal de Sergipe
Departamento de Computação (DCOMP/CCET/UFS)",BR,Revista de Informática Teórica e Aplicada - Federal University of Rio Grande do Sul,"Lucas Resende de Carvalho, Hendrik Macedo",2014.0
✅ Identified,Brazil,Seleção de Casos de Teste para Agentes Racionais,Universidade Estadual do Ceará,"IFCE; UECE; Universidade Estadual do Ceará, UECE, Caixa Postal 60.740-903",BR,Revista de Informática Teórica e Aplicada - Federal University of Rio Grande do Sul,"Raquel Silveira, Gustavo Lima de Campos, Mariela I. Cortés",2014.0
✅ Identified,Brazil,XIRU: Interface de Rede Extensível para Integração de Núcleos a uma Rede-em-Chip,Universidade do Vale do Itajaí,Universidade do Vale do Itajaí,BR,Revista de Informática Teórica e Aplicada - Federal University of Rio Grande do Sul,"Douglas R. Melo, Michelle Silva Wangham, Cesar Albenes Zeferino",2014.0
✅ Identified,Brazil,Segurança em Redes-em-Chip: Conceitos e Revisão do Estado da Arte,Universidade do Vale do Itajaí,Universidade do Vale do Itajaí,BR,Revista de Informática Teórica e Aplicada - Federal University of Rio Grande do Sul,"Cesar Albenes Zeferino, Sidnei Baron, Michelle Silva Wangham",2014.0
✅ Identified,Brazil,O Teste de Mutação apoiado pelo Algoritmo Genético Coevolucionário com Classificação Genética Controlada,Universidade Federal de Goiás,"Algoritmo Coevolucionário com Classificação Genética Controlada. Para ana-lisar; Mutação. Desse campo de estudo, selecionaram-se e avaliaram-se; Uiversidade Federal de Goiás; do algoritmo proposto com outros três métodos aplicados em; melhora significativa do AGC -CGC sobre as outras",BR,Revista de Informática Teórica e Aplicada - Federal University of Rio Grande do Sul,"André Assis Lôbo de Oliveira, Celso G. Camilo-Junior, Auri Marcelo Rizzo Vincenzi",2014.0
✅ Identified,Brazil,Local Binary Patterns Applied to Breast Cancer Classification in Mammographies,Universidade Estadual da Paraíba; Universidade Federal de Campina Grande,Universidade Estadual Da Paraiba; Universidade Estadual da Paraíba; Universidade Federal De Campina Grande; Universidade Federal de Campina Grande,BR,Revista de Informática Teórica e Aplicada - Federal University of Rio Grande do Sul,"Eanes Torres Pereira, Sidney Pimentel Eleutério, João Marques Carvalho",2014.0
✅ Identified,Brazil,Comparativo entre o algoritmo de Luhn e o algoritmo GistSumm para sumarização de documentos,Universidade do Contestado,Grupo de Pesquisa de Inteligência Computacional. Universidade do Contestado -UnC; UNC; Universidade do Contestado,BR,Revista de Informática Teórica e Aplicada - Federal University of Rio Grande do Sul,"E Muller, Jones Granatyr, Otto Robert Lessing",2015.0
✅ Identified,Brazil,Do multiple sclerosis lesions affect the outcome of magnetic resonance image registration?,Universidade Federal de São Carlos,UFSCAR,BR,Revista de Informática Teórica e Aplicada - Federal University of Rio Grande do Sul,"Paulo Guilherme de Lima Freire, Ricardo J. Ferrari",2014.0
✅ Identified,Brazil,Tutorial Sobre o Uso de Técnicas para Controle de Parâmetros em Algoritmos de Inteligência de Enxame e Computação Evolutiva,Universidade do Estado de Santa Catarina,Universidade do Estado de Santa Catarina (UDESC; Universidade do Estado de Santa Catarina - UDESC,BR,Revista de Informática Teórica e Aplicada - Federal University of Rio Grande do Sul,"Leanderson André, Rafael Stubs Parpinelli",2014.0
✅ Identified,Brazil,Reconhecimento de Padrões em Tecnologia Portável – Um Estudo de Caso,Universidade Estadual de Ponta Grossa,Universidade Estadual de Ponta Grossa,BR,Revista de Informática Teórica e Aplicada - Federal University of Rio Grande do Sul,"Geisla de Albuquerque Melo, Ivo Mário Mathias, Ariângelo Hauer Dias",2015.0
✅ Identified,Brazil,Predição do tráfego de rede de computadores usando redes neurais tradicionais e de aprendizagem profunda,Universidade Federal de Uberlândia,Universidade Federal de Uberlândia,BR,Revista de Informática Teórica e Aplicada - Federal University of Rio Grande do Sul,"Tiago Prado Oliveira, Jamil Salém Barbar, Alexsandro Santos Soares",2015.0
✅ Identified,Brazil,Predição de função de proteínas através da extração de características físico-químicas,Pontifícia Universidade Católica de Minas Gerais,"Instituto de Ciências Exatas e Informática Pontifícia Universidade Católica de Minas Gerais Belo Horizonte , Brasil; Instituto de Ciências Exatas e Informática Pontifícia Universidade Católica de Minas Gerais Belo Horizonte, Brasil; PUC -Minas; PUC MINAS; Pontifícia Universidade Católica de Minas Gerais; Pontifícia Universidade católica de Minas Gerais",BR,Revista de Informática Teórica e Aplicada - Federal University of Rio Grande do Sul,"Thiago Assis De Oliveira Rodrigues, Larissa Fernandes Leijôto, Poliane C. Oliveira Brandão, Cristiane Neri Nobre",2015.0
✅ Identified,Brazil,SciPy and OpenCV as an interactive computing environment for computer vision,Brazilian Agricultural Research Corporation,EMBRAPA Agricultural Informatics; Embrapa Agricultural Informatics,BR,Revista de Informática Teórica e Aplicada - Federal University of Rio Grande do Sul,Thiago Teixeira Santos,2015.0
✅ Identified,Brazil,Visual Computing and Machine Learning Techniques for Digital Forensics,Universidade Estadual de Campinas (UNICAMP),University of Campinas; University of Campinas;,BR,Revista de Informática Teórica e Aplicada - Federal University of Rio Grande do Sul,"Tiago Carvalho, Hélio Pedrini, Anderson de Rezende Rocha",2015.0
✅ Identified,Brazil,Programação matemática e imersões métricas para aproximações em problemas de corte,Universidade Federal do Paraná,Universidade Federal do Paraná (UFPR); Universidade Federal do Paraná [UFPR],BR,Revista de Informática Teórica e Aplicada - Federal University of Rio Grande do Sul,"Santiago Viertel, André L. Vignatti",2015.0
⚠️ Missing,❌ None,Proof Tactics for Theorem Proving Graph Grammars through Rodin,Cal Cn Main,Cal Cn Main,,Revista de Informática Teórica e Aplicada - Federal University of Rio Grande do Sul,"Luiz Carlos Lemor, Simone André da Costa Cavalheiro, Luciana Foss",2015.0
✅ Identified,Brazil,QJava: A Monadic Java Library for Quantum Programming,"Instituto Federal de Educação, Ciência e Tecnologia de Santa Catarina; Universidade Federal de Santa Maria",Instituto Federal de Santa Catarina; Universidade Federal de Santa Maria,BR,Revista de Informática Teórica e Aplicada - Federal University of Rio Grande do Sul,"Juliana Kaizer Vizzotto, Bruno Crestani Calegaro",2015.0
✅ Identified,Brazil,Deconvolução Cega Aplicada à Correção de Artefatos de Movimento em Imagens de Vídeo de Microscopia Intravital para Detecção Automática de Leucócitos,Universidade Federal de Minas Gerais; Universidade Federal de São Carlos,Universidade Federal de Minas Gerais (UFMG); Universidade Federal de São Carlos (UFSCar),BR,Revista de Informática Teórica e Aplicada - Federal University of Rio Grande do Sul,"Carlos Henrique Villa Pinto, Bruno C. Gregório da Silva, Paulo Guilherme de Lima Freire, Danielle Bernardes, Juliana Carvalho‐Tavares, Ricardo J. Ferrari",2015.0
✅ Identified,Brazil,Software para Auxílio no Processo de Elaboração do Cariótipo,Universidade Franciscana,Centro Universitário Franciscano,BR,Revista de Informática Teórica e Aplicada - Federal University of Rio Grande do Sul,"Guilherme Chagas Kurtz, Gustavo Stangherlin Cantarelli, Michele Rorato Sagrillo, Fernando Gomes Pires",2015.0
✅ Identified,Argentina,Coverage Criteria for Set-Based Specifications,Centro Internacional Franco-Argentino de Ciencias de la Información y de Sistemas; National University of Rosario; Universitas Ngurah Rai,"CIFASIS and UNR; LSIS-CIFASIS; UNR; UNR, Rosario Argentina",AR; ID,Revista de Informática Teórica e Aplicada - Federal University of Rio Grande do Sul,"Maximiliano Cristiá, Joaquín Cuenca, Claudia Frydman",2015.0
✅ Identified,Brazil,Identificação de Viabilidade de Leveduras Com Corante Vital Utilizando Histogramas de Palavras Visuais em Imagens Coloridas,Universidade Católica Dom Bosco; Universidade Federal da Grande Dourados; Universidade Federal de Mato Grosso do Sul,"Universidade Católica de Dom Bosco - UCDB; Universidade Federal da Grande Dourados
Faculdade de Ciências Exatas e Tecnologia
Curso de Sistemas de Informação; Universidade Federal de Mato Grosso do Sul",BR,Revista de Informática Teórica e Aplicada - Federal University of Rio Grande do Sul,"Junior Silva Souza, Hemerson Pistori, Marney Pascoli Cereda, Wesley Nunes Gonçalves, Valguima Odakura",2015.0
✅ Identified,Brazil,Huginn for Jason: Uma arquitetura para agentes normativos,Universidade Federal de Santa Catarina,Universidade Federal de Santa Catarina,BR,Revista de Informática Teórica e Aplicada - Federal University of Rio Grande do Sul,"Tiago Luiz Schmitz, Jomi Fred Hübner",2015.0
✅ Identified,Brazil,Abordagem Proativa para a Gestão Integrada dos Trabalhos de Projeto,"Instituto Federal de Educação, Ciência e Tecnologia do Ceará; Instituto Federal do Maranhão; Universidade Estadual do Ceará","Instituto Federal de Educação do Maranhão; Instituto Federal de Educação, Ciência e Tecnologia do Ceará; Universidade Estadual do Ceará",BR,Revista de Informática Teórica e Aplicada - Federal University of Rio Grande do Sul,"Nécio L. Veras, Mariela I. Cortés, Anderson C. P. Queiroz, Leandro L. C. de Souza",2015.0
✅ Identified,Brazil,Estudo Comparativo entre as Redes Neurais Artificiais MLP e RBF para Previsão de Cheias em Curto Prazo,Instituto Federal Catarinense; Universidade do Vale do Itajaí,Instituto Federal Catarinense; UNIVALI,BR,Revista de Informática Teórica e Aplicada - Federal University of Rio Grande do Sul,"Daniel Gomes Soares, Raimundo Celeste Ghizoni Teive",2015.0
✅ Identified,Brazil,Recuperação de modelos médicos por conteúdo usando Extrator Local de Área e Distância,Universidade Politecnica; Universidade de São Paulo,Escola Politécnica (POLI-USP); Escola de Artes Ciências e Humanidades - Universidade de São Paulo (EACH-USP),BR; MZ,Revista de Informática Teórica e Aplicada - Federal University of Rio Grande do Sul,"Pedro Henrique Morais Delmondes, Leila Cristina Carneiro Bergamasco, Fátima L. S. Nunes",2015.0
✅ Identified,"Brazil, France",Linguagens de consulta para bases de dados em grafos: um mapeamento sistemático,Universidade Federal do Rio Grande do Norte; Université d'Orléans,"Universidade Federal do Rio Grande do Norte, DIMAp; Université d'Orléans, LIFO",BR; FR,Revista de Informática Teórica e Aplicada - Federal University of Rio Grande do Sul,"Simone de Oliveira Santos, Martín A. Musicante, Mírian Halfeld Ferrari",2016.0
✅ Identified,Brazil,Classificador de imagens de pulmão utilizando wavelets de Haar e distância de Mahalanobis,Universidade Federal de Santa Maria,Universidade Federal de Santa Maria,BR,Revista de Informática Teórica e Aplicada - Federal University of Rio Grande do Sul,"Rafaelo Pinheiro da Rosa, Marcelo Arrais Porto, Alice Kozakevicius",2015.0
✅ Identified,Brazil,Evolução Diferencial com ensemble de Operadores de Mutação em GPGPUs para o Despacho Econômico de Energia Elétrica,Universidade Estadual do Centro-Oeste,Universidade Estadual do Centro-Oeste - UNICENTRO,BR,Revista de Informática Teórica e Aplicada - Federal University of Rio Grande do Sul,"Gustavo H. Czaikoski, Paulo Roberto Urio, Richard A. Gonçalves, Carolina P. Almeida, Josiel N. Kuk, Sandra M. Venske",2016.0
✅ Identified,Brazil,O Potencial do Uso de Estimativas de Desempenho na Exploração de Conjuntos de Otimizações,Universidade Estadual de Maringá,Universidade Estadual de Maringá,BR,Revista de Informática Teórica e Aplicada - Federal University of Rio Grande do Sul,"Anderson Faustino da Silva, Vanderson Martins Rosario",2015.0
✅ Identified,Brazil,Detecção de Tubos em Imagens Radiográficas Digitais,Instituto Federal do Paraná; Universidade Tecnológica Federal do Paraná,Instituto Federal do Paraná - IFPR / Universidade Tecnológica Federal do Paraná - UTFPR; Universidade Tecnológica Federal do Paraná - UTFPR,BR,Revista de Informática Teórica e Aplicada - Federal University of Rio Grande do Sul,"Márlon de Oliveira Vaz, Tânia Mezzadri Centeno, Myrian Regattieri Delgado",2016.0
✅ Identified,Brazil,Automating mobile application development: UML-based code generation for Android and Windows Phone,Universidade Federal de Pelotas; Universidade Federal do Rio Grande do Sul,UFPel; UFRGS; Universidade Federal de Pelotas,BR,Revista de Informática Teórica e Aplicada - Federal University of Rio Grande do Sul,"Abilio G. Parada, Milena Rota Sena Marques, Lisane Brisolara",2015.0
✅ Identified,"Brazil, United States",Método Sistêmico com Suporte em GORE para Análise de Conformidade de Requisitos não Funcionais Implementados em Software,Catalent (United States); Pontifícia Universidade Católica do Rio de Janeiro; Universidade Federal Rural do Rio de Janeiro,"D.Sc. -Universidade Federal Rural do Rio de Janeiro -UFRRJ -Seropédica -RJ; M.Sc. -Universidade Federal Rural do Rio de Janeiro -UFRRJ -; Método Sistêmico com Suporte em GORE para Análise de Conformidade de Requisitos não Funcionais Implementados em; Sc. -Pontifícia Universidade Católica do Rio de Janeiro -PUC-Rio -Rio de Janeiro -; Universidade Federal Rural do Rio de Janeiro; Universidade Federal Rural do Rio de Janeiro -UFRRJ -Seropédica; catálogo de RNF; de Conformidade de Requisitos não Funcionais; de exemplos do cotidiano prático de software. Como também a construção de um framework de agentes, que operam sob notações XML,",BR; US,Revista de Informática Teórica e Aplicada - Federal University of Rio Grande do Sul,"André Luiz de Castro Leal, Henrique Prado Sousa, Julio César Sampaio do Prado Leite",2016.0
✅ Identified,Brazil,Desenvolvimento de Aplicações Gráficas Interativas com a Unreal Engine 4,Universidade de Fortaleza,Universidade de Fortaleza (UNIFOR),BR,Revista de Informática Teórica e Aplicada - Federal University of Rio Grande do Sul,"Daniel Valente de Macedo, Maria Andréia Formico Rodriguês, Yvens R. Serpa",2015.0
✅ Identified,Brazil,Uma Revisão Sobre as Publicações de Sistemas de Detecção de Intrusão,"Instituto Federal de Educação, Ciência e Tecnologia de Mato Grosso",Instituto Federal de educação ciência e tecnologia do estado de Mato Grosso,BR,Revista de Informática Teórica e Aplicada - Federal University of Rio Grande do Sul,"Felipe Cesar Costa Alves, Ed Wilson Tavares Ferreira, Valtemir Emerêncio do Nascimento, Ruy de Oliveira",2016.0
✅ Identified,Brazil,Programming in CUDA for Kepler and Maxwell Architecture,Universidade Federal Fluminense; Universidade Federal Rural do Rio de Janeiro,Universidade Federal Fluminense; Universidade Federal Rural do Rio de Janeiro,BR,Revista de Informática Teórica e Aplicada - Federal University of Rio Grande do Sul,"Esteban Clua, Marcelo Zamith",2015.0
✅ Identified,Canada,"Hyperspectral Modeling of Material Appearance: General Framework, Challenges and Prospects",University of Waterloo,University of Waterloo,CA,Revista de Informática Teórica e Aplicada - Federal University of Rio Grande do Sul,Gladimir V. G. Baranoski,2015.0
✅ Identified,Brazil,Análise Visual utilizando Projeções Multidimensionais,Universidade Federal de Viçosa; Universidade de São Paulo,Universidade Federal de Viçosa; Universidade de São Paulo,BR,Revista de Informática Teórica e Aplicada - Federal University of Rio Grande do Sul,"Tácito Trindade de Araújo Tiburtino Neves, Samuel G. Fadel, Danilo Barbosa Coimbra, Fernando V. Paulovich",2015.0
✅ Identified,Brazil,TVX - Time and Versions in XML,Universidade Federal do Rio Grande do Sul,"Instituto de Informática - UFRGS; Instituto de Informática, UFRGS#TAB#",BR,Revista de Informática Teórica e Aplicada - Federal University of Rio Grande do Sul,"Rodrigo Gasparoni Santos, Nina Edelweiss, Renata de Matos Galante",2007.0
✅ Identified,Brazil,Uma Proposta de Framework para Desenvolvimento de Aplicações Paralelas com Mobilidade,Pontifícia Universidade Católica do Rio de Janeiro; Universidade Federal Fluminense,"Departamento de Informática, Pontifícia Universidade Católica do Rio de Janeiro; Departamento de Informática, Pontifícia Universidade Católica do Rio de Janeiro#TAB#; Instituto de Computação - Universidade Federal Fluminense; Instituto de Computação, Universidade Federal Fluminense",BR,Revista de Informática Teórica e Aplicada - Federal University of Rio Grande do Sul,"Dárlinton Barbosa Feres Carvalho, Carlos Lucena, Celso C. Ribeiro",2007.0
✅ Identified,Brazil,Uma Introdução às Support Vector Machines,Universidade Federal do ABC,"Centro de Matemática, Computacão e Cognicão, Universidade Federal do ABC; Centro de Matemática, Computação e Cognição, Universidade Federal do ABC; Departamento de Ciências de Computação, Instituto de Ciências Matemáticas e de Computação, USP",BR,Revista de Informática Teórica e Aplicada - Federal University of Rio Grande do Sul,"Ana Carolina Lorena, André C. P. L. F. de Carvalho",2007.0
✅ Identified,Brazil,Técnicas probabilísticas para análise de yield em nível elétrico usando propagação de erros e derivadas numéricas,Universidade Estadual do Rio Grande do Sul; Universidade Federal do Rio Grande do Sul,"Instituto de Informática, UFRGS; Instituto de Informática, UFRGS#TAB#; Universidade Estadual do Rio Grande do Sul - UERGS",BR,Revista de Informática Teórica e Aplicada - Federal University of Rio Grande do Sul,"Lucas Brusamarello, Roberto da Silva, Gilson Wirth, Ricardo Da Luz Reis",2007.0
✅ Identified,"Brazil, Belgium",Aplicação de Redes Neurais Artificiais na Classificação de Padrões Posturais em Crianças Respiradoras Bucais e Nasais,Union des Industries Ferroviaires Européennes; Universidade Federal de São Paulo; Universidade de São Paulo,"Departamento de Física e Matemática (DFM), Faculdade de Filosofia, Ciências e Letras de Ribeirão Preto (FFCLRP), Universidade de São Paulo (USP); Departamento de Informática em Saúde (DIS), Universidade Federal de São Paulo (UNIFESP); Departamento de Otorrinolaringologia Pediátrica e Cirurgia de Cabeça e Pescoço, Universidade Federal de São Paulo (UNIFESP)",BE; BR,Revista de Informática Teórica e Aplicada - Federal University of Rio Grande do Sul,"Félipe Mancini, Liu Chiao Yi, Shirley Shizue Nagata Pignatari, Antônio C. Roque, Ivan Torres Pisa",2007.0
✅ Identified,Brazil,Performance Evaluation of CORBA Concurrency Control Service Using Stochastic Petri Nets,Universidade Federal de Pernambuco,"Universidade Federal de Pernambuco, Centro de Informática; Universidade Federal de Pernambuco, Centro de Informática#TAB#",BR,Revista de Informática Teórica e Aplicada - Federal University of Rio Grande do Sul,"Roberta A.A. Fagundes, Paulo Romero Martins Maciel, Nelson Souto Rosa",2007.0
✅ Identified,Brazil,Processos de Decisão de Markov: um tutorial,"Instituto de Computação, Unicamp","Instituto de Computação, Unicamp",,Revista de Informática Teórica e Aplicada - Federal University of Rio Grande do Sul,"Jerônimo Pellegrini, Jacques Wainer",2007.0
✅ Identified,Germany,Aspectos sociotécnicos da computação: contextualizando o desenvolvimento de sistemas de computação com o modelo Mikropolis,Universität Hamburg,"Department Informatics, Universität Hamburg",DE,Revista de Informática Teórica e Aplicada - Federal University of Rio Grande do Sul,João Porto de Albuquerque,2007.0
✅ Identified,Brazil,Um Olhar Sociotécnico sobre a Engenharia de Software,Pontifícia Universidade Católica do Rio Grande do Sul; Universidade Federal do Rio de Janeiro,PESC-COPPE/UFRJ; PESC/COPPE/UFRJ; PESC/COPPE/UFRJ e FACIN/PUCRS,BR,Revista de Informática Teórica e Aplicada - Federal University of Rio Grande do Sul,"Henrique Luiz Cukierman, Cássio Adriano Nunes Teixeira, Rafael Prikladnicki",2007.0
✅ Identified,Brazil,O uso de Métodos Ágeis no ensino de Métodos Ágeis,Universidade Federal do Rio de Janeiro,"Departamento de Ciência da Computação, Universidade Federal do Rio de Janeiro; Universidade Federal do Rio de Janeiro",BR,Revista de Informática Teórica e Aplicada - Federal University of Rio Grande do Sul,"Avelino Ferreira Gomes Filho, Carlos Felippe Cardoso de Resende, Rodrigo Toledo",2015.0
✅ Identified,Brazil,Computer Vision and Graphics for Heritage Preservation and Digital Archaeology,Universidade Federal do Paraná,"2Department of Electrical and Computer Engineering, OSU; Departamento de Informática, UFPR",BR,Revista de Informática Teórica e Aplicada - Federal University of Rio Grande do Sul,"Luciano Silva, Olga Regina Pereira Bellon, Kim L. Boyer",2004.0
✅ Identified,Brazil,Editorial,Universidade Federal do Rio Grande do Sul,"Instituto de Informática, UFRGS",BR,Revista de Informática Teórica e Aplicada - Federal University of Rio Grande do Sul,"Luís C. Lamb, José Palazzo Moreira de Oliveira, Lizandro Z. Granville",2007.0
⚠️ Missing,❌ None,Mineração em Grandes Massas de Dados Utilizando Hadoop MapReduce e Algoritmos Bio-inspirados: Uma Revisão Sistemática,UNIVERSIDADE DO ESTADO DE SANTA CATARINA,UNIVERSIDADE DO ESTADO DE SANTA CATARINA,,Revista de Informática Teórica e Aplicada - Federal University of Rio Grande do Sul,"Sandro Loiola Menezes, Rebeca Schroeder Freitas, Rafael Stubs Parpinelli",2016.0
✅ Identified,Brazil,Relação Entre o Gênero de Espectadores e o Conteúdo de Vídeos,Universidade Federal de Campina Grande,Universidade Federal de Campina Grande (UFCG)/Laboratório de Visão Computacional (LVC),BR,Revista de Informática Teórica e Aplicada - Federal University of Rio Grande do Sul,"Ítalo de Pontes Oliveira, Eanes Torres Pereira, Herman Martins Gomes",2016.0
✅ Identified,"Brazil, United States, Japan, United Kingdom",Exploring the subtopic-based relationship map strategy for multi-document summarization,Flint Institute Of Arts; Sumco Corporation (Japan); TGS (United Kingdom); Universidade Federal de Lavras; Universidade de São Paulo,"Além disso, também foram investigadas algumas técnicas de segmentação e agrupamento de subtópicos bem conhecidas,; Departamento de Ciência da Computação , Universidade Federal de Lavras , Avenida Doutor Sylvio Menicucci , 1001 , Campus Universitário. CEP : 37200-000 - Lavras/MG , Brasil; Departamento de Ciência da Computação, Universidade Federal de Lavras, Avenida Doutor Sylvio Menicucci, 1001, Campus Universitário. CEP: 37200-000 -Lavras/MG, Brasil; Universidade de São Paulo; base em subtópicos para sumarização multidocu-mento; fim de selecionar corretamente as in-; foi adaptada e explorada uma estratégia de geração de sumários multidocumento com base na abordagem de mapas de relacionamento,; formações mais relevantes para compor o sumário final; método de sumarização baseado em subtópicos supera outros métodos de sumarização; qual representa textos como grafos (mapas) de segmentos inter-relacionados e aplica técnicas de percurso",BR; GB; JP; US,Revista de Informática Teórica e Aplicada - Federal University of Rio Grande do Sul,"Rafael Ribaldo, Paula Christina Figueira Cardoso, Thiago Alexandre Salgueiro Pardo",2016.0
✅ Identified,Brazil,ZipfTool: Uma ferramenta bibliométrica para auxílio na pesquisa teórica,Universidade Federal de Uberlândia; Universidade Federal do Pampa,Universidade Federal de Uberlândia - UFU; Universidade Federal do Pampa - UNIPAMPA,BR,Revista de Informática Teórica e Aplicada - Federal University of Rio Grande do Sul,"Diego Nunes Molinos, Daniel Mesquita, Débora Nayar Hoff",2016.0
✅ Identified,Brazil,Revisores da RITA no JEMS,Universidade Federal do Rio Grande do Sul,"Instituto de Informática, UFRGS; Instituto de Informática, UFRGS#TAB#",BR,Revista de Informática Teórica e Aplicada - Federal University of Rio Grande do Sul,José Palazzo Moreira de Oliveira,2007.0
✅ Identified,Canada,An Introduction to Light Interaction with Human Skin,University of Waterloo,"Natural Phenomena Simulation Group, School of Computer Science, University of Waterloo",CA,Revista de Informática Teórica e Aplicada - Federal University of Rio Grande do Sul,"Gladimir V. G. Baranoski, Aravind Krishnaswamy",2004.0
✅ Identified,Brazil,Paralelismo em Prolog: Conceitos e Sistemas,Universidade Estadual de Maringá; Universidade Tecnológica Federal do Paraná,"Departamento de Informática , Universidade Estadual de Maringá , Avenida Colombo , 5790 -Bloco C56 CEP 87020-900 - Maringá / PR - Brasil; Departamento de Informática, Universidade Estadual de Maringá, Avenida Colombo, 5790 -Bloco C56 CEP 87020-900 -Maringá/PR -Brasil; Universidade Tecnológica Federal do Paraná
Universidade Estadual de Maringá",BR,Revista de Informática Teórica e Aplicada - Federal University of Rio Grande do Sul,"Jo�ão Fabrício Filho, Anderson Faustino da Silva",2016.0
✅ Identified,Brazil,A Gentle Introduction to Predictive Filters,Universidade Estadual de Campinas (UNICAMP),"1Instituto de Computação, UNICAMP",BR,Revista de Informática Teórica e Aplicada - Federal University of Rio Grande do Sul,Siome Goldenstein,2004.0
✅ Identified,Brazil,Java Advanced Imaging API: A Tutorial,Instituto de Estudos Avançados da Universidade de São Paulo,Divisão de Sensoriamento Remoto – Instituto de Estudos Avançados – Centro Técnico Aeroespacial,Brazil,Revista de Informática Teórica e Aplicada - Federal University of Rio Grande do Sul,Rafael Santos,2004.0
✅ Identified,Germany,Shader Programming: An Introduction Using the Effect Framework,Hochschule Bremen,"1Fachbereich Elektrotechnik und Informatik, Hochschule Bremen, BRemen",DE,Revista de Informática Teórica e Aplicada - Federal University of Rio Grande do Sul,Jörn Loviscach,2004.0
✅ Identified,Brazil,A Revista de Informática Teórica e Aplicada e as Tecnologias de Informação,Universidade Federal do Rio Grande do Sul,"Instituto de Informática, UFRGS; Instituto de Informática, UFRGS#TAB#",BR,Revista de Informática Teórica e Aplicada - Federal University of Rio Grande do Sul,"José Palazzo Moreira de Oliveira, Luís C. Lamb",2004.0
✅ Identified,"Brazil, Spain",Uso de Aspectos para Verificar Regras de Instanciação de Frameworks,Institute of Mathematical Sciences,Instituto de Ciências Matemáticas e de Computação – ICMC/USP,ES,Revista de Informática Teórica e Aplicada - Federal University of Rio Grande do Sul,"André Dantas Rocha, Valter Vieira de Camargo, Paulo César Masiero",2004.0
✅ Identified,Brazil,AspectH: Uma Extensão Orientada a Aspectos de Haskel,"Centro de Informática, UFPE","Centro de Informática, UFPE",,Revista de Informática Teórica e Aplicada - Federal University of Rio Grande do Sul,"Carlos A. R. Andrade, André L. M. Santos, Paulo Borba",2004.0
✅ Identified,Brazil,Making Medical Visual Information Available on the WEB,Universidade Federal do Rio Grande do Sul; Universidade do Oeste Paulista,"Faculdade de Informática, UNOESTE, Presidente Prudente/SP, Brasil; Instituto de Informática, UFRGS, Porto Alegre, RS, Brasil",BR,Revista de Informática Teórica e Aplicada - Federal University of Rio Grande do Sul,"Silvio Antonio Carro, Jacob Scharcanski",2004.0
✅ Identified,"Brazil, Germany",Um Framework de Apoio à Colaboração no Projeto Distribuído de Sistemas Integrados,Technische Universität Darmstadt; Universidade Federal do Rio Grande do Sul,"Instituto de Informática, UFRGS; Instituto de Informática, UFRGS, Porto Alegre, RS; Instituto de Informática, UFRGS; Microelectronic Systems Institute, TU Darmstadt, Karlstr. 15, 64283 Darmstadt; Microelectronic Systems Institute, TU Darmstadt, Karlstr. 15, 64283 Darmstadt",BR; DE,Revista de Informática Teórica e Aplicada - Federal University of Rio Grande do Sul,"Leandro Soares Indrusiak, Ricardo Reis, Manfred Glesner",2004.0
✅ Identified,Brazil,Teorias da Aleatoriedade,Brazilian Institute of Geography and Statistics; Universidade Federal do Rio Grande do Sul,"Instituto de Física e Matemática, UFPel, Pelotas, RS e Instituto de Informática, UFRGS; Instituto de Informática, UFRGS, Porto Alegre, RS",BR,Revista de Informática Teórica e Aplicada - Federal University of Rio Grande do Sul,"Carlos Antonio Pereira Campani, Paulo Blauth Menezes",2004.0
✅ Identified,Brazil,3D Compression: from A to Zip a first complete example,Pontifícia Universidade Católica do Rio de Janeiro,"Departamento de Matemática, PUC-Rio de Janeiro",BR,Revista de Informática Teórica e Aplicada - Federal University of Rio Grande do Sul,Thomas Lewiner,2008.0
✅ Identified,Brazil,Introdução ao XNA,Universidade Federal Fluminense; Universidade Federal de Minas Gerais,"Instituto de Computação - Universidade Federal Fluminense; Instituto de Computação, Universidade Federal Fluminense; Instituto de Informática, Universidade Federal de Minas Gerais",BR,Revista de Informática Teórica e Aplicada - Federal University of Rio Grande do Sul,"Bruno Tavares Rabello, Edson Mattos, Bruno Evangelista, Esteban Clua",2008.0
✅ Identified,Brazil,Steganography and Steganalysis in Digital Multimedia: Hype or Hallelujah?,Universidade Estadual de Campinas (UNICAMP),"1Institute of Computing, University of Campinas (Unicamp)",BR,Revista de Informática Teórica e Aplicada - Federal University of Rio Grande do Sul,"Anderson Rocha, Siome Goldenstein",2008.0
✅ Identified,Brazil,Navigation and Interaction in Graph Visualizations,Universidade Federal do Rio Grande do Sul,"Instituto de Informática, UFRGS; Instituto de Informática, UFRGS#TAB#",BR,Revista de Informática Teórica e Aplicada - Federal University of Rio Grande do Sul,"André Suslik Spritzer, Carla Maria Dal Sasso Freitas",2008.0
✅ Identified,Brazil,"Dimensionality Reduction, Classification and Reconstruction Problems in Statistical Learning Approaches",Centro Universitário FEI,"3Department of Electrical Engineering, USP, São Paulo, São Paulo; 4Department of Electrical Engineering, FEI, São Bernardo do Campo, São Paulo; Department of Computer Science, FEI, São Bernardo do Campo, São Paulo; Department of Computer Science, LNCC, Petrópolis, Rio de Janeiro",BR,Revista de Informática Teórica e Aplicada - Federal University of Rio Grande do Sul,"Gilson A. Giraldi, Paulo S. Rodrigues, Edson C. Kitani, Carlos Eduardo Thomaz",2008.0
✅ Identified,"Peru, Brazil",Uma contribuição ao auxíılio do diagnóstico do autismo a partir do processamento de imagens para extração de medidas antropométricas,Escola Nacional de Saúde Pública; Universidad San Pedro; Universidade Federal de São Paulo; Universidade de São Paulo,"Escola de Artes, Ciências e Humanidades – Universidade de São Paulo (EACH-USP); Instituto de Psiquiatria da FMUSP; Laboratório de Aplicac ¸ões de Informática em Saúde. Escola de Artes, Ciências e Humanidades -Universidade de São Paulo. Av. Arlindo Béttio, 1000, Ermelino Matarazzo, São Paulo-SP; USP; Universidade Federal de São Paulo – Unifesp",BR; PE,Revista de Informática Teórica e Aplicada - Federal University of Rio Grande do Sul,"Samuel Portela Carvalho, Ariane Machado Lima, Helena Brentani, Décio Brunoni, Rodrigo Ambrósio Fock, Fátima Lourdes Santos Nunes",2016.0
✅ Identified,Brazil,Editorial,Universidade Federal do Rio Grande do Sul,"Instituto de Informática, UFRGS, Porto Alegre, RS",BR,Revista de Informática Teórica e Aplicada - Federal University of Rio Grande do Sul,"Luís C. Lamb, José Palazzo Moreira de Oliveira, Lisandro Zambenedetti Granville",2008.0
✅ Identified,Brazil,Editorial convidado,Pontifícia Universidade Católica do Rio de Janeiro,"ICMC-USP, São Carlos, SP; PUC-RIO, Rio de Janeiro, RJ",BR,Revista de Informática Teórica e Aplicada - Federal University of Rio Grande do Sul,"Agma J. M. Traina, M. Dreux",2008.0
✅ Identified,Brazil,Avaliação de Incisão Cirúrgica em Simuladores com Realidade Virtual,Universidade Federal da Paraíba,"Departamento de Estatística
Universidade Federal da Paraíba; Universidade Federal da Paraíba",BR,Revista de Informática Teórica e Aplicada - Federal University of Rio Grande do Sul,"Ives Fernando Martins Santos de Moura, Ronei Marcos de Moraes, Liliane S. Machado",2016.0
✅ Identified,"Brazil, Germany, United States",Método Computacional para o Diagnóstico Precoce da Granulomatose de Wegener,Concordia University Wisconsin; Deutsche Lepra- und Tuberkulosehilfe; Universidade Estadual do Maranhão,"Diagnóstico Precoce da Granulomatose de Wegener; Engenharia de Computação e Sistemas -São Luís -Maranhão -Brasil; Método Computacional para o Diagnóstico Precoce da Granulomatose de Wegener; Universidade Estadual do Maranhão; Universidade Estadual do Maranhão (UEMA) , Centro de Ciências Tecnológicas , Programa de Pós-Graduação em Engenharia de Computação e Sistemas - São Luís -Maranhão -Brasil; Universidade Estadual do Maranhão (UEMA), Centro de Ciências Tecnológicas, Programa de Pós-Graduação em; base de dados com 335 sinais proteômicos, composta por 75 casos ativos, 101 casos; de reconhecimento de padrões proteômicos com o objetivo de auxiliar o diagnóstico precoce da Granulomatose de Wegener (GW), uma vasculite; indivíduos portadores ou não portadores de GW. Para tanto, utiliza-se Análise de Componentes Independentes para extrair características dos sinais, Algoritmo de Máxima Relevância e Mínima Redun-dância para reduzir o número de características e custos computacionais e Máquina de Vetores de Suporte para classificar. A qualidade do método foi avaliada; vetor de vinte características cuja acurácia, especificidade e sensibilidade foram, respectivamente, de: 98, 24%, 99, 73% e 99, 50%",BR; DE; US,Revista de Informática Teórica e Aplicada - Federal University of Rio Grande do Sul,"José Do Nascimento Linhares, Lúcio Flávio de Albuquerque Campos, Ewaldo Éder Carvalho Santana, Jardiel Nunes Almeida, Flávia Larisse da Silva Fernandes",2016.0
✅ Identified,Brazil,Learning to Identify At-Risk Students in Distance Education Using Interaction Counts,Universidade Federal do Rio Grande do Sul,EA/UFRGS; UFPel,BR,Revista de Informática Teórica e Aplicada - Federal University of Rio Grande do Sul,"Douglas Detoni, Cristian Cechinel, Ricardo Araujo Matsumura, Daniela F. Brauner",2016.0
✅ Identified,Brazil,Autômatos celulares unidimensionais caóticos com borda fixa aplicados à modelagem de um sistema criptográfico para imagens digitais,"Instituto Federal de Educação, Ciência e Tecnologia do Triângulo Mineiro","Instituto Federal de Educação Ciência e Tecnologia do Triângulo Mineiro (IFTM) - Av. Líria Terezinha Lassi Capuano nž 255 , Bairro Chácara das Rosas , CEP 38740-000 , Tel; Instituto Federal de Educação Ciência e Tecnologia do Triângulo Mineiro (IFTM) -Av. Líria Terezinha Lassi Capuano nž 255, Bairro Chácara das Rosas, CEP 38740-000, Tel; Instituto Federal do Triângulo Mineiro",BR,Revista de Informática Teórica e Aplicada - Federal University of Rio Grande do Sul,"Eduardo Cassiano Silva, Jaqueline A. J. P. Soares, Danielli Araújo Lima",2016.0
✅ Identified,Brazil,Detecção de leucócitos em imagens de vídeo de microscopia intravital usando a técnica de congruência de fase,Universidade Federal de São Carlos,UFMG; UFSCAR; Universidade Federal de São Carlos,BR,Revista de Informática Teórica e Aplicada - Federal University of Rio Grande do Sul,"Kathiani Elisa de Souza, Bruno C. Gregório da Silva, Juliana Carvalho‐Tavares, Ricardo J. Ferrari",2016.0
✅ Identified,Brazil,Emprego de Banco de Filtros e do Teorema de Imersão de Takens em Padrões Espaciais para a Classificação de Imagética Motora em Interfaces Cérebro-Computador,Brazilian Society of Computational and Applied Mathematics; Universidade de São Paulo,Universidade de São Paulo - Instituto de Ciências Matemáticas e de Computação,BR,Revista de Informática Teórica e Aplicada - Federal University of Rio Grande do Sul,"Yule Vaz, Rodrigo Fernandes de Mello",2016.0
✅ Identified,Brazil,Comparando o Desempenho de Implementações de Tabelas Hash Concorrentes em Haskell,Universidade Federal de Pelotas,Universidade Federal de Pelotas,BR,Revista de Informática Teórica e Aplicada - Federal University of Rio Grande do Sul,"Rodrigo Medeiros Duarte, André Rauber Du Bois, Maurı́cio L. Pilla, Renata Reiser",2016.0
✅ Identified,Brazil,Computação na Educação Básica no Brasil: o Estado da Arte,Hospital do Coração; Universidade Federal de Pelotas,",; CDTec/Computação; UFPEL",BR,Revista de Informática Teórica e Aplicada - Federal University of Rio Grande do Sul,"Adriana Bordini, Christiano Avila, Yuri Weisshahn, Mônica Marques da Cunha, Simone André da Costa Cavalheiro, Luciana Foss, Marílton Sanchotene de Aguiar, Renata Reiser",2016.0
✅ Identified,Brazil,Escola Gaúcha de Bioinformática 2015,Universidade Federal do Rio Grande do Sul,"Instituto de Informática
Universidade Federal do Rio Grande do Sul",BR,Revista de Informática Teórica e Aplicada - Federal University of Rio Grande do Sul,Comissão Organizadora EGB,2016.0
✅ Identified,Brazil,QEDS: Um Simulador Clássico para Distinção de Elementos Quântico,Universidade Federal Fluminense; Universidade Federal do Rio de Janeiro,"Distinc ¸ão de Elementos Quântico; Instituto de Computac ¸ão (IC), Universidade Federal Fluminense (UFF) -Niterói, RJ, Brasil; Núcleo Multidisciplinar de Pesquisa em Computac ¸ão (NUMPEX-Comp), Polo Avanc ¸ado de Xerém, Universidade Federal do Rio de Janeiro(UFRJ) -Duque de Caxias, RJ, Brasil; Programa de Engenharia de Sistemas e Computac ¸ão (PESC), Instituto Alberto Luiz Coimbra de Pós-Graduac ¸ão e Pesquisa em Engenharia (COPPE), Universidade Federal do Rio de Janeiro (UFRJ) -Rio de Janeiro, RJ, Brasil; UFF; UFRJ; Universidade Federal do Rio de Janeiro",BR,Revista de Informática Teórica e Aplicada - Federal University of Rio Grande do Sul,"Alexandre Abreu, Matheus Manzoli Ferreira, Luis Antônio Brasil Kowada, Franklin de Lima Marquezino",2016.0
✅ Identified,Brazil,Autômatos Celulares e Sistema Multiagente para Simulação da Propagação de Doenças,Hospital Universitário da Universidade de São Paulo; Universidade Estadual do Oeste do Paraná,Universidade Estadual do Oeste do Paraná - UNIOESTE; Universidade de São Paulo - USP,BR,Revista de Informática Teórica e Aplicada - Federal University of Rio Grande do Sul,"Rogério Luís Rizzi, Claudia Brandelero Rizzi, Wesley Luciano Kaiser, Pétterson Vinícius Pramiu",2016.0
✅ Identified,Brazil,Comparação entre abordagens escaláveis para o processamento de conjuntos de dados textuais,Universidade Federal de São Carlos; Universidade Federal de Viçosa,"Departamento de Computação, Universidade Federal de São Carlos, Rod. Washington Luís - Km 235 Caixa Postal 676, CEP 13565-905, São Carlos-SP; Universidade Federal de Viçosa - Campus Rio Paranaíba",BR,Revista de Informática Teórica e Aplicada - Federal University of Rio Grande do Sul,"Gustavo de P. Avelar, Murilo Coelho Naldi",2017.0
✅ Identified,Brazil,Avaliação Pró-ativa da Deterioração de Sistemas de Informação por meio de Medidas de Gestão,Universidade Católica de Brasília,Universidade Catolica de Brasilia,BR,Revista de Informática Teórica e Aplicada - Federal University of Rio Grande do Sul,Káthia Marçal de Oliveira,2011.0
✅ Identified,Brazil,Desenvolvimento de Interface de Usuário para a Melhoria da Consciência Situacional em Gerenciamento de Emergências,Centro Universitário Eurípedes de Marilia; Universidade Federal de São Carlos,"1Centro Universitário Eurípides de Marília, UNIVEM - Mirante, SP; Centro Universitário Eurípides de Marília; Universidade Federal de São Carlos",BR,Revista de Informática Teórica e Aplicada - Federal University of Rio Grande do Sul,"Leonardo Castro Botega, Allan Oliveira, Regina B. Araújo",2017.0
✅ Identified,Brazil,Editorial,Universidade Federal do Rio Grande do Sul,"Instituto de Informática, UFRGS, Porto Alegre, RS",BR,Revista de Informática Teórica e Aplicada - Federal University of Rio Grande do Sul,"Luís C. Lamb, José Palazzo Moreira de Oliveira, Lisandro Zambenedetti Granville",2009.0
✅ Identified,Brazil,Guest Editors,Pontifícia Universidade Católica do Rio de Janeiro; Universidade Federal de Pernambuco,Federal University of Pernambuco – UFPE – Recife; Pontifical Catholic University of Rio de Janeiro - PUC-Rio,BR,Revista de Informática Teórica e Aplicada - Federal University of Rio Grande do Sul,"Alberto Raposo, Judith Kelner",2009.0
✅ Identified,Brazil,"Uma Revisão Sistemática sobre Abordagens em Organizações Virtuais no Contexto de Confiança, Reputação e Computação em Nuvem",Universidade do Estado de Santa Catarina,"Departamento de Ciência da Computação (DCC), Programa de Pós-Graduação em Computação Aplicada, Centro
de Ciências Tecnológicas, Universidade do Estado de Santa Catarina, Caixa Postal 631 - Joinville, Santa Catarina,
Brasil; Programa de Pós-Graduação em Computação Aplicada, 
Centro de Ciências Tecnológicas, 
Universidade do Estado de Santa Catarina,
Caixa Postal 631 - Joinville, Santa Catarina, Brasil",BR,Revista de Informática Teórica e Aplicada - Federal University of Rio Grande do Sul,"Luís Felipe Bilecki, Marcelo Da Silva Hounsell, Adriano Fiorese",2017.0
✅ Identified,Brazil,Uma Arquitetura de Software para Bibliotecas de Realidade Aumentada Baseada em Marcadores Naturais,Universidade Federal de Juiz de Fora,Universidade Federal de Juiz de Fora,BR,Revista de Informática Teórica e Aplicada - Federal University of Rio Grande do Sul,"Douglas Oliveira, Lidiane Teixeira Pereira, Rodrigo Luis de Souza da Silva",2017.0
✅ Identified,Brazil,FORUM: Modelo e Linguagem para Especificação de Regras em Ambientes Colaborativos,Methodist University of Piracicaba; Universidade Estadual de Campinas (UNICAMP),"Universidade Estadual de Campinas, UNICAMP, CESET; Universidade Metodista de Piracicaba, UNIMEP, FACEN",BR,Revista de Informática Teórica e Aplicada - Federal University of Rio Grande do Sul,"Luiz Eduardo Galvão Martins, Luiz Camolesi",2008.0
✅ Identified,Brazil,Estabilidade de Classificadores de Decisão em Árvore Binária para Dados Imagem em Alta Dimensão,Universidade Federal do Rio Grande do Sul,Centro Estadual de Pesquisas em Sensoriamento Remoto e Metereologia UFRGS,BR,Revista de Informática Teórica e Aplicada - Federal University of Rio Grande do Sul,"Denis Altieri de Oliveira Moraes, Victor Haertel",2008.0
✅ Identified,Brazil,On the Development and Evaluation of a Brazilian Portuguese Discourse Parser,Universidade de São Paulo,"Núcleo Interinstitucional de Lingüística Computacional (NILC). Instituto de Ciências Matemáticas e de Computação (ICMC), Universidade de São Paulo",BR,Revista de Informática Teórica e Aplicada - Federal University of Rio Grande do Sul,"Thiago Alexandre Salgueiro Pardo, Maria das Graças Volpe Nunes",2008.0
✅ Identified,Brazil,Estratégias para a Combinação de Classificadores Binários em Soluções Multiclasses,Brazilian Society of Computational and Applied Mathematics; Universidade Federal do ABC; Universidade de São Paulo,"1Centro de Matemática, Computação e Cognição, Universidade Federal do ABC, Santo Andre, SP; Departamento de Ciências de Computação, Instituto de Ciências Matemáticas e de Computação, Universidade de São Paulo, SP",BR,Revista de Informática Teórica e Aplicada - Federal University of Rio Grande do Sul,"Ana Carolina Lorena, André C. P. L. F. de Carvalho",2008.0
✅ Identified,Brazil,Representação e Classificação de Texturas da Íris Baseada na Transformada Ótima de Gabor,Universidade Federal do Rio Grande do Sul,"Programa de Pós-Graduação em Engenharia Elétrica – PPGEE, Universidade Federal do Rio Grande do Sul –  UFRGS",BR,Revista de Informática Teórica e Aplicada - Federal University of Rio Grande do Sul,"Fernanda Rispoli Quartieri, Jacob Scharcanski, Letícia Vieira Guimarães, Adalberto Schuck",2008.0
✅ Identified,"Brazil, United States",A Novel Method for Generating Scale Space Kernels Based on Wavelet Theory,Lawrence Berkeley National Laboratory; Universidade Federal do Rio Grande do Sul,"DELET – EE – UFRGS; Lawrence Berkeley National Laboratory. One Cyclotron Road, MS50A6134, Berkeley, CA, USA",BR; US,Revista de Informática Teórica e Aplicada - Federal University of Rio Grande do Sul,"D. Doering, Adalberto Schuck",2008.0
✅ Identified,Brazil,Proposta de Utilização do Diagrama de Seqüência para Definição de Casos de Teste de Unidade,"Centro de Educação de Ciências Tecnológicas da Terra e do Mar, UNIVALI, Itajaí, SC","Centro de Educação de Ciências Tecnológicas da Terra e do Mar, UNIVALI, Itajaí, SC",Brazil,Revista de Informática Teórica e Aplicada - Federal University of Rio Grande do Sul,Fabiane Fabiane Barreto Vavassori Benitti,2008.0
✅ Identified,Brazil,Reestruturação de Software Dirigida por Conectividade para Redução de Custo de Manutenção,Universidade Federal de Minas Gerais,"Universidade Federal de Minas Gerais - ICEx - DCC; Universidade Federal de Minas Gerais - ICEx - DCC, MG",BR,Revista de Informática Teórica e Aplicada - Federal University of Rio Grande do Sul,"Kecia A. M. Ferreira, Mariza A. S. Bigonha, Roberto S. Bigonha",2008.0
✅ Identified,Brazil,Uma Proposta de Modelagem para a Generalização de Elos de Rastreabilidade,Instituto Nacional de Pesquisas Espaciais; Universidade Tecnológica Federal do Paraná,"Instituto Nacional de Pesquisas Espaciais – INPE, São José dos Campos, SP; Instituto Nacional de Pesquisas Espaciais – INPE. Sao Jose dos Campos - SP; Universidade Tecnológica Federal do Paraná – UTFPR",BR,Revista de Informática Teórica e Aplicada - Federal University of Rio Grande do Sul,"Elias Canhadas Genvigir, Nandamudi L. Vijaykumar",2008.0
✅ Identified,"Brazil, Canada",Inspeção Automática de Defeitos em Madeiras de Pinus usando Visão Computacional,Pontifícia Universidade Católica do Paraná; École de Technologie Supérieure,"Pontifícia Universidade Católica do Paraná, Programa de Pós-Graduação em Informática Aplicada (PPGIa), Curitiba (PR); [École de Technologie Supérieure (ÉTS), Montréal]; École de Technologie Supérieure (ÉTS), Montreal",BR; CA,Revista de Informática Teórica e Aplicada - Federal University of Rio Grande do Sul,"Luiz S. Oliveira, Paulo Cavalin, Alceu S. Britto, Alessandro L. Koerich",2008.0
✅ Identified,"Brazil, United States",Non-Cooperative Facility Location Games: a Survey,Albert Einstein College of Medicine; Hospital Israelita Albert Einstein; Universidade Estadual de Campinas (UNICAMP),"Av. Albert Einstein , 1251 , Campinas , SP , Brasil , CEP 13083-852 ;; Institute of Computing , University of Campinas -UNICAMP; Institute of Computing, University of Campinas -UNICAMP Address: Av. Albert Einstein, 1251, Campinas, SP, Brasil, CEP 13083-852;; Universidade Estadual de Campinas",BR; US,Revista de Informática Teórica e Aplicada - Federal University of Rio Grande do Sul,"Félix Carvalho Rodrigues, Eduardo C. Xavier",2017.0
✅ Identified,Brazil,Identificação de amostras de sementes utilizando VisãoComputacional,Universidade Federal do Paraná,Universidade Federal do Paraná,BR,Revista de Informática Teórica e Aplicada - Federal University of Rio Grande do Sul,"Lucas Ferrari de Oliveira, Luiz Alberto Bordignon, Jeovane Honório Alves",2017.0
✅ Identified,Brazil,Revisores,Universidade Federal do Rio Grande do Sul,"Instituto de Informática, UFRGS, Porto Alegre, RS",BR,Revista de Informática Teórica e Aplicada - Federal University of Rio Grande do Sul,José Palazzo Moreira de Oliveira,2008.0
✅ Identified,Brazil,Modelagem de Tráfego de Redes Utilizando Cascata Multifractal Generalizada,Universidade Estadual de Campinas (UNICAMP); Universidade Federal de Goiás,"1Escola de Engenharia Elétrica e de Computação, Universidade Federal de Goiás, Av. Universitária, n.1488, Qd. 86, Bloco A, 74605-010, Goiânia, GO; 2Departamento de Comunicações (DECOM), Faculdade de Engenharia Elétrica e de Computação, Universidade Estadual de Campinas Caixa Postal 6101, 13.083-852 SP, Brasil",BR,Revista de Informática Teórica e Aplicada - Federal University of Rio Grande do Sul,"Flávio Henrique Teles Vieira, Lee Luan Ling",2008.0
✅ Identified,Brazil,Editorial,Universidade Federal do Rio Grande do Sul,"Instituto de Informática, UFRGS, Porto Alegre, RS",BR,Revista de Informática Teórica e Aplicada - Federal University of Rio Grande do Sul,"Luís C. Lamb, José Palazzo Moreira de Oliveira, Lisandro Zambenedetti Granville",2008.0
✅ Identified,Brazil,Análise de desempenho de Banco de Dados Relacionais e Não Relacionais em dados genômicos,Universidade Federal Rural de Pernambuco; Universidade Federal de Pernambuco,Universidade Federal Rural de Pernambuco - UFRPE; Universidade Federal de Pernambuco - UFPE,BR,Revista de Informática Teórica e Aplicada - Federal University of Rio Grande do Sul,"Juccelino Rodrigues Alves Barros, Gustavo Callou, Glauco Estácio Gonçalves, Victor Wanderley, Henrique Casteletti",2017.0
✅ Identified,Brazil,Estudo e Modelagem dos Efeitos da Forma e do Crescimento em Processos de Formação de Padrões de Pelagem via Reação-Difusão,Universidade Federal do Rio Grande do Sul,Instituto de Informática - UFRGS,BR,Revista de Informática Teórica e Aplicada - Federal University of Rio Grande do Sul,"Davi Padilha Mesquita, Marcelo Walter",2017.0
✅ Identified,"Brazil, Spain",Posicionamento de Circuitos 3D Considerando o Planejamento de 3D-Vias,"Centro Tecnológico de Investigación, Desarrollo e Innovación en tecnologías de la Información y las Comunicaciones (TIC); Universidade Federal do Rio Grande do Sul","Instituto de Informática , UFRGS , Caixa Postal 15064 {renato ,; Instituto de Informática, UFRGS, Caixa Postal 15064",BR; ES,Revista de Informática Teórica e Aplicada - Federal University of Rio Grande do Sul,"Renato Hentschke, Marcelo Johann, Ricardo Reis",2012.0
✅ Identified,Brazil,Sleep Stages Classification Using Spectral Based Statistical Moments as Features,Universidade Federal de Santa Maria; Universidade Federal do Rio Grande do Sul,Universidade Federal de Santa Maria; Universidade Federal do Rio Grande do Sul,BR,Revista de Informática Teórica e Aplicada - Federal University of Rio Grande do Sul,"Eduardo Tiago Braun, Alice Kozakevicius, Thiago L. T. da Silveira, Cesar Ramos Rodrigues, Giovani Baratto",2018.0
✅ Identified,Brazil,Análise Autônoma de Investimento: Uma Abordagem Multiagente Discreta,Instituto Tecnológico de Aeronáutica; Intel (Brazil); Universidade de São Paulo,"Intituto Tecnológico de Aeronáutica (ITA); Laboratório de Técnicas Inteligentes (LTI)3 Universidade de São Paulo (USP)
São Paulo, SP, Brasil; Raifa Sistems Inteligentes
São José dos Campos, SP, Brasil",BR,Revista de Informática Teórica e Aplicada - Federal University of Rio Grande do Sul,"Paulo André Lima de Castro, Ronald Annoni, Jaime Simão Sichman",2018.0
✅ Identified,Brazil,"Combining Artificial Intelligence, Ontology, and Frequency-based Approaches to Recommend Activities in Scientific Workflows",Universidade de São Paulo,Universidade de São Paulo,BR,Revista de Informática Teórica e Aplicada - Federal University of Rio Grande do Sul,"Adilson Lopes Khouri, Luciano Antônio Digiampietri",2018.0
✅ Identified,Brazil,Energy Systems in Material Agent Societies,Universidade Federal do Rio Grande do Sul,UFRGS-FURG,BR,Revista de Informática Teórica e Aplicada - Federal University of Rio Grande do Sul,Antônio Carlos da Rocha Costa,2017.0
✅ Identified,Brazil,Gerenciando Alterações em Documentos XML,Universidade Federal do Rio de Janeiro,"-sões juntamente com os outros arquivos do projeto. Estes sistemas não con-sideram o formato específico dos arquivos XML, tratando-os como arquivos comuns de texto. Desta; UFF; UFRJ; Visagio; diferenças e apoio à mesclagem de arquivos XML, utilizando",BR,Revista de Informática Teórica e Aplicada - Federal University of Rio Grande do Sul,"Alexandre Oliveira, Alessandreia Marta de Oliveira, Vanessa Braganholo, Leonardo Murta",2011.0
✅ Identified,Brazil,Estratégias de Construções de Comitês de Classificadores Multirrótulos no Aprendizado Semissupervisionado Multidescrição,Universidade Federal Rural do Semi-Árido,Universidade Federal Rural do Semi-Árido,BR,Revista de Informática Teórica e Aplicada - Federal University of Rio Grande do Sul,"Wilamis Kleiton Nunes da Silva, Araken de Medeiros Santos",2017.0
✅ Identified,"Brazil, Chile",Simulação Multiagente da Evacuação da Boate Kiss: A Importância da NBR 9.077 e sua relação com o Pânico,Instituto Profesional de Ciencias de la Computación; Universidade Federal do Rio Grande,Centro de Ciências Computacionais - C3 - FURG; Universidade Federal do RIo Grande - FURG,BR; CL,Revista de Informática Teórica e Aplicada - Federal University of Rio Grande do Sul,"Vinicius Montenegro Silva, Marcos Vinicius Scholl, Diana F. Adamatti",2017.0
✅ Identified,Brazil,Composição de Agentes EBDI: Integração WASABI-Jason,Universidade Federal de Santa Catarina,"Departamento de Informática e Estatística - INE
Programa de Pós-Graduação em Ciência da Computação - PPGCC
Universidade Federal de Santa Catarina - UFSC; Departamento de Informática e Estatística - INE
Universidade Federal de Santa Catarina - UFSC; Programa de Pós-Graduação em Ciência da Computação - PPGCC
Universidade Federal de Santa Catarina - UFSC",BR,Revista de Informática Teórica e Aplicada - Federal University of Rio Grande do Sul,"Diego Couto, Jerusa Marchi, Thiago Ângelo Gelaim",2017.0
✅ Identified,Brazil,Derivation of Mean Value Coordinates Using Interior Distance and Their Application on Mesh Deformation,Pontifícia Universidade Católica do Rio de Janeiro; Universidade do Estado do Rio de Janeiro,Pontifícia Universidade Católica do Rio de Janeiro; Universidade do Estado do Rio de Janeiro,BR,Revista de Informática Teórica e Aplicada - Federal University of Rio Grande do Sul,"Lis Custódio, Sinésio Pesco",2018.0
✅ Identified,Brazil,Diagnóstico de Glaucoma Utilizando Atributos de Textura e CNN’s Pré-treinadas,Universidade Federal do Piauí,Universidade Federal do Piauí,BR,Revista de Informática Teórica e Aplicada - Federal University of Rio Grande do Sul,"Maíla L. Claro, Rodrigo Veras, André Macedo Santana, Luis H. S. Vogado, Leonardo P. Sousa",2018.0
✅ Identified,Brazil,A Multi-objective Version of the Lin-Kernighan Heuristic for the Traveling Salesman Problem,Universidade Federal do Rio Grande do Norte,"Departamento de Informática e Matemática Aplicada, Universidade Federal do Rio Grande do Norte; Universidade Federal do Rio Grande do Norte",BR,Revista de Informática Teórica e Aplicada - Federal University of Rio Grande do Sul,"Emerson Bezerra de Carvalho, Elizabeth Ferreira Gouvêa Goldbarg, Marco C. Goldbarg",2018.0
✅ Identified,Brazil,MeHarCEn: Um Método de Harmonização do Consumo de Energia em Data Centers,Universidade do Estado de Santa Catarina,Universidade do Estado de Santa Catarina,BR,Revista de Informática Teórica e Aplicada - Federal University of Rio Grande do Sul,"Daniel Scheidemantel Camargo, Charles C. Miers, Maurício A. Pillon, Guilherme Koslovski",2017.0
✅ Identified,Brazil,Avaliação do Intel Software Guard Extensions via Emulação,Universidade Federal da Fronteira Sul,Universidade Federal da Fronteira Sul,BR,Revista de Informática Teórica e Aplicada - Federal University of Rio Grande do Sul,"Marco Aurélio Spohn, Mateus Trebien",2018.0
✅ Identified,Brazil,Avaliação Pró-ativa da Deterioração de Sistemas de Informação por meio de Medidas de Gestão,Universidade Católica de Brasília,UNIVERSIDADE CATOLICA DE BRASILIA; Universidade Catolica de Brasilia,BR,Revista de Informática Teórica e Aplicada - Federal University of Rio Grande do Sul,"Káthia Marçal de Oliveira, Nicolas Anquetil, André Luiz Pimentel Queiroz",2011.0
✅ Identified,Brazil,Virtual Reality as a Support Tool for the Treatment of People with Intellectual and Multiple Disabilities: A Systematic Literature Review,Universidade Federal de Juiz de Fora; Universidade Federal do Rio de Janeiro,Universidade Federal de Juiz de Fora; Universidade Federal do Rio de Janeiro,BR,Revista de Informática Teórica e Aplicada - Federal University of Rio Grande do Sul,"Rian Dutra da Cunha, Frâncila Weidt Neiva, Rodrigo Luis de Souza da Silva",2018.0
✅ Identified,Brazil,IndoLoR -- Uma Plataforma Adaptável para Localização em Ambientes Internos,Instituto Federal do Rio Grande do Norte; Universidade Federal do Rio Grande do Norte,Instituto Federal do Rio Grande do Norte (IFRN); Universidade Federal do Rio Grande do Norte (UFRN),BR,Revista de Informática Teórica e Aplicada - Federal University of Rio Grande do Sul,"Mário Melo, Gibeon Soares de Aquino",2018.0
✅ Identified,Brazil,Teoria espaço-escala: conceitos e abordagens,Universidade Estadual de Campinas (UNICAMP); Universidade Tecnológica Federal do Paraná,Universidade Estadual de Campinas; Universidade Tecnológica Federal do Paraná,BR,Revista de Informática Teórica e Aplicada - Federal University of Rio Grande do Sul,"Leyza Baldo Dorini, Neucimar J. Leite",2011.0
✅ Identified,Brazil,CoWPar: A D2D Communication Approach Without Pairing for Mobile Social Network in Proximity,"Instituto Federal de Educação, Ciência e Tecnologia de Minas Gerais; Instituto Federal do Paraná","Instituto Federal de Minas Gerais, Ponte Nova, Minas Gerais, Brasil; Instituto Federal do Paraná, Goioerê, Paraná, Brasil",BR,Revista de Informática Teórica e Aplicada - Federal University of Rio Grande do Sul,"Charles Tim Batista Garrocho, Jessé Pires Barbosa Rocha, José Eduardo de Souza",2018.0
✅ Identified,Brazil,Modelos para avaliação de disponibilidade orientada a capacidade de uma nuvem privada,"Instituto Federal de Educação, Ciência e Tecnologia de Alagoas; Universidade Federal de Pernambuco","Centro de Inform ática , Universidade Federal de Pernambuco (CIn-UFPE) , Recife-PE , Brazil; Centro de Inform ática, Universidade Federal de Pernambuco (CIn-UFPE), Recife-PE, Brazil; Instituto Federal de Alagoas (IFAL) , Reitoria , Macei ó-AL , Brazil; Instituto Federal de Alagoas (IFAL), Campus Arapiraca; Instituto Federal de Alagoas (IFAL), Reitoria, Macei ó-AL, Brazil; ]. Eventos de falhas e paralisac ¸ões nos servic ¸os",BR,Revista de Informática Teórica e Aplicada - Federal University of Rio Grande do Sul,"Matheus Torquato, Lucas Torquato, Paulo Maciel",2018.0
✅ Identified,Brazil,Video Conferencing Evaluation Considering Scalable Video Coding and SDN Network,Universidade Federal Rural de Pernambuco; Universidade Federal de Pernambuco,Universidade Federal Rural de Pernambuco; Universidade Federal de Pernambuco,BR,Revista de Informática Teórica e Aplicada - Federal University of Rio Grande do Sul,"Francisco Kelsen de Oliveira, Eduardo Tavares, Erica Sousa, Bruno Nogueira",2018.0
✅ Identified,Brazil,A Genetic Programming Model for Association Studies to Detect Epistasis in Low Heritability Data,Brazilian Agricultural Research Corporation; Universidade Federal de Juiz de Fora,Universidade Federal de Juiz de Fora (UFJF); Universidade Federal de Juiz de Fora (UFJF) e Empresa Brasileira de Pesquisa Agropecuária (Embrapa),BR,Revista de Informática Teórica e Aplicada - Federal University of Rio Grande do Sul,"Igor Magalhães Ribeiro, Carlos Cristiano Hasenclever Borges, Bruno Zonovelli Silva, Wagner Arbex",2018.0
✅ Identified,Brazil,Relative Scalability of NoSQL Databases for Genotype Data Manipulation,Brazilian Agricultural Research Corporation; Universidade Federal de Juiz de Fora,Departamento de Ciência da Computação da Universidade Federal de Juiz de Fora (DCC/UFJF); Empresa Brasileira de Pesquisa Agropecuária (Embrapa) e Universidade Federal de Juiz de Fora (UFJF); Programa de Pós-Graduação em Ciência da Computação da Universidade Federal de Juiz de Fora (PPGCC/UFJF),BR,Revista de Informática Teórica e Aplicada - Federal University of Rio Grande do Sul,"Arthur Lorenzi Almeida, Vinícius Junqueira Schettino, Thiago Jesus Rodrigues Barbosa, Pedro Fernandes Freitas, Pedro Gabriel Silva Guimarães, Wagner Arbex",2018.0
✅ Identified,Brazil,Can the Use of nonlinear Color Metrics systematically improve Segmentation?,"Instituto Federal de Educação, Ciência e Tecnologia de Santa Catarina; Instituto Nacional de Pesquisas Espaciais; Universidade Federal de Santa Catarina; Universidade do Vale do Itajaí","Brazilian Institute for Space Research - INPE,   São José dos Campos, São Paulo, Brazil.
National Brazilian Institute for Digital Convergence - Federal University of Santa Catarina,  Florianópolis, Santa Catarina, Brazil; Department of Computing - Federal University of Santa Catarina, Ararangua, Brazil.
National Brazilian Institute for Digital Convergence - Federal University of Santa Catarina,  Florianópolis, Santa Catarina, Brazil; Graduate Program in Computer Science - Federal University of Santa Catarina, Florianópolis, Santa Catarina, Brazil.
National Brazilian Institute for Digital Convergence - Federal University of Santa Catarina,  Florianópolis, Santa Catarina, Brazil; University of Itajai Valley - Univali, Itajaí, Santa Catarina, Brazil.
National Brazilian Institute for Digital Convergence - Federal University of Santa Catarina,  Florianópolis, Santa Catarina, Brazil",BR,Revista de Informática Teórica e Aplicada - Federal University of Rio Grande do Sul,"L. E. Carvalho, Sylvio Luiz Mantelli Neto, Eros Comunello, Antonio Carlos Sobieranski, Aldo von Wangenheim",2018.0
✅ Identified,Brazil,Algoritmos de Escalonamento Gangue com Estratégias de Migracão em um Ambiente MCMCA,Universidade Estadual do Rio Grande do Sul; Universidade Federal Rural do Semi-Árido; Universidade Federal do Ceará,Universidade Estadual Rio Grande do Norte; Universidade Estadual do Rio Grande do Norte; Universidade Estadual do Rio Grande do Norte e a Universidade Federal Rural do Semi-árido; Universidade Federal do Ceará,BR,Revista de Informática Teórica e Aplicada - Federal University of Rio Grande do Sul,"Francisca Aparecida Prado Pinto, Henrique Jorge Amorim Holanda, Giovanni Cordeiro Barroso, Carla Katarina Marques",2018.0
✅ Identified,Brazil,Desenvolvimento de uma rede neuro-fuzzy para predição da temperatura retal de frangos de corte,Universidade Federal de Lavras,"Departamento de Engenharia, Universidade Federal de Lavras (UFLA), Caixa Postal 3037,
Lavras/MG, Brasil; Departamento de Engenharia, Universidade Federal de Lavras (UFLA), Caixa Postal 3037,#R##N#Lavras/MG, Brasil; Universidade Federal de Lavras; universidade Federal de Lavras",BR,Revista de Informática Teórica e Aplicada - Federal University of Rio Grande do Sul,"Leandro Ferreira, Tadayuki Yanagi, Alison Zille Lopes, Wilian Soares Lacerda",2011.0
✅ Identified,Brazil,Investigation of Archiving Techniques for Evolutionary Multi-objective Optimizers,Universidade Federal do Rio Grande do Norte,Universidade Federal do Rio Grande do Norte,BR,Revista de Informática Teórica e Aplicada - Federal University of Rio Grande do Sul,"Hudson Geovane de Medeiros, Elizabeth Ferreira Gouvêa Goldbarg, Marco C. Goldbarg",2018.0
✅ Identified,Australia,Algorithms for the power-p Steiner tree problem in the Euclidean plane,The University of Melbourne,The University of Melbourne,AU,Revista de Informática Teórica e Aplicada - Federal University of Rio Grande do Sul,"Christina N. Burt, Alysson M. Costa, Charl Ras",2018.0
✅ Identified,Brazil,Um modelo computacional para a simulação de sistemas de transporte urbano,Federal Institute of São Paulo; Universidade de São Paulo,"Instituto Federal de Educação, Ciência e Tecnologia de São Paulo (IFSP); Universidade de São Paulo",BR,Revista de Informática Teórica e Aplicada - Federal University of Rio Grande do Sul,"Daniel Marques Gomes de Morais, Luciano Antônio Digiampietri",2018.0
✅ Identified,Brazil,Use of cytomorphometry for classification of subcellular patterns in 3D images,Centro Universitário de Patos de Minas; Universidade Federal de Uberlândia,"1 - Faculdade de Computação - Universidade Federal de Uberlândia, Uberlândia, MG, Brasil
2 - Centro Universitário de Patos de Minas (UNIPAM), Patos de Minas, MG, Brasil; Faculdade de Computação - Universidade Federal de Uberlândia, Uberlândia, MG, Brasil",BR,Revista de Informática Teórica e Aplicada - Federal University of Rio Grande do Sul,"Eduardo Henrique Silva, Jefferson R. Souza, Bruno Augusto Nassif Travençolo",2018.0
✅ Identified,Brazil,Extreme Learning Machine combined with a Differential Evolution algorithm for lithology identification,Universidade Federal de Juiz de Fora; Universidade do Estado do Rio de Janeiro,Federal University of Juiz de Fora; Rio de Janeiro State University,BR,Revista de Informática Teórica e Aplicada - Federal University of Rio Grande do Sul,"Camila Martins Saporetti, Grasiele Regina Duarte, Tales Lima Fonseca, Leonardo Goliatt, Egberto Pereira",2018.0
✅ Identified,Brazil,Exact Algorithms for the Graph Coloring Problem,Universidade Federal do Paraná,Federal University of Paraná (UFPR),BR,Revista de Informática Teórica e Aplicada - Federal University of Rio Grande do Sul,"Alane M. de Lima, Renato Carmo",2018.0
✅ Identified,Brazil,Formal Semantics for Java-like Languages and Research Opportunities,Universidade Federal de Ouro Preto; Universidade Federal de Pelotas,Universidade Federal de Ouro Preto; Universidade Federal de Pelotas,BR,Revista de Informática Teórica e Aplicada - Federal University of Rio Grande do Sul,"Samuel da Silva Feitosa, Rodrigo Ribeiro, André Rauber Du Bois",2018.0
✅ Identified,Brazil,Introdução à Programação de Propósito Geral em Hardware Gráfico,Instituto Nacional de Matemática Pura e Aplicada; Pontifícia Universidade Católica do Rio de Janeiro,IMPA; PUC-Rio; Tecgraf/PUC-Rio,BR,Revista de Informática Teórica e Aplicada - Federal University of Rio Grande do Sul,"Cristina Nader Vasconcelos, Paulo Cezar Pinto Carvalho, Marcelo Gattass",2011.0
✅ Identified,Brazil,Performance Analysis of the Segment Transfer Rate of TCP-UEM,Universidade Estadual de Maringá,"Departamento de Informática , UEM , Maringá , Paraná , Brasil; Departamento de Informática, UEM, Maringá, Paraná, Brasil",BR,Revista de Informática Teórica e Aplicada - Federal University of Rio Grande do Sul,"Airton Orlandini, Luciana Andréia Fondazzi Martimiano",2019.0
✅ Identified,Brazil,Vulnerability Identification on GNU/Linux Operating Systems through Case-Based Reasoning,Universidade do Vale do Rio dos Sinos,University of Vale do Rio dos Sinos,BR,Revista de Informática Teórica e Aplicada - Federal University of Rio Grande do Sul,"Douglas Santos, Jéferson Campos Nobre",2019.0
✅ Identified,Brazil,Haskell Type System Analysis,Universidade do Estado de Santa Catarina,Professor no curso de Bacharelado em Ciência da Computação da Universidade do Estado de Santa Catarina; Professora no curso de Bacharelado em Ciência da Computação da Universidade do Estado de Santa Catarina; Universidade do Estado de Santa Catarina,BR,Revista de Informática Teórica e Aplicada - Federal University of Rio Grande do Sul,"Rafael Castro G. Silva, Karina Girardi Roggia, Cristiano Vasconcellos",2018.0
✅ Identified,Brazil,Evolutionary Models applied to Multiprocessor TaskScheduling: Serial and Multipopulation Genetic Algorithm,Universidade Federal de Uberlândia,Universidade Federal de Uberlândia,BR,Revista de Informática Teórica e Aplicada - Federal University of Rio Grande do Sul,"Bruno Well Dantas Morais, Gina M. B. Oliveira, Tiago Ismailer Carvalho",2019.0
✅ Identified,Brazil,A Journey through Virtual and Augmented Reality - Reviewing the SVR Symposia from 2004 to 2008,Universidade Federal de Pernambuco,PUC-RJ; Universidade Federal de Pernambuco - UFPE; Universidade federal de Pernambuco -UFPE,BR,Revista de Informática Teórica e Aplicada - Federal University of Rio Grande do Sul,"Alberto Raposo, Luciano Soares, Judith Kelner, Verônica Teichrieb",2009.0
✅ Identified,Brazil,The Design of a Graphics Engine for the Development of Virtual Reality Applications,Laboratório Nacional de Computação Científica; Military Institute of Engineering; Universidade Federal do Rio Grande do Norte,"Instituto Militar de Engenharia - RJ; Laboratório Nacional de Computação Científica, Laboratório ACiMA - RJ; Universidade Federal do Rio Grande do Norte - RN",BR,Revista de Informática Teórica e Aplicada - Federal University of Rio Grande do Sul,"Silvano Maneck Malfatti, Selan Rodrigues dos Santos, Lucas Fraga, Cláudia Marcela Justel, Paulo Fernando Ferreira Rosa, Jauvane Cavalvante de Oliveira",2009.0
✅ Identified,Brazil,Designing and implementing an Spatial Augmented Reality X-Ray,Senac University Center,Centro Universitário Senac - SP,BR,Revista de Informática Teórica e Aplicada - Federal University of Rio Grande do Sul,"F. R. de Miranda, Romero Tori, Cláudio E. S. Bueno, Lucas P. Trias",2009.0
✅ Identified,Brazil,A Conceptual Image-Based Data Glove for Computer-Human Interaction,Universidade Federal do Rio Grande do Sul,"Instituto de Informática, UFRGS; Universidade Federal do Rio Grande do Sul",BR,Revista de Informática Teórica e Aplicada - Federal University of Rio Grande do Sul,"Leandro A. F. Fernandes, Vitor F. Pamplona, João Luis Prauchner, Luciana Nedel, Manuel M. Oliveira",2009.0
✅ Identified,Brazil,A Software Framework to Create 3D Browser-Based Speech Enabled Applications,Universidade Federal de São Carlos,"Universidade Federal de São Carlos - SP; Universidade Federal de São Carlos, SP",BR,Revista de Informática Teórica e Aplicada - Federal University of Rio Grande do Sul,"Ednaldo Brigante Pizzolato, D.D. Duarte, Márcio Merino Fernandes",2009.0
✅ Identified,Brazil,V: a language with extensible record accessors and a trait-based type system,Universidade Federal do Rio Grande do Sul,"Instituto de Informática
Universidade Federal do Rio Grande do Sul",BR,Revista de Informática Teórica e Aplicada - Federal University of Rio Grande do Sul,"Arthur Giesel Vedana, Rodrigo Machado, Álvaro Moreira",2018.0
✅ Identified,Brazil,"Stochastic Models for Optimizing Availability, Cost and Sustainability of Data Center Power Architectures through Genetic Algorithm",Universidade Federal Rural de Pernambuco,"Department of Computing, Federal Rural University of Pernambuco, Brazil; Federal Rural University of Pernambuco",BR,Revista de Informática Teórica e Aplicada - Federal University of Rio Grande do Sul,"Márcio Sergio Soares Austregésilo, Gustavo Callou",2019.0
✅ Identified,"Brazil, Spain",Use of text mining techniques for unsupervised organization of digital procedural acts,"Centro Tecnológico de Investigación, Desarrollo e Innovación en tecnologías de la Información y las Comunicaciones (TIC); Universidade Estadual do Ceará",Techway Informática Ltda; Universidade Estadual do Ceará,BR; ES,Revista de Informática Teórica e Aplicada - Federal University of Rio Grande do Sul,"Alfredo Silveira Araújo Neto, Marcos Negreiros",2018.0
✅ Identified,Brazil,An Analysis of a Real Mobility Trace Based on Standard Mobility Metrics,Universidade Federal da Fronteira Sul,"Computer Science, Federal University of Fronteira Sul, Brazil; Universidade Federal da Fronteira Sul",BR,Revista de Informática Teórica e Aplicada - Federal University of Rio Grande do Sul,"Marco Aurélio Spohn, Matheus Henrique Trichez",2019.0
✅ Identified,Brazil,SWEETS: um Sistema de Recomendação de Especialistas aplicado a uma plataforma de Gestão de Conhecimento,Centro de Estudos e Sistemas Avançados do Recife; Universidade Federal de Pernambuco,"C.E.S.A.R - Centro de Estudos e Sistemas Avançados do Recife, Rua Bione, 220 – Bairro do Recife - 50.030-390 -
Recife, PE - Brasil; Centro de Informática, UFPE, Caixa Postal 7851 – Recife, PE - Brasil

C.E.S.A.R - Centro de Estudos e Sistemas Avançados do Recife, Rua Bione, 220 – Bairro do Recife - 50.030-390 -
Recife, PE - Brasil; Universidade Federal de Pernambuco",BR,Revista de Informática Teórica e Aplicada - Federal University of Rio Grande do Sul,"Edeilson Milhomem Silva, Ricardo A. Costa, Lucas R. B. Schmitz, Sílvio R. L. Meira",2011.0
✅ Identified,Brazil,A gene based bacterial whole genome comparison toolkit,Universidade Federal de Ouro Preto; Universidade de São Paulo,Universidade Federal de Ouro Preto; Universidade de São Paulo,BR,Revista de Informática Teórica e Aplicada - Federal University of Rio Grande do Sul,"Luciano Antônio Digiampietri, Vivian Mayumi Yamassaki Pereira, Geraldo José Santos-Júnior, Giovani Sousa-Leite, Priscilla Koch Wagner, Leandro Márcio Moreira, Caio Rafael do Nascimento Santiago",2019.0
✅ Identified,Brazil,Analysis of the Performance of Genetic Algorithm Parallelized with OpenMP Through Execution Traces,Universidade Federal do Pampa,Universidade Federal do Pampa,BR,Revista de Informática Teórica e Aplicada - Federal University of Rio Grande do Sul,"Gabriella Andrade, Márcia Cristina",2019.0
✅ Identified,"Brazil, Portugal",Uma Revisão Sobre Combinação de Agrupamentos,Fundação de Apoio à Escola Técnica; Instituto Superior de Ciências da Informação e da Administração; Ordem dos Médicos,"ICMC - USP; análise dos objetivos comumente adotados por métodos de combinação. Em seguida, discorre-se sobre a necessidade da diversidade nos agrupamentos; combinação de agrupamentos; combinação de resultados, obtidos de uma técnica de classificação ou de técnicas distintas, é utilizada com sucesso para melhorar a estabilidade ou desempenho; de combinação de agrupamentos de dados. Neste trabalho,; informação mú-; medir",BR; PT,Revista de Informática Teórica e Aplicada - Federal University of Rio Grande do Sul,"Murilo Coelho Naldi, Katti Faceli, André F. Carvalho",2010.0
✅ Identified,Brazil,Combinando Modelos de Interação para Melhorar a Coordenação em Sistemas Multiagente,Pontifícia Universidade Católica do Paraná; Universidade Tecnológica Federal do Paraná,Pontifícia Universidade Católica do Paraná (PUCPR); Pontifícia Universidade Católica do Paraná - PUCPR; Universidade Tecnológica Federal do Paraná (UTFPR),BR,Revista de Informática Teórica e Aplicada - Federal University of Rio Grande do Sul,"Richardson Ribeiro, André Pinz Borges, Adriano F. Ronszcka, Edson Emílio Scalabrin, Bráulio C. Ávila, Fabrício Enembreck",2011.0
✅ Identified,Brazil,A Taxonomy of container security on computational clouds: concerns and solutions,Universidade do Estado de Santa Catarina,"Departamento de Ciencia da Computacao (DCC), Universidade do Estado de Santa Catarina (UDESC), Brasil; Programa de Pos-Graduacao em Computacao Aplicada (PPGCA), DCC, Universidade do Estado de Santa Catarina (UDESC), Brasil; Universidade do Estado de Santa Catarina (UDESC)",BR,Revista de Informática Teórica e Aplicada - Federal University of Rio Grande do Sul,"Guilherme Panizzon, João Henrique Faes Battisti, Guilherme Koslovski, Maurício A. Pillon, Charles C. Miers",2019.0
✅ Identified,Brazil,OLSR Fuzzy Cost (OLSR-FC): an extension to OLSR protocol based on fuzzy logic and applied to avoid selfish nodes,Universidade Federal de Goiás; Universidade do Estado de Mato Grosso,"Universidade Federal de Goiás (UFG), Brasil; Universidade do Estado de Mato Grosso (UNEMAT)",BR,Revista de Informática Teórica e Aplicada - Federal University of Rio Grande do Sul,"Diógenes Antônio Marques José, Renato F. Bulcão-Neto, Vinícius Sebba Patto, Iwens G. Sene",2019.0
✅ Identified,Brazil,A Model for the Diffusive Filling-In Algorithm Operating in Spike Mode,Instituto Federal do Rio de Janeiro; Universidade Federal do Rio de Janeiro,"UFRJ; instituto Federal de Educação, Ciência e Tecnologia do Rio de Janeiro",BR,Revista de Informática Teórica e Aplicada - Federal University of Rio Grande do Sul,"Genildo Nonato Santos, José Gabriel R. C. Gomes",2019.0
✅ Identified,Brazil,Virtual Reality-based Training for the Motor Developmentof People With Intellectual and Multiple Disabilities,Universidade Federal de Juiz de Fora; Universidade Federal do Rio de Janeiro,Universidade Federal de Juiz de Fora; Universidade Federal do Rio de Janeiro,BR,Revista de Informática Teórica e Aplicada - Federal University of Rio Grande do Sul,"Rian Dutra da Cunha, Frâncila Weidt Neiva, Rodrigo Luis de Souza da Silva",2019.0
✅ Identified,Brazil,Elementary Economic Systems in Material Agent Societies,Universidade Federal do Rio Grande,Universidade Federal do Rio Grande - FURG,BR,Revista de Informática Teórica e Aplicada - Federal University of Rio Grande do Sul,Antônio Carlos da Rocha Costa,2019.0
✅ Identified,Brazil,Data Fusion through Fuzzy-Bayesian Networks for Belief Generation in Cognitive Agents,Universidade Federal de Santa Catarina,Universidade Federal de Santa Catarina,BR,Revista de Informática Teórica e Aplicada - Federal University of Rio Grande do Sul,"Munyque Mittelmann, Jerusa Marchi, Aldo von Wangenheim",2019.0
✅ Identified,Brazil,A Strategy for Performance Evaluation and Modeling of Cloud Computing Services,Universidade Federal Rural de Pernambuco,Federal Rural University of Pernambuco,BR,Revista de Informática Teórica e Aplicada - Federal University of Rio Grande do Sul,"Rajeev Yadav, Gleidson A. S. Campos, Érica Sousa, Fernando Lins",2019.0
✅ Identified,Brazil,Evaluating the impact of maintenance policies associated to SLA contracts on the dependability of data centers electrical infrastructures,Universidade Federal Rural de Pernambuco,Universidade Federal Rural de Pernambuco,BR,Revista de Informática Teórica e Aplicada - Federal University of Rio Grande do Sul,"Felipe Fernandes de Lima Melo, João Ferreira, Gustavo Callou",2020.0
✅ Identified,Brazil,Hybrid Neural Networks Applied to Brazilian Stock Market,"Instituto Federal de Educação, Ciência e Tecnologia de Santa Catarina","Instituto Federal de Educação, Ciência e Tecnologia de Santa Catarina",BR,Revista de Informática Teórica e Aplicada - Federal University of Rio Grande do Sul,"Wilson Castello Branco Neto, Andrey de Aguiar Salvi, William Passig de Souza",2020.0
✅ Identified,Brazil,"Biclustering and coclustering: concepts, algorithms and viability for text mining",Universidade de São Paulo,Universidade de São Paulo,BR,Revista de Informática Teórica e Aplicada - Federal University of Rio Grande do Sul,"Alexandra Katiuska Ramos Diaz, Sarajane Marques Peres",2019.0
✅ Identified,Brazil,PHOC Descriptor Applied for Mammography Classification,Universidade do Estado de Santa Catarina,UDESC,BR,Revista de Informática Teórica e Aplicada - Federal University of Rio Grande do Sul,"Gilmário Barbosa dos Santos, André Tragancin Filho",2020.0
✅ Identified,Brazil,Uma abordagem estrutural para calcular similaridade entre conceitos de ontologias,Pontifícia Universidade Católica do Rio de Janeiro; Universidade Federal de Juiz de Fora; Universidade Federal do Rio de Janeiro,Pontifícia Universidade Católica do Rio de Janeiro; Universidade Federal de Juiz de Fora; Universidade Federal do Rio de Janeiro,BR,Revista de Informática Teórica e Aplicada - Federal University of Rio Grande do Sul,"Jairo Francisco de Souza, Rubens N. Melo, Jonice Oliveira, Jano Moreira de Souza",2011.0
✅ Identified,Brazil,BeeNotified! A Notification System of Physical Quantities for Beehives Remote Monitoring,Universidade Federal do Ceará,Universidade Federal do Ceará,BR,Revista de Informática Teórica e Aplicada - Federal University of Rio Grande do Sul,"Antonio Rafael Braga, Juliana De Castro Rabelo, Arthur de Castro Callado, Atslands R. da Rocha, Breno Magalhães Freitas, Danielo G. Gomes",2020.0
✅ Identified,Brazil,An Online Tree-Based Approach for Mining Non-Stationary High-Speed Data Streams,Universidade Federal de Pernambuco; Universidade do Estado de Santa Catarina,LexisNexis Risk Solutions; Pernambuco Federal University; Santa Catarina State University; Universidade do estado de Santa Catarina,BR,Revista de Informática Teórica e Aplicada - Federal University of Rio Grande do Sul,"Agustín Alejandro Ortiz Díaz, Isvani Inocencio Frías Blanco, Laura María Palomino Mariño, Fabiano Baldo",2020.0
✅ Identified,Brazil,Group Labeling Methodology Using Distance-based Data Grouping Algorithms,Universidade Federal do Piauí,"Centro de Educacao Aberta e a Distancia, Universidade Federal do Piauı, Brasil; Departamento de Computacao, Universidade Federal do Piaui, Brasil; Departamento de Computacao, Universidade Federal do Piauı, Brasil; Departamento de Computacão, Universidade Federal do Piauí, Brasil; Federal University of Piaui",BR,Revista de Informática Teórica e Aplicada - Federal University of Rio Grande do Sul,"Francisco Imperes Filho, Vinícius Ponte Machado, Rodrigo Veras, Kelson Aires, Aline Montenegro Leal Silva",2020.0
✅ Identified,Brazil,Road Surface Classification with Images Captured From Low-cost Camera - Road Traversing Knowledge (RTK) Dataset,"Instituto Federal de Educação, Ciência e Tecnologia de Santa Catarina; Universidade Federal de Santa Catarina","Graduate Program in Computer Science (PPGCC), Federal University of Santa Catarina (UFSC).

Image Processing and Computer Graphics Lab (Lapix) at Brazilian Institute for Digital Convergence (INCoD), Federal University of Santa Catarina (UFSC), Brazil; Graduate Program in Computer Science (PPGCC), Federal University of Santa Catarina (UFSC).

Image Processing and Computer Graphics Lab (Lapix) at Brazilian Institute for Digital Convergence (INCoD), Federal University of Santa Catarina (UFSC), Brazil; Image Processing and Computer Graphics Lab (Lapix) at Brazilian Institute for Digital Convergence (INCoD), Federal University of Santa Catarina (UFSC), Brazil",BR,Revista de Informática Teórica e Aplicada - Federal University of Rio Grande do Sul,"Thiago Rateke, Karla Aparecida Justen, Aldo von Wangenheim",2019.0
✅ Identified,Brazil,Models to evaluate service Provisioning over Cloud Computing Environments - A Blockchain-As-A-Service case study,Universidade Federal de Pernambuco,Federal University of Pernambuco,BR,Revista de Informática Teórica e Aplicada - Federal University of Rio Grande do Sul,"Carlos Melo, Jamilson Dantas, Ronierison Maciel, Paulo Silva, Paulo Maciel",2019.0
⚠️ Missing,❌ None,SafeFollowing: A collaborative model for public security agents to assist people with disabilities and the elderly,University of the Sinos Valley,University of the Sinos Valley,,Revista de Informática Teórica e Aplicada - Federal University of Rio Grande do Sul,"Christian Moreira Matos, Vítor Kehl Matter, Fábio Viegas, Márcio Garcia Martins, João Elison da Rosa Tavares, Jorge Luís Victória Barbosa",2019.0
✅ Identified,"Peru, Brazil",A Computational Strategy for Classification of Enem Issues Based on Item Response Theory,"Faculdade de Agudos; Instituto Federal de Educação, Ciência e Tecnologia de Minas Gerais; Universidad San Pedro; Universidade Federal de Minas Gerais","Federal Institute of Minas Gerais, Campus Bambui, Brazil; Federal University of Minas Gerais, Brazil; IFMG; UFMG; USP; gerac ¸ão de provas balanceadas. Para isso, foi utilizado o algoritmo K-means,; para agrupar as quest ões em tr ês grupos de dificuldade: f áceis,; álculos dos par âmetros da Teoria de Resposta ao Item (TRI) de quest ões que j á foram aplicadas no ENEM e, com base neles, as classifica em grupos de dificuldade, possibilitando, assim,",BR; PE,Revista de Informática Teórica e Aplicada - Federal University of Rio Grande do Sul,"Gustavo Henrique Nunes, Bruno Alberto Soares Oliveira, Ciniro Aparecido Leite Nametala",2020.0
✅ Identified,Brazil,HICOLM: High-Performance Platform of Physical Simulations by Using Low Computational Cost Methods,Instituto Federal do Paraná,"Instituto Federal do Paraná, Campus Irati",BR,Revista de Informática Teórica e Aplicada - Federal University of Rio Grande do Sul,Flaviano Williams Fernandes,2019.0
✅ Identified,Brazil,"Traveling Salesman Problem with Optional Bonus Collection, Pickup Time and Passengers","Hospital Oncológico Docente ""Conrado Benítez García""; Universidade Federal do Rio Grande do Norte","Departamento de Inform ática e Matem ática Aplicada , Universidade Federal do Rio Grande do Norte , Natal , Rio Grande do Norte , Brasil; Departamento de Inform ática e Matem ática Aplicada, Universidade Federal do Rio Grande do Norte, Natal, Rio Grande do Norte, Brasil; Universidade Federal do Rio Grande do Norte; conjunto de arestas, um ciclo Hamiltoniano de custo mínimo; possui inúmeras aplicac ¸ões práticas em diversas áreas,",BR; CU,Revista de Informática Teórica e Aplicada - Federal University of Rio Grande do Sul,"José Gomes Lopes Filho, Marco C. Goldbarg, Elizabeth Ferreira Gouvêa Goldbarg, Vinícius Araújo Petch",2020.0
✅ Identified,Brazil,Performability Evaluation of Voice Services in Converged Networks,Universidade Federal de Alagoas,Federal University of Alagoas,BR,Revista de Informática Teórica e Aplicada - Federal University of Rio Grande do Sul,"Almir Pereira Guimarães, Dênis Da Silva Rodrigues, Bruno Nogueira",2020.0
✅ Identified,Brazil,Prize Collecting Traveling Salesman Problem with Ridesharing,Universidade Federal do Rio Grande do Norte,"Departamento de Inform ática e Matem ática Aplicada , Universidade Federal do Rio Grande do Norte , Natal , Rio Grande do Norte , Brasil; Departamento de Inform ática e Matem ática Aplicada, Universidade Federal do Rio Grande do Norte, Natal, Rio Grande do Norte, Brasil; UFRN",BR,Revista de Informática Teórica e Aplicada - Federal University of Rio Grande do Sul,"Ygor Alcântara de Medeiros, Marco C. Goldbarg, Elizabeth Ferreira Gouvêa Goldbarg",2020.0
✅ Identified,Brazil,WebGIS development for base flow separation and recharge estimation,Universidade de Caxias do Sul,University of Caxias do Sul,BR,Revista de Informática Teórica e Aplicada - Federal University of Rio Grande do Sul,"Taison Anderson Bortolin, Lucas Moraes dos Santos, Adriano Gomes da Silva, Vânia Elisabete Schneider",2020.0
✅ Identified,Brazil,Water Resources Analysis: An Approach based on Agent-Based Modeling,Universidade Federal do Rio Grande,-Universidade Federal do Rio Grande (FURG) -Brasil; FURG; Sistemas Multiagente -Recursos Naturais -Modelo Baseado em Agente -GAMA; UFPel,BR,Revista de Informática Teórica e Aplicada - Federal University of Rio Grande do Sul,"Giovani Farias, Bruna Leitzke, Míriam Blank Born, Marílton Sanchotene de Aguiar, Diana F. Adamatti",2020.0
✅ Identified,Brazil,Effects of reward distribution strategies and perseverance profiles on agent-based coalitions dynamics,Universidade Politecnica; Universidade de São Paulo,Escola Politécnica da Universidade de São Paulo,BR; MZ,Revista de Informática Teórica e Aplicada - Federal University of Rio Grande do Sul,"Luís Gustavo Ludescher, Jaime Simão Sichman",2020.0
✅ Identified,Brazil,Mosaik and PADE: Multiagents and Co-simulation for smart grids modeling,Universidade Federal do Ceará; Universidade Federal do Pará,"Departamento de Engenharia Elétrica , Universidade Federal do Ceará , Brazil; Departamento de Engenharia Elétrica, Universidade Federal do Ceará, Brazil; Faculdade de Computação -Instituto de Ciências Exatas e Naturais , Universidade Federal do Pará , Brazil; Faculdade de Computação -Instituto de Ciências Exatas e Naturais, Universidade Federal do Pará, Brazil; Federal University of Ceará",BR,Revista de Informática Teórica e Aplicada - Federal University of Rio Grande do Sul,"Lucas Silveira Melo, Filipe Saraiva, Ruth Pastôra Saraiva Leão, Raimundo Furtado Sampaio, Giovanni Cordeiro Barroso",2020.0
✅ Identified,Brazil,Unsupervised Feature Selection Methodology for Clustering in High Dimensionality Datasets,Universidade Federal de Pernambuco,Universidade Federal de Pernambuco,BR,Revista de Informática Teórica e Aplicada - Federal University of Rio Grande do Sul,"Marcos de Oliveira, Sergio Queiroz",2020.0
✅ Identified,Brazil,Studying the Performance of Cognitive Models in Time Series Forecasting,Universidade Federal Rural de Pernambuco; Universidade Federal do Cariri,Univerisdade Federal Rural de Pernambuco; Universidade Federal do Cariri,BR,Revista de Informática Teórica e Aplicada - Federal University of Rio Grande do Sul,"Ademir Batista Santos Neto, Tiago Alessandro Espindola Ferreira, Maria C. M. Batista, Paulo Renato Alves Firmino",2020.0
✅ Identified,Brazil,Aplicação de redes neurais ART e análise de textura para a classificação do estado de alteração de agregados minerais,Universidade Estadual de Ponta Grossa,Instituto de Física de São Carlos; Universidade Estadual de Ponta Grossa,BR,Revista de Informática Teórica e Aplicada - Federal University of Rio Grande do Sul,"Luciano José Senger, Lilian Tais de Gouveia",2011.0
✅ Identified,Brazil,Arisa Nest – A Cloud-Based Platform for Development of Virtual Assistant,Polydoro Ernani de São Thiago University Hospital; Universidade Federal de Santa Catarina; Universidade do Sul de Santa Catarina,"Departamento de Automação e Sistemas, Universidade Federal de Santa Catarina, Florianópolis, Santa Catarina, Brasil; UFSC; Universidade do Sul de Santa Catarina",BR,Revista de Informática Teórica e Aplicada - Federal University of Rio Grande do Sul,"Saulo Popov Zambiasi, Ricardo J. Rabelo",2020.0
✅ Identified,Brazil,Reactive multi-agent system applied to self-healing in Smart Grids,Universidade Federal do Pará,Universidade Federal do Pará,BR,Revista de Informática Teórica e Aplicada - Federal University of Rio Grande do Sul,"Ítalo Ramon da Costa Campos, Filipe Saraiva",2020.0
✅ Identified,Brazil,Comparison of Classical Computer Vision vs. Convolutional Neural Networks for Weed Mapping in Aerial Images,Universidade Federal de Santa Catarina,Federal University of Santa Catarina,BR,Revista de Informática Teórica e Aplicada - Federal University of Rio Grande do Sul,"Paulo César Pereira Júnior, Alexandre Monteiro, Rafael Ribeiro, Antonio Carlos Sobieranski, Aldo von Wangenheim",2020.0
✅ Identified,Brazil,Scrumie: Scrum Teaching Agent Oriented Game,Universidade do Estado do Rio de Janeiro,"Departamento de Informa ́tica e Cieˆncia da Computac ̧a ̃o, Universidade do Estado do Rio de Janeiro, Brasil; Programa de Mestrado em Cieˆncias Computacionais, Universidade do Estado do Rio de Janeiro, Brasil; UERJ-Universidade do Estado do Rio de Janeiro",BR,Revista de Informática Teórica e Aplicada - Federal University of Rio Grande do Sul,"Leonardo Lima Marinho, Suelen Regina C. dos Santos, Leonardo Andrade, Bruna Cons, Marcelo Schots, Vera Maria B. Werneck",2020.0
✅ Identified,Brazil,Int-FLBCC: Model for Load Balancing in Cloud Computing using Fuzzy Logic Type-2 and Admissible Orders.,Universidade Federal de Pelotas,"Centro de Desenvolvimento Tecnológico (CDTEC), Universidade Federal de Pelotas (UFPel), Pelotas, Rio Grande do Sul, Brasil",BR,Revista de Informática Teórica e Aplicada - Federal University of Rio Grande do Sul,"Guilherme Bayer Schneider, Bruno Moura, Adenauer Yamin, Renata Reiser",2020.0
✅ Identified,Brazil,"Similar Yet Different: the Structure of Social Networks of Characters in Seinfeld, Friends, How I met Your Mother, and The Big Bang Theory",Universidade Federal do Rio Grande do Sul,Universidade Federal do Rio Grande do Sul,BR,Revista de Informática Teórica e Aplicada - Federal University of Rio Grande do Sul,Ana L. C. Bazzan,2020.0
✅ Identified,Brazil,DenseNet-DC: Optimizing DenseNet Parameters Through Feature Map Generation Control,"Universidade do Estado de Santa Catarina, Centro de Ciências Tecnológicas. 
Rua Paulo Malschitzki, s/numero - Campus Universitário Prof. Avelino Marcante
Zona Industrial Norte
89219-710 - Joinville, SC - Brasil
Telefone: (47) 40097900
Ramal: 7832
Fax: (47) 40097940
URL da Homepage: http://www.joinville.udesc.br/portal/professores/andretavares/","Universidade do Estado de Santa Catarina, Centro de Ciências Tecnológicas. 
Rua Paulo Malschitzki, s/numero - Campus Universitário Prof. Avelino Marcante
Zona Industrial Norte
89219-710 - Joinville, SC - Brasil
Telefone: (47) 40097900
Ramal: 7832
Fax: (47) 40097940
URL da Homepage: http://www.joinville.udesc.br/portal/professores/andretavares/",Brazil,Revista de Informática Teórica e Aplicada - Federal University of Rio Grande do Sul,"André Tavares da Silva, Cristiano Roberto Siebert",2020.0
✅ Identified,Brazil,Reasoning about Partial Correctness Assertions in Isabelle/HOL,"Av. Marechal Andrea 11/210, Porto Alegre/RS/Brasil","Av. Marechal Andrea 11/210, Porto Alegre/RS/Brasil",Brazil,Revista de Informática Teórica e Aplicada - Federal University of Rio Grande do Sul,Alfio Martini,2020.0
✅ Identified,Brazil,Experiments on Model-Based Software Energy Consumption Analysis Involving Sorting Algorithms,Universidade Estadual do Ceará; Universidade Federal do Rio Grande do Sul,Universidade Estadual do Ceará; Universidade Federal do Rio Grande do Sul,BR,Revista de Informática Teórica e Aplicada - Federal University of Rio Grande do Sul,"Danilo Silva Alves, Oseias Ayres Ferreira, Lúcio Mauro Duarte, Davi Silva, Paulo Henrique M. Maia",2020.0
✅ Identified,Brazil,Automatic identification of knowledge related to dengue cases in the state of Piauí in public databases using Filtered-Association Rules Networks,State University of Vale do Acaraú; Universidade Estadual do Piauí; Universidade de São Paulo,"Universidade Estadual Vale do Acaraú; Universidade Estadual do Piauí; Universidade Estadual do Piauí (UESPI) -- Campus Alexandre Alves de Oliveira -- Parnaíba, PI -- Brazil; Universidade de São Paulo",BR,Revista de Informática Teórica e Aplicada - Federal University of Rio Grande do Sul,"Joan Davi Santos Silva, Jâina Carolina Meneses Calçada, Solange Oliveira Rezende, Dário Brito Calçada",2020.0
