article_index,title,year,total_authors,is_multi_author,male_count,female_count,unknown_count,has_female,has_male,composition,detailed_composition,first_author_gender,last_author_gender,first_author_female,last_author_female,first_author_male,last_author_male,country,year_clean
0,Geração de Testes de Desempenho e Estresse a partir de Testes Funcionais,2011.0,3,True,2,0,1,False,True,Multi-Author (Only Men),Multi-Author (Only Men),unknown,male,False,False,False,True,Brazil,2011
1,A Mechanized Proof of a Textbook Type Unification Algorithm,2020.0,3,True,3,0,0,False,True,Multi-Author (Only Men),Multi-Author (Only Men),male,male,False,False,True,True,Brazil,2020
2,A New Artificial Immune System Based on Continuous Learning for Pattern Recognition,2020.0,3,True,2,1,0,True,True,Multi-Author (More Men),Multi-Author (More Men),female,male,True,False,False,True,Brazil,2020
3,Low-Latency f0 Estimation for the Finger Plucked Electric Bass Guitar Using the Absolute Difference Function,2020.0,2,True,2,0,0,False,True,Multi-Author (Only Men),Multi-Author (Only Men),male,male,False,False,True,True,Brazil,2020
4,TSML: A XML-based Format for Exchange of Training Samples for Pattern Recognition in Remote Sensing Images,2011.0,3,True,1,1,1,True,True,Multi-Author (Equal Gender),Multi-Author (Equal Gender),female,unknown,True,False,False,False,Brazil,2011
5,Creating Digital Musical Instruments with libmosaic-sound and Mosaicode,2020.0,2,True,2,0,0,False,True,Multi-Author (Only Men),Multi-Author (Only Men),male,male,False,False,True,True,Brazil,2020
6,Overload Control in a Token Player for a Fuzzy Workflow Management System,2021.0,2,True,1,1,0,True,True,Multi-Author (Equal Gender),Multi-Author (Equal Gender),male,female,False,True,True,False,Brazil,2021
7,An operational support approach for Mining Unstructured Business Processes,2021.0,4,True,1,3,0,True,True,Multi-Author (More Women),Multi-Author (More Women),female,male,True,False,False,True,United States,2021
8,Cloud infrastructure for HPC investment analysis,2020.0,2,True,2,0,0,False,True,Multi-Author (Only Men),Multi-Author (Only Men),male,male,False,False,True,True,Brazil,2020
9,Business Process Models in the Context of Predictive Process Monitoring,2021.0,1,False,1,0,0,False,True,Single Man,Single Man,male,male,False,False,True,True,Unknown,2021
10,Integrating Exploitative and Explorative Thinking in Business Process Analysis: A Conceptual Model and Method,2021.0,2,True,1,1,0,True,True,Multi-Author (Equal Gender),Multi-Author (Equal Gender),female,male,True,False,False,True,Brazil,2021
11,A Model for Predicting Music Popularity on Streaming Platforms,2020.0,3,True,3,0,0,False,True,Multi-Author (Only Men),Multi-Author (Only Men),male,male,False,False,True,True,Brazil,2020
12,An Agent-Based Model for Simulating Irrigated Agriculture in the Samambaia Basin in Goiás,2021.0,4,True,2,2,0,True,True,Multi-Author (Equal Gender),Multi-Author (Equal Gender),male,female,False,True,True,False,Brazil,2021
13,Hash Tables for a Digital Lexicon,2021.0,3,True,2,0,1,False,True,Multi-Author (Only Men),Multi-Author (Only Men),male,male,False,False,True,True,Brazil,2021
14,System for Identifying Pests and Diseases in Soybean Crop through Natural Language Processing,2022.0,2,True,0,1,1,True,False,Multi-Author (Only Women),Multi-Author (Only Women),female,unknown,True,False,False,False,Brazil,2022
15,Centralized Algorithms Based on Clustering with Self-tuning of Parameters for Cooperative Target Observation,2021.0,3,True,3,0,0,False,True,Multi-Author (Only Men),Multi-Author (Only Men),male,male,False,False,True,True,Brazil,2021
16,Dimensioning the relationship between availability and data center energy flow metrics,2020.0,4,True,4,0,0,False,True,Multi-Author (Only Men),Multi-Author (Only Men),male,male,False,False,True,True,Brazil,2020
17,Iracema: a Python library for audio content analysis,2020.0,3,True,3,0,0,False,True,Multi-Author (Only Men),Multi-Author (Only Men),male,male,False,False,True,True,Unknown,2020
18,Challenges and Perspectives on Real-time Singing Voice Synthesis,2020.0,2,True,2,0,0,False,True,Multi-Author (Only Men),Multi-Author (Only Men),male,male,False,False,True,True,Brazil,2020
19,Optimization Inspired on Herd Immunity Applied to Non-Hierarchical Grouping of Objects,2021.0,1,False,1,0,0,False,True,Single Man,Single Man,male,male,False,False,True,True,Spain,2021
20,Co-creating Service-Dominant Business Artifacts with Action Design Research,2021.0,1,False,1,0,0,False,True,Single Man,Single Man,male,male,False,False,True,True,Unknown,2021
21,The Explainable Business Process (XBP) - An Exploratory Research,2021.0,2,True,0,2,0,True,False,Multi-Author (Only Women),Multi-Author (Only Women),female,female,True,True,False,False,Brazil,2021
22,Classification Based on Rules for the Study of Cotton Productivity in the State of Mato Grosso,2021.0,4,True,3,1,0,True,True,Multi-Author (More Men),Multi-Author (More Men),female,male,True,False,False,True,Brazil,2021
23,Using the Myers-Briggs Type Indicator (MBTI) for Modeling Multiagent Systems,2022.0,2,True,2,0,0,False,True,Multi-Author (Only Men),Multi-Author (Only Men),male,male,False,False,True,True,Brazil,2022
24,A Novel Approach to the Measurement of Bourdieusian Social Capital within Institutional Pages and Profiles,2022.0,3,True,3,0,0,False,True,Multi-Author (Only Men),Multi-Author (Only Men),male,male,False,False,True,True,Brazil,2022
25,Implantação de Medição no Processo de Desenvolvimento de Software – Relato de Experiência e Lições Aprendidas,2011.0,5,True,2,3,0,True,True,Multi-Author (More Women),Multi-Author (More Women),female,male,True,False,False,True,Brazil,2011
26,An Adaptive Trust Model Based on Fuzzy Logic,2022.0,4,True,3,1,0,True,True,Multi-Author (More Men),Multi-Author (More Men),male,male,False,False,True,True,Brazil,2022
27,A Conceptual Model for Situating Purposes in Artificial Institutions,2022.0,3,True,3,0,0,False,True,Multi-Author (Only Men),Multi-Author (Only Men),male,male,False,False,True,True,Brazil,2022
28,Integrating Embedded Multiagent Systems with Urban Simulation Tools and IoT Applications,2022.0,6,True,6,0,0,False,True,Multi-Author (Only Men),Multi-Author (Only Men),male,male,False,False,True,True,Brazil,2022
29,Towards Causal Effect Estimation of Emotional Labeling of Watched Videos,2022.0,2,True,1,0,1,False,True,Multi-Author (Only Men),Multi-Author (Only Men),unknown,male,False,False,False,True,Brazil,2022
30,Ab Initio Protein Structure Prediction Using Evolutionary Approach: A Survey,2021.0,2,True,1,1,0,True,True,Multi-Author (Equal Gender),Multi-Author (Equal Gender),male,female,False,True,True,False,Brazil,2021
31,The Notification Oriented Paradigm Language to Digital Hardware as an Intuitive High-level Synthesis Tool,2021.0,5,True,5,0,0,False,True,Multi-Author (Only Men),Multi-Author (Only Men),male,male,False,False,True,True,Brazil,2021
32,Identificação da Autoria de Manuscritos com Base em Atributos Genéticos e Genéricos da Escrita,2011.0,4,True,3,1,0,True,True,Multi-Author (More Men),Multi-Author (More Men),female,male,True,False,False,True,Brazil,2011
33,A Review of Testbeds on SCADA Systems with Malware Analysis,2022.0,4,True,4,0,0,False,True,Multi-Author (Only Men),Multi-Author (Only Men),male,male,False,False,True,True,Brazil,2022
34,Ambiente Virtual Interativo com Colisão e Deformação de Objetos para Treinamento Médico,2011.0,3,True,2,1,0,True,True,Multi-Author (More Men),Multi-Author (More Men),male,female,False,True,True,False,Brazil,2011
35,QOC*: utilizando Design Rationale como ferramenta para gerenciar conhecimento em projetos de software,2010.0,2,True,1,1,0,True,True,Multi-Author (Equal Gender),Multi-Author (Equal Gender),male,female,False,True,True,False,Brazil,2010
36,Uso da ferramenta PreText para mineração de textos extraídos do NCBI para estudo epistemológico da Informática em Saúde,2010.0,4,True,3,1,0,True,True,Multi-Author (More Men),Multi-Author (More Men),female,male,True,False,False,True,Brazil,2010
37,ALUPAS: Avaliação de desempenho e consumo de energia de softwares para sistemas embarcados,2010.0,5,True,5,0,0,False,True,Multi-Author (Only Men),Multi-Author (Only Men),male,male,False,False,True,True,Brazil,2010
38,Avaliação Pró-ativa da Deterioração de Sistemas de Informação por meio de Medidas de Gestão,2010.0,3,True,2,1,0,True,True,Multi-Author (More Men),Multi-Author (More Men),male,female,False,True,True,False,Brazil,2010
39,High Performance Computing: CUDA as a Supporting Technology for Next Generation Augmented Reality Applications,2010.0,7,True,5,2,0,True,True,Multi-Author (More Men),Multi-Author (More Men),male,female,False,True,True,False,Brazil,2010
40,"Efeitos Visuais, uma Abordagem a Partir do Processamento Digital de Imagens",2010.0,2,True,2,0,0,False,True,Multi-Author (Only Men),Multi-Author (Only Men),male,male,False,False,True,True,Brazil,2010
41,Tutorial: Introdução à Visão Computacional usando OpenCV,2010.0,2,True,1,0,1,False,True,Multi-Author (Only Men),Multi-Author (Only Men),male,unknown,False,False,True,False,Brazil,2010
42,Evaluating the Causal Effect of Multimedia and Affective Temperament in Felt Emotion and Liking,2022.0,2,True,0,1,1,True,False,Multi-Author (Only Women),Multi-Author (Only Women),female,unknown,True,False,False,False,Brazil,2022
43,Análise do Controle Motor com Interações usando Dispositivos Convencionais e Realidade Aumentada,2011.0,4,True,2,2,0,True,True,Multi-Author (Equal Gender),Multi-Author (Equal Gender),male,male,False,False,True,True,Brazil,2011
44,Variation Detection applied in User Signature Verification,2011.0,3,True,3,0,0,False,True,Multi-Author (Only Men),Multi-Author (Only Men),male,male,False,False,True,True,Brazil,2011
45,Contributions on Computer Music from the SBCM 2019,2021.0,2,True,2,0,0,False,True,Multi-Author (Only Men),Multi-Author (Only Men),male,male,False,False,True,True,Brazil,2021
46,Aprendizado e Controle de Robôs Móveis Autônomos Utilizando Atenção Visual,2011.0,2,True,2,0,0,False,True,Multi-Author (Only Men),Multi-Author (Only Men),male,male,False,False,True,True,Brazil,2011
47,Estratégias de Atualização de Políticas para a Coordenação de Agentes Baseados em Enxames,2011.0,2,True,2,0,0,False,True,Multi-Author (Only Men),Multi-Author (Only Men),male,male,False,False,True,True,Brazil,2011
48,Exploring Supervised Techniques for Automated Recognition of Intention Classes from Portuguese Free Texts on Agriculture,2022.0,5,True,5,0,0,False,True,Multi-Author (Only Men),Multi-Author (Only Men),male,male,False,False,True,True,Brazil,2022
49,Building Contrastive Summaries of Subjective Text Via Opinion Ranking,2022.0,2,True,2,0,0,False,True,Multi-Author (Only Men),Multi-Author (Only Men),male,male,False,False,True,True,Brazil,2022
50,SSM: A Semantic Metasearch Platform for Scientific Data retrieval,2022.0,3,True,2,1,0,True,True,Multi-Author (More Men),Multi-Author (More Men),male,female,False,True,True,False,Brazil,2022
51,Stochastic Models for Planning VLE Moodle Environments based on Containers and Virtual Machines,2022.0,4,True,4,0,0,False,True,Multi-Author (Only Men),Multi-Author (Only Men),male,male,False,False,True,True,Brazil,2022
52,Efficient Breast Cancer Classification Using Histopathological Images and a Simple VGG,2022.0,2,True,2,0,0,False,True,Multi-Author (Only Men),Multi-Author (Only Men),male,male,False,False,True,True,Brazil,2022
53,Application of Profile Prediction for Proactive Scheduling,2022.0,4,True,3,1,0,True,True,Multi-Author (More Men),Multi-Author (More Men),male,male,False,False,True,True,Brazil,2022
54,Estimação de Probabilidade de Perda de Dados em Redes Através de Modelagem Multifractal de Tráfego e Teoria de Muitas Fontes,2011.0,2,True,1,1,0,True,True,Multi-Author (Equal Gender),Multi-Author (Equal Gender),male,female,False,True,True,False,Brazil,2011
55,Desenvolvimento e Avaliação de um Protocolo Eletrônico para Atendimento e Monitoramento do Paciente com Doença Celíaca,2011.0,5,True,3,1,1,True,True,Multi-Author (More Men),Multi-Author (More Men),unknown,male,False,False,False,True,Brazil,2011
56,Optimal Control and Adaptive Learning for Stabilization of a Quadrotor-type Unmanned Aerial Vehicle via Approximate Dynamic Programming,2022.0,4,True,2,1,1,True,True,Multi-Author (More Men),Multi-Author (More Men),male,unknown,False,False,True,False,Brazil,2022
57,SEGBEE: Mobile Application for Honey Segmentation in Apiary Boards,2022.0,3,True,3,0,0,False,True,Multi-Author (Only Men),Multi-Author (Only Men),male,male,False,False,True,True,Brazil,2022
58,"Multi-Objective, Multi-Armed Bandits: Algorithms for Repeated Games and Application to Route Choice",2023.0,3,True,1,2,0,True,True,Multi-Author (More Women),Multi-Author (More Women),female,male,True,False,False,True,Brazil,2023
59,Snake-3D na Modelagem Tridimensional e Medição do Comprimento de Arcos Elétricos,2011.0,3,True,2,1,0,True,True,Multi-Author (More Men),Multi-Author (More Men),male,female,False,True,True,False,Brazil,2011
60,Editorial: 20 anos da Revista de Informática Teórica e Aplicada,2010.0,3,True,3,0,0,False,True,Multi-Author (Only Men),Multi-Author (Only Men),male,male,False,False,True,True,Brazil,2010
61,Prefácio à Seção Especial dos Tutoriais do SIBGRAPI'08,2010.0,2,True,1,0,1,False,True,Multi-Author (Only Men),Multi-Author (Only Men),unknown,male,False,False,False,True,Brazil,2010
62,Neural Classification of Rotor Faults in Three-Phase Induction Motors using Electric Current Signals in the Frequency Domain,2023.0,3,True,3,0,0,False,True,Multi-Author (Only Men),Multi-Author (Only Men),male,male,False,False,True,True,Brazil,2023
63,Quantools: A MDA transformation approach,2010.0,3,True,1,1,1,True,True,Multi-Author (Equal Gender),Multi-Author (Equal Gender),male,unknown,False,False,True,False,Brazil,2010
65,Comparative Analysis of Blockchain-Based Platforms for Managing Electronic Health Records in the Public Healthcare System of Brazil,2022.0,1,False,1,0,0,False,True,Single Man,Single Man,male,male,False,False,True,True,Brazil,2022
66,Performance Assessment of a Wireless Mesh Network for Post-harvest Food Quality Traceability of Fruit Products: A Case Study,2023.0,5,True,5,0,0,False,True,Multi-Author (Only Men),Multi-Author (Only Men),male,male,False,False,True,True,Portugal,2023
67,HiME: Hierarchical i* Modeling Editor,2010.0,3,True,2,1,0,True,True,Multi-Author (More Men),Multi-Author (More Men),female,male,True,False,False,True,Spain,2010
68,An Ontology-Based Framework for Heterogeneous Data Sources Integration,2010.0,5,True,2,3,0,True,True,Multi-Author (More Women),Multi-Author (More Women),female,female,True,True,False,False,Brazil,2010
69,A Temporal-Rule Based Verification System for Business Collaboration Reliability,2010.0,3,True,3,0,0,False,True,Multi-Author (Only Men),Multi-Author (Only Men),male,male,False,False,True,True,Unknown,2010
70,Semantic Web and Knowledge Management in User Data Privacy,2010.0,9,True,7,2,0,True,True,Multi-Author (More Men),Multi-Author (More Men),male,male,False,False,True,True,Unknown,2010
71,MatchMaking – A Tool to Match OWL Schemas,2010.0,3,True,3,0,0,False,True,Multi-Author (Only Men),Multi-Author (Only Men),male,male,False,False,True,True,Brazil,2010
72,Web Information Extraction by Semantic Tagging,2010.0,4,True,4,0,0,False,True,Multi-Author (Only Men),Multi-Author (Only Men),male,male,False,False,True,True,Unknown,2010
73,SAMSTARplus: An Automatic Tool for Generating Multi- Dimensional Schemas from an Entity-Relationship Diagram,2010.0,7,True,3,2,2,True,True,Multi-Author (More Men),Multi-Author (More Men),male,unknown,False,False,True,False,South Korea,2010
74,An Approach for Reducing the Gap between BPMN Models and Implementation Artifacts,2010.0,11,True,11,0,0,False,True,Multi-Author (Only Men),Multi-Author (Only Men),male,male,False,False,True,True,Brazil,2010
75,A Frame-Based System for Automatic Classification of Semi- Structured Data,2010.0,2,True,2,0,0,False,True,Multi-Author (Only Men),Multi-Author (Only Men),male,male,False,False,True,True,Brazil,2010
76,Dealing with Uncertainty in Lexical Annotation,2010.0,4,True,1,3,0,True,True,Multi-Author (More Women),Multi-Author (More Women),female,male,True,False,False,True,Unknown,2010
77,Towards Generating Richer Code by Binding Security Abstractions to BPMN Task Types,2010.0,11,True,11,0,0,False,True,Multi-Author (Only Men),Multi-Author (Only Men),male,male,False,False,True,True,Brazil,2010
78,An Eclipse-based Tool for Model Driven Web Applications with Personalization Support,2010.0,4,True,3,1,0,True,True,Multi-Author (More Men),Multi-Author (More Men),female,male,True,False,False,True,Unknown,2010
79,Chatbot Optimization using Sentiment Analysis and Timeline Navigation,2023.0,2,True,2,0,0,False,True,Multi-Author (Only Men),Multi-Author (Only Men),male,male,False,False,True,True,Brazil,2023
80,Conceptual Modeling: the Linguistic Approach,2010.0,3,True,1,2,0,True,True,Multi-Author (More Women),Multi-Author (More Women),female,male,True,False,False,True,Unknown,2010
81,UMLtoSBVR: An SBVR-based tool to validate UML conceptual schemas,2010.0,3,True,1,2,0,True,True,Multi-Author (More Women),Multi-Author (More Women),female,female,True,True,False,False,Spain,2010
82,The Animated Database Courseware (ADbC) and the Database Design Module,2010.0,2,True,1,1,0,True,True,Multi-Author (Equal Gender),Multi-Author (Equal Gender),male,female,False,True,True,False,Brazil,2010
83,Aumento de Resolução Temporal de Sequências de Imagens do Trato Vocal por meio de Registro das Imagens,2010.0,3,True,2,1,0,True,True,Multi-Author (More Men),Multi-Author (More Men),female,male,True,False,False,True,Brazil,2010
84,Eliminação de Ruído Impulsivo Usando um Filtro Mediano Seletivo e Difusão Isotrópica,2010.0,2,True,2,0,0,False,True,Multi-Author (Only Men),Multi-Author (Only Men),male,male,False,False,True,True,Brazil,2010
85,HSM: A New Color Space used in the Processing of Color Images,2010.0,2,True,2,0,0,False,True,Multi-Author (Only Men),Multi-Author (Only Men),male,male,False,False,True,True,United States,2010
86,An Approach Based on Maintainability Criteria for Building Aspect-Oriented Software Design Model,2010.0,7,True,6,1,0,True,True,Multi-Author (More Men),Multi-Author (More Men),male,male,False,False,True,True,Brazil,2010
87,COVID-19 Detection Using Forced Cough Sounds and Medical Information,2023.0,4,True,4,0,0,False,True,Multi-Author (Only Men),Multi-Author (Only Men),male,male,False,False,True,True,Brazil,2023
88,Autism Spectrum Disorder Diagnosis Assistance using Machine Learning,2022.0,3,True,2,0,1,False,True,Multi-Author (Only Men),Multi-Author (Only Men),male,male,False,False,True,True,Brazil,2022
89,Editorial,2010.0,1,False,1,0,0,False,True,Single Man,Single Man,male,male,False,False,True,True,Brazil,2010
90,Avaliação do Desempenho da Utilização de Threads em user level em Linux,2011.0,2,True,2,0,0,False,True,Multi-Author (Only Men),Multi-Author (Only Men),male,male,False,False,True,True,Brazil,2011
92,Modelo Estatístico para a Determinação do Número Ótimo de Iterações do Filtro de Difusão Anisotrópica Aplicado à Redução de Ruído de Imagens de Ressonância Magnética do Cérebro,2011.0,6,True,6,0,0,False,True,Multi-Author (Only Men),Multi-Author (Only Men),male,male,False,False,True,True,Brazil,2011
93,Livestock Monitoring Prototype Implementation and Validation,2023.0,4,True,4,0,0,False,True,Multi-Author (Only Men),Multi-Author (Only Men),male,male,False,False,True,True,Portugal,2023
94,Catboost Algorithm Application in Legal Texts and UN 2030 Agenda,2023.0,5,True,2,3,0,True,True,Multi-Author (More Women),Multi-Author (More Women),male,male,False,False,True,True,Brazil,2023
95,Inteligência Swarm e Equilíbrio de Verhulst Aplicados à Alocação de Potência em Redes Ópticas CDMA Particionadas,2011.0,3,True,2,0,1,False,True,Multi-Author (Only Men),Multi-Author (Only Men),unknown,male,False,False,False,True,Brazil,2011
96,Integração de evidências em redes credais e a regra de Jeffrey,2011.0,3,True,2,1,0,True,True,Multi-Author (More Men),Multi-Author (More Men),male,male,False,False,True,True,Unknown,2011
97,The Use of Technology in the Diagnosis and Treatment of Epilepsy: Trends and Open Issues,2023.0,5,True,3,1,1,True,True,Multi-Author (More Men),Multi-Author (More Men),unknown,male,False,False,False,True,Portugal,2023
98,"Road Pavement Damage Detection using Computer Vision Techniques: Approaches, Challenges and Opportunities",2023.0,5,True,5,0,0,False,True,Multi-Author (Only Men),Multi-Author (Only Men),male,male,False,False,True,True,Portugal,2023
99,Evaluation of the Relationship Between the Age of the Patient and the Mandibular Trabecular Bone Structure Through Dental Cone Beam Tomographic Images by Means of a Convolutional Neural Network,2023.0,3,True,2,1,0,True,True,Multi-Author (More Men),Multi-Author (More Men),male,female,False,True,True,False,Brazil,2023
100,Predictive Maintenance based on Log Analysis: A Systematic Review,2024.0,3,True,3,0,0,False,True,Multi-Author (Only Men),Multi-Author (Only Men),male,male,False,False,True,True,Portugal,2024
101,Automated Lung Region Segmentation in Pediatric Chest Radiography,2024.0,5,True,3,2,0,True,True,Multi-Author (More Men),Multi-Author (More Men),male,male,False,False,True,True,Brazil,2024
103,Image Classification Using Convolutional Neural Networks for Automatic Correction of Multiprova Answer Sheets,2024.0,4,True,4,0,0,False,True,Multi-Author (Only Men),Multi-Author (Only Men),male,male,False,False,True,True,Brazil,2024
104,Use of wearable chemical sensors in IoT: a systematic literature review,2024.0,5,True,3,1,1,True,True,Multi-Author (More Men),Multi-Author (More Men),male,male,False,False,True,True,Brazil,2024
105,Machine Learning Algorithms for Peripheral Blood Cell Classification - A Hemovision Project Experience,2023.0,5,True,4,1,0,True,True,Multi-Author (More Men),Multi-Author (More Men),female,male,True,False,False,True,Brazil,2023
106,Predicting Startup Success Using Tree-Based Machine Learning Algorithms,2024.0,6,True,6,0,0,False,True,Multi-Author (Only Men),Multi-Author (Only Men),male,male,False,False,True,True,Unknown,2024
107,Machine learning in medicine using JavaScript: building web apps using TensorFlow.js for interpreting biomedical datasets,2024.0,1,False,1,0,0,False,True,Single Man,Single Man,male,male,False,False,True,True,Spain,2024
109,"Detection and Pose Adjustment in Physical Exercises using Computer Vision Techniques: Approaches, Challenges and Opportunities",2024.0,4,True,4,0,0,False,True,Multi-Author (Only Men),Multi-Author (Only Men),male,male,False,False,True,True,Portugal,2024
110,Performance Evaluation and Operational Availability of a Textile Manufacturing 4.0 Using Stochastic Petri Nets,2024.0,3,True,3,0,0,False,True,Multi-Author (Only Men),Multi-Author (Only Men),male,male,False,False,True,True,Brazil,2024
111,Prediction of Stock Prices Using Ensemble Models,2024.0,2,True,2,0,0,False,True,Multi-Author (Only Men),Multi-Author (Only Men),male,male,False,False,True,True,Brazil,2024
112,Framework for Security Risk Assessment (FSRA) and Fuzzy Risk Inference System (FRIS) based on Standard ISO/IEC 27002:2022,2024.0,3,True,2,0,1,False,True,Multi-Author (Only Men),Multi-Author (Only Men),male,unknown,False,False,True,False,Brazil,2024
113,Energy Consumption and Performance Evaluation of Multi-Model NoSQL DBMSs,2024.0,6,True,5,1,0,True,True,Multi-Author (More Men),Multi-Author (More Men),male,male,False,False,True,True,Brazil,2024
114,Modeling and Analysis of a Telesurgery Environment Considering a 5G Network,2024.0,4,True,4,0,0,False,True,Multi-Author (Only Men),Multi-Author (Only Men),male,male,False,False,True,True,Brazil,2024
115,Tutorial sobre Fuzzy-c-Means e Fuzzy Learning Vector Quantization: Abordagens Híbridas para Tarefas de Agrupamento e Classificação,2012.0,5,True,3,2,0,True,True,Multi-Author (More Men),Multi-Author (More Men),female,male,True,False,False,True,Brazil,2012
116,Rough Sets and Multilayer Perceptron in Tandem for Processing the Aleatory Uncertainty in COVID-19 Cases,2024.0,3,True,3,0,0,False,True,Multi-Author (Only Men),Multi-Author (Only Men),male,male,False,False,True,True,Brazil,2024
117,Comparative Study of Predictive Models Based on Moving Averages Applied in Binary Options in the Financial Market,2024.0,5,True,5,0,0,False,True,Multi-Author (Only Men),Multi-Author (Only Men),male,male,False,False,True,True,Brazil,2024
118,UnbIAs - Google Translate Gender Bias Mitigation and Addition of Genderless Translation,2024.0,4,True,2,2,0,True,True,Multi-Author (Equal Gender),Multi-Author (Equal Gender),female,male,True,False,False,True,Brazil,2024
119,Supervised Learning Algorithms Evaluation on Sweet Potato Data for Production Indices Considering Human Consumption,2024.0,8,True,7,1,0,True,True,Multi-Author (More Men),Multi-Author (More Men),male,male,False,False,True,True,Brazil,2024
120,Analysis of Forensic Tools for Recovery of Formatted Data: a case study with Microsoft Word files,2024.0,4,True,3,0,1,False,True,Multi-Author (Only Men),Multi-Author (Only Men),male,male,False,False,True,True,Brazil,2024
121,Systematic Literature Review on the Application of Controllers Based on Cellular Automata in Robotic Tasks,2024.0,2,True,0,2,0,True,False,Multi-Author (Only Women),Multi-Author (Only Women),female,female,True,True,False,False,Brazil,2024
122,Ontology for Healthcare AI Privacy in Brazil,2024.0,4,True,3,1,0,True,True,Multi-Author (More Men),Multi-Author (More Men),male,female,False,True,True,False,Brazil,2024
123,Parameterized Model for Multimedia-Content Placement of the Streaming Service on 5G Cellular Networks,2025.0,3,True,3,0,0,False,True,Multi-Author (Only Men),Multi-Author (Only Men),male,male,False,False,True,True,Brazil,2025
124,Machine Learning Applied to Biological Sequence Comparison: an Alignment-free Approach,2025.0,2,True,1,1,0,True,True,Multi-Author (Equal Gender),Multi-Author (Equal Gender),female,male,True,False,False,True,Brazil,2025
125,Symmetric Peer-to-Peer Applications,2025.0,1,False,1,0,0,False,True,Single Man,Single Man,male,male,False,False,True,True,Brazil,2025
126,A Bibliometric Study on the Applications of Neural Networks in Metal Surface Defect Inspection,2025.0,3,True,3,0,0,False,True,Multi-Author (Only Men),Multi-Author (Only Men),male,male,False,False,True,True,Brazil,2025
127,On the Use of Spectral Data from Smartphone Accelerometer Signals and Constituent Material for the Identification of Damaged Walls,2025.0,6,True,6,0,0,False,True,Multi-Author (Only Men),Multi-Author (Only Men),male,male,False,False,True,True,Brazil,2025
128,Comparison of AI Models for Data Extraction in Glucometers,2025.0,5,True,4,1,0,True,True,Multi-Author (More Men),Multi-Author (More Men),male,male,False,False,True,True,Brazil,2025
129,"Optimizing Mikrotik-Based Network Security using Address List, Firewall Filter Rules, and Raw Firewall",2025.0,3,True,2,1,0,True,True,Multi-Author (More Men),Multi-Author (More Men),male,male,False,False,True,True,Unknown,2025
130,Composite Material Defect Segmentation Using Deep Learning Models and Infrared Thermography,2025.0,2,True,2,0,0,False,True,Multi-Author (Only Men),Multi-Author (Only Men),male,male,False,False,True,True,Brazil,2025
131,A Speech Emotion Recognition Approach Using Discrete Wavelet Transform and Deep Learning Techniques in a Brazilian Portuguese Corpus,2025.0,2,True,1,1,0,True,True,Multi-Author (Equal Gender),Multi-Author (Equal Gender),male,female,False,True,True,False,Brazil,2025
132,Deep Semantic Segmentation Applied to Honey Bee Comb Cells,2025.0,4,True,3,1,0,True,True,Multi-Author (More Men),Multi-Author (More Men),male,male,False,False,True,True,Brazil,2025
133,Deep Learning-Based Instance Segmentation for Enhanced Navigation of Agricultural Vehicles,2025.0,7,True,7,0,0,False,True,Multi-Author (Only Men),Multi-Author (Only Men),male,male,False,False,True,True,Brazil,2025
134,Transfer Learning and Handcrafted Features Ensembles for Ultrasound Breast Cancer Image Classification,2025.0,9,True,7,2,0,True,True,Multi-Author (More Men),Multi-Author (More Men),female,male,True,False,False,True,Brazil,2025
135,New Approach for Soil Carbon and Nitrogen Assessment through Image Analysis: A Case Study with Oxisols and Inceptisols,2025.0,5,True,3,1,1,True,True,Multi-Author (More Men),Multi-Author (More Men),male,male,False,False,True,True,Brazil,2025
136,Mini-map Alignment Approach using Landmark Observation Information Intrinsic to the Feature-based Visual SLAM Pipeline,2025.0,3,True,3,0,0,False,True,Multi-Author (Only Men),Multi-Author (Only Men),male,male,False,False,True,True,Brazil,2025
137,Case Study of Deep Learning Methods for Depth Estimation in Indoor Ground Robotics,2025.0,8,True,7,0,1,False,True,Multi-Author (Only Men),Multi-Author (Only Men),male,unknown,False,False,True,False,Brazil,2025
138,Rust Detection in Coffee Leaves Using Otsu's Method and Mathematical Morphology,2025.0,5,True,3,2,0,True,True,Multi-Author (More Men),Multi-Author (More Men),male,male,False,False,True,True,Brazil,2025
139,Identifying Malignant Skin Diseases Through Deep Learning,2025.0,4,True,4,0,0,False,True,Multi-Author (Only Men),Multi-Author (Only Men),male,male,False,False,True,True,Brazil,2025
140,Medical Image Classification with Privacy: Centralized and Federated Learning Comparison,2025.0,5,True,2,2,1,True,True,Multi-Author (Equal Gender),Multi-Author (Equal Gender),female,male,True,False,False,True,Brazil,2025
141,Federated Learning in Breast Cancer Diagnosis,2025.0,4,True,2,1,1,True,True,Multi-Author (More Men),Multi-Author (More Men),unknown,male,False,False,False,True,Brazil,2025
142,Digital Fencing for Farms: Enhancing Object Detection through Multi-Dataset Integration,2025.0,4,True,3,1,0,True,True,Multi-Author (More Men),Multi-Author (More Men),female,male,True,False,False,True,Brazil,2025
143,Automatic Identification of Relevant Moments in Security Force Videos Using Multimodal Analysis,2025.0,2,True,1,1,0,True,True,Multi-Author (Equal Gender),Multi-Author (Equal Gender),female,male,True,False,False,True,Brazil,2025
144,Evaluating Deep Learning Models for Effective Weed Classification in Agricultural Images,2025.0,4,True,3,1,0,True,True,Multi-Author (More Men),Multi-Author (More Men),female,male,True,False,False,True,Brazil,2025
145,Aedes aegypti Egg Counting with Neural Networks for Object Detection,2025.0,8,True,5,3,0,True,True,Multi-Author (More Men),Multi-Author (More Men),female,male,True,False,False,True,Brazil,2025
146,Castor Beans Identification in Sugarcane Plantations Using Active Learning,2025.0,4,True,4,0,0,False,True,Multi-Author (Only Men),Multi-Author (Only Men),male,male,False,False,True,True,Brazil,2025
147,Analyzing Bee Behavior Through Video Tracking Using Computer Vision Techniques,2025.0,4,True,2,1,1,True,True,Multi-Author (More Men),Multi-Author (More Men),unknown,male,False,False,False,True,Brazil,2025
148,Data Augmentation and Convolutional Network Architecture Influence on Distributed Learning,2025.0,6,True,3,3,0,True,True,Multi-Author (Equal Gender),Multi-Author (Equal Gender),female,female,True,True,False,False,Brazil,2025
149,Portal to Other Dimensions: use of Computer Vision to create art work from day life images,2025.0,4,True,2,2,0,True,True,Multi-Author (Equal Gender),Multi-Author (Equal Gender),female,male,True,False,False,True,Brazil,2025
150,Construction of Rolled Digital for Newborns Using Image Registration,2025.0,6,True,5,0,1,False,True,Multi-Author (Only Men),Multi-Author (Only Men),male,unknown,False,False,True,False,Brazil,2025
151,Deep Learning-Based Segmentation of Nanomaterial Images Acquired via Scanning Electron Microscopy,2025.0,6,True,3,3,0,True,True,Multi-Author (Equal Gender),Multi-Author (Equal Gender),female,male,True,False,False,True,Brazil,2025
152,Classification of Agricultural Pests Through Digital Images Using Deep Learning,2025.0,5,True,4,1,0,True,True,Multi-Author (More Men),Multi-Author (More Men),male,male,False,False,True,True,Brazil,2025
153,Exploiting Data Augmentation Strategies to Improve the Classification of Spinal Disorders in X-Ray Images,2025.0,3,True,3,0,0,False,True,Multi-Author (Only Men),Multi-Author (Only Men),male,male,False,False,True,True,Brazil,2025
154,Automatic Detection and Counting of Tuta Absoluta Insect in Trap Images,2025.0,3,True,2,1,0,True,True,Multi-Author (More Men),Multi-Author (More Men),male,male,False,False,True,True,Brazil,2025
155,Fusion of Satellite and Drone Images for Identifying Water Bodies,2025.0,8,True,5,3,0,True,True,Multi-Author (More Men),Multi-Author (More Men),female,male,True,False,False,True,Brazil,2025
156,Artificial Intelligence for Gas Leak Detection with Thermal Cameras and Metal Oxide Semiconductor Sensors,2025.0,9,True,9,0,0,False,True,Multi-Author (Only Men),Multi-Author (Only Men),male,male,False,False,True,True,Brazil,2025
157,Big Data in Healthcare: Possibilities and Challenges - A Systematic Literature Review,2025.0,3,True,3,0,0,False,True,Multi-Author (Only Men),Multi-Author (Only Men),male,male,False,False,True,True,Portugal,2025
158,How Misleading Can The Analysis of Human Eye Movements Be? Experiments on Dominante Eye and Cognitive Visual Perception,2025.0,3,True,2,1,0,True,True,Multi-Author (More Men),Multi-Author (More Men),female,male,True,False,False,True,Brazil,2025
159,Sheep Behavioral Analysis with Optical Flow,2025.0,5,True,5,0,0,False,True,Multi-Author (Only Men),Multi-Author (Only Men),male,male,False,False,True,True,Brazil,2025
160,Leveraging Optimal Methods for Diverse Skin Types Classification in Images for Reduced Bias,2025.0,2,True,2,0,0,False,True,Multi-Author (Only Men),Multi-Author (Only Men),male,male,False,False,True,True,Brazil,2025
161,Renal Cancer Classification in Tomographic Images Using Convolutional Neural Networks to Assist Early Diagnosis,2025.0,4,True,3,1,0,True,True,Multi-Author (More Men),Multi-Author (More Men),male,male,False,False,True,True,Brazil,2025
162,Bulldogs Nose Detection using Deep Learning,2025.0,7,True,4,3,0,True,True,Multi-Author (More Men),Multi-Author (More Men),female,male,True,False,False,True,Brazil,2025
163,A Novel Brazilian Dataset for Automatic Detection of Psyllid Attacksin Guava,2025.0,4,True,2,1,1,True,True,Multi-Author (More Men),Multi-Author (More Men),male,unknown,False,False,True,False,Brazil,2025
164,Preprocessing and Optimizer impact on Image-Based Autoimmune Disease Diagnosis,2025.0,4,True,3,1,0,True,True,Multi-Author (More Men),Multi-Author (More Men),male,female,False,True,True,False,Brazil,2025
165,Segmentation of Skin Lesions and their Attributes in Dermatoscopic Images Based on Convolutional Neural Networks,2025.0,2,True,0,1,1,True,False,Multi-Author (Only Women),Multi-Author (Only Women),unknown,female,False,True,False,False,Brazil,2025
166,Classification of Cells Infected by Malaria with Vision Transformers Models,2025.0,7,True,6,0,1,False,True,Multi-Author (Only Men),Multi-Author (Only Men),male,male,False,False,True,True,Brazil,2025
167,Safer Stack: Safe Dump of Off-Highways Trucks in Slope Crest Windrows,2025.0,8,True,4,4,0,True,True,Multi-Author (Equal Gender),Multi-Author (Equal Gender),female,female,True,True,False,False,United States,2025
168,YOLO and CNN for Cat Detection and Recognition,2025.0,6,True,4,2,0,True,True,Multi-Author (More Men),Multi-Author (More Men),male,male,False,False,True,True,Brazil,2025
169,Application of Denoising Diffusion Probabilistic Methods in Fetal MRI,2025.0,3,True,2,1,0,True,True,Multi-Author (More Men),Multi-Author (More Men),female,male,True,False,False,True,Brazil,2025
170,Notification Oriented Paradigm based on Internet Protocol (NOP-IP) to Distributed Computing,2025.0,4,True,4,0,0,False,True,Multi-Author (Only Men),Multi-Author (Only Men),male,male,False,False,True,True,Brazil,2025
171,Do Deep Learning Models Generalize Facial Emotion Recognition in Different Age Groups?,2026.0,2,True,1,1,0,True,True,Multi-Author (Equal Gender),Multi-Author (Equal Gender),female,male,True,False,False,True,Brazil,2026
172,Exploring Topic Modeling in Short Texts from Social Media,2026.0,3,True,2,1,0,True,True,Multi-Author (More Men),Multi-Author (More Men),male,male,False,False,True,True,Brazil,2026
173,Transformers or Not,2026.0,2,True,2,0,0,False,True,Multi-Author (Only Men),Multi-Author (Only Men),male,male,False,False,True,True,Brazil,2026
174,NOPL - Improvements in the Language and its Compiler for the Notification Oriented Paradigm,2025.0,4,True,4,0,0,False,True,Multi-Author (Only Men),Multi-Author (Only Men),male,male,False,False,True,True,Brazil,2025
175,Hybrid Convolutional Neural Network on Fault Detection in Electroluminescence Images of Photovoltaic Cells,2025.0,3,True,3,0,0,False,True,Multi-Author (Only Men),Multi-Author (Only Men),male,male,False,False,True,True,Brazil,2025
176,An Ontology of Tobacco Production: Enriching Large Language Model-based Decision Support,2025.0,4,True,4,0,0,False,True,Multi-Author (Only Men),Multi-Author (Only Men),male,male,False,False,True,True,Brazil,2025
177,Hybrid Machine Learning Model for Cache Performance Prediction and Design Space Exploration,2025.0,3,True,1,2,0,True,True,Multi-Author (More Women),Multi-Author (More Women),female,male,True,False,False,True,India,2025
178,Machine Learning and Explainable Artificial Intelligence in Carbon Nanotubes Predictions,2026.0,3,True,1,2,0,True,True,Multi-Author (More Women),Multi-Author (More Women),male,female,False,True,True,False,Brazil,2026
179,Cognitive Modeling and its Applications in Industry:,2026.0,2,True,1,1,0,True,True,Multi-Author (Equal Gender),Multi-Author (Equal Gender),male,female,False,True,True,False,Brazil,2026
180,Synergizing CNNs and ViTs,2026.0,4,True,0,4,0,True,False,Multi-Author (Only Women),Multi-Author (Only Women),female,female,True,True,False,False,France,2026
181,Evaluating Contactless Fingerprint Segmentation for Interoperable Biometric Identification Systems,2026.0,2,True,2,0,0,False,True,Multi-Author (Only Men),Multi-Author (Only Men),male,male,False,False,True,True,Brazil,2026
182,Analyzing Code Commits Addressing Vulnerabilities in the Android Project,2026.0,3,True,3,0,0,False,True,Multi-Author (Only Men),Multi-Author (Only Men),male,male,False,False,True,True,Brazil,2026
183,A Systematic Literature Review of Autonomous Line-Following Robots using Reinforcement Learning,2026.0,4,True,2,1,1,True,True,Multi-Author (More Men),Multi-Author (More Men),male,male,False,False,True,True,Brazil,2026
184,Improving the Resilience of Smart City Systems During Network Outage,2026.0,3,True,2,0,1,False,True,Multi-Author (Only Men),Multi-Author (Only Men),unknown,male,False,False,False,True,Brazil,2026
185,Combining Complex Networks and Multi-level Local Binary Patterns for Texture Analysis,2026.0,1,False,1,0,0,False,True,Single Man,Single Man,male,male,False,False,True,True,Brazil,2026
186,PSO-based Client Selection to Improve Medical Image Classification in Federated Learning,2026.0,4,True,2,2,0,True,True,Multi-Author (Equal Gender),Multi-Author (Equal Gender),female,male,True,False,False,True,Brazil,2026
187,Ensemble of Handcrafted and Learned Features using a Lightweight CNN for Colorectal Cancer Classification,2026.0,2,True,1,1,0,True,True,Multi-Author (Equal Gender),Multi-Author (Equal Gender),female,male,True,False,False,True,Brazil,2026
188,Federated Learning on Non-IID Environmental Images for Enhanced Wildfire Surveillance,2026.0,4,True,2,2,0,True,True,Multi-Author (Equal Gender),Multi-Author (Equal Gender),female,female,True,True,False,False,Brazil,2026
189,Graph-Based Nearest Centroid for Image Classification,2026.0,1,False,1,0,0,False,True,Single Man,Single Man,male,male,False,False,True,True,Brazil,2026
190,Efficient Pothole Segmentation Using Quantization and Pruning for ADAS,2026.0,3,True,3,0,0,False,True,Multi-Author (Only Men),Multi-Author (Only Men),male,male,False,False,True,True,Brazil,2026
191,Cross-Validation Deep Learning for Breast Cancer Detection Using DMR-IR Infrared Images,2026.0,3,True,2,1,0,True,True,Multi-Author (More Men),Multi-Author (More Men),female,male,True,False,False,True,Brazil,2026
192,Classifying Synthetic Facial Images:,2026.0,3,True,2,1,0,True,True,Multi-Author (More Men),Multi-Author (More Men),female,male,True,False,False,True,Japan,2026
193,Impact of Wavelet Pre-processing on Deep Learning Architectures for Renal Cancer Diagnosis,2026.0,3,True,2,1,0,True,True,Multi-Author (More Men),Multi-Author (More Men),male,male,False,False,True,True,Brazil,2026
194,Automated Analysis of Packaging Seal Failures Using Computer Vision Techniques,2026.0,4,True,3,1,0,True,True,Multi-Author (More Men),Multi-Author (More Men),female,male,True,False,False,True,Brazil,2026
195,SARS-CoV-2 Detection in Genosensor Images via Deep Learning and Data Augmentation,2026.0,4,True,3,1,0,True,True,Multi-Author (More Men),Multi-Author (More Men),female,male,True,False,False,True,Brazil,2026
196,Assessing Deep Hybrid Representations for Colorectal Polyp Classification in Histopathology Images,2026.0,4,True,2,2,0,True,True,Multi-Author (Equal Gender),Multi-Author (Equal Gender),male,male,False,False,True,True,Brazil,2026
197,Enhanced Engine Vibration by Computer Vision Methods for Predictive Maintenance,2026.0,3,True,2,1,0,True,True,Multi-Author (More Men),Multi-Author (More Men),female,male,True,False,False,True,Brazil,2026
198,Generalization in Deepfake Detection:,2026.0,4,True,3,1,0,True,True,Multi-Author (More Men),Multi-Author (More Men),female,male,True,False,False,True,Brazil,2026
199,Automated Segmentation of the Spinal Column in MRI Volumes Using Deep Learning,2026.0,3,True,2,1,0,True,True,Multi-Author (More Men),Multi-Author (More Men),female,male,True,False,False,True,Brazil,2026
200,KLT Revisited: Spatio-Temporal Affine Regression for Feature Tracking,2026.0,3,True,3,0,0,False,True,Multi-Author (Only Men),Multi-Author (Only Men),male,male,False,False,True,True,Brazil,2026
201,Two-Stage Fine-Tuning of Object Detectors for Industrial Environments,2026.0,4,True,4,0,0,False,True,Multi-Author (Only Men),Multi-Author (Only Men),male,male,False,False,True,True,Brazil,2026
202,Comparison of Low-Cost 3D Reconstruction Techniques for Change Detection in Indoor Environments,2026.0,3,True,3,0,0,False,True,Multi-Author (Only Men),Multi-Author (Only Men),male,male,False,False,True,True,Brazil,2026
203,Deep Learning-Based Brain Tumor Classification in MRI with External Validation Across Multiple Datasets,2026.0,3,True,3,0,0,False,True,Multi-Author (Only Men),Multi-Author (Only Men),male,male,False,False,True,True,Brazil,2026
204,Semantic Segmentation of Coffee Regions From Satellite Images Using Deep Learning,2026.0,6,True,5,1,0,True,True,Multi-Author (More Men),Multi-Author (More Men),male,male,False,False,True,True,Brazil,2026
205,HEVA: Integrating ViT and ResNet50 with ABCD Clinical Features for Skin Cancer Diagnosis,2026.0,3,True,2,1,0,True,True,Multi-Author (More Men),Multi-Author (More Men),male,male,False,False,True,True,Brazil,2026
206,Evaluating Preprocessing and Data Augmentation for Soybean Leaf Pest Classification with Deep Learning,2026.0,4,True,2,2,0,True,True,Multi-Author (Equal Gender),Multi-Author (Equal Gender),female,male,True,False,False,True,Brazil,2026
207,Federated Semantic Segmentation of Synthetic UAV Imagery under Non-IID Conditions,2026.0,7,True,5,2,0,True,True,Multi-Author (More Men),Multi-Author (More Men),male,female,False,True,True,False,Brazil,2026
208,Evaluating Deep Segmentation Models for Wildfire Mapping Using Sentinel-2 Satellite Imagery,2026.0,4,True,4,0,0,False,True,Multi-Author (Only Men),Multi-Author (Only Men),male,male,False,False,True,True,Brazil,2026
209,Deep Learning Models for Brachial Lumen Segmentation:,2026.0,4,True,4,0,0,False,True,Multi-Author (Only Men),Multi-Author (Only Men),male,male,False,False,True,True,Brazil,2026
210,Poultry Detection on Hooks in Meat Processing Plant Production Lines,2026.0,3,True,3,0,0,False,True,Multi-Author (Only Men),Multi-Author (Only Men),male,male,False,False,True,True,Brazil,2026
211,Livestock Fish Larvae Counting using DETR and YOLO based Deep Networks,2026.0,5,True,4,1,0,True,True,Multi-Author (More Men),Multi-Author (More Men),male,male,False,False,True,True,Brazil,2026
212,Radiomics for the Classification of Radiological Patterns in Computed Tomography,2026.0,6,True,4,2,0,True,True,Multi-Author (More Men),Multi-Author (More Men),female,male,True,False,False,True,Brazil,2026
213,Exploratory Study on Mastitis Identification in Bovine Udders Using Thermography,2026.0,5,True,3,2,0,True,True,Multi-Author (More Men),Multi-Author (More Men),male,male,False,False,True,True,Brazil,2026
214,Performance Evaluation of Low-Cost 3D Scanning Techniques,2026.0,3,True,3,0,0,False,True,Multi-Author (Only Men),Multi-Author (Only Men),male,male,False,False,True,True,Brazil,2026
215,SAR Images Despeckling Using Convolutional Neural Networks with Stochastic Distances,2026.0,3,True,3,0,0,False,True,Multi-Author (Only Men),Multi-Author (Only Men),male,male,False,False,True,True,Brazil,2026
216,Sign Language Segmentation Models and Their Impact on Automatic Translation Systems,2026.0,3,True,2,1,0,True,True,Multi-Author (More Men),Multi-Author (More Men),female,male,True,False,False,True,Brazil,2026
217,Comparative Evaluation of YOLO-family Detectors for Pig Detection in Precision Livestock Systems,2026.0,3,True,3,0,0,False,True,Multi-Author (Only Men),Multi-Author (Only Men),male,male,False,False,True,True,Unknown,2026
218,Improving Image Classification through Active Learning and Pseudo-Labeling in Vision-Language Models,2026.0,3,True,2,1,0,True,True,Multi-Author (More Men),Multi-Author (More Men),male,female,False,True,True,False,Brazil,2026
219,Automation of Coffee Biotic Stresses Classification Using Convolutional Neural Networks and Image Preprocessing Techniques,2026.0,4,True,3,1,0,True,True,Multi-Author (More Men),Multi-Author (More Men),male,male,False,False,True,True,Brazil,2026
220,Human Gesture Recognition using CNNs for Human-Robot Interaction,2026.0,3,True,2,0,1,False,True,Multi-Author (Only Men),Multi-Author (Only Men),unknown,male,False,False,False,True,Brazil,2026
221,CoSegXAI: A Pipeline for Context vs. Segmented ROI Images in Lung Disease Classification through Saliency Map Insights,2026.0,6,True,4,2,0,True,True,Multi-Author (More Men),Multi-Author (More Men),female,male,True,False,False,True,Unknown,2026
222,Multi-Fruit Tracking and 3-D Structure Recovery via CoTracker,2026.0,1,False,1,0,0,False,True,Single Man,Single Man,male,male,False,False,True,True,Brazil,2026
223,Magnetic Resonance Imaging Acceleration Using Diffusion Models:,2026.0,3,True,2,1,0,True,True,Multi-Author (More Men),Multi-Author (More Men),male,male,False,False,True,True,Brazil,2026
224,A Luminous Pen for Air-Writing: Hybrid Approach with Computer Vision and Vision–Language Models,2026.0,6,True,4,2,0,True,True,Multi-Author (More Men),Multi-Author (More Men),female,male,True,False,False,True,Brazil,2026
225,Bias Analysis and Data Augmentation Strategies in Skin Lesion Classification,2026.0,5,True,4,1,0,True,True,Multi-Author (More Men),Multi-Author (More Men),male,female,False,True,True,False,Brazil,2026
226,A Deep Transfer Learning Strategy for Identifying Photovoltaic Panels Mounted on Building Rooftops from Orthophotos,2026.0,2,True,2,0,0,False,True,Multi-Author (Only Men),Multi-Author (Only Men),male,male,False,False,True,True,Brazil,2026
227,On the use of Image-Based Feature Extraction for Non-Intrusive Load Monitoring:,2026.0,2,True,2,0,0,False,True,Multi-Author (Only Men),Multi-Author (Only Men),male,male,False,False,True,True,Brazil,2026
228,Grad-CAM Sensitivity to Orientation Transformations in Breast Cancer Histopathological Images,2026.0,2,True,1,1,0,True,True,Multi-Author (Equal Gender),Multi-Author (Equal Gender),male,female,False,True,True,False,Brazil,2026
230,Evaluating Monocular Depth Estimation on Embedded Platforms for Autonomous Navigation,2026.0,2,True,2,0,0,False,True,Multi-Author (Only Men),Multi-Author (Only Men),male,male,False,False,True,True,Brazil,2026
231,Um Arcabouço para Desenvolvimento de Algoritmos da Análise Formal de Conceitos,2011.0,2,True,2,0,0,False,True,Multi-Author (Only Men),Multi-Author (Only Men),male,male,False,False,True,True,Brazil,2011
232,Tracking Ethological Behaviors of Broiler Chickens Through Computer Vision (YoloV11) Using an Android Mobile Device,2026.0,2,True,2,0,0,False,True,Multi-Author (Only Men),Multi-Author (Only Men),male,male,False,False,True,True,Brazil,2026
233,Detecção de Inclinação em Imagens de Documentos,2011.0,1,False,0,1,0,True,False,Single Woman,Single Woman,female,female,True,True,False,False,Brazil,2011
234,"Usando CSP, RSL e o Modelo PopOrg na Especificação Formal de Organizações de SMAs",2011.0,4,True,2,2,0,True,True,Multi-Author (Equal Gender),Multi-Author (Equal Gender),female,male,True,False,False,True,Brazil,2011
235,Aplicação de Agentes BDI com Percepção Fuzzy em um Modelo Presa-Predador Fuzzy,2011.0,3,True,2,0,1,False,True,Multi-Author (Only Men),Multi-Author (Only Men),male,male,False,False,True,True,Brazil,2011
236,Um Sistema de Apoio à Decisão Baseado em Agentes para Tratamento de Ocorrências no Setor Elétrico,2011.0,5,True,4,0,1,False,True,Multi-Author (Only Men),Multi-Author (Only Men),male,male,False,False,True,True,Brazil,2011
237,"Identifying people who are talking about the same topic in social networks, even having a different cultural background",2011.0,4,True,2,2,0,True,True,Multi-Author (Equal Gender),Multi-Author (Equal Gender),male,female,False,True,True,False,Brazil,2011
238,Planejamento de um Serious Games Voltado para Saúde Bucal em Bebês,2011.0,3,True,0,3,0,True,False,Multi-Author (Only Women),Multi-Author (Only Women),female,female,True,True,False,False,Brazil,2011
239,Comparative Analyses of Power Consumption in Arithmetic Algorithms Implementation,2011.0,4,True,4,0,0,False,True,Multi-Author (Only Men),Multi-Author (Only Men),male,male,False,False,True,True,Brazil,2011
240,Detecção e Correção Automática de Estilos de Aprendizagem em Sistemas Adaptativos para Educação,2011.0,4,True,3,1,0,True,True,Multi-Author (More Men),Multi-Author (More Men),male,male,False,False,True,True,Brazil,2011
241,Sistema Pervasivo de Informação em Saúde Projetado para ser Programado pelo Usuário Clínico,2013.0,2,True,1,1,0,True,True,Multi-Author (Equal Gender),Multi-Author (Equal Gender),male,female,False,True,True,False,Brazil,2013
242,Protocolo de Leilões Simultâneos com Escalonamento: Aplicação ao Problema de Planejamento de Movimentações de Derivados de Petróleo,2012.0,5,True,4,1,0,True,True,Multi-Author (More Men),Multi-Author (More Men),male,male,False,False,True,True,Brazil,2012
243,Utilização do Caminhamento Aleatório na Identificação de Características de Documentos na Língua Portuguesa,2012.0,2,True,1,1,0,True,True,Multi-Author (Equal Gender),Multi-Author (Equal Gender),male,female,False,True,True,False,Argentina,2012
244,Uma Arquitetura Aberta e Orientada a Serviços para Softwares Assistentes Pessoais,2012.0,2,True,2,0,0,False,True,Multi-Author (Only Men),Multi-Author (Only Men),male,male,False,False,True,True,Brazil,2012
245,LTI Agent Rescue: A Partial Global Approach for Task Allocation in the RoboCup Rescue,2012.0,3,True,3,0,0,False,True,Multi-Author (Only Men),Multi-Author (Only Men),male,male,False,False,True,True,Brazil,2012
246,Estudo do Padrão Avançado de Criptografia AES – Advanced Encryption Standard,2013.0,3,True,3,0,0,False,True,Multi-Author (Only Men),Multi-Author (Only Men),male,male,False,False,True,True,Brazil,2013
247,Combinando Workflows e Semântica para Facilitar o Reuso de Software,2013.0,5,True,5,0,0,False,True,Multi-Author (Only Men),Multi-Author (Only Men),male,male,False,False,True,True,Brazil,2013
248,Common Dissimilarity Measures are Inappropriate for Time Series Clustering,2013.0,2,True,2,0,0,False,True,Multi-Author (Only Men),Multi-Author (Only Men),male,male,False,False,True,True,Brazil,2013
249,From UML to SIMULINK CAAM: Formal Specification and Transformation Analysis,2013.0,6,True,3,3,0,True,True,Multi-Author (Equal Gender),Multi-Author (Equal Gender),female,male,True,False,False,True,Brazil,2013
250,A Graph Grammar to Transform a Dataflow Graph into a Multithread Graph and its Application in Task Scheduling,2013.0,4,True,2,2,0,True,True,Multi-Author (Equal Gender),Multi-Author (Equal Gender),male,male,False,False,True,True,Brazil,2013
251,Métodos Computacionais e Estatísticos no Estudo das Ondas de Frequência dos Sinais Eletroencefalográficos e o Envelhecimento: uma Abordagem Através da Análise Linear do Discriminante,2013.0,3,True,2,1,0,True,True,Multi-Author (More Men),Multi-Author (More Men),female,male,True,False,False,True,Brazil,2013
252,Seleção Automática de Casos de Teste de Regressão Baseada em Similaridade e Valores,2013.0,2,True,1,1,0,True,True,Multi-Author (Equal Gender),Multi-Author (Equal Gender),male,female,False,True,True,False,Brazil,2013
253,Generating Integration Test Orders for Aspect Oriented Software with Multi-objective Algorithms,2013.0,4,True,1,3,0,True,True,Multi-Author (More Women),Multi-Author (More Women),male,female,False,True,True,False,Brazil,2013
254,"Compilação Just-In-Time: Histórico, Arquitetura, Princípios e Sistemas",2013.0,2,True,2,0,0,False,True,Multi-Author (Only Men),Multi-Author (Only Men),male,male,False,False,True,True,Brazil,2013
255,Aplicação de Modelos Intencionais e Sistemas Multiagentes para Estabelecer Políticas de Monitoração de Transparência de Software,2013.0,4,True,4,0,0,False,True,Multi-Author (Only Men),Multi-Author (Only Men),male,male,False,False,True,True,Brazil,2013
256,Um Sistema para Inspeções de Garantia da Qualidade Baseado em Ontologias e Agentes,2013.0,4,True,4,0,0,False,True,Multi-Author (Only Men),Multi-Author (Only Men),male,male,False,False,True,True,Brazil,2013
257,Avaliação de Desempenho da Política EBS para Escalonamento em Aplicações com Restrições de Máximo Tempo Médio de Resposta,2014.0,3,True,3,0,0,False,True,Multi-Author (Only Men),Multi-Author (Only Men),male,male,False,False,True,True,Brazil,2014
258,Uma introdução ao tema Recuperação de Informações Textuais,2013.0,1,False,1,0,0,False,True,Single Man,Single Man,male,male,False,False,True,True,Unknown,2013
259,Intrusion Detection in Unstructured Contexts Using On-line Clustering and Novelty Detection,2013.0,2,True,2,0,0,False,True,Multi-Author (Only Men),Multi-Author (Only Men),male,male,False,False,True,True,Unknown,2013
260,PColorAnt3-RT: Um Algoritmo ACO Paralelo para Coloração de Grafos,2013.0,3,True,2,1,0,True,True,Multi-Author (More Men),Multi-Author (More Men),female,male,True,False,False,True,Brazil,2013
261,Decision making for a delivery robot through a fuzzy system,2013.0,2,True,1,1,0,True,True,Multi-Author (Equal Gender),Multi-Author (Equal Gender),male,female,False,True,True,False,Brazil,2013
262,"Serviços em Redes Futuras: Objetivos, Tecnologias e Comparação de Iniciativas",2013.0,3,True,3,0,0,False,True,Multi-Author (Only Men),Multi-Author (Only Men),male,male,False,False,True,True,Brazil,2013
263,Um Sistema de Realização Superficial para Geração de Textos em Português,2013.0,3,True,2,0,1,False,True,Multi-Author (Only Men),Multi-Author (Only Men),male,unknown,False,False,True,False,Brazil,2013
264,Deterministic and efficient minimal perfect hashing schemes,2013.0,2,True,2,0,0,False,True,Multi-Author (Only Men),Multi-Author (Only Men),male,male,False,False,True,True,Brazil,2013
265,Uma Abordagem para Jogos Bayesianos Fuzzy com base na Probabilidade Fuzzy de Buckley,2013.0,2,True,1,0,1,False,True,Multi-Author (Only Men),Multi-Author (Only Men),male,unknown,False,False,True,False,Brazil,2013
266,Uma Avaliação do Esquema de Gerenciamento de Chave Baseado em Identidade Identity Key Management,2013.0,3,True,2,0,1,False,True,Multi-Author (Only Men),Multi-Author (Only Men),male,unknown,False,False,True,False,Brazil,2013
267,Simulação do Espalhamento da Influenza na Cidade de Cascavel-PR Utilizando Agentes Computacionais,2013.0,3,True,2,1,0,True,True,Multi-Author (More Men),Multi-Author (More Men),male,male,False,False,True,True,Brazil,2013
268,Independent learners in abstract traffic scenarios,2013.0,2,True,1,1,0,True,True,Multi-Author (Equal Gender),Multi-Author (Equal Gender),male,female,False,True,True,False,Brazil,2013
269,Aplicando Conceitos de Sistemas Multiagentes na Elaboração de um Jogo de Estratégia Simulado,2013.0,4,True,3,1,0,True,True,Multi-Author (More Men),Multi-Author (More Men),male,male,False,False,True,True,Brazil,2013
270,Extending the RoboCup Rescue to Support Stigmergy: Experiments and Results,2013.0,3,True,3,0,0,False,True,Multi-Author (Only Men),Multi-Author (Only Men),male,male,False,False,True,True,Brazil,2013
271,On the Influence of Latent Semantic Analysis Parameterization for Bug Localization,2013.0,3,True,2,0,1,False,True,Multi-Author (Only Men),Multi-Author (Only Men),male,unknown,False,False,True,False,Brazil,2013
272,Modelagem de Tráfego VoIP Utilizando Misturas Gaussianas Ajustadas por Algoritmo de Maximização de Esperança e Comprimento de Descrição Mínimo,2013.0,3,True,1,2,0,True,True,Multi-Author (More Women),Multi-Author (More Women),female,male,True,False,False,True,Brazil,2013
273,Aplicação de Modelos de Aprendizado Semissupervisionado na Classificação de Imagens de Sensoriamento Remoto,2013.0,3,True,3,0,0,False,True,Multi-Author (Only Men),Multi-Author (Only Men),male,male,False,False,True,True,Brazil,2013
274,"Prolog: A Linguagem, A Máquina Abstrata de Warren e Implementações",2013.0,2,True,2,0,0,False,True,Multi-Author (Only Men),Multi-Author (Only Men),male,male,False,False,True,True,Brazil,2013
275,Seleção de Transformações Baseada em Estatística,2013.0,3,True,3,0,0,False,True,Multi-Author (Only Men),Multi-Author (Only Men),male,male,False,False,True,True,Brazil,2013
276,Teste de Linha de Produto de Software Baseado em Mutação de Variabilidades,2014.0,3,True,2,1,0,True,True,Multi-Author (More Men),Multi-Author (More Men),male,female,False,True,True,False,Brazil,2014
277,Analysis of Using Metric Access Methods for Visual Search of Objects in Video Databases,2014.0,3,True,3,0,0,False,True,Multi-Author (Only Men),Multi-Author (Only Men),male,male,False,False,True,True,Brazil,2014
278,Filtragem Wavelet de Sinais Cardíacos através de Algoritmos Adaptativos,2013.0,2,True,1,1,0,True,True,Multi-Author (Equal Gender),Multi-Author (Equal Gender),male,female,False,True,True,False,Brazil,2013
279,Uma Estratégia Baseada em Difusão de Informação para Determinação de Conteúdos Relevantes e Usuários Influentes em Redes Sociais,2013.0,4,True,3,1,0,True,True,Multi-Author (More Men),Multi-Author (More Men),male,male,False,False,True,True,United States,2013
280,Support Vector Machines and Kernel Functions for Text Processing,2013.0,1,False,1,0,0,False,True,Single Man,Single Man,male,male,False,False,True,True,Brazil,2013
281,Assessing the Semiotic Inspection Method – The Evaluators’ Perspective,2013.0,2,True,0,2,0,True,False,Multi-Author (Only Women),Multi-Author (Only Women),female,female,True,True,False,False,Brazil,2013
282,Expressiveness of Automatic Semantic Web Service Composition Approaches: A Survey based on Workﬂow Patterns,2014.0,1,False,1,0,0,False,True,Single Man,Single Man,male,male,False,False,True,True,Brazil,2014
283,Introdução aos Sistemas de Recomendação para Grupos,2014.0,2,True,2,0,0,False,True,Multi-Author (Only Men),Multi-Author (Only Men),male,male,False,False,True,True,Brazil,2014
284,Seleção de Casos de Teste para Agentes Racionais,2014.0,3,True,1,2,0,True,True,Multi-Author (More Women),Multi-Author (More Women),female,female,True,True,False,False,Brazil,2014
285,XIRU: Interface de Rede Extensível para Integração de Núcleos a uma Rede-em-Chip,2014.0,3,True,2,1,0,True,True,Multi-Author (More Men),Multi-Author (More Men),male,male,False,False,True,True,Brazil,2014
286,Segurança em Redes-em-Chip: Conceitos e Revisão do Estado da Arte,2014.0,3,True,2,1,0,True,True,Multi-Author (More Men),Multi-Author (More Men),male,female,False,True,True,False,Brazil,2014
287,O Teste de Mutação apoiado pelo Algoritmo Genético Coevolucionário com Classificação Genética Controlada,2014.0,3,True,2,1,0,True,True,Multi-Author (More Men),Multi-Author (More Men),male,female,False,True,True,False,Brazil,2014
288,Local Binary Patterns Applied to Breast Cancer Classification in Mammographies,2014.0,3,True,2,0,1,False,True,Multi-Author (Only Men),Multi-Author (Only Men),unknown,male,False,False,False,True,Brazil,2014
289,Comparativo entre o algoritmo de Luhn e o algoritmo GistSumm para sumarização de documentos,2015.0,3,True,2,0,1,False,True,Multi-Author (Only Men),Multi-Author (Only Men),unknown,male,False,False,False,True,Brazil,2015
290,Do multiple sclerosis lesions affect the outcome of magnetic resonance image registration?,2014.0,2,True,2,0,0,False,True,Multi-Author (Only Men),Multi-Author (Only Men),male,male,False,False,True,True,Brazil,2014
291,Tutorial Sobre o Uso de Técnicas para Controle de Parâmetros em Algoritmos de Inteligência de Enxame e Computação Evolutiva,2014.0,2,True,2,0,0,False,True,Multi-Author (Only Men),Multi-Author (Only Men),male,male,False,False,True,True,Brazil,2014
292,Reconhecimento de Padrões em Tecnologia Portável – Um Estudo de Caso,2015.0,3,True,1,1,1,True,True,Multi-Author (Equal Gender),Multi-Author (Equal Gender),female,unknown,True,False,False,False,Brazil,2015
293,Predição do tráfego de rede de computadores usando redes neurais tradicionais e de aprendizagem profunda,2015.0,3,True,3,0,0,False,True,Multi-Author (Only Men),Multi-Author (Only Men),male,male,False,False,True,True,Brazil,2015
294,Predição de função de proteínas através da extração de características físico-químicas,2015.0,4,True,1,3,0,True,True,Multi-Author (More Women),Multi-Author (More Women),male,female,False,True,True,False,Brazil,2015
295,SciPy and OpenCV as an interactive computing environment for computer vision,2015.0,1,False,1,0,0,False,True,Single Man,Single Man,male,male,False,False,True,True,Brazil,2015
296,Visual Computing and Machine Learning Techniques for Digital Forensics,2015.0,3,True,3,0,0,False,True,Multi-Author (Only Men),Multi-Author (Only Men),male,male,False,False,True,True,Brazil,2015
297,Programação matemática e imersões métricas para aproximações em problemas de corte,2015.0,2,True,2,0,0,False,True,Multi-Author (Only Men),Multi-Author (Only Men),male,male,False,False,True,True,Brazil,2015
298,Proof Tactics for Theorem Proving Graph Grammars through Rodin,2015.0,3,True,1,2,0,True,True,Multi-Author (More Women),Multi-Author (More Women),male,female,False,True,True,False,Unknown,2015
299,QJava: A Monadic Java Library for Quantum Programming,2015.0,2,True,1,1,0,True,True,Multi-Author (Equal Gender),Multi-Author (Equal Gender),female,male,True,False,False,True,Brazil,2015
300,Deconvolução Cega Aplicada à Correção de Artefatos de Movimento em Imagens de Vídeo de Microscopia Intravital para Detecção Automática de Leucócitos,2015.0,6,True,4,2,0,True,True,Multi-Author (More Men),Multi-Author (More Men),male,male,False,False,True,True,Brazil,2015
301,Software para Auxílio no Processo de Elaboração do Cariótipo,2015.0,4,True,3,1,0,True,True,Multi-Author (More Men),Multi-Author (More Men),male,male,False,False,True,True,Brazil,2015
302,Coverage Criteria for Set-Based Specifications,2015.0,3,True,2,1,0,True,True,Multi-Author (More Men),Multi-Author (More Men),male,female,False,True,True,False,Argentina,2015
303,Identificação de Viabilidade de Leveduras Com Corante Vital Utilizando Histogramas de Palavras Visuais em Imagens Coloridas,2015.0,5,True,3,1,1,True,True,Multi-Author (More Men),Multi-Author (More Men),male,female,False,True,True,False,Brazil,2015
304,Huginn for Jason: Uma arquitetura para agentes normativos,2015.0,2,True,2,0,0,False,True,Multi-Author (Only Men),Multi-Author (Only Men),male,male,False,False,True,True,Brazil,2015
305,Abordagem Proativa para a Gestão Integrada dos Trabalhos de Projeto,2015.0,4,True,3,1,0,True,True,Multi-Author (More Men),Multi-Author (More Men),male,male,False,False,True,True,Brazil,2015
306,Estudo Comparativo entre as Redes Neurais Artificiais MLP e RBF para Previsão de Cheias em Curto Prazo,2015.0,2,True,2,0,0,False,True,Multi-Author (Only Men),Multi-Author (Only Men),male,male,False,False,True,True,Brazil,2015
307,Recuperação de modelos médicos por conteúdo usando Extrator Local de Área e Distância,2015.0,3,True,1,2,0,True,True,Multi-Author (More Women),Multi-Author (More Women),male,female,False,True,True,False,Brazil,2015
308,Linguagens de consulta para bases de dados em grafos: um mapeamento sistemático,2016.0,3,True,1,2,0,True,True,Multi-Author (More Women),Multi-Author (More Women),female,female,True,True,False,False,Brazil,2016
309,Classificador de imagens de pulmão utilizando wavelets de Haar e distância de Mahalanobis,2015.0,3,True,2,1,0,True,True,Multi-Author (More Men),Multi-Author (More Men),male,female,False,True,True,False,Brazil,2015
310,Evolução Diferencial com ensemble de Operadores de Mutação em GPGPUs para o Despacho Econômico de Energia Elétrica,2016.0,6,True,4,2,0,True,True,Multi-Author (More Men),Multi-Author (More Men),male,female,False,True,True,False,Brazil,2016
311,O Potencial do Uso de Estimativas de Desempenho na Exploração de Conjuntos de Otimizações,2015.0,2,True,2,0,0,False,True,Multi-Author (Only Men),Multi-Author (Only Men),male,male,False,False,True,True,Brazil,2015
312,Detecção de Tubos em Imagens Radiográficas Digitais,2016.0,3,True,1,2,0,True,True,Multi-Author (More Women),Multi-Author (More Women),male,female,False,True,True,False,Brazil,2016
313,Automating mobile application development: UML-based code generation for Android and Windows Phone,2015.0,3,True,1,2,0,True,True,Multi-Author (More Women),Multi-Author (More Women),male,female,False,True,True,False,Brazil,2015
314,Método Sistêmico com Suporte em GORE para Análise de Conformidade de Requisitos não Funcionais Implementados em Software,2016.0,3,True,3,0,0,False,True,Multi-Author (Only Men),Multi-Author (Only Men),male,male,False,False,True,True,Brazil,2016
315,Desenvolvimento de Aplicações Gráficas Interativas com a Unreal Engine 4,2015.0,3,True,2,1,0,True,True,Multi-Author (More Men),Multi-Author (More Men),male,male,False,False,True,True,Brazil,2015
316,Uma Revisão Sobre as Publicações de Sistemas de Detecção de Intrusão,2016.0,4,True,4,0,0,False,True,Multi-Author (Only Men),Multi-Author (Only Men),male,male,False,False,True,True,Brazil,2016
317,Programming in CUDA for Kepler and Maxwell Architecture,2015.0,2,True,2,0,0,False,True,Multi-Author (Only Men),Multi-Author (Only Men),male,male,False,False,True,True,Brazil,2015
318,"Hyperspectral Modeling of Material Appearance: General Framework, Challenges and Prospects",2015.0,1,False,1,0,0,False,True,Single Man,Single Man,male,male,False,False,True,True,Canada,2015
319,Análise Visual utilizando Projeções Multidimensionais,2015.0,4,True,4,0,0,False,True,Multi-Author (Only Men),Multi-Author (Only Men),male,male,False,False,True,True,Brazil,2015
320,TVX - Time and Versions in XML,2007.0,3,True,1,2,0,True,True,Multi-Author (More Women),Multi-Author (More Women),male,female,False,True,True,False,Brazil,2007
321,Uma Proposta de Framework para Desenvolvimento de Aplicações Paralelas com Mobilidade,2007.0,3,True,3,0,0,False,True,Multi-Author (Only Men),Multi-Author (Only Men),male,male,False,False,True,True,Brazil,2007
322,Uma Introdução às Support Vector Machines,2007.0,2,True,1,1,0,True,True,Multi-Author (Equal Gender),Multi-Author (Equal Gender),female,male,True,False,False,True,Brazil,2007
323,Técnicas probabilísticas para análise de yield em nível elétrico usando propagação de erros e derivadas numéricas,2007.0,4,True,4,0,0,False,True,Multi-Author (Only Men),Multi-Author (Only Men),male,male,False,False,True,True,Brazil,2007
324,Aplicação de Redes Neurais Artificiais na Classificação de Padrões Posturais em Crianças Respiradoras Bucais e Nasais,2007.0,5,True,3,1,1,True,True,Multi-Author (More Men),Multi-Author (More Men),male,male,False,False,True,True,Brazil,2007
325,Performance Evaluation of CORBA Concurrency Control Service Using Stochastic Petri Nets,2007.0,3,True,2,1,0,True,True,Multi-Author (More Men),Multi-Author (More Men),female,male,True,False,False,True,Brazil,2007
326,Processos de Decisão de Markov: um tutorial,2007.0,2,True,2,0,0,False,True,Multi-Author (Only Men),Multi-Author (Only Men),male,male,False,False,True,True,Brazil,2007
327,Aspectos sociotécnicos da computação: contextualizando o desenvolvimento de sistemas de computação com o modelo Mikropolis,2007.0,1,False,1,0,0,False,True,Single Man,Single Man,male,male,False,False,True,True,Germany,2007
328,Um Olhar Sociotécnico sobre a Engenharia de Software,2007.0,3,True,3,0,0,False,True,Multi-Author (Only Men),Multi-Author (Only Men),male,male,False,False,True,True,Brazil,2007
329,O uso de Métodos Ágeis no ensino de Métodos Ágeis,2015.0,3,True,3,0,0,False,True,Multi-Author (Only Men),Multi-Author (Only Men),male,male,False,False,True,True,Brazil,2015
330,Computer Vision and Graphics for Heritage Preservation and Digital Archaeology,2004.0,3,True,1,2,0,True,True,Multi-Author (More Women),Multi-Author (More Women),male,female,False,True,True,False,Brazil,2004
331,Editorial,2007.0,3,True,3,0,0,False,True,Multi-Author (Only Men),Multi-Author (Only Men),male,male,False,False,True,True,Brazil,2007
332,Mineração em Grandes Massas de Dados Utilizando Hadoop MapReduce e Algoritmos Bio-inspirados: Uma Revisão Sistemática,2016.0,3,True,2,1,0,True,True,Multi-Author (More Men),Multi-Author (More Men),male,male,False,False,True,True,Unknown,2016
333,Relação Entre o Gênero de Espectadores e o Conteúdo de Vídeos,2016.0,3,True,2,0,1,False,True,Multi-Author (Only Men),Multi-Author (Only Men),male,male,False,False,True,True,Brazil,2016
334,Exploring the subtopic-based relationship map strategy for multi-document summarization,2016.0,3,True,2,1,0,True,True,Multi-Author (More Men),Multi-Author (More Men),male,male,False,False,True,True,Brazil,2016
335,ZipfTool: Uma ferramenta bibliométrica para auxílio na pesquisa teórica,2016.0,3,True,2,1,0,True,True,Multi-Author (More Men),Multi-Author (More Men),male,female,False,True,True,False,Brazil,2016
336,Revisores da RITA no JEMS,2007.0,1,False,1,0,0,False,True,Single Man,Single Man,male,male,False,False,True,True,Brazil,2007
337,An Introduction to Light Interaction with Human Skin,2004.0,2,True,2,0,0,False,True,Multi-Author (Only Men),Multi-Author (Only Men),male,male,False,False,True,True,Canada,2004
338,Paralelismo em Prolog: Conceitos e Sistemas,2016.0,2,True,2,0,0,False,True,Multi-Author (Only Men),Multi-Author (Only Men),male,male,False,False,True,True,Brazil,2016
339,A Gentle Introduction to Predictive Filters,2004.0,1,False,0,0,1,False,False,Unknown / Unclassified,Unknown / Unclassified,unknown,unknown,False,False,False,False,Brazil,2004
340,Java Advanced Imaging API: A Tutorial,2004.0,1,False,1,0,0,False,True,Single Man,Single Man,male,male,False,False,True,True,Brazil,2004
341,Shader Programming: An Introduction Using the Effect Framework,2004.0,1,False,1,0,0,False,True,Single Man,Single Man,male,male,False,False,True,True,Germany,2004
342,A Revista de Informática Teórica e Aplicada e as Tecnologias de Informação,2004.0,2,True,2,0,0,False,True,Multi-Author (Only Men),Multi-Author (Only Men),male,male,False,False,True,True,Brazil,2004
343,Uso de Aspectos para Verificar Regras de Instanciação de Frameworks,2004.0,3,True,3,0,0,False,True,Multi-Author (Only Men),Multi-Author (Only Men),male,male,False,False,True,True,Spain,2004
344,AspectH: Uma Extensão Orientada a Aspectos de Haskel,2004.0,3,True,3,0,0,False,True,Multi-Author (Only Men),Multi-Author (Only Men),male,male,False,False,True,True,Brazil,2004
345,Making Medical Visual Information Available on the WEB,2004.0,2,True,2,0,0,False,True,Multi-Author (Only Men),Multi-Author (Only Men),male,male,False,False,True,True,Brazil,2004
346,Um Framework de Apoio à Colaboração no Projeto Distribuído de Sistemas Integrados,2004.0,3,True,3,0,0,False,True,Multi-Author (Only Men),Multi-Author (Only Men),male,male,False,False,True,True,Brazil,2004
347,Teorias da Aleatoriedade,2004.0,2,True,2,0,0,False,True,Multi-Author (Only Men),Multi-Author (Only Men),male,male,False,False,True,True,Brazil,2004
348,3D Compression: from A to Zip a first complete example,2008.0,1,False,1,0,0,False,True,Single Man,Single Man,male,male,False,False,True,True,Brazil,2008
349,Introdução ao XNA,2008.0,4,True,4,0,0,False,True,Multi-Author (Only Men),Multi-Author (Only Men),male,male,False,False,True,True,Brazil,2008
350,Steganography and Steganalysis in Digital Multimedia: Hype or Hallelujah?,2008.0,2,True,1,0,1,False,True,Multi-Author (Only Men),Multi-Author (Only Men),male,unknown,False,False,True,False,Brazil,2008
351,Navigation and Interaction in Graph Visualizations,2008.0,2,True,1,1,0,True,True,Multi-Author (Equal Gender),Multi-Author (Equal Gender),male,female,False,True,True,False,Brazil,2008
352,"Dimensionality Reduction, Classification and Reconstruction Problems in Statistical Learning Approaches",2008.0,4,True,4,0,0,False,True,Multi-Author (Only Men),Multi-Author (Only Men),male,male,False,False,True,True,Brazil,2008
353,Uma contribuição ao auxíılio do diagnóstico do autismo a partir do processamento de imagens para extração de medidas antropométricas,2016.0,6,True,3,3,0,True,True,Multi-Author (Equal Gender),Multi-Author (Equal Gender),male,female,False,True,True,False,Brazil,2016
354,Editorial,2008.0,3,True,3,0,0,False,True,Multi-Author (Only Men),Multi-Author (Only Men),male,male,False,False,True,True,Brazil,2008
355,Editorial convidado,2008.0,2,True,1,0,1,False,True,Multi-Author (Only Men),Multi-Author (Only Men),male,unknown,False,False,True,False,Brazil,2008
356,Avaliação de Incisão Cirúrgica em Simuladores com Realidade Virtual,2016.0,3,True,1,1,1,True,True,Multi-Author (Equal Gender),Multi-Author (Equal Gender),male,female,False,True,True,False,Brazil,2016
357,Método Computacional para o Diagnóstico Precoce da Granulomatose de Wegener,2016.0,5,True,4,1,0,True,True,Multi-Author (More Men),Multi-Author (More Men),male,female,False,True,True,False,Brazil,2016
358,Learning to Identify At-Risk Students in Distance Education Using Interaction Counts,2016.0,4,True,3,1,0,True,True,Multi-Author (More Men),Multi-Author (More Men),male,female,False,True,True,False,Brazil,2016
359,Autômatos celulares unidimensionais caóticos com borda fixa aplicados à modelagem de um sistema criptográfico para imagens digitais,2016.0,3,True,1,2,0,True,True,Multi-Author (More Women),Multi-Author (More Women),male,female,False,True,True,False,Brazil,2016
360,Detecção de leucócitos em imagens de vídeo de microscopia intravital usando a técnica de congruência de fase,2016.0,4,True,2,1,1,True,True,Multi-Author (More Men),Multi-Author (More Men),unknown,male,False,False,False,True,Brazil,2016
361,Emprego de Banco de Filtros e do Teorema de Imersão de Takens em Padrões Espaciais para a Classificação de Imagética Motora em Interfaces Cérebro-Computador,2016.0,2,True,1,1,0,True,True,Multi-Author (Equal Gender),Multi-Author (Equal Gender),female,male,True,False,False,True,Brazil,2016
362,Comparando o Desempenho de Implementações de Tabelas Hash Concorrentes em Haskell,2016.0,4,True,2,1,1,True,True,Multi-Author (More Men),Multi-Author (More Men),male,female,False,True,True,False,Brazil,2016
363,Computação na Educação Básica no Brasil: o Estado da Arte,2016.0,8,True,3,5,0,True,True,Multi-Author (More Women),Multi-Author (More Women),female,female,True,True,False,False,Brazil,2016
364,Escola Gaúcha de Bioinformática 2015,2016.0,1,False,1,0,0,False,True,Single Man,Single Man,male,male,False,False,True,True,Brazil,2016
365,QEDS: Um Simulador Clássico para Distinção de Elementos Quântico,2016.0,4,True,4,0,0,False,True,Multi-Author (Only Men),Multi-Author (Only Men),male,male,False,False,True,True,Brazil,2016
366,Autômatos Celulares e Sistema Multiagente para Simulação da Propagação de Doenças,2016.0,4,True,3,1,0,True,True,Multi-Author (More Men),Multi-Author (More Men),male,male,False,False,True,True,Brazil,2016
367,Comparação entre abordagens escaláveis para o processamento de conjuntos de dados textuais,2017.0,2,True,1,0,1,False,True,Multi-Author (Only Men),Multi-Author (Only Men),male,unknown,False,False,True,False,Brazil,2017
368,Avaliação Pró-ativa da Deterioração de Sistemas de Informação por meio de Medidas de Gestão,2011.0,1,False,0,1,0,True,False,Single Woman,Single Woman,female,female,True,True,False,False,Brazil,2011
369,Desenvolvimento de Interface de Usuário para a Melhoria da Consciência Situacional em Gerenciamento de Emergências,2017.0,3,True,2,1,0,True,True,Multi-Author (More Men),Multi-Author (More Men),male,female,False,True,True,False,Brazil,2017
370,Editorial,2009.0,3,True,3,0,0,False,True,Multi-Author (Only Men),Multi-Author (Only Men),male,male,False,False,True,True,Brazil,2009
371,Guest Editors,2009.0,2,True,1,1,0,True,True,Multi-Author (Equal Gender),Multi-Author (Equal Gender),male,female,False,True,True,False,Brazil,2009
372,"Uma Revisão Sistemática sobre Abordagens em Organizações Virtuais no Contexto de Confiança, Reputação e Computação em Nuvem",2017.0,3,True,3,0,0,False,True,Multi-Author (Only Men),Multi-Author (Only Men),male,male,False,False,True,True,Brazil,2017
373,Uma Arquitetura de Software para Bibliotecas de Realidade Aumentada Baseada em Marcadores Naturais,2017.0,3,True,2,1,0,True,True,Multi-Author (More Men),Multi-Author (More Men),male,male,False,False,True,True,Brazil,2017
374,FORUM: Modelo e Linguagem para Especificação de Regras em Ambientes Colaborativos,2008.0,2,True,2,0,0,False,True,Multi-Author (Only Men),Multi-Author (Only Men),male,male,False,False,True,True,Brazil,2008
375,Estabilidade de Classificadores de Decisão em Árvore Binária para Dados Imagem em Alta Dimensão,2008.0,2,True,2,0,0,False,True,Multi-Author (Only Men),Multi-Author (Only Men),male,male,False,False,True,True,Brazil,2008
376,On the Development and Evaluation of a Brazilian Portuguese Discourse Parser,2008.0,2,True,1,1,0,True,True,Multi-Author (Equal Gender),Multi-Author (Equal Gender),male,female,False,True,True,False,Brazil,2008
377,Estratégias para a Combinação de Classificadores Binários em Soluções Multiclasses,2008.0,2,True,1,1,0,True,True,Multi-Author (Equal Gender),Multi-Author (Equal Gender),female,male,True,False,False,True,Brazil,2008
378,Representação e Classificação de Texturas da Íris Baseada na Transformada Ótima de Gabor,2008.0,4,True,2,2,0,True,True,Multi-Author (Equal Gender),Multi-Author (Equal Gender),female,male,True,False,False,True,Brazil,2008
379,A Novel Method for Generating Scale Space Kernels Based on Wavelet Theory,2008.0,2,True,1,0,1,False,True,Multi-Author (Only Men),Multi-Author (Only Men),unknown,male,False,False,False,True,Brazil,2008
380,Proposta de Utilização do Diagrama de Seqüência para Definição de Casos de Teste de Unidade,2008.0,1,False,0,1,0,True,False,Single Woman,Single Woman,female,female,True,True,False,False,Brazil,2008
381,Reestruturação de Software Dirigida por Conectividade para Redução de Custo de Manutenção,2008.0,3,True,1,2,0,True,True,Multi-Author (More Women),Multi-Author (More Women),female,male,True,False,False,True,Brazil,2008
382,Uma Proposta de Modelagem para a Generalização de Elos de Rastreabilidade,2008.0,2,True,1,0,1,False,True,Multi-Author (Only Men),Multi-Author (Only Men),male,unknown,False,False,True,False,Brazil,2008
383,Inspeção Automática de Defeitos em Madeiras de Pinus usando Visão Computacional,2008.0,4,True,4,0,0,False,True,Multi-Author (Only Men),Multi-Author (Only Men),male,male,False,False,True,True,Brazil,2008
384,Non-Cooperative Facility Location Games: a Survey,2017.0,2,True,2,0,0,False,True,Multi-Author (Only Men),Multi-Author (Only Men),male,male,False,False,True,True,Brazil,2017
385,Identificação de amostras de sementes utilizando VisãoComputacional,2017.0,3,True,3,0,0,False,True,Multi-Author (Only Men),Multi-Author (Only Men),male,male,False,False,True,True,Brazil,2017
386,Revisores,2008.0,1,False,1,0,0,False,True,Single Man,Single Man,male,male,False,False,True,True,Brazil,2008
387,Modelagem de Tráfego de Redes Utilizando Cascata Multifractal Generalizada,2008.0,2,True,1,0,1,False,True,Multi-Author (Only Men),Multi-Author (Only Men),male,unknown,False,False,True,False,Brazil,2008
388,Editorial,2008.0,3,True,3,0,0,False,True,Multi-Author (Only Men),Multi-Author (Only Men),male,male,False,False,True,True,Brazil,2008
389,Análise de desempenho de Banco de Dados Relacionais e Não Relacionais em dados genômicos,2017.0,5,True,4,0,1,False,True,Multi-Author (Only Men),Multi-Author (Only Men),unknown,male,False,False,False,True,Brazil,2017
390,Estudo e Modelagem dos Efeitos da Forma e do Crescimento em Processos de Formação de Padrões de Pelagem via Reação-Difusão,2017.0,2,True,2,0,0,False,True,Multi-Author (Only Men),Multi-Author (Only Men),male,male,False,False,True,True,Brazil,2017
391,Posicionamento de Circuitos 3D Considerando o Planejamento de 3D-Vias,2012.0,3,True,3,0,0,False,True,Multi-Author (Only Men),Multi-Author (Only Men),male,male,False,False,True,True,Brazil,2012
392,Sleep Stages Classification Using Spectral Based Statistical Moments as Features,2018.0,5,True,4,1,0,True,True,Multi-Author (More Men),Multi-Author (More Men),male,male,False,False,True,True,Brazil,2018
393,Análise Autônoma de Investimento: Uma Abordagem Multiagente Discreta,2018.0,3,True,3,0,0,False,True,Multi-Author (Only Men),Multi-Author (Only Men),male,male,False,False,True,True,Brazil,2018
394,"Combining Artificial Intelligence, Ontology, and Frequency-based Approaches to Recommend Activities in Scientific Workflows",2018.0,2,True,2,0,0,False,True,Multi-Author (Only Men),Multi-Author (Only Men),male,male,False,False,True,True,Brazil,2018
395,Energy Systems in Material Agent Societies,2017.0,1,False,1,0,0,False,True,Single Man,Single Man,male,male,False,False,True,True,Brazil,2017
396,Gerenciando Alterações em Documentos XML,2011.0,4,True,2,1,1,True,True,Multi-Author (More Men),Multi-Author (More Men),male,male,False,False,True,True,Brazil,2011
397,Estratégias de Construções de Comitês de Classificadores Multirrótulos no Aprendizado Semissupervisionado Multidescrição,2017.0,2,True,2,0,0,False,True,Multi-Author (Only Men),Multi-Author (Only Men),male,male,False,False,True,True,Brazil,2017
398,Simulação Multiagente da Evacuação da Boate Kiss: A Importância da NBR 9.077 e sua relação com o Pânico,2017.0,3,True,2,1,0,True,True,Multi-Author (More Men),Multi-Author (More Men),male,female,False,True,True,False,Brazil,2017
399,Composição de Agentes EBDI: Integração WASABI-Jason,2017.0,3,True,2,1,0,True,True,Multi-Author (More Men),Multi-Author (More Men),male,male,False,False,True,True,Brazil,2017
400,Derivation of Mean Value Coordinates Using Interior Distance and Their Application on Mesh Deformation,2018.0,2,True,1,1,0,True,True,Multi-Author (Equal Gender),Multi-Author (Equal Gender),female,male,True,False,False,True,Brazil,2018
401,Diagnóstico de Glaucoma Utilizando Atributos de Textura e CNN’s Pré-treinadas,2018.0,5,True,4,1,0,True,True,Multi-Author (More Men),Multi-Author (More Men),female,male,True,False,False,True,Brazil,2018
402,A Multi-objective Version of the Lin-Kernighan Heuristic for the Traveling Salesman Problem,2018.0,3,True,2,1,0,True,True,Multi-Author (More Men),Multi-Author (More Men),male,male,False,False,True,True,Brazil,2018
403,MeHarCEn: Um Método de Harmonização do Consumo de Energia em Data Centers,2017.0,4,True,4,0,0,False,True,Multi-Author (Only Men),Multi-Author (Only Men),male,male,False,False,True,True,Brazil,2017
404,Avaliação do Intel Software Guard Extensions via Emulação,2018.0,2,True,2,0,0,False,True,Multi-Author (Only Men),Multi-Author (Only Men),male,male,False,False,True,True,Brazil,2018
405,Avaliação Pró-ativa da Deterioração de Sistemas de Informação por meio de Medidas de Gestão,2011.0,3,True,2,1,0,True,True,Multi-Author (More Men),Multi-Author (More Men),female,male,True,False,False,True,Brazil,2011
406,Virtual Reality as a Support Tool for the Treatment of People with Intellectual and Multiple Disabilities: A Systematic Literature Review,2018.0,3,True,2,1,0,True,True,Multi-Author (More Men),Multi-Author (More Men),male,male,False,False,True,True,Brazil,2018
407,IndoLoR -- Uma Plataforma Adaptável para Localização em Ambientes Internos,2018.0,2,True,1,0,1,False,True,Multi-Author (Only Men),Multi-Author (Only Men),male,unknown,False,False,True,False,Brazil,2018
408,Teoria espaço-escala: conceitos e abordagens,2011.0,2,True,0,1,1,True,False,Multi-Author (Only Women),Multi-Author (Only Women),female,unknown,True,False,False,False,Brazil,2011
409,CoWPar: A D2D Communication Approach Without Pairing for Mobile Social Network in Proximity,2018.0,3,True,3,0,0,False,True,Multi-Author (Only Men),Multi-Author (Only Men),male,male,False,False,True,True,Brazil,2018
410,Modelos para avaliação de disponibilidade orientada a capacidade de uma nuvem privada,2018.0,3,True,3,0,0,False,True,Multi-Author (Only Men),Multi-Author (Only Men),male,male,False,False,True,True,Brazil,2018
411,Video Conferencing Evaluation Considering Scalable Video Coding and SDN Network,2018.0,4,True,3,1,0,True,True,Multi-Author (More Men),Multi-Author (More Men),male,male,False,False,True,True,Brazil,2018
412,A Genetic Programming Model for Association Studies to Detect Epistasis in Low Heritability Data,2018.0,4,True,4,0,0,False,True,Multi-Author (Only Men),Multi-Author (Only Men),male,male,False,False,True,True,Brazil,2018
413,Relative Scalability of NoSQL Databases for Genotype Data Manipulation,2018.0,6,True,6,0,0,False,True,Multi-Author (Only Men),Multi-Author (Only Men),male,male,False,False,True,True,Brazil,2018
414,Can the Use of nonlinear Color Metrics systematically improve Segmentation?,2018.0,5,True,4,0,1,False,True,Multi-Author (Only Men),Multi-Author (Only Men),unknown,male,False,False,False,True,Brazil,2018
415,Algoritmos de Escalonamento Gangue com Estratégias de Migracão em um Ambiente MCMCA,2018.0,4,True,2,2,0,True,True,Multi-Author (Equal Gender),Multi-Author (Equal Gender),female,female,True,True,False,False,Brazil,2018
416,Desenvolvimento de uma rede neuro-fuzzy para predição da temperatura retal de frangos de corte,2011.0,4,True,3,1,0,True,True,Multi-Author (More Men),Multi-Author (More Men),male,male,False,False,True,True,Brazil,2011
417,Investigation of Archiving Techniques for Evolutionary Multi-objective Optimizers,2018.0,3,True,2,1,0,True,True,Multi-Author (More Men),Multi-Author (More Men),male,male,False,False,True,True,Brazil,2018
418,Algorithms for the power-p Steiner tree problem in the Euclidean plane,2018.0,3,True,1,1,1,True,True,Multi-Author (Equal Gender),Multi-Author (Equal Gender),female,male,True,False,False,True,Australia,2018
419,Um modelo computacional para a simulação de sistemas de transporte urbano,2018.0,2,True,2,0,0,False,True,Multi-Author (Only Men),Multi-Author (Only Men),male,male,False,False,True,True,Brazil,2018
420,Use of cytomorphometry for classification of subcellular patterns in 3D images,2018.0,3,True,3,0,0,False,True,Multi-Author (Only Men),Multi-Author (Only Men),male,male,False,False,True,True,Brazil,2018
421,Extreme Learning Machine combined with a Differential Evolution algorithm for lithology identification,2018.0,5,True,3,2,0,True,True,Multi-Author (More Men),Multi-Author (More Men),female,male,True,False,False,True,Brazil,2018
422,Exact Algorithms for the Graph Coloring Problem,2018.0,2,True,1,1,0,True,True,Multi-Author (Equal Gender),Multi-Author (Equal Gender),female,male,True,False,False,True,Brazil,2018
423,Formal Semantics for Java-like Languages and Research Opportunities,2018.0,3,True,3,0,0,False,True,Multi-Author (Only Men),Multi-Author (Only Men),male,male,False,False,True,True,Brazil,2018
424,Introdução à Programação de Propósito Geral em Hardware Gráfico,2011.0,3,True,2,1,0,True,True,Multi-Author (More Men),Multi-Author (More Men),female,male,True,False,False,True,Brazil,2011
425,Performance Analysis of the Segment Transfer Rate of TCP-UEM,2019.0,2,True,1,1,0,True,True,Multi-Author (Equal Gender),Multi-Author (Equal Gender),male,female,False,True,True,False,Brazil,2019
426,Vulnerability Identification on GNU/Linux Operating Systems through Case-Based Reasoning,2019.0,2,True,2,0,0,False,True,Multi-Author (Only Men),Multi-Author (Only Men),male,male,False,False,True,True,Brazil,2019
427,Haskell Type System Analysis,2018.0,3,True,2,1,0,True,True,Multi-Author (More Men),Multi-Author (More Men),male,male,False,False,True,True,Brazil,2018
428,Evolutionary Models applied to Multiprocessor TaskScheduling: Serial and Multipopulation Genetic Algorithm,2019.0,3,True,2,1,0,True,True,Multi-Author (More Men),Multi-Author (More Men),male,male,False,False,True,True,Brazil,2019
429,A Journey through Virtual and Augmented Reality - Reviewing the SVR Symposia from 2004 to 2008,2009.0,4,True,2,2,0,True,True,Multi-Author (Equal Gender),Multi-Author (Equal Gender),male,female,False,True,True,False,Brazil,2009
430,The Design of a Graphics Engine for the Development of Virtual Reality Applications,2009.0,6,True,3,1,2,True,True,Multi-Author (More Men),Multi-Author (More Men),male,unknown,False,False,True,False,Brazil,2009
431,Designing and implementing an Spatial Augmented Reality X-Ray,2009.0,4,True,3,0,1,False,True,Multi-Author (Only Men),Multi-Author (Only Men),unknown,male,False,False,False,True,Brazil,2009
432,A Conceptual Image-Based Data Glove for Computer-Human Interaction,2009.0,5,True,4,1,0,True,True,Multi-Author (More Men),Multi-Author (More Men),male,male,False,False,True,True,Brazil,2009
433,A Software Framework to Create 3D Browser-Based Speech Enabled Applications,2009.0,3,True,2,0,1,False,True,Multi-Author (Only Men),Multi-Author (Only Men),male,male,False,False,True,True,Brazil,2009
434,V: a language with extensible record accessors and a trait-based type system,2018.0,3,True,3,0,0,False,True,Multi-Author (Only Men),Multi-Author (Only Men),male,male,False,False,True,True,Brazil,2018
435,"Stochastic Models for Optimizing Availability, Cost and Sustainability of Data Center Power Architectures through Genetic Algorithm",2019.0,2,True,2,0,0,False,True,Multi-Author (Only Men),Multi-Author (Only Men),male,male,False,False,True,True,Brazil,2019
436,Use of text mining techniques for unsupervised organization of digital procedural acts,2018.0,2,True,2,0,0,False,True,Multi-Author (Only Men),Multi-Author (Only Men),male,male,False,False,True,True,Brazil,2018
437,An Analysis of a Real Mobility Trace Based on Standard Mobility Metrics,2019.0,2,True,2,0,0,False,True,Multi-Author (Only Men),Multi-Author (Only Men),male,male,False,False,True,True,Brazil,2019
438,SWEETS: um Sistema de Recomendação de Especialistas aplicado a uma plataforma de Gestão de Conhecimento,2011.0,4,True,4,0,0,False,True,Multi-Author (Only Men),Multi-Author (Only Men),male,male,False,False,True,True,Brazil,2011
439,A gene based bacterial whole genome comparison toolkit,2019.0,7,True,5,2,0,True,True,Multi-Author (More Men),Multi-Author (More Men),male,male,False,False,True,True,Brazil,2019
440,Analysis of the Performance of Genetic Algorithm Parallelized with OpenMP Through Execution Traces,2019.0,2,True,0,2,0,True,False,Multi-Author (Only Women),Multi-Author (Only Women),female,female,True,True,False,False,Brazil,2019
441,Uma Revisão Sobre Combinação de Agrupamentos,2010.0,3,True,1,1,1,True,True,Multi-Author (Equal Gender),Multi-Author (Equal Gender),unknown,male,False,False,False,True,Brazil,2010
442,Combinando Modelos de Interação para Melhorar a Coordenação em Sistemas Multiagente,2011.0,6,True,6,0,0,False,True,Multi-Author (Only Men),Multi-Author (Only Men),male,male,False,False,True,True,Brazil,2011
443,A Taxonomy of container security on computational clouds: concerns and solutions,2019.0,5,True,5,0,0,False,True,Multi-Author (Only Men),Multi-Author (Only Men),male,male,False,False,True,True,Brazil,2019
444,OLSR Fuzzy Cost (OLSR-FC): an extension to OLSR protocol based on fuzzy logic and applied to avoid selfish nodes,2019.0,4,True,3,0,1,False,True,Multi-Author (Only Men),Multi-Author (Only Men),male,unknown,False,False,True,False,Brazil,2019
445,A Model for the Diffusive Filling-In Algorithm Operating in Spike Mode,2019.0,2,True,2,0,0,False,True,Multi-Author (Only Men),Multi-Author (Only Men),male,male,False,False,True,True,Brazil,2019
446,Virtual Reality-based Training for the Motor Developmentof People With Intellectual and Multiple Disabilities,2019.0,3,True,2,1,0,True,True,Multi-Author (More Men),Multi-Author (More Men),male,male,False,False,True,True,Brazil,2019
447,Elementary Economic Systems in Material Agent Societies,2019.0,1,False,1,0,0,False,True,Single Man,Single Man,male,male,False,False,True,True,Brazil,2019
448,Data Fusion through Fuzzy-Bayesian Networks for Belief Generation in Cognitive Agents,2019.0,3,True,1,1,1,True,True,Multi-Author (Equal Gender),Multi-Author (Equal Gender),unknown,male,False,False,False,True,Brazil,2019
449,A Strategy for Performance Evaluation and Modeling of Cloud Computing Services,2019.0,4,True,2,1,1,True,True,Multi-Author (More Men),Multi-Author (More Men),male,male,False,False,True,True,Brazil,2019
450,Evaluating the impact of maintenance policies associated to SLA contracts on the dependability of data centers electrical infrastructures,2020.0,3,True,3,0,0,False,True,Multi-Author (Only Men),Multi-Author (Only Men),male,male,False,False,True,True,Brazil,2020
451,Hybrid Neural Networks Applied to Brazilian Stock Market,2020.0,3,True,3,0,0,False,True,Multi-Author (Only Men),Multi-Author (Only Men),male,male,False,False,True,True,Brazil,2020
452,"Biclustering and coclustering: concepts, algorithms and viability for text mining",2019.0,2,True,0,2,0,True,False,Multi-Author (Only Women),Multi-Author (Only Women),female,female,True,True,False,False,Brazil,2019
453,PHOC Descriptor Applied for Mammography Classification,2020.0,2,True,2,0,0,False,True,Multi-Author (Only Men),Multi-Author (Only Men),male,male,False,False,True,True,Brazil,2020
454,Uma abordagem estrutural para calcular similaridade entre conceitos de ontologias,2011.0,4,True,3,1,0,True,True,Multi-Author (More Men),Multi-Author (More Men),male,male,False,False,True,True,Brazil,2011
455,BeeNotified! A Notification System of Physical Quantities for Beehives Remote Monitoring,2020.0,6,True,4,1,1,True,True,Multi-Author (More Men),Multi-Author (More Men),male,male,False,False,True,True,Brazil,2020
456,An Online Tree-Based Approach for Mining Non-Stationary High-Speed Data Streams,2020.0,4,True,2,1,1,True,True,Multi-Author (More Men),Multi-Author (More Men),male,male,False,False,True,True,Brazil,2020
457,Group Labeling Methodology Using Distance-based Data Grouping Algorithms,2020.0,5,True,4,1,0,True,True,Multi-Author (More Men),Multi-Author (More Men),male,female,False,True,True,False,Brazil,2020
458,Road Surface Classification with Images Captured From Low-cost Camera - Road Traversing Knowledge (RTK) Dataset,2019.0,3,True,2,1,0,True,True,Multi-Author (More Men),Multi-Author (More Men),male,male,False,False,True,True,Brazil,2019
459,Models to evaluate service Provisioning over Cloud Computing Environments - A Blockchain-As-A-Service case study,2019.0,5,True,4,0,1,False,True,Multi-Author (Only Men),Multi-Author (Only Men),male,male,False,False,True,True,Brazil,2019
460,SafeFollowing: A collaborative model for public security agents to assist people with disabilities and the elderly,2019.0,6,True,6,0,0,False,True,Multi-Author (Only Men),Multi-Author (Only Men),male,male,False,False,True,True,Unknown,2019
461,A Computational Strategy for Classification of Enem Issues Based on Item Response Theory,2020.0,3,True,2,0,1,False,True,Multi-Author (Only Men),Multi-Author (Only Men),male,unknown,False,False,True,False,Brazil,2020
462,HICOLM: High-Performance Platform of Physical Simulations by Using Low Computational Cost Methods,2019.0,1,False,1,0,0,False,True,Single Man,Single Man,male,male,False,False,True,True,Brazil,2019
463,"Traveling Salesman Problem with Optional Bonus Collection, Pickup Time and Passengers",2020.0,4,True,3,1,0,True,True,Multi-Author (More Men),Multi-Author (More Men),male,male,False,False,True,True,Brazil,2020
464,Performability Evaluation of Voice Services in Converged Networks,2020.0,3,True,3,0,0,False,True,Multi-Author (Only Men),Multi-Author (Only Men),male,male,False,False,True,True,Brazil,2020
465,Prize Collecting Traveling Salesman Problem with Ridesharing,2020.0,3,True,2,1,0,True,True,Multi-Author (More Men),Multi-Author (More Men),male,female,False,True,True,False,Brazil,2020
466,WebGIS development for base flow separation and recharge estimation,2020.0,4,True,3,1,0,True,True,Multi-Author (More Men),Multi-Author (More Men),male,female,False,True,True,False,Brazil,2020
467,Water Resources Analysis: An Approach based on Agent-Based Modeling,2020.0,5,True,2,3,0,True,True,Multi-Author (More Women),Multi-Author (More Women),male,female,False,True,True,False,Brazil,2020
468,Effects of reward distribution strategies and perseverance profiles on agent-based coalitions dynamics,2020.0,2,True,2,0,0,False,True,Multi-Author (Only Men),Multi-Author (Only Men),male,male,False,False,True,True,Brazil,2020
469,Mosaik and PADE: Multiagents and Co-simulation for smart grids modeling,2020.0,5,True,4,1,0,True,True,Multi-Author (More Men),Multi-Author (More Men),male,male,False,False,True,True,Brazil,2020
470,Unsupervised Feature Selection Methodology for Clustering in High Dimensionality Datasets,2020.0,2,True,2,0,0,False,True,Multi-Author (Only Men),Multi-Author (Only Men),male,male,False,False,True,True,Brazil,2020
471,Studying the Performance of Cognitive Models in Time Series Forecasting,2020.0,4,True,3,1,0,True,True,Multi-Author (More Men),Multi-Author (More Men),male,male,False,False,True,True,Brazil,2020
472,Aplicação de redes neurais ART e análise de textura para a classificação do estado de alteração de agregados minerais,2011.0,2,True,1,1,0,True,True,Multi-Author (Equal Gender),Multi-Author (Equal Gender),male,female,False,True,True,False,Brazil,2011
473,Arisa Nest – A Cloud-Based Platform for Development of Virtual Assistant,2020.0,2,True,2,0,0,False,True,Multi-Author (Only Men),Multi-Author (Only Men),male,male,False,False,True,True,Brazil,2020
474,Reactive multi-agent system applied to self-healing in Smart Grids,2020.0,2,True,2,0,0,False,True,Multi-Author (Only Men),Multi-Author (Only Men),male,male,False,False,True,True,Brazil,2020
475,Comparison of Classical Computer Vision vs. Convolutional Neural Networks for Weed Mapping in Aerial Images,2020.0,5,True,5,0,0,False,True,Multi-Author (Only Men),Multi-Author (Only Men),male,male,False,False,True,True,Brazil,2020
476,Scrumie: Scrum Teaching Agent Oriented Game,2020.0,6,True,3,3,0,True,True,Multi-Author (Equal Gender),Multi-Author (Equal Gender),male,female,False,True,True,False,Brazil,2020
477,Int-FLBCC: Model for Load Balancing in Cloud Computing using Fuzzy Logic Type-2 and Admissible Orders.,2020.0,4,True,3,1,0,True,True,Multi-Author (More Men),Multi-Author (More Men),male,female,False,True,True,False,Brazil,2020
478,"Similar Yet Different: the Structure of Social Networks of Characters in Seinfeld, Friends, How I met Your Mother, and The Big Bang Theory",2020.0,1,False,0,1,0,True,False,Single Woman,Single Woman,female,female,True,True,False,False,Brazil,2020
479,DenseNet-DC: Optimizing DenseNet Parameters Through Feature Map Generation Control,2020.0,2,True,2,0,0,False,True,Multi-Author (Only Men),Multi-Author (Only Men),male,male,False,False,True,True,Brazil,2020
480,Reasoning about Partial Correctness Assertions in Isabelle/HOL,2020.0,1,False,1,0,0,False,True,Single Man,Single Man,male,male,False,False,True,True,Brazil,2020
481,Experiments on Model-Based Software Energy Consumption Analysis Involving Sorting Algorithms,2020.0,5,True,5,0,0,False,True,Multi-Author (Only Men),Multi-Author (Only Men),male,male,False,False,True,True,Brazil,2020
482,Automatic identification of knowledge related to dengue cases in the state of Piauí in public databases using Filtered-Association Rules Networks,2020.0,4,True,1,3,0,True,True,Multi-Author (More Women),Multi-Author (More Women),female,male,True,False,False,True,Brazil,2020
