Submission ID,Title,Abstract,Section title,Status,URL,DOI,Date submitted,Last modified
10082,Geração de Testes de Desempenho e Estresse a partir de Testes Funcionais,"  Apesar do Teste de Software estar relacionado à garantia de qualidade, ele demanda tempo e recursos, e por isso acaba por não ser realizada em parte dos projetos executados. No contexto das empresas que sempre o realizam, percebe-se que o teste funcional cresce em utilização e que o teste de desempenho e estresse ainda é pouco executado, mesmo diante do aumento dos sistemas acessíveis via Web, em que esses testes são considerados essenciais. Neste artigo é proposto um método e sua ferramenta de apoio para a geração de testes de desempenho e estresse de sistemas Web a partir de testes funcionais, na tentativa de popularizar o teste para esses requisitos não-funcionais. Apresenta-se também um estudo experimental que concluiu que o uso do método e da ferramenta pode gerar ganhos em termo de redução de esforço para a geração desses testes.",Regular Papers,Published,https://seer.ufrgs.br/index.php/rita/workflow/access/10082,10.22456/2175-2745.10082,2009-09-14 13:51:34,2011-03-30 01:10:53
100968,A Mechanized Proof of a Textbook Type Unification Algorithm,"Unification is the core of type inference algorithms for modern functional programming languages, like Haskell and SML. As a first step towards a formalization of a type inference algorithm for such programming languages, we present a formalization in Coq of a type unification algorithm that follows classic algorithms presented in programming language textbooks. We also report on the use of such formalization to build a correct type inference algorithm for the simply typed λ-calculus.",Regular Papers,Published,https://seer.ufrgs.br/index.php/rita/workflow/access/100968,10.22456/2175-2745.100968,2020-03-10 12:49:34,2020-06-18 00:05:53
102061,A New Artificial Immune System Based on Continuous Learning for Pattern Recognition,"This paper presents a novel approach for pattern recognition based on continuous training inspired by the biological immune system operation. The main objective of this paper is to present a method capable of continually learn, i.e., being able to address new types of patterns without the need to restart the training process (artificial immune system with incremental learning). It is a useful method for solving problems involving a permanent knowledge extraction, e.g., 3D facial expression recognition, whose quality of the solutions is strongly dependent on a continuous training process. In this context, two artificial immune algorithms are employed: (1) the negative selection algorithm, which is responsible for the pattern recognition process and (2) the clonal selection algorithm, which is responsible for the learning process. The main application of this method is in assisting in decision-making on problems related to pattern recognition process. To evaluate and validate the efficiency of this method, the system has been tested on handwritten character recognition, which is a classic problem in the literature. The results show efficiency, accuracy and robustness of the proposed methodology.",Regular Papers,Published,https://seer.ufrgs.br/index.php/rita/workflow/access/102061,10.22456/2175-2745.102061,2020-04-15 21:56:33,2021-07-07 19:57:55
103182,Low-Latency f0 Estimation for the Finger Plucked Electric Bass Guitar Using the Absolute Difference Function,"Audio-to-MIDI conversion can be used to allow digital musical control through an analog instrument. Audio-to-MIDI converters rely on fundamental frequency estimators that are usually restricted to a minimum delay of two fundamental periods. This delay is perceptible for the case of bass notes. In this dissertation, we propose a low-latency fundamental frequency estimation method that relies on specific characteristics of the electric bass guitar. By means of physical modeling and signal  acquisition, we show that the assumptions of this method are based on the generalization of all electric basses. We evaluated our method in a dataset with musical notes played by diverse bassists. Results show that our method outperforms the Yin method in low-latency settings, which indicates its suitability for low-latency audio-to-MIDI conversion of the electric bass sound.",Selected Papers - SBCM 2019,Published,https://seer.ufrgs.br/index.php/rita/workflow/access/103182,10.22456/2175-2745.103182,2020-05-19 20:19:21,2021-07-07 19:57:57
10385,TSML: A XML-based Format for Exchange of Training Samples for Pattern Recognition in Remote Sensing Images,"The availability of large and complex data sets has shifted the focus of pattern recognition towards developing techniques that can efficiently handle these types of data sets. For example, Multiple Classifier Systems claim their ability in reducing the error and complexity of classification by partitioning the data space and combining classifiers predictions. However, it is not an easy task to generate several partitions and moreover to use them in an efficient manner. Another difficult aspect is related to the exchange of training data in different formats among systems to combine classifiers of different and heterogeneous systems. This paper presents a model and structure of training samples based on XML (eXtensible Markup Language) to facilitate the partitioning and exchange among different image classification system. The main contribution is to apply the flexibility of XML that addresses interoperability and communication among heterogeneous systems in partitioning data sets as well as to facilitate interchange of such sets among image processing and pattern recognition systems.",Regular Papers,Published,https://seer.ufrgs.br/index.php/rita/workflow/access/10385,10.22456/2175-2745.10385,2009-09-29 21:12:15,2011-03-30 01:09:18
104342,Creating Digital Musical Instruments with libmosaic-sound and Mosaicode,"Music has been influenced by digital technology over the last few decades. With the computer and the Digital Musical Instruments, the musical composition could trespass the use of acoustic instruments demanding to musicians and composers a sort of computer programming skills for the development of musical applications. In order to simplify the development of musical applications several tools and musical programming languages arose bringing some facilities to lay-musicians on computer programming to use the computer to make music. This work presents the development of a Visual Programming Language (VPL) to develop DMI applications in the Mosaicode programming environment, simplifying sound design and making the creation of digital instruments more accessible to digital artists. It is also presented the implementation of libmosaic-sound library, which supported the VPL development, for the specific domain of Music Computing and DMI creation.",Selected Papers - SBCM 2019,Published,https://seer.ufrgs.br/index.php/rita/workflow/access/104342,10.22456/2175-2745.104342,2020-06-15 23:55:50,2021-07-07 19:57:57
105893,Overload Control in a Token Player for a Fuzzy Workflow Management System,"The underlying proposal of this work is to control overload of a Token Player in a Fuzzy Workflow Management System. In order to accomplish this, possibility theory is used to measure how much the Token Player can be overloaded. The model used in this work is built using Colored Petri net and the simulation is made using CPN Tools. Finally, is possible to control overload of the Token Player in a Fuzzy Workflow Management System, nevertheless more time is spent to achieve the end of activities.",Special Issue on Business Process Management,Published,https://seer.ufrgs.br/index.php/rita/workflow/access/105893,10.22456/2175-2745.105893,2020-07-29 16:45:27,2021-01-19 00:27:00
106277,An operational support approach for Mining Unstructured Business Processes,"The refined process mining framework contains a set of activities that use extracted information from event logs, discovered models and normative ones. Among these activities, we find those dealing with running events in a Structured Business Process (SBP) context, which are the Detect, the Predict and the Recommend activities. These three activities are nominated as an operational support system that aims at detecting deviations, predicting events and recommending actions. In this regard, operational support systems perform well on SBP while, it stills a challenging task for an Unstructured Business Process (UBP). This puts forward the difficulty of predicting events and recommending actions for UBP, because of its complex structure. In this context, simplification and structuring operations must be applied. Therefore, the intervention of other process mining activities is required for business process simplification and structuring. To this end, we present an operational support approach dealing with UBP, using the refined process mining framework activities.",Special Issue on Business Process Management,Published,https://seer.ufrgs.br/index.php/rita/workflow/access/106277,10.22456/2175-2745.106277,2020-08-30 02:59:48,2021-01-19 00:27:02
106794,Cloud infrastructure for HPC investment analysis,"With the consolidation of cloud computing technology, there is a growing interest in exploring it to support High Performance Computing (HPC). However, migrating such applications to public or private cloud environments brings some challenges, in particular, the cost in financing the migration process. In this paper, a literature review is presented with selected papers about analyzing cloud infrastructure investments. In particular, the selected papers analyse how investments impact applications. For discussion of related works, conditions for running HPC applications in the cloud are characterized.",Regular Papers,Published,https://seer.ufrgs.br/index.php/rita/workflow/access/106794,10.22456/2175-2745.106794,2020-08-24 19:19:10,2021-07-07 19:57:56
106828,Business Process Models in the Context of Predictive Process Monitoring,"Predictive process monitoring is a subject of growing interest in academic research. As a result, an increased number of papers on this topic have been published. Due to the high complexity in this research area a wide range of different experimental setups and methods have been applied which makes it very difficult to reliably compare research results. This paper's objective is to investigate how business process models and their characteristics are used during experimental setups and how they can contribute to academic research. First, a literature review is conducted to analyze and discuss the awareness of business process models in experimental setups. Secondly, the paper discusses identified research problems and proposes the concept of a web-based business process model metric suite and the idea of ranked metrics. Through a metric suite researchers and practitioners can automatically evaluate business process model characteristics in their future work. Further, a contextualization of metrics by introducing a ranking of characteristics can potentially indicate how the outcome of experimental setups will be. Hence, the paper's work demonstrates the importance of business process models and their characteristics in the context of predictive process monitoring and proposes the concept of a tool approach and ranking to reliably evaluate business process models characteristics.",Special Issue on Business Process Management,Published,https://seer.ufrgs.br/index.php/rita/workflow/access/106828,10.22456/2175-2745.106828,2020-08-25 16:51:55,2021-01-19 00:27:07
106891,Integrating Exploitative and Explorative Thinking in Business Process Analysis: A Conceptual Model and Method,"Ambidextrous BPM has gained increasing interest from researchers and practitioners in the last years. It refers to the ability to use exploitative and explorative capabilities in BPM projects. In this paper, we investigate how the integration of exploitative and explorative ideas can leverage the analysis of business processes. The key contributions of this paper are a conceptual model and a method that integrate ambidextrous thinking in a complementary way. Both artefacts were evaluated by means of an expert opinion survey. We also present a case study at an organisation that has implemented our proposed method. We believe that ambidextrous analysis of business processes enables organisations tackling current operational bottlenecks while simultaneously exploring external opportunities for designing innovation in business processes.",Special Issue on Business Process Management,Published,https://seer.ufrgs.br/index.php/rita/workflow/access/106891,10.22456/2175-2745.106891,2020-08-27 15:20:23,2021-01-19 00:27:08
107021,A Model for Predicting Music Popularity on Streaming Platforms,"The global music market moves billions of dollars every year, most of which comes from streamingplatforms. In this paper, we present a model for predicting whether or not a song will appear in Spotify’s Top 50, a ranking of the 50 most popular songs in Spotify, which is one of today’s biggest streaming services. To make this prediction, we trained different classifiers with information from audio features from songs that appeared in this ranking between November 2018 and January 2019. When tested with data from June and July 2019, an SVM classifier with RBF kernel obtained accuracy, precision, and AUC above 80%.",Selected Papers - SBCM 2019,Published,https://seer.ufrgs.br/index.php/rita/workflow/access/107021,10.22456/2175-2745.107021,2020-08-30 18:25:21,2021-07-07 19:57:57
107041,An Agent-Based Model for Simulating Irrigated Agriculture in the Samambaia Basin in Goiás,"Agriculture is one of the main economic activities in Brazil. The intensive use of water for irrigated agriculture leads to water rise demand contributing to increase water stress. Agent-based models help assess this problem with promising applications entailing an organizing principle to inform us of how to view a real-world system and effectively build a model. In this work, agent-based modeling is applied to simulate water usage for irrigation in agricultural production in the Samambaia river basin in the municipality of Cristalina in the Goias state of Brazil. The use of real data enables analysis of resource availability in a scenario with high demand irrigation, allowing a greater understanding of the needs of the parties involved.",Special Issue on Distributed Artificial Intelligence and Multiagent Systems,Published,https://seer.ufrgs.br/index.php/rita/workflow/access/107041,10.22456/2175-2745.107041,2020-08-30 22:22:28,2021-08-29 12:11:57
107128,Hash Tables for a Digital Lexicon,"This paper deals with the construction of digital lexicons within the scope of Natural Language Processing. Data Structures called Hash Tables have demonstrated to generate good results for Natural Language Interface for Databases and have data dispersion, response speed and programming simplicity as main features. The storage of the desired information is done by associating a key through the hashing functions that is responsible for distributing the information in this table. The objective of this paper is to present the tool called Visual TaHs that uses a sparse table to a real lexicon (Lexicon of Herbs), improving performance results of several implemented hash functions. Such structure has achieved satisfactory results in terms of speed and storage when compared to conventional databases and can work in various media, such as desktop, Web and mobile.",Regular Papers,Published,https://seer.ufrgs.br/index.php/rita/workflow/access/107128,10.22456/2175-2745.107128,2020-08-31 21:23:11,2021-08-29 12:11:46
107149,System for Identifying Pests and Diseases in Soybean Crop through Natural Language Processing,"The presence of technologies in the agronomic field has the purpose of proposing the best solutions to the challenges found in agriculture, especially to the problems that affect cultivars. One of the obstacles found is to apply the use of your own language in applications that interact with the user in Brazilian Agribusiness. Therefore, this work uses Natural Language Processing techniques for the development of an automatic and effective computer system to interact with the user and assist in the identification of pests and diseases in soybean crop, stored in a non-relational database repository to provide accurate diagnostics to simplify the work of the farmer and the agricultural stakeholders who deal with a lot of information. In order to build dialogues and provide rich consultations, from agriculture manuals, a data structure with 108 pests and diseases with their information on the soybean cultivar and through the spaCy tool, it was possible to pre-process the texts, recognize the entities and support the requirements for the development of the conversacional system.",Regular Papers,Published,https://seer.ufrgs.br/index.php/rita/workflow/access/107149,10.22456/2175-2745.107149,2020-09-01 01:42:52,2022-01-11 00:00:15
107154,Centralized Algorithms Based on Clustering with Self-tuning of Parameters for Cooperative Target Observation,"Clustering on target positions is a class of centralized algorithms used to calculate the surveillance robots' displacements in the Cooperative Target Observation (CTO) problem. This work proposes and evaluates Fuzzy C-means (FCM) and Density-Based Spatial Clustering of Applications with Noise (DBSCAN) with K-means (DBSk) based self-tuning clustering centralized algorithms for the CTO problem and compares its performances with that of K-means. Two random motion patterns are adopted for the targets: in free space or on a grid. As a contribution, the work allows identifying ranges of problem configuration parameters in which each algorithm shows the highest average performance. As a first conclusion, in the challenging situation in which the relative speed of the targets is high, and the relative sensor range of the surveillance is low, for which the existing algorithms present a substantial drop in performance, the FCM algorithm proposed outperforms the others. Finally, the DBSk algorithm adapts very well in low execution frequency, showing promising results in this challenging situation.",Regular Papers,Published,https://seer.ufrgs.br/index.php/rita/workflow/access/107154,10.22456/2175-2745.107154,2020-08-31 21:32:09,2021-08-29 12:11:48
107176,Dimensioning the relationship between availability and data center energy flow metrics,"The advancement of technology and the growing number of applications available to network users have increased the demand for services hosted in cloud environments. In 2020, more than 4 billion of people access these services through the Internet, a value 7% higher in comparison to the same period in 2019. To support the demand for such services, an environment that provides such conditions for applications available whenever needed has grown in importance. These environments are generally available from large data centers, which consume large amounts of electricity to provide such demand service capacity. In this context, this work proposes an integrated and dynamic strategy that demonstrates the impact of the availability on the energyconsumption of the devices that compose the data center system architecture. In order to accomplish this, colored Petri net models were proposed for quantifying the cost, environmental impact and availability of the electric energy infrastructure ofdata centers. The models presented in this work are supported by the developed prototype. Two case studies illustrate the applicability of the proposed models and strategy. Significant results were obtained, showing an increase close to 100% in the system availability, with practically the same operational cost and environmental impact.",Regular Papers,Published,https://seer.ufrgs.br/index.php/rita/workflow/access/107176,10.22456/2175-2745.107176,2020-09-01 00:25:08,2021-07-07 19:57:56
107202,Iracema: a Python library for audio content analysis,"Iracema is a Python library that aims to provide models for the extraction of meaningful informationfrom recordings of monophonic pieces of music, for purposes of research in music performance. With this objective in mind, we propose an architecture that will provide to users an abstraction level that simplifies the manipulation of different kinds of time series, as well as the extraction of segments from them. In this paper we: (1) introduce some key concepts at the core of the proposed  architecture; (2) describe the current functionalities of the package; (3) give some examples of the application programming interface; and (4) give some brief examples of audio analysis using the system.",Selected Papers - SBCM 2019,Published,https://seer.ufrgs.br/index.php/rita/workflow/access/107202,10.22456/2175-2745.107202,2020-09-02 10:18:08,2021-07-07 19:57:57
107292,Challenges and Perspectives on Real-time Singing Voice Synthesis,"This paper describes the state of art of real-time singing voice synthesis and presents its concept, applications and technical aspects. A technological mapping and a literature review are made in order to indicate the latest developments in this area. We made a brief comparative analysis among the selected works. Finally, we have discussed challenges and future research problems.",Selected Papers - SBCM 2019,Published,https://seer.ufrgs.br/index.php/rita/workflow/access/107292,10.22456/2175-2745.107292,2020-09-05 11:23:49,2021-07-07 19:57:57
107478,Optimization Inspired on Herd Immunity Applied to Non-Hierarchical Grouping of Objects,"Characterized as one of the most important operations related to data analysis, one non-hierarchical grouping consists of, even without having any information about the elements to be classified, establish upon a finite collection of objects, the partitioning of the items that constitute it into subsets or groups without intersecting, so that the elements that are part of a certain group are more similar to each other than the items that belong to distinct group. In this context, this study proposes the application of a meta-heuristic inspired by herd immunity to the determination of the non-hierarchical grouping of objects, and compares the results obtained by this method with the answers provided by four other grouping strategies, described in the literature. In particular, the resulting arrangements of the classification of 33 benchmark collections, performed by the suggested algorithm, by the metaheuristic inspired by the particle swarm, by the genetic algorithm, by the K-means algorithm and by the meta-heuristic inspired by the thermal annealing process, were compared under the perspective of 10 different evaluation measures, indicating that the partitions established by the meta-heuristic inspired by the herd immunity may, in certain respects, be more favorable than the classifications obtained by the other clustering methods.",Regular Papers,Published,https://seer.ufrgs.br/index.php/rita/workflow/access/107478,10.22456/2175-2745.107478,2020-09-12 17:06:25,2021-08-29 12:11:50
107748,Co-creating Service-Dominant Business Artifacts with Action Design Research: Towards Ambidextrous Business Process Management,"Due to the rise of digital innovations, business process management research requires not only to focus on internal organizational improvement aspects. It should also adopt an explorative focus to include completely new business processes driven by digital innovations. Our research project began as an innovation initiative of an international Dutch conglomerate in the financial services sector for exploring new business models. This effort took the form of collaboration among academics in business informatics and practitioners. We formalized this collaboration by adopting action design research (ADR) for reaching impact within the company while contributing new knowledge. The use of ADR resulted in the artifacts' co-creation that led to shared benefits, resulting in a win-win situation for the academics and practitioners.On the one hand, academics built a framework and its underlying artifacts for service-dominant business design and engineering. On the other hand, the framework supported the organizational transformation driven by digital innovation. This framework helps explore new strategic approaches that influence the design of new business models enabled by new business processes due to combining new and current capabilities known as business services.",Special Issue on Business Process Management,Published,https://seer.ufrgs.br/index.php/rita/workflow/access/107748,10.22456/2175-2745.107748,2020-09-22 12:47:34,2021-01-19 13:21:32
107964,The Explainable Business Process (XBP) - An Exploratory Research,"Providing explanations to the business process, its decisions and its activities, is an important key factor for the process in order to achieve the business objectives of the business process, and to minimize and deal with the ambiguity of the business process that causes multiple interpretations, as well as to engender the appropriate trust of the users in the process. As a first step towards adding explanations to business process, we present an exploratory study to bring in the concept of explainability into business process, where we propose a conceptual framework to use the explainability with business process in a model that we called the Explainable Business Process XBP, furthermore we propose the XBP lifecycle based on the Model-based and Incremental Knowledge Engineering (MIKE) approach, in order to show in details the phase where explainability can take a place in business process lifecycle, noting that we focus on explaining the decisions and activities of the process in its as-is model without transforming it into a to-be model.",Special Issue on Business Process Management,Published,https://seer.ufrgs.br/index.php/rita/workflow/access/107964,10.22456/2175-2745.107964,2020-09-30 03:45:10,2021-01-19 00:27:11
108126,Classification Based on Rules for the Study of Cotton Productivity in the State of Mato Grosso,"The advance of cotton farming in the Brazilian savannah boosted and made possible a highly technified, efficient and profitable production, elevating the country from the condition of cotton fiber importer in the 70s to one of the main exporters so far. Despite the increasing contribution of technologies such as transgenic cultivars, machines, inputs and more efficient data management, in recent years there has been a stagnation of cotton productivity in the State of Mato Grosso (MT). Data Mining (MD) techniques offer an excellent opportunity to assess this problem. Through the rules-based classification applied to a real database (BD) of cotton production in MT, factors were identified that were affecting and consequently limiting the increase in productivity. In the pre-processing of the data, we perform the attributes, selection, transformation and identification of outliers. Numerical attributes were discretized using automatic techniques: Kononenko (KO), Better Encoding (BE) and combination: KO + BE. In modeling the rule algorithms used were PART and JRip, both implemented in the WEKA tool. Performance was assessed using statistical metrics: accuracy, recall, cost and their combination using the I_FC index (created by the authors). Results showed better performance for the PART classifier, with discretization by the KO + BE technique, followed by binary conversion. The analysis of the rules made it possible to identify the attributes that most impact productivity. This article is an excerpt from an ICMC/USP Professional Master's Dissertation in Science carried out in São Carlos-SP/BR.",Regular Papers,Published,https://seer.ufrgs.br/index.php/rita/workflow/access/108126,10.22456/2175-2745.108126,2020-10-04 23:10:13,2021-08-29 12:11:52
110015,Using the Myers-Briggs Type Indicator (MBTI) for Modeling Multiagent Systems,"The formation of high-performance teams has been a constant challenge for organizations, which despite considering human capital as one of the most important resources, it still lacks the means to allow them to have a better understanding of several factors that influence the formation of these teams. In this sense, studies also demonstrate that teamwork has a significant impact on the results presented by organizations, in which human behavior is highlighted as one of the main aspects to be considered in the building of work teams. The Myers-Briggs Type Indicator seeks to classify the behavioral preferences of individuals around eight characteristics, which grouped as dichotomies, describe different psychological types. With it, researchers have sought to expand the ability to understand the human factor, using strategies with multiagent systems that, through experiments and simulations, using computer resources, enable the development of artificial agents that simulate human actions. In this work, we present an overview of the research approaches that use MBTI to model agents, aiming at providing a better knowledge of human behavior. Additionally, we make a preliminary discussion of how these results could be explored in order to advance the studies of psychological factors' influence in organizations' work teams formation.",Selected Papers - WESAAC 2020,Published,https://seer.ufrgs.br/index.php/rita/workflow/access/110015,10.22456/2175-2745.110015,2020-12-18 13:03:31,2022-01-11 00:00:19
110111,A Novel Approach to the Measurement of Bourdieusian Social Capital within Institutional Pages and Profiles,"We present in this paper a novel approach for measuring Bourdieusian Social Capital (BSC) within  Institutional Pages and Profiles. We analyse Facebook's Institutional Pages and Twitter's Institutional Profiles. Supported by Pierre Bourdie's theory, we search for directions to identify and capture data related to sociability practices, i. e. actions performed such as Like, Comment and Share. The system of symbolic exchanges and mutual recognition treated by Pierre Bourdieu is represented and extracted automatically from these data in the form of generalized sequential patterns. In this format, the social interactions captured from each page are represented as sequences of actions. Next, we also use such data to measure the frequency of occurrence of each sequence. From such frequencies, we compute the effective mobilization capacity. Finally, the volume of BSC is computed based on the capacity of effective mobilization, the number of social interactions captured and the number of followers on each page. The results are aligned with Bourdieu's theory. The approach can be generalized to institutional pages or profiles in Online Social Networks.",Regular Papers,Published,https://seer.ufrgs.br/index.php/rita/workflow/access/110111,10.22456/2175-2745.110111,2020-12-22 00:46:11,2022-01-11 00:00:07
11066,Implantação de Medição no Processo de Desenvolvimento de Software – Relato de Experiência e Lições Aprendidas,"   Medição é reconhecida como um processo importante de apoio ao gerenciamento do desenvolvimento de software, porém sua implantação efetiva enfrenta desafios relacionados ao esforço e conhecimento necessários para gerar informações úteis para tomada de decisão. O desafio é ainda maior quando se trata de organizações imaturas ou sem experiência com medições. Como forma de contribuição para as iniciativas de implantação de medição nesse contexto, este artigo relata a experiência, estratégias e resultados de implantação de medição em um projeto de desenvolvimento de software visando prover informações à gerência para análise e tomadas de ações.",Case Studies,Published,https://seer.ufrgs.br/index.php/rita/workflow/access/11066,10.22456/2175-2745.11066,2009-10-23 16:17:19,2011-03-30 01:11:06
110818,An Adaptive Trust Model Based on Fuzzy Logic,"In cooperative environments is common that agents delegate tasks to each other to achieve their goals since an agent may not have the capabilities or resources to achieve its objectives alone. However, to select good partners, the agent needs to deal with information about the abilities, experience, and goals of their partners. In this situation, the lack or inaccuracy of information may affect the agent's judgment about a given partner; and hence, increases the risk to rely on an untrustworthy agent. Therefore, in this work, we present a trust model that combines different pieces of information, such as social image, reputation, and references to produce more precise information about the characteristics and abilities of agents. An important aspect of our trust model is that it can be easily configured to deal with different evaluation criteria. For instance, as presented in our experiments, the agents are able to select their partners by availability instead of the expertise level. Besides, the model allows the agents to decide when their own opinions about a partner are more relevant than the opinions received from third parties, and vice-versa. Such flexibility can be explored in dynamic scenarios, where the environment and the behavior of the agents might change constantly.",Selected Papers - WESAAC 2020,Published,https://seer.ufrgs.br/index.php/rita/workflow/access/110818,10.22456/2175-2745.110818,2021-01-20 17:50:49,2022-01-12 22:43:23
110830,A Conceptual Model for Situating Purposes in Artificial Institutions,"{In multi-agent systems, artificial institutions connect institutional concepts, belonging to the institutional reality, to the concrete elements that compose the system. The institutional reality is composed of a set of institutional concepts, called Status-Functions. Current works on artificial institutions focus on identifying the status-functions and connecting them to the concrete elements. However, the functions associated with the status-functions are implicit. As a consequence, the agents cannot reason about the functions provided by the elements that carry the status-functions and, thus, cannot exploit these functions to satisfy their goals. Considering this problem, this paper proposes a model to express the functions -- or the purposes -- associated with the status-functions. Examples illustrate the application of the model in a practical scenario, showing how the agents can use purposes to reason about the satisfaction of their goals in institutional contexts.",Selected Papers - WESAAC 2020,Published,https://seer.ufrgs.br/index.php/rita/workflow/access/110830,10.22456/2175-2745.110830,2021-01-20 19:42:43,2022-01-11 00:00:30
110837,Integrating Embedded Multiagent Systems with Urban Simulation Tools and IoT Applications,"The smart city systems development connected to the Internet of Things (IoT) has been the goal of several works in the multi-agent system field. Nevertheless, just a few projects demonstrate how to deploy and make the connection among the employed systems. This paper proposes an approach towards the integration of a MAS through the JaCaMo framework plus an Urban Simulation Tool (SUMO), IoT applications (Node-RED, InfluxDB, and Grafana), and an IoT platform (Konker). The integration presented in this paper applies in a Smart Parking scenario with real features, where is shown the integration and the connection through all layers, from agent level to artifacts, including real environment and simulation, as well as IoT applications. In future works, we intend to establish a methodology that shows how to properly integrate these different applications regardless of the scenario and the used tools.",Selected Papers - WESAAC 2020,Published,https://seer.ufrgs.br/index.php/rita/workflow/access/110837,10.22456/2175-2745.110837,2021-01-20 23:57:48,2022-01-11 00:00:33
111817,Towards Causal Effect Estimation of Emotional Labeling of Watched Videos,"Emotions play a crucial role in human life, they are measured using many approaches. There are also many methodologies for emotion elicitation. Emotion elicitation through video watching is one important approach used to create emotion datasets. However, the causation link between video content and elicited emotions was not well explained by scientific research. In this article, we present an approach for computing the causal effect of video content on elicited emotion. The Do-Calculus theory was employed for computing causal inference, and a SCM (Structured Causal Model) was proposed considering the following variables: EEG signal, age, gender, video content, like/dislike, and emotional quadrant. To evaluate the approach, EEG data were collected from volunteers watching a sample of videos from the LIRIS-ACCEDE dataset. A total of 48 causal effects was statistically evaluated in order to check the causal impact of age, gender, and video content on liking and emotion. The results show that the approach can be generalized for any dataset that contains the variables of the proposed SCM. Furthermore, the proposed approach can be applied to any other similar dataset if an appropriate SCM is provided.",Regular Papers,Published,https://seer.ufrgs.br/index.php/rita/workflow/access/111817,10.22456/2175-2745.111817,2021-03-01 10:08:06,2022-03-02 14:13:29
111993,Ab Initio Protein Structure Prediction Using Evolutionary Approach: A Survey,"Protein Structure Prediction (PSP) problem is to determine the three-dimensional structure of a protein only from its primary structure. Misfolding of a protein causes human diseases. Thus, the knowledge of the structure and functionality of proteins, combined with the prediction of their structure is a complex problem and a challenge for the area of computational biology. The metaheuristic optimization algorithms are naturally applicable to support in solving NP-hard problems.These algorithms are bio-inspired, since they were designed based on procedures found in nature, such as the successful evolutionary behavior of natural systems. In this paper, we present a survey on methods to approach the \textit{ab initio} protein structure prediction based on evolutionary computing algorithms, considering both single and multi-objective optimization. An overview of the works is presented, with some details about which characteristics of the problem are considered, as well as specific points of the algorithms used. A comparison between the approaches is presented and some directions of the research field are pointed out.",Regular Papers,Published,https://seer.ufrgs.br/index.php/rita/workflow/access/111993,10.22456/2175-2745.111993,2021-03-09 18:20:09,2021-08-29 12:11:44
112006,The Notification Oriented Paradigm Language to Digital Hardware as an Intuitive High-level Synthesis Tool,"The parallelism allowed by FPGAs has attracted attention for knowing applications that need processing power. However, the need for specific and very technical development language has not stimulate its broad use. As an alternative, there are High-level Synthesis Languages (HSL), which allow less complicated FPGA use. However, they do not tend to take full advantage of the FPGA technology. Therefore, another alternative was developed, based on the Notification Oriented Paradigm (NOP), called NOP for Digital Hardware (NOP-DH). NOP allows development in high level with its rule-oriented language called NOPL. Its entity decoupling, parallelism, and redundancy avoidance are useful for best performance. In turn, the NOP-DH brings NOP for the FPGA context with the benefits observed in software but enhanced by hardware nature. This paper reviews the NOPL for NOP-DH (NOPL-DH) that aims high level programming for FPGA. The paper proposes the NOPL-DH test by independent developers, by developing a monitoring device for a box transporting bidirectional conveyer. As a result, NOPL-DH allowed high-level development under the NOP-DH structure in an FPGA, without the need for technical knowledge and, still, maintaining and exploring the NOP properties in FPGA",Regular Papers,Published,https://seer.ufrgs.br/index.php/rita/workflow/access/112006,10.22456/2175-2745.112006,2021-03-09 10:11:26,2021-08-29 12:11:56
11221,Identificação da Autoria de Manuscritos com Base em Atributos Genéticos e Genéricos da Escrita,"A grafoscopia é uma área da ciência forense dedicada, entre outros fins, à análise e identificação da autoria de manuscritos, sejam eles contemporâneos ou antigos. Por se tratar de uma área onde predomina a subjetividade no uso da técnica pericial ou grafometria, a mesma tem se tornado campo de interesse da computação, na busca de soluções para a padronização e auxílio de tais procedimentos. Neste contexto, este artigo apresenta um método para análise e identificação da autoria de manuscritos, tendo como base os atributos genéticos e genéricos da escrita, componentes fundamentais para a identificação da autoria de manuscritos. O método proposto faz uso de uma abordagem global, na extração dos atributos grafoscópicos e de verificação. ",Regular Papers,Published,https://seer.ufrgs.br/index.php/rita/workflow/access/11221,10.22456/2175-2745.11221,2009-11-03 21:02:55,2011-03-30 01:10:53
112813,A Review of Testbeds on SCADA Systems with Malware Analysis,"Supervisory control and data acquisition (SCADA) systems are among the major types of Industrial Control Systems (ICS) and are responsible for monitoring and controlling essential infrastructures such as power generation, water treatment, and transportation. Very common and with high added-value, these systems have malware as one of their main threats, and due to their characteristics, it is practically impossible to test the security of a system without compromising it, requiring simulated test platforms to verify their cyber resilience. This review will discuss the most recent studies on ICS testbeds with a focus on cybersecurity and malware impact analysis.",Regular Papers,Published,https://seer.ufrgs.br/index.php/rita/workflow/access/112813,10.22456/2175-2745.112813,2021-04-07 09:44:44,2022-02-08 07:09:02
11296,Ambiente Virtual Interativo com Colisão e Deformação de Objetos para Treinamento Médico,"O treinamento de procedimentos médicos pode ser beneficiado com o uso de ambientes virtuais interativos que simulam com realismo as ações do usuário. A simulação deve emitir respostas rápidas relativas ao encontro de objetos, deformação, restrição de movimento ou mesmo produzir forças e vibrações. Este trabalho descreve uma metodologia para criação de um ambiente virtual para treinamento médico. Classes e métodos são projetados e implementados no ambiente por meio da linguagem de programação Java. Métodos de colisão e deformação de objetos são utilizados para incorporar realismo à cena, sendo itens complexos e dependentes das informações de interação monitoradas no ambiente virtual. Os objetos modelados são representados por malhas poligonais. A detecção de colisão entre objetos é baseada na subdivisão hierárquica do espaço com octrees e detecção de faces. A técnica de deformação massa-mola é utilizada para simular a alteração na forma dos objetos que se colidem. Experimentos são realizados para demonstrar as funcionalidades do protótipo.",Regular Papers,Published,https://seer.ufrgs.br/index.php/rita/workflow/access/11296,10.22456/2175-2745.11296,2009-11-08 21:01:49,2011-08-05 11:44:56
11384,QOC*: utilizando Design Rationale como ferramenta para gerenciar conhecimento em projetos de software,"Durante o processo de desenvolvimento de um sistema de software, uma grande quantidade de conhecimento é utilizada e produzida como resultado das opções analisadas e das decisões tomadas ao longo do desenvolvimento do projeto. Este conhecimento é valioso, pois reflete as razões que estão por trás das decisões, o que facilita o entendimento dos rumos do projeto e proporciona uma visão global do mesmo. Desta forma, existe a necessidade de se encontrar alternativas para organizar e manter este tipo de conhecimento e então torná-lo um recurso que possa facilitar a continuidade de projetos de software ou então a manutenção de sistemas desenvolvidos. Neste sentido, este artigo apresenta uma pesquisa baseada em Gestão do Conhecimento e Design Rationale, que propõe uma maneira de representar e manter as razões que motivaram a tomada de determinadas decisões em projetos de software, considerando, para isso, uma representação baseada no questionamento e na discussão a respeito das melhores opções para atender questões que surgem durante o desenvolvimento de um projeto.",Regular Papers,Published,https://seer.ufrgs.br/index.php/rita/workflow/access/11384,10.22456/2175-2745.11384,2009-11-16 09:57:01,2010-03-31 09:30:50
11467,Uso da ferramenta PreText para mineração de textos extraídos do NCBI para estudo epistemológico da Informática em Saúde,"Este artigo apresenta a utilização da ferramenta PreText como técnica auxiliar a uma pesquisa sobre epistemologia da Informática em Saúde (IS), que visa inferir se a IS se caracteriza como ciência, tecnologia, tecnociência ou arte. O PreText tem por objetivo realizar pré-processamento de textos, transformando-os em um formato estruturado, usando a abordagem bag-of-words, e foi aplicado aos metadados de437.289 resumos de artigos científicos extraídos da base PubMed Central. Os resultados do processamento foram exportados para uma base de dados e relacionados a um coleção de termos de um tesauro especializado em IS construído pelos autores, denominado EpistemIS, e aos metadados dos artigos para geração de estatísticas. Taisrelações possibilitaram compreender a epistemologia da IS, inferindo que esta é uma tecnociência interdisciplinar que atua nos domínios das Ciências da Vida, Ciências da Saúde e Cuidado em Saúde.",Regular Papers,Published,https://seer.ufrgs.br/index.php/rita/workflow/access/11467,10.22456/2175-2745.11467,2009-11-24 17:25:49,2011-03-15 13:57:29
11468,ALUPAS: Avaliação de desempenho e consumo de energia de softwares para sistemas embarcados,"Com a proliferação de equipamentos portáteis operados por baterias, o projeto de sistemas embarcados de baixo consumo de energia tem despertado muito interesse nos últimos anos. Para atender aos requisitos de baixo consumo de energia,é essencial, ainda nas fases iniciais de desenvolvimento, dispor de mecanismos que auxiliem de forma rápida e exata a análise de possíveis alternativas de projeto. Este trabalho apresenta ALUPAS, um simulador estocástico baseado nas Redes de PetriColoridas (CPN) para estimar o desempenho e consumo de energia de softwares para sistemas embarcados. Resultados experimentais mostram uma exatidão, em média, de 94% utilizando o simulador proposto em comparação aos valores reais medidos no hardware.",Regular Papers,Published,https://seer.ufrgs.br/index.php/rita/workflow/access/11468,10.22456/2175-2745.11468,2009-11-24 17:35:08,2011-03-15 13:57:29
11469,Avaliação Pró-ativa da Deterioração de Sistemas de Informação por meio de Medidas de Gestão,"Questões relacionadas à modernização de sistemas de informação têm recebido maior atenção e relevância. Muitos métodos têm sido propostos para apoiar uma organização na escolha da melhor alternativa para modernização de um sistema. Entretanto, esses métodos não fornecem informações necessárias para a identificação precoce da deterioração das aplicações, sendo utilizados quando já se decidiu por realizar alguma ação para modernização da aplicação, como uma forma reativa de lidar com o problema. Este artigo apresenta uma abordagem baseada em medição com o objetivo de monitorar continuamente a deterioração de um sistema, permitindo ao gestor realizar ações de ajuste o mais cedo possível. Aplicações práticas em diferentes sistemas de uma grande empresa mostram a viabilidade de coleta das medidas e indicam os sistemas em deterioração.",Regular Papers,Published,https://seer.ufrgs.br/index.php/rita/workflow/access/11469,10.22456/2175-2745.11469,2009-11-24 17:40:31,2011-03-15 13:57:29
11471,High Performance Computing: CUDA as a Supporting Technology for Next Generation Augmented Reality Applications,"The main purpose of this survey is presenting the potential ofGPGPU technology for real time markerless augmented reality related processing. CUDA is a GPGPU technology developed by NVIDIA that allows programmers to use the C programming language to code algorithms for execution on the GPU. Applications that require mathematically intensive computation of large amounts of data are ideal targets for GPU computing. In this survey, CUDA architecture will be depicted, together with an optimized programming model for obtaining better results using the parallel approach. A case study, mainly related to tracking algorithms, will also be shown in order to demonstrate the performance improvement in comparison to sequential approaches.",Regular Papers,Published,https://seer.ufrgs.br/index.php/rita/workflow/access/11471,10.22456/2175-2745.11471,2009-11-24 17:53:30,2011-03-15 13:57:29
11473,"Efeitos Visuais, uma Abordagem a Partir do Processamento Digital de Imagens","Esse artigo introduz os conceitos mais importantes de imagemdigital e discute como eles são utilizados para se realizar efeitos visuais, e, ao mesmo tempo, fornece um painel das diversas técnicas de computação gráfica e de processamento de imagem para o cinema e o vídeo. A produção de efeitos visuais usa intensivamente a modelagem geométrica, a visualização computacional, o processamento digital de imagens e, mais recentemente, a visão computacional. O texto está dividido em cinco seções. Após a introdução, é abordada a evolução das diversas técnicas com trucagem óptica. Em seguida, é apresentada a imagem digital, tanto na sua transformação, quando capturada em película , como nos formatos originalmente digitais, os conceitos de compressão e de descrição da imagem e os resultados possíveis com os diversos formatos. Na quarta seção são discutidas algumas técnicas de efeitos visuais digitais, como a correção de cor, o rastreamento de imagem e a captura de movimentos, assim como os hardwares e softwares disponíveis e os conceitos utilizadosneles. São apresentados também efeitos visuais realizados na TV Globo por um dos autores, em cada etapa de sua produção. Na última seção são discutidas as perspectivas de pesquisa acadêmica e em produções de menor porte.",Regular Papers,Published,https://seer.ufrgs.br/index.php/rita/workflow/access/11473,10.22456/2175-2745.11473,2009-11-24 18:01:35,2011-03-15 13:57:29
11477,Tutorial: Introdução à Visão Computacional usando OpenCV,"Este tutorial apresenta conceitos introdutórios de processamento de imagens (filtros) e de visão computacional (segmentação, classificação, reconhecimento de padrão e rastreamento). Estes conceitos serão introduzidos utilizando a biblioteca OpenCV, que é distribuída gratuitamente e possui documentação farta na internet, com exemplos e aplicações práticas. Será mostrado como obter e como instalar a ferramenta para diversos tipos de plataformas e linguagens de desenvolvimento. Os conceitos de processamento de imagens e visão computacional serão discutidos não apenas no aspecto teórico, mas também serão apresentados exemplos de implementação para que os leitores possam entender e utilizar os exemplos apresentados neste tutorial.",Tutoriais,Published,https://seer.ufrgs.br/index.php/rita/workflow/access/11477,10.22456/2175-2745.11477,2009-11-24 18:12:41,2011-03-15 13:57:29
116017,Evaluating the Causal Effect of Multimedia and Affective Temperament in Felt Emotion and Liking,"In this paper, we propose an approach to evaluate the causal effect of videos on subjects who watched movies from the LIRIS-ACCEDE dataset and from whom the following information was collected: affective temperaments, gender, and electroencephalography (EEG) signals. The affective temperament was obtained by analyzing their answers to the AFECT questionnaire. Evidence was collected from specialized literature to design a Structural Causal Model to be subjected to Do-Calculus Causal Inference. Video concepts were extracted to characterize the major video content after k-means clustering. Information from 15 volunteers was analyzed and the effects of video content, affective temperament, and gender on emotion response and liking were computed. Higher Order Crossings (HOC) were extracted from EEG signals and the features were clustered and used as intermediate evidence of affective influence. This research provides answers for the following questions about the specific watched videos: (i) How does gender affect the felt emotion and liking? (ii) How does the affective temperament of a person affect felt emotion and liking? and (iii) How does the content of a video affect felt emotion and liking? The main contribution of this paper is in the proposed methodology which can be applied to any similar dataset to investigate the causal relationships of video content and affective temperament on the emotion of the audience.",Regular Papers,Published,https://seer.ufrgs.br/index.php/rita/workflow/access/116017,10.22456/2175-2745.116017,2021-06-16 17:14:34,2021-11-27 18:31:38
11607,Análise do Controle Motor com Interações usando Dispositivos Convencionais e Realidade Aumentada,"   Este trabalho apresenta um software para auxílio ao diagnóstico dos problemas do controle motor fino em humanos, denominado MOSKA (MOtor SKill Analyser), usando técnicas de interação com dispositivos convencionais (baseadas em dispositivos como mouse, mesa digitalizadora - tablet) e, Realidade Aumentada (RA) (baseada em dispositivos de baixo custo como webcam). Ambas as técnicas de interação, com RA e sem RA, foram implementadas com o objetivo de capturar métricas, já validadas em pesquisas anteriores, relativas ao tempo de duração e precisão de desenhos produzidos pelos pacientes. O desenvolvimento levou a um sistema que dispõe de métricas novas e mais significantes, um sistema de Bando de Dados e permitiu efetuar uma comparação as técnicas de interação para este tipo de diagnóstico. As implementações foram feitas em Java e, para RA, foi usada a biblioteca jARToolKit por ser popular, livre e de código aberto mas que implica no uso de marcadores, o que levou a identificar algumas limitações deste tipo de RA. Apesar de certo entusiasmo por ser uma tecnologia mais moderna, descobriu-se que certas técnicas específicas de RA não são apropriadas para aplicações que necessitem de precisão e coordenação visual-motora como a análise do controle motor fino",Regular Papers,Published,https://seer.ufrgs.br/index.php/rita/workflow/access/11607,10.22456/2175-2745.11607,2009-12-08 20:48:00,2011-04-04 17:36:39
11631,Variation Detection applied in User Signature Verification,"Behavior studies have been conducted by scientists and philosophers who approach subjects such as star and planet trajectories, society organizations, living beings evolution and human language. With the advent of computer, new challenges have been observed in order to explore and understand the behavior variations of interactions with systems. Motivated by those challenges, this work proposes a new approach to automatically cluster, detect and identify behavior patterns. In order to validate this approach, we have modeled the knowledge embedded in interactions of handwriting signatures. The generated knowledge models were, afterwards, employed to verify signatures. Obtained results were compared to other related approaches presented in SVC2004, the First International Signature Verification Competition.",Regular Papers,Published,https://seer.ufrgs.br/index.php/rita/workflow/access/11631,10.22456/2175-2745.11631,2009-12-14 11:33:27,2011-04-04 15:06:02
116606,Contributions on Computer Music from the SBCM 2019,"The Brazilian Symposia on Computer Music are events that foster a rich environment for exciting interdisciplinary discussion. In its 17th edition, in 2019, the event was held in São João Del Rei, MG. This special issue presents 5 selected papers from the conference's technical program covering different research fields like sound synthesis, music information retrieval, sound systems, and digital musical instruments.",Selected Papers - SBCM 2019,Published,https://seer.ufrgs.br/index.php/rita/workflow/access/116606,10.22456/2175-2745.116606,2021-07-07 19:40:02,2021-07-07 20:03:48
11662,Aprendizado e Controle de Robôs Móveis Autônomos Utilizando Atenção Visual,"Este artigo descreve um modelo de aprendizado por reforço capaz de aprender tarefas de controle complexas utilizando ações e estados contínuos. Este modelo, que é baseado no ator-crítico contínuo, utiliza redes de funções de base radial normalizadas para aprender o valor dos estados e das ações, sendo capaz de configurar a estrutura destas redes de forma automática durante o aprendizado. Além disso, um mecanismo de atenção visual seletiva é utilizado para perceber o ambiente e os estados. Para a validação do modelo proposto, foi utilizada uma tarefa relativamente complexa para os algoritmos de aprendizado por reforço: conduzir uma bola até o gol em um ambiente de futebol de robôs simulado. Os experimentos realizados demonstram que o modelo proposto é capaz realizar a tarefa em questão com bastante sucesso utilizando somente informações visuais.",Regular Papers,Published,https://seer.ufrgs.br/index.php/rita/workflow/access/11662,10.22456/2175-2745.11662,2009-12-21 15:48:41,2011-03-30 01:11:05
11695,Estratégias de Atualização de Políticas para a Coordenação de Agentes Baseados em Enxames,"   Neste artigo é analisada a influência dos parâmetros de aprendizagem de algoritmos de enxames e propostas estratégias de atualização de políticas geradas por recompensas (feromônios) para ambientes dinâmicos. Nós verificamos que quando os parâmetros de algoritmos baseados em recompensas são ajustados inadequadamente pode ocorrer atrasos no aprendizado e convergência para uma solução não-satisfatória. Além disso, esse problema é agravado em ambientes dinâmicos, pois o ajuste dos parâmetros de tais algoritmos não é suficiente para garantir convergência. Para solucionar tal problema, nós desenvolvemos estratégias que modificam valores de feromônio, melhorando a coordenação entre os agentes e permitindo convergência mesmo quando o ambiente é alterado dinamicamente. Para isso, um framework capaz de demonstrar de maneira iterativa a influência dos parâmetros e das estratégias foi desenvolvido. Resultados experimentais mostram que é possível acelerar a convergência para uma política global consistente, superando os resultados de abordagens clássicas de algoritmos baseados em enxames.",Regular Papers,Published,https://seer.ufrgs.br/index.php/rita/workflow/access/11695,10.22456/2175-2745.11695,2009-12-21 15:11:23,2011-03-30 01:11:06
117481,Exploring Supervised Techniques for Automated Recognition of Intention Classes from Portuguese Free Texts on Agriculture,"Technical and scientific knowledge is vast and complex, particularly in interdisciplinary fields such as sustainable agriculture, which is available in several interrelated, geographically dispersed and interdisciplinary online textual information sources. In this context, it is essential to support people with computational mechanisms that allow them to retrieve and interpret information in an appropriate way, as communication in these software systems is typically asynchronous and textual. User’s intention recognition and analysis in textual documents results in benefits for better information retrieval. However, intentions are expressed implicitly in texts in natural language and the specificities of the domain and cultural aspects of language make it difficult to process and analyze the text by computer systems. This requires the study of methods for the automatic recognition of intention classes in text. In this article, we conduct extensive experimental analyses on techniques based on language models and machine learning to detect instances of intention classes in texts about sustainable agriculture written in Portuguese. In our methodology, we perform a morphological analysis of the sentences and evaluate four Word Embeddings techniques (Word2Vec, Wang2Vec, FastText and Glove) combined with four machine learning techniques (Support Vector Machine, Artificial Neural Network, Random Forest and Transfer Learning). The results obtained by applying the techniques proposed in a database with textual information on sustainable agriculture indicate promising possibilities in the recognition of intentions in free texts  in  Portuguese language on sustainable agriculture.",Regular Papers,Published,https://seer.ufrgs.br/index.php/rita/workflow/access/117481,10.22456/2175-2745.117481,2021-08-06 12:24:09,2022-03-02 14:07:18
118372,Building Contrastive Summaries of Subjective Text Via Opinion Ranking,"This article investigates methods to automatically compare entities from opinionated text to help users to obtain important information from a large amount of data, a task known as “contrastive opinion summarization”. The task aims at generating contrastive summaries that highlight differences between entities given opinionated text (written about each entity individually) where opinions have been previously identified. These summaries are made by selecting sentences from the input data. The core of the problem is to find out how to choose these more relevant sentences in an appropriate manner. The proposed method uses a heuristic that makesdecisions according to the opinions found in the input text and to traits that a summary is expected to present. The evaluation is made by measuring three characteristics that contrastive summaries are expected to have: representativity (presence of opinions that are frequent in the input), contrastivity (presence of opinions that highlight differences between entities) and diversity (presence of different opinions to avoid redundancy). The novel method is compared to methods previously published and performs significantly better than them according to the measures used. The main contributions of this work are: a comparative analysis of methods of contrastive opinion summarization, the proposal of a systematic way to evaluate summaries, the development of a new method that performs better than others previously known and the creation of a dataset for the task.",Regular Papers,Published,https://seer.ufrgs.br/index.php/rita/workflow/access/118372,10.22456/2175-2745.118372,2021-09-14 10:41:15,2022-03-01 11:12:51
119164,SSM: A Semantic Metasearch Platform for Scientific Data retrieval,"Scientific research in all fields has advanced in complexity and in the amount of data generated. The heterogeneity of data repositories, data meaning and their metadata standards makes this problem even more significant. In spite of several proposals to find and retrieve research data from public repositories, there is still need for more comprehensive retrieval solutions. In this article, we specify and develop a mechanism to search for scientific data that takes advantage of metadata records and semantic methods. We present the conception of our architecture and how we have implemented it in a use case in the agriculture domain.",Selected Papers Brazilian E-Science Workshop - BRESCI 2021,Published,https://seer.ufrgs.br/index.php/rita/workflow/access/119164,10.22456/2175-2745.119164,2021-10-07 17:09:00,2022-01-11 00:00:36
119196,Stochastic Models for Planning VLE Moodle Environments based on Containers and Virtual Machines,"Moodle Virtual Learning Environments (VLEs) represent tools of a pedagogical dimension where the teacher uses various resources to stimulate student learning. Content presented in hypertext, audio or vídeo formats can be adopted as a means to facilitate the learning. These platforms tend to produce high processing rates on servers, large volumes of data on the network and, consequently, degrade performance, increase energy consumption and costs. However, to provide eficiente sharing of computing resources and at the same time minimize financial costs, these VLE platforms typically run on virtualized infrastructures such as Virtual Machines (VM) or containers, which have advantages and disadvantages. Stochastic models, such as stochastic Petri nets (SPNs), can be used in the modeling and evaluation of such environments. Therefore, this work aims to use analytical modeling through SPNs to assess the performance, energy consumption and cost of environments based on containers and VMs. Metrics such as throughput, response time, energy consumption and cost are collected and analyzed. The results revealed that, for example, a cluster with 10 replicas, occupied at their maximum capacity, can generate a 46.54% reduction in energy consumption if containers are used. Additionally, we validate the accuracy of the analytical models by comparing their results with the results obtained in a real infrastructure.",Regular Papers,Published,https://seer.ufrgs.br/index.php/rita/workflow/access/119196,10.22456/2175-2745.119196,2021-10-09 02:41:58,2022-01-21 23:59:30
119207,Efficient Breast Cancer Classification Using Histopathological Images and a Simple VGG,"Breast cancer is the second most deadly disease worldwide. This severe condition led to 627,000 people dying in 2018. Thus, early detection is critical for improving the patients' lifetime or even curing them. In this context, we can appeal to Medicine 4.0, which exploits machine learning capabilities to obtain a faster and more efficient diagnosis. Therefore, this work aims to apply a simpler convolutional neural network, called VGG-7, for classifying breast cancer in histopathological images. Results have shown that VGG-7 overcomes the performance of VGG-16 and VGG-19, showing an accuracy of 98%, a precision of 99%, a recall of 98%, and an F1 score of 98%.",Selected Papers Brazilian E-Science Workshop - BRESCI 2021,Published,https://seer.ufrgs.br/index.php/rita/workflow/access/119207,10.22456/2175-2745.119207,2021-10-10 21:52:51,2022-01-11 00:00:39
120399,Application of Profile Prediction for Proactive Scheduling,"Today, cloud environments are widely used as execution platforms for most applications. In these environments, virtualized applications often share computing resources. Although this increases hardware utilization, resources competition can cause performance degradation, and knowing which applications can run on the same host without causing too much interference is key to a better scheduling and performance. Therefore, it is important to predict the resource consumption profile of applications in their subsequent iterations. This work evaluates the use of machine learning techniques to predict the increase or decrease in computational resources consumption. The prediction models are evaluated through experiments using real and benchmark applications. Finally, we conclude that some models offer significantly better performance when compared to the current trend of resource usage. These models averaged up to 94% on the F1 metric for this task.",Regular Papers,Published,https://seer.ufrgs.br/index.php/rita/workflow/access/120399,10.22456/2175-2745.120399,2021-11-29 15:37:34,2022-10-12 22:19:46
12104,Estimação de Probabilidade de Perda de Dados em Redes Através de Modelagem Multifractal de Tráfego e Teoria de Muitas Fontes,"Neste artigo, propomos uma abordagem para estimação da probabilidade de perda de bytes em enlaces de redes de computadores considerando propriedades multifractais dos fluxos de tráfego. Mais especificamente, deduzimos uma expressão matemática para o cálculo da probabilidade de perda para servidores com buffer finito alimentados com fluxos multifractais de tráfego. A abordagem proposta se baseia na teoria das muitas fontes e na modelagem multifractal de tráfego baseada em cascatas multiplicativas. Por fim, avaliamos a proposta de estimação de probabilidade de perda através de simulações computacionais utilizando séries de tráfego real, verificando assim sua eficiência como ferramenta relacionada à provisão de qualidade de serviço em redes de computadores.",Regular Papers,Published,https://seer.ufrgs.br/index.php/rita/workflow/access/12104,10.22456/2175-2745.12104,2010-02-19 13:38:29,2011-05-11 21:48:56
12119,Desenvolvimento e Avaliação de um Protocolo Eletrônico para Atendimento e Monitoramento do Paciente com Doença Celíaca,"   Este estudo objetiva desenvolver um protocolo eletrônico com informações estruturadas e específicas para o atendimento e acompanhamento do paciente com doença celíaca, disponível na web, e avaliá-lo em termos de usabilidade. A estruturação dos dados clínicos foi feita por análise de formulários para consulta, prontuários e um protocolo clínico. Um protocolo para o atendimento durante a consulta para fins de diagnóstico clínico foi esquematizado e o sistema computacional web foi modelado e construído para suportar a implementação deste protocolo. Para a avaliação da usabilidade do sistema web, foi utilizado o questionário System Usability Scale (SUS). O SUS-score resultou em um valor médio de 83,5±10,0, o que indica que o sistema web foi considerado de fácil uso e de acordo com a satisfação do usuário. O sistema web implementou adequadamente o protocolo. A utilização do protocolo eletrônico mostrou-se válida para o atendimento e monitoramento do paciente com doença celíaca, pois manteve a especificidade dos dados clínicos e a rotina dos profissionais envolvidos.",Regular Papers,Published,https://seer.ufrgs.br/index.php/rita/workflow/access/12119,10.22456/2175-2745.12119,2010-02-20 15:20:50,2011-03-30 01:10:53
121388,Optimal Control and Adaptive Learning for Stabilization of a Quadrotor-type Unmanned Aerial Vehicle via Approximate Dynamic Programming,"The development of an optimal controller for stabilization of a quadrotor system using an adaptive critic structure based on policy iteration schemes is proposed in this paper. This approach is inserted in the context of Approximate Dynamic Programming and it is used to solve optimal decision problems on-line, without requiring complete knowledge of the system dynamics model to be controlled. The main feature of the adaptive critic design method that allows for on-line implementation is that it solves the Bellman optimality equation in a forward-in-time fashion, whereas traditional dynamic programming requires a backward-in-time procedure. This feedback control design technique is able to tune the controller parameters on-line in the presence of variations in plant dynamics and external disturbances using data measured along the system trajectories. Computational simulation results based on a quadrotor model demonstrate the effectiveness of the proposed control scheme.",Regular Papers,Published,https://seer.ufrgs.br/index.php/rita/workflow/access/121388,10.22456/2175-2745.121388,2022-01-05 23:57:10,2022-04-15 14:37:30
121425,SEGBEE: Mobile Application for Honey Segmentation in Apiary Boards,"Beekeeping is one of the most important activities for humans. Since ancient times, honey has been used in the treatment of several diseases and is an extremely powerful antioxidant. The process of visual analysis of the apiary requires trained specialists who try to obtain relevant information to make a decision about what to do with the honeycomb. Since the process is performed manually, given the complexity of the task, opportunities arise for the application of automated systems that can assist the beekeeper's decision making. Thus, this paper presents the development of the application \textit{SegBee}, a computational tool that performs the segmentation in the apiary plates, where there is the presence of honey, in an accessible, fast and practical way. To do this, the OpenCV library was used for the digital image processing part, and the Kivy library was used to develop the interface of the mobile application. The tests performed showed that the images were adequately segmented by \textit{SegBee}, indicating where the honey is located on each analyzed plate. A visual comparison was made between results obtained by \textit{SegBee} and another commercial application, demonstrating the effectiveness of the developed tool. The proposed solution contributes to the improvement of the beekeeping professionals' work, once the application is simple to use and fast to process, being able to help in the honey identification task in apiaries plates.",Regular Papers,Published,https://seer.ufrgs.br/index.php/rita/workflow/access/121425,10.22456/2175-2745.121425,2022-01-07 19:47:24,2022-09-19 13:45:10
122929,"Multi-Objective, Multi-Armed Bandits: Algorithms for Repeated Games and Application to Route Choice","Multi-objective decision-making in multi-agent scenarios poses multiple challenges. Dealing with multiple objectives and non-stationarity caused by simultaneous learning are only two of them, which have been addressed separately. In this work, reinforcement learning algorithms that tackle both issues together are proposed and applied to a route choice problem, where drivers must select an action in a single-state formulation, while aiming to minimize both their travel time and toll. Hence, we deal with repeated games, now with a multi-objective approach. Advantages, limitations and differences of these algorithms are discussed. Our results show that the proposed algorithms for action selection using reinforcement learning deal with non-stationarity and multiple objectives, while providing alternative solutions to those of centralized methods.",Regular Papers,Published,https://seer.ufrgs.br/index.php/rita/workflow/access/122929,10.22456/2175-2745.122929,2022-03-18 12:46:32,2023-01-04 11:38:26
12327,Snake-3D na Modelagem Tridimensional e Medição do Comprimento de Arcos Elétricos,"Nesse trabalho é descrita a aplicação inédita de um contorno ativo tridimensional (snake-3D) na avaliação do comprimento de arcos elétricos artificialmente gerados em torres de alta tensão e capturados através um par de câmeras calibradas. Asnake-3D é representada espacialmente por uma B-spline que evolui sob as restrições de forças externas ao contorno ativo e internas a este. As forças externas são obtidas a partir dos pares de imagens que capturam a evolução do arco elétrico, enquanto que as forças internas são intrínsecas ao contorno ativo e determinadas pela tensão entre pontos de controle adjacentes. Em relação às outras abordagens para recuperaçãoda geometria 3D de arcos elétricos, o modelo aqui proposto é independente da determinação de pontos homólogos e de um posicionamento específico de câmeras além de propiciar o rastreio do arco elétrico levando em consideração a dependênciatemporal entre pares consecutivos de quadros em dois vídeos. Para fins de avaliação foram realizados experimentos sobre imagens sintéticas obtidas a partir da simulação de um sistema de aquisição de imagens, bem como experimentos com imagens de arcos elétricos reais produzidos no CEPEL. Os resultados obtidos foram considerados aceitáveis, demonstrando o potencial da abordagem apresentada.",Regular Papers,Published,https://seer.ufrgs.br/index.php/rita/workflow/access/12327,10.22456/2175-2745.12327,2010-03-05 16:33:03,2011-05-11 21:48:56
12361,Editorial: 20 anos da Revista de Informática Teórica e Aplicada,"Este número da Revista de Informática Teórica e Aplicada (RITA) tem significado especial. Trata-se do primeiro número publicado no ano em que a revista completa 20 anos. Durante duas décadas, muitos trabalharam para construir a história da RITA.Os artigos deste número ilustram que os objetivos iniciais da RITA foram atingidos: publicamos trabalhos em um amplo espectro da Ciência da Computação, permitindo que pesquisadores de diversas áreas de pesquisa do Brasil e exterior divulguem seus resultados junto à sociedade.",Editorial,Published,https://seer.ufrgs.br/index.php/rita/workflow/access/12361,10.22456/2175-2745.12361,2010-03-08 15:06:56,2011-03-15 13:57:29
12362,Prefácio à Seção Especial dos Tutoriais do SIBGRAPI'08,"Sejam bem-vindos à seção especial dos tutoriais do SIBGRAPI 2008!Os participantes do SIBGRAPI de 2008 tiveram a oportunidade de presenciar um conjunto excepcional de tutoriais que cobriram uma vasta gama de assuntos de interesse da comunidade. Tivemos dois tutoriais introdutórios: o primeiro sobre o uso do OpenCV, uma biblioteca já estabelecida para desenvolvimento de aplicações em visão computacional, e o segundo sobre o uso de processamento de imagens para a elaboração de efeitos especiais. Nossos tutoriais avançados foram também bem diversos. O primeiro tratou sobre o uso de CUDA, uma nova linguagem desenvolvida pela NVIDIA para o uso das placas gráficas de última geração em problemas de computação geral, em aplicações de realidade aumentada.Nosso segundo tutorial avançado lidou com o ajuste de superfícies utilizando pseudo-variedades parametrizadas. Desde a conferência, os autores deste tutorial publicaram o material em outras conferências e revistas, e acharam melhor disponibilizar o material do tutorial juntamente com estas publicações no portal do projeto, localizado em http://w3.impa.br/~lvelho/ppm09/.Desejamos então que todos aproveitem o material dos três tutoriais publicados aqui nesta seção.",Editorial,Published,https://seer.ufrgs.br/index.php/rita/workflow/access/12362,10.22456/2175-2745.12362,2010-03-08 15:21:02,2011-03-15 13:57:29
124564,Neural Classification of Rotor Faults in Three-Phase Induction Motors using Electric Current Signals in the Frequency Domain,"Three-phase induction motors are widely used in different applications in the industry due to their robustness, low cost, and reliability. Untimely identification and correct diagnosis of incipient faults reduce cost and improve the maintenance management of these machines. This paper explores a new method for robust classification of rotor failures in three-phase induction motors (MITs) connected directly to the electrical network, operating in a steady-state, under unbalanced voltages and load conditions. Through an innovative methodology, an analysis of the electrical current signals from 1 hp and 2 hp motors in the frequency domain was performed. Such analysis was applied in constructing input matrices for a Multilayer Perceptron Neural Network (MLPNN) to detect faults. Furthermore, this methodology proved to be robust because the samples of the failing and healthy motors include voltage unbalance conditions in the electrical supply and a significant variation in the load applied to the motor shaft. Such load variation was used for the detection of failures of 1, 2, and 4 broken bars consecutively on the rotor and in the condition of 2 broken bars and 2 other broken bars diametrically opposite. The results were promising and were obtained using 847 real samples from an experimental bench used to construct the neural model and its respective validation.",Regular Papers,Published,https://seer.ufrgs.br/index.php/rita/workflow/access/124564,10.22456/2175-2745.124564,2022-05-16 20:23:46,2022-11-14 01:22:06
12509,Quantools: A MDA transformation approach,"Model driven architecture (MDA) represents a challenge for the companies to increase the benefits of code generation, creating systems by using common libraries and standards. This paper presents the Quantools that is a result of a 5-year project, introducing the benefits of MDA in a Brazilian software development company. Quantools is based on the concept of cartridges that specify the transformation rules and constraints for a particular domain. The tool may be integrated to the modeling activities of the system to check the correctness of models according to the standards previously defined. The Quantools and its Cartridges execute transformations to generate the source code in a particular domain.",ER 2009 PhD Colloquium,Published,https://seer.ufrgs.br/index.php/rita/workflow/access/12509,10.22456/2175-2745.12509,2010-03-21 11:40:59,2010-07-05 12:30:37
125288,Optimization Inspired by the Organization of Interiors Applied to Cluster Analysis,"Cluster analysis consists of a procedure capable of establishing, based on a similarity measure, the classification of a collection of objects into disjoint subsets of elements, so that the items included in a group or subset are more similar to each other than objects added to a distinct group. For represent an operation capable of being interpreted as a combinatorial optimization problem, which has as a criterion function to minimize the squared error associated with the established subdivision of items, it observe that the application of approximation algorithms to its resolution has been frequently performed. In this circumstance, this study proposes the  use of a metaheuristic inspired by the composition and decoration of internal environments to cluster analysis, and compares the results obtained by this method with the responses achieved by five other classification techniques. Particulary, a non-parametric statistical evaluation, which compared the subdivisions determined by the method suggested with the subsets established by the K-means clustering algorithm and by meta-heuristics inspired by biological behaviors and physical phenomena, indicated that the proposed strategy it obtned groupings equivalent or more congruent than those determined by the other partitioning methods.",Regular Papers,Published,https://seer.ufrgs.br/index.php/rita/workflow/access/125288,10.22456/2175-2745.125288,2022-06-16 22:23:14,2023-01-14 11:11:36
125396,Comparative Analysis of Blockchain-Based Platforms for Managing Electronic Health Records in the Public Healthcare System of Brazil,"This article comparatively analyzes two platforms based on Blockchain, aiming at the management of electronic health records in the public healthcare system of Brazil. The difference between the platforms primarily lies in the deployed consensus algorithm. Efficiency, availability, integrity, and confidentiality requirements are evaluated through analytical models and theoretical discussions. Among the obtained results, we highlight the following: (i) the platform with a voting-based consensus algorithm yields a more efficient system, but is more prone to service unavailability, than that of the platform deploying an intensive-compute consensus algorithm; (ii) integrity and confidentiality requirements may be satisfactorily met regardless of the consensus type. As the main contribution, this article provides valuable experimental results and theoretical subsidies, which together complement previous research and help to lay the groundwork for the fruitful development of real projects. Finally, conclusions and future work conclude this article.",Regular Papers,Published,https://seer.ufrgs.br/index.php/rita/workflow/access/125396,10.22456/2175-2745.125396,2022-06-22 08:31:05,2022-09-19 14:36:24
125567,Performance Assessment of a Wireless Mesh Network for Post-harvest Food Quality Traceability of Fruit Products: A Case Study,"



This paper presents the performance evaluation of a wireless sensor mesh network, for monitoring temperature and humidity in horticultural products when transported in truck galleys. For this purpose a software solution was proposed using ESP8266 devices powered by batteries. The mesh network was managed by the painlessMesh library. The proposed solution aims to minimize the energy consumption of the sensor nodes. The validation of the solution was performed in an area simulating a galley of a truck, where five sensor nodes and a root node were distributed. The tests were developed considering four different models involving variations in messages delivery confirmation, number of attempts until successful delivery and duty cycle duration of the nodes. The performance evaluation of the solution aimed to determine, connectivity rate, sending rate after connection and delivery rates of the first and second attempts. The results obtained show that the message delivery confirmation does not bring added value to the solution, contributing only to increase energy consumption. The use of synchronous duty cycles also showed worse results than the asynchronous use. These results allow the creation of a knowledge base for the use of this solution in a real context.



",Case Studies,Published,https://seer.ufrgs.br/index.php/rita/workflow/access/125567,10.22456/2175-2745.125567,2022-06-30 09:17:31,2023-01-03 17:20:35
12569,HiME: Hierarchical i* Modeling Editor,"In this paper, we present HiME, a tool for editing i* models. Thedistinguishing characteristic of HiME is its ability to deal with inheritance. It includes specific operations for declaring an actor as heir of another and then stating the relationships between the intentional elements of both actors.",ER 2009 PhD Colloquium,Published,https://seer.ufrgs.br/index.php/rita/workflow/access/12569,10.22456/2175-2745.12569,2010-03-27 10:54:32,2010-03-31 09:30:50
12570,An Ontology-Based Framework for Heterogeneous Data Sources Integration,"Ontologies have been extensively used to model domain-specific knowledge. The main reason for this success is due to their capability to be at the “semantic” level, away from data structures and implementation strategies. In addition, ontology formalisms have allowed certain kinds of reasoning to be automated within a reasonable time complexity. Due to ontology data independence and automated reasoning, ontologies are well suited for integrating heterogeneous databases, enabling interoperability among isparate systems, and specifying interfaces to independent, knowledge-based services.",ER 2009 PhD Colloquium,Published,https://seer.ufrgs.br/index.php/rita/workflow/access/12570,10.22456/2175-2745.12570,2010-03-27 11:17:00,2010-03-31 09:30:50
12571,A Temporal-Rule Based Verification System for Business Collaboration Reliability,"Based on the temporal rules defined for the business processe participating in a business collaboration, we present an implementation for a system called TiCoBTS to verify the reliability of the business collaboration.",ER 2009 PhD Colloquium,Published,https://seer.ufrgs.br/index.php/rita/workflow/access/12571,10.22456/2175-2745.12571,2010-03-27 11:53:36,2010-03-31 09:30:50
12572,Semantic Web and Knowledge Management in User Data Privacy,This paper discusses knowledge representation for privacy andaccountability issues.,ER 2009 PhD Colloquium,Published,https://seer.ufrgs.br/index.php/rita/workflow/access/12572,10.22456/2175-2745.12572,2010-03-27 12:08:24,2010-03-31 09:30:50
12573,MatchMaking – A Tool to Match OWL Schemas,"This paper describes a software tool that implements an instancebased schema matching technique for OWL dialects. The technique is based on a matching algorithm that depends on the definition of similarity functions that evaluate the semantic proximity of elements from two different schemas. The tool is engineered to accommodate different similarity functions and variations of the matching algorithm, thereby facilitating experimentation with alternative setups.",ER 2009 PhD Colloquium,Published,https://seer.ufrgs.br/index.php/rita/workflow/access/12573,10.22456/2175-2745.12573,2010-03-27 12:24:08,2010-03-31 09:30:50
12576,Web Information Extraction by Semantic Tagging,"An important aspect of research for Web information extraction relates to the inference of complex reasoning and correlation based on distributed information available in many different Web data sources. By defining the semantics of information and services available on the Web, the World Wide Web becomes a vast store of information that can be easily  processed by computer applications.",ER 2009 PhD Colloquium,Published,https://seer.ufrgs.br/index.php/rita/workflow/access/12576,10.22456/2175-2745.12576,2010-03-27 14:50:03,2010-03-31 09:30:50
12577,SAMSTARplus: An Automatic Tool for Generating Multi- Dimensional Schemas from an Entity-Relationship Diagram,"This paper presents a tool that automatically generates multidimensional schemas for data warehouses from OLTP entity-relationship diagrams (ERDs). Based on user’s input parameters, it generates star schemas, snowflake schemas, or a fact constellation schema by taking advantage of only structural information of input ERDs. Hence, SAMSTARplus can help users reduce efforts for designing data warehouses and aids decision making.",ER 2009 PhD Colloquium,Published,https://seer.ufrgs.br/index.php/rita/workflow/access/12577,10.22456/2175-2745.12577,2010-03-27 15:03:10,2010-03-31 09:30:50
12578,An Approach for Reducing the Gap between BPMN Models and Implementation Artifacts,"The need for using high-level modeling tools (e.g. BPMN) isincreasing considerably. The proliferation of the service oriented architectures (SOA) is also apparent. In this context, there is a gap between the developed model and its execution. This work introduces the MoSC Translator which translates models produced in BPMN into executable WS-BPEL processes.",ER 2009 PhD Colloquium,Published,https://seer.ufrgs.br/index.php/rita/workflow/access/12578,10.22456/2175-2745.12578,2010-03-27 15:20:20,2010-07-07 12:10:31
12579,A Frame-Based System for Automatic Classification of Semi- Structured Data,"The problem of data classification goes back to the definition oftaxonomies covering knowledge areas. With the advent of the Web, the amount of data available increased several orders of magnitude, making manual data classification impossible. This work presents a tool to automatically classify semi-structured data, represented by frames, without any previous knowledge about structured classes. The tool uses a variation of the K-Medoid algorithm and organizes a set of frames into classes, structured as a strict hierarchy.",ER 2009 PhD Colloquium,Published,https://seer.ufrgs.br/index.php/rita/workflow/access/12579,10.22456/2175-2745.12579,2010-03-27 15:26:24,2010-03-31 09:30:50
12580,Dealing with Uncertainty in Lexical Annotation,"We present ALA, a tool for the automatic lexical annotation (i.e.annotation w.r.t. a thesaurus/lexical resource) of structured and semi-structured data sources and the discovery of probabilistic lexical relationships in a data integration environment. ALA performs automatic lexical annotation through the use of probabilistic annotations, i.e. an annotation is associated to a probability value. By performing probabilistic lexical annotation, we discover probabilistic inter-sources lexical relationships among schema elements. ALA extends the lexical annotation module of the MOMIS data integration system. However, it may be applied in general in the context of schema mapping discovery, ontology merging and data integration system and it is particularly suitable for performing “on-the-fly” data integration or probabilistic ontology matching.",ER 2009 PhD Colloquium,Published,https://seer.ufrgs.br/index.php/rita/workflow/access/12580,10.22456/2175-2745.12580,2010-03-27 15:46:33,2010-03-31 09:30:50
12581,Towards Generating Richer Code by Binding Security Abstractions to BPMN Task Types,This paper presents an approach for binding security requirements to different BPMN task types to create secure executable business processes.,ER 2009 PhD Colloquium,Published,https://seer.ufrgs.br/index.php/rita/workflow/access/12581,10.22456/2175-2745.12581,2010-03-27 16:00:07,2010-07-07 10:23:35
12582,An Eclipse-based Tool for Model Driven Web Applications with Personalization Support,"Web engineering methods provide a systematic approach to develop complex and high quality Web applications. Many of these methods provide, in some way, personalization support. However, none of the existing Web methodologies provide a tool which allow the modeling, automatic generation and deployment of personalized Web applications in a complete way. In this line, they also do not exist tools which allow the designer modifying the personalization strategies at runtime, avoiding to regenerate Web applications from scratch. To tackle these lacks, in this paper we have presented a tool that has been developed togive support to the A-OOH (Adaptive Object Oriented Hypermedia) design method. The main advantages of this tool are the automatic generation and deployment of personalized Web applications with personalization support at runtime.",ER 2009 PhD Colloquium,Published,https://seer.ufrgs.br/index.php/rita/workflow/access/12582,10.22456/2175-2745.12582,2010-03-27 16:09:23,2010-03-31 09:30:51
125825,Chatbot Optimization using Sentiment Analysis and Timeline Navigation,"A chatbot or conversational agent is a software that can interact or ``chat'' with a human user using a natural language, like English, for instance. Since the first chatbot developed, many have been created but most of their problems still persist, like providing the right answer to the user and user acceptance itself. Considering such facts, in this work, we present a chatbot-building framework that considers the use of sentiment analysis and tree timelines to provide a better chatbot answer. For instance, as presented in our experiments, the user can be addressed to a human attendant when its sentiment is very negative, or even try another branch of the tree timeline, as an alternative answer, whenever the user sentiment is less negative.",Regular Papers,Published,https://seer.ufrgs.br/index.php/rita/workflow/access/125825,10.22456/2175-2745.125825,2022-07-11 19:24:39,2022-09-19 14:01:09
12583,Conceptual Modeling: the Linguistic Approach,"After more than thirty years of its first introduction, conceptual modeling remains an important research field, which has been recently addressed by the literature on semantic interoperability in its various forms (model integration, service interoperability, knowledge harmonization, taxonomy alignment), domain engineering and the creation of conceptual models through Natural Language Processing (NLP), to name a few. In the database conceptual design, the designer must learn the language used in the Universe of Discourse (UoD) to be modeled, along with its underlying concepts, and then represent such concepts in a modeling language. Thus, the conceptual modeling process can be seen as a translation. For the resulting model to be both detailed and unambiguous, the designer must represent the UoD in a generative language which constructs can convey the same concepts represented in the respective natural language. For the whole process to be effective, we argue that the adoption of modeling languages and methodologies that are based on well-founded ontological theories is required. We propose the use of a linguistic approach for conceptual modeling from natural language texts, and illustrate how it may be applied using the well-founded modeling language OntoUML.",ER 2009 PhD Colloquium,Published,https://seer.ufrgs.br/index.php/rita/workflow/access/12583,10.22456/2175-2745.12583,2010-03-27 16:15:13,2010-03-31 09:30:51
12584,UMLtoSBVR: An SBVR-based tool to validate UML conceptual schemas,"The UMLtoSBVR tool facilitates the interaction between designers and business people in order to refine and validate the information modeled in a UML conceptual schema (CS) to make sure that the CS is correct before starting the implementation phase. To this end, the tool is able to paraphrase the CS, i.e. to describe the CS elements using natural language expressions that can be understood by the business people lacking of the technical background to directly understand the UML notation. As an intermediate step, the tool transforms the UML CS into a SBVR (Semantics of Business Vocabulary and Business Rules) specification. The SBVR standard facilitates the expression of the CS in different natural language styles (as Structured English or Rule Speak).",ER 2009 PhD Colloquium,Published,https://seer.ufrgs.br/index.php/rita/workflow/access/12584,10.22456/2175-2745.12584,2010-03-27 16:22:14,2010-07-08 11:44:00
12585,The Animated Database Courseware (ADbC) and the Database Design Module,"There is a need to extend the breadth and depth of database curricula and to find ways to incorporate newer technologies. One way to address this challenge is through supplementary instructional materials. However, very few supporting materials exist that aid in the teaching of teach database concepts. This was the motivation for constructing the Animated Database Courseware (ADbC) that is funded by NSF Grant #0717707. ADbC has four main modules: database design, SQL, database transactions and database security. The software has a low learning curve. It hasbeen made freely available and is located on the Internet at http://adbc.kennesaw.edu. This demonstration focuses on the Database Design Module.",ER 2009 PhD Colloquium,Published,https://seer.ufrgs.br/index.php/rita/workflow/access/12585,10.22456/2175-2745.12585,2010-03-27 16:29:44,2010-03-31 09:30:51
12586,Aumento de Resolução Temporal de Sequências de Imagens do Trato Vocal por meio de Registro das Imagens,"O imageamento por ressonância magnética tem sido bastanteutilizado no estudo da produção da fala. Sequências de imagens do trato vocal adquiridas durante a emissão de palavras e fonemas permitem a identificação dinâmica das formas assumidas por este tubo acústico. Entretanto, é importante ressaltar que as resoluções espacial e temporal necessárias para a identificação do movimento dos articuladores da fala variam de acordo com a velocidade e localidade desse movimento, e tal informação não é conhecida a priori. Abordagens existentes procuram aprimorar a resolução das sequências de imagens melhorando o processo de aquisição ou utilizando meios de aquisição mais potentes, o que pode ser financeiramente inviável. O método proposto neste artigo procura melhorar a resolução temporal por meio de um método de registro não-rígido proposto na literatura. O movimento identificado pelo registro permite o aumento de resolução temporal por meio de uma técnica de interpolação por compensação de movimento. O movimento presente em toda a sequência é considerado na geração de cada imagem intermediária. Dessa forma, o movimento dos articuladores da fala nessas imagens é coerente com o movimento presente em toda a sequência. Os resultados indicam a eficiência do método proposto.",Regular Papers,Published,https://seer.ufrgs.br/index.php/rita/workflow/access/12586,10.22456/2175-2745.12586,2010-03-27 17:07:51,2010-03-31 09:30:50
12587,Eliminação de Ruído Impulsivo Usando um Filtro Mediano Seletivo e Difusão Isotrópica,"Neste trabalho apresenta-se um algoritmo combinando-se uma modificação do filtro mediano padrão, com base no detector de ruído impulsivo proposto por Chen, Yang e Cao, com um processo de difusão isotrópica para remoção de ruído sal e pimenta. Para eliminar ruído impulsivo em imagens coloridas, a ideia é aplicar o algoritmo separadamente em cada canal de cor. Os experimentos realizados indicam que o método proposto apresenta-se como um filtro robusto para restauração de imagens com grandes densidades de ruído.",Regular Papers,Published,https://seer.ufrgs.br/index.php/rita/workflow/access/12587,10.22456/2175-2745.12587,2010-03-27 17:17:57,2010-03-31 09:30:50
12588,HSM: A New Color Space used in the Processing of Color Images,"Inspired on the techniques used by painters to overlap layers of various hues of paint to create oil paintings, and also on observations of the the arrangement of Short-(S), Middle-(M), and Long-(L) wavelength-sensitive cones of the human retina for the interpretation of the colors, this paper proposes the use of the new color space called HSM to the processing of color images. To demonstrate the applicability of the HSM color space in the processing of color images, this paper proposes the pixelbased segmentation of a digital image of “human skin” or “non-skin”, the sketch of the face image and the pixel-based segmentation of the trumpet flowers tree (ype). The performance of the HSM color space in the pixel-based segmentation is compared with the HSV, YCbCr and TSL color spaces while the sketch of the face image is also compared with HSV, YCbCr and TSL colors spaces and the edge detectors of the Sobel, Prewitt, Roberts, Canny and Laplacian of Gaussian methods. The results demonstrate the potential of the proposed color space.",Regular Papers,Published,https://seer.ufrgs.br/index.php/rita/workflow/access/12588,10.22456/2175-2745.12588,2010-03-27 17:31:30,2010-03-31 09:30:50
12590,An Approach Based on Maintainability Criteria for Building Aspect-Oriented Software Design Model,"Software modeling is an important activity for maintenance since it can facilitate the software comprehension as well as the understanding of its activities towards evolution, correction and adaptation. In this sense, maintainability and its subcharacteristics as presented in the ISO/IEC 9126 standard should be incorporated 0to the artifacts produced in the modeling activity aiming at designing software with characteristics that render its maintenance less costly. Especially in non-trivial software, such as those that are aspect-oriented, the research on maintenance process considering it during the software development is remarkable. These categories of software aim at maintainability and reusability since they provide the separation of concerns. Thus, seeking to reduce the transition effort to the artifacts generated during the Aspect-Oriented Software Development among the different abstraction levels, this paper presents a proposal of maintainability criteria for building aspect-oriented software design models based on the Maintainability Criteria for Implementation Models, on the aSideML language modeling conventions and on the ISO/IEC 9126 standard,",Melhores artigos de conferências,Published,https://seer.ufrgs.br/index.php/rita/workflow/access/12590,10.22456/2175-2745.12590,2010-03-27 17:43:32,2010-03-31 09:30:50
126016,COVID-19 Detection Using Forced Cough Sounds and Medical Information,"The World Health Organization (WHO) has declared the novel coronavirus (COVID-19) outbreak a global pandemic in March 2020. Through a lot of cooperation and the effort of scientists, several vaccines have been created. However, there is no guarantee that the virus will shortly disappear, even if a large part of the population is vaccinated. Therefore, non-invasive methods, with low cost and real-time results, are important to detect infected individuals and enable earlier adequate treatment, in addition to preventing the spread of the virus. An alternative is using forced cough sounds and medical information to distinguish a healthy person from those infected with COVID-19 via artificial intelligence. An additional challenge is the unbalancing of these data, as there are more samples of healthy individuals than contaminated ones. We propose here a Deep Neural Network model to classify people as healthy or sick concerning COVID-19. We used here a model composed by an Convolutional Neural Network and two other Neural Networks with two full-connected layers, each one trained with different data from the same individual. To evaluate the performance of the proposed method, we combined two datasets from the literature: COUGHVID and Coswara. That dataset contains clinical information regarding previous respiratory conditions, symptoms (fever or muscle pain), and a cough record. The results show that our model is simpler (with fewer parameters) than those from the literature and generalizes better the prediction of infected individuals. The proposal presents an average Area Under the ROC Curve (AUC) equal to 0.885 with a confidence interval (0.881 - 0.888), while the literature reports 0.771 with (0.752 - 0.783).",Regular Papers,Published,https://seer.ufrgs.br/index.php/rita/workflow/access/126016,10.22456/2175-2745.126016,2022-07-20 22:19:37,2022-08-14 21:21:08
126309,Autism Spectrum Disorder Diagnosis Assistance using Machine Learning,"Autism Spectrum Disorder (ASD) is a common but complex disorder to diagnose since there are no imaging or blood tests that can detect ASD. Several techniques can be used, such as diagnostic scales that contain specific questionnaires formulated by specialists that serve as a guide in the diagnostic process. In this paper, Machine Learning (ML) was applied on three public databases containing AQ-10 test results for adults, adolescents, and children; as well as other characteristics that could influence the diagnosis of ASD. Experiments were carried out on the databases to list which attributes would be truly relevant for the diagnosis of ASD using ML, which could be of great value for medical students or residents, and for physicians who are not specialists in ASD. The experiments have shown that it is possible to reduce the number of attributes to only 5 while maintaining an Accuracy above 0.9. In the other Database to maintain the same level of Accuracy, the fewer attribute numbers were 7. The Support Vector Machine stood out from the others algorithms used in this paper, obtaining superior results in all scenarios.",Regular Papers,Published,https://seer.ufrgs.br/index.php/rita/workflow/access/126309,10.22456/2175-2745.126309,2022-07-31 15:02:02,2022-09-19 13:47:13
12631,Editorial,"  Este número da Revista de Informática Teórica e Aplicada (RITA) tem significado especial. Ele constitui-se em um marco importante nesta caminhada que empreendemos há 20 anos. Durante este período, muitos pesquisadores trabalharam para construir a história da RITA como foi relatado no primeiro número deste ano. A RITA surgiu a partir de uma idéia germinada no Programa de Pós-Graduação em Computação da UFRGS iniciado um projeto de grande valor acadêmico: produzir um periódico científico nacional de alta qualidade e regularidade. A partir de 2004, incrementamos os esforços para aumentar a visibilidade da RITA. Nestas duas décadas a tecnologia e a cultura de acesso às Revistas mudaram; a Biblioteca Digital da CAPES abriu uma nova perspectiva de  acesso digital sendo que os estudantes e pesquisadores em Ciência da Computação desenvolveram uma nova cultura de acesso a estes recursos.A partir de 2010 publicaremos três números de forma exclusivamente digital, tendo em vista a tendência mundial que indica que os periódicos eletrônicos são os mais acessados e lidos pela comunidade acadêmica. Conforme o registro de acesso às nossas páginas, tivemos 25.288 acessos na versão eletrônica no ano de 2009. No entanto, grande parte do trabalho administrativo era orientado para as tarefas de edição física da Revista",Editorial,Published,https://seer.ufrgs.br/index.php/rita/workflow/access/12631,10.22456/2175-2745.12631,2010-03-31 09:28:02,2010-03-31 09:30:50
12643,Avaliação do Desempenho da Utilização de Threads em user level em Linux,"A utilização de threads em sistemas computacionais é um recurso importante para possibilitar a execução simultânea de diversas trechos de código em um processo. A forma como o suporte a threads é implementado nesses sistemas tem umimpacto direto no desempenho. Neste trabalho, é apresentada uma avaliação do desempenho da utilização de threads user level em Linux com as bibliotecas GNU Pth [2], Protothreads [1] e PM2 Marcel [7]. A avaliação de desempenho foi conduzida por meio da técnica de coleta de dados com monitores, e foi avaliado o tempo de resposta de funções de gerenciamento e sincronização de threads para cada biblioteca e em operações CPU bound, I/O bound e simultâneas (CPU bound e I/O bound).",Regular Papers,Published,https://seer.ufrgs.br/index.php/rita/workflow/access/12643,10.22456/2175-2745.12643,2010-03-31 17:38:12,2011-05-11 21:48:56
126544,Provision and Collection of Safety Evidence: A Systematic Literature Review,"Safety-Critical Systems (SCS) are becoming more and more present in modern societies’ daily lives, increasing people’s dependence on them. Current SCS are firmly based on computational technology; possible failures in the operation of these systems can lead to accidents and endanger human life, as well as damage the environment and property. SCS are present in many areas such as avionics, automotive systems, industrial plants (chemical, oil & gas, and nuclear), medical devices, railroad control, defense, and aerospace systems. Companies that develop SCS must present evidence of their safety to obtain certification and authorization. This paper presents a Systematic Literature Review (SLR) to investigate processes, tools, and techniques for collecting and managing safety evidence in SCS. The authors conducted this SLR according to the guidelines proposed by Kitchenham and Charters. The SLR comprises seven (7) research questions that investigate essential aspects of collecting and managing safety evidence. The primary studies analyzed in this SLR were selected based on a search string applied into four data sources: ACM, IEEE Xplore, SpringerLink, and ScienceDirect. Data extraction considered (fifty-one) 51 primary studies. The authors identified eleven (11) different approaches covering processes, tools, and techniques for collecting and managing safety evidence. Despite other SLR works conducted about safety evidence, none of them focused on the details related to safety evidence collection. We found that very few approaches focused specifically on the process of collecting safety evidence.",Regular Papers,Published,https://seer.ufrgs.br/index.php/rita/workflow/access/126544,10.22456/2175-2745.126544,2022-08-14 15:57:54,2023-06-22 20:46:09
12669,Modelo Estatístico para a Determinação do Número Ótimo de Iterações  do Filtro de Difusão Anisotrópica Aplicado à Redução de Ruído de  Imagens de Ressonância Magnética do Cérebro,"Apesar do grande sucesso dos filtros de difusão anisotrópica na redução de ruídos de imagens médicas, uma limitação dessa abordagem iterativa é a determinação automática do número correto de iterações do algoritmo,  visto que um número grande de iterações pode causar um borramento excessivo das bordas entre as estruturas anatômicas, enquanto um número  pequeno pode não ser suficiente para remover completamente o ruído da imagem. Portanto, este trabalho propõe um modelo estatístico para  a determinação automática do número ótimo de iterações do filtro de  difusão anisotrópica aplicado à redução de ruído de imagens médicas.  O modelo é determinado ""off-line"" por meio da maximização do  índice de similaridade estrutural, o qual é usado neste trabalho como  uma função objetivo para avaliar quantitativamente a qualidade das  imagens resultantes após cada iteração do filtro. Após a determinação  dos parâmetros do modelo, o número ótimo de iterações do algoritmo  necessário para remover o ruído da imagem e, ao mesmo tempo preservar as bordas entre as estruturas anatômicas, é facilmente obtido. Resultados aplicados à imagens 3D de ressonância magnética do cérebro são apresentados  para ilustrar a eficácia do método proposto.",Regular Papers,Published,https://seer.ufrgs.br/index.php/rita/workflow/access/12669,10.22456/2175-2745.12669,2010-04-06 23:11:43,2011-03-30 01:09:18
127207,Livestock Monitoring Prototype Implementation and Validation,"This paper presents the proposal, implementation and validation of a low cost fault-tolerant functional prototype for livestock monitoring. This prototype uses IoT devices, ESP8266 and ESP32, creating a mesh network, managed by the painlessMesh library, with WiFi and LoRa technologies. It allows, for instance, the collection of vital signs from animals. In comparison with the traditional method of livestock examination, this cost-efficient approach reduces manual labor and saves working time. It also improves animal health, increases profits and decreases the environmental footprint.",Regular Papers,Published,https://seer.ufrgs.br/index.php/rita/workflow/access/127207,10.22456/2175-2745.127207,2022-09-16 07:56:54,2022-11-14 01:00:54
128836,Catboost Algorithm Application in Legal Texts and UN 2030 Agenda,"This article evaluates the application of the Catboost algorithm for automatic classification of legal texts in The United Nations (UN) 2030 Agenda for Sustainable Development Goals (SDGs). The task consists of labeling texts from initial petitions and rulings based on identifying topics related to the objectives of the 2030 Agenda, which include sustainable development, quality education, gender equality, preservation of the environment, among other topics of interest to UN member countries. This work aims to help Judicial System employees in case management task, an activity that is manual and repetitive. Since the Catboost algorithm allows joining textual, numerical and categorical features in the same classification model. The proposed approach adds to the classification algorithm traditional metadata about legal processes, such as the Supreme Court Class and Field of Law. The main contributions of this work are: analysis of metadata in machine learning flows and evaluation of the Catboost algorithm for textual classification in legal contexts.",Regular Papers,Published,https://seer.ufrgs.br/index.php/rita/workflow/access/128836,10.22456/2175-2745.128836,2022-12-12 17:41:58,2023-01-14 14:09:42
12923,Inteligência Swarm e Equilíbrio de Verhulst Aplicados à Alocação de Potência em Redes Ópticas CDMA Particionadas,"A utilização da técnica de acesso múltiplo por divisão de códigos (CDMA) em redes puramente ópticas foi proposta levando-se em consideração sua ampla largura de banda óptica. O CDMA óptico é uma técnica que permite a múltiplos usuários compartilharem simultaneamente o mesmo canal de fibra de modo assíncrono sem \textit{delay} e sem a necessidade de gerenciamento de recursos (\textit{scheduling}). No entanto, os níveis de interferência de múltiplo acesso (MAI) são significativos nesses sistemas devido à natureza da detecção de potência incoerente. A redução desse efeito de interferência é crucial na melhoria de desempenho dos sistemas CDMA ópticos. Neste sentido, propõe-se a utilização de mecanismos de alocação de recursos, particularmente de potência, que garantam a cada usuário um desempenho mínimo aceitável em termos de taxa de erro de bit (BER). No estratégia de controle de potência centralizado é necessário que um nó central tenha informações sobre o ganho de todos os links. Por sua vez, no controle de potência particionado (rede de acesso e rede de \textit{broadcast}) verifica-se que os sinais ópticos após o acoplador estrela não contribuem na determinação da MAI e por conseguinte não afetam o balanço de potência associado a cada laser. Neste trabalho, analisa-se o problema do controle de potência para redes ópticas CDMA particionadas (p-OCDMA), sob dois pontos de vista distintos: a) modelo matemático de crescimento populacional de Verhulst, discutido em [1]; b) abordagem heurística denominada inteligência \emph{swarm} (PSO -- \textit{particle swarm optimization}). Extensivas simulações e resultados numéricos indicaram que tanto o modelo de Verhulst quanto o PSO são adequados para resolver o problema do controle de potência em redes p-OCDMA, sob o ponto de vista da otimização uni-objetivo, com resultados de convergência satisfatórios para uma variedade de cenários de operação para o sistema p-OCDMA. Finalmente, uma análise de complexidade em termos de número de operações, é realizada no sentido de obter uma quadro comparativo mais realista para as duas metodologias de otimização, indicando claramente a superioridade da abordagem analítica-iterativa da abordagem de Verhulst.",Regular Papers,Published,https://seer.ufrgs.br/index.php/rita/workflow/access/12923,10.22456/2175-2745.12923,2010-04-20 19:50:56,2011-08-05 11:44:56
12943,Integração de evidências em redes credais e a regra de Jeffrey,              As redes credais provêm um esquema para a representação de modelosprobabilísticos imprecisos. Os algoritmos de inferência usualmente empregados emredes credais computam o intervalo da probabilidade posterior de um evento de inter-esse dadas evidências do tipo específica - evidências que descrevem o estado atual deum conjunto de variáveis. Estes algoritmos não realizam raciocínio evidencial no casoem que as evidências devem ser processadas segundo a regra de condicionamento pro-posta por R.C. Jeffrey. Considerando isto este artigo descreve um procedimento paraintegrar evidências com a regra de Jeffrey quando da realização de inferências emredes credais.,Regular Papers,Published,https://seer.ufrgs.br/index.php/rita/workflow/access/12943,10.22456/2175-2745.12943,2010-04-22 18:42:57,2011-08-05 11:44:56
129783,The Use of Technology in the Diagnosis and Treatment of Epilepsy: Trends and Open Issues,"



Epilepsy is one of the most common neurological diseases in the world, affecting millions of people. The impact of this disease goes beyond seizures. It has repercussions on the individual’s health and quality of life (i.e., neurological, psychological, and physical consequences) and social inclusion. This article presents a review of the literature and discusses the technological and scientific advances in the diagnosis and treatment of epilepsy. It begins by introducing the related concepts, then analyzes the different technological approaches, exposing their strengths and limitations, and concludes by identifying challenges and open problems for future research.



",Regular Papers,Published,https://seer.ufrgs.br/index.php/rita/workflow/access/129783,10.22456/2175-2745.129783,2023-01-31 07:02:22,2023-06-22 20:37:38
129787,"Road Pavement Damage Detection using Computer Vision Techniques: Approaches, Challenges and Opportunities","



The work presented in this paper is the result of a preliminary research aimed at using computer vision techniques for road pavement damage detection in the context of a smart city. It first introduces the related concepts. Then, it surveys the state of the art and existing solutions, presenting their main features, strengths and limitations. The most promising solutions are identified. Finally, it discusses open challenges and research directions in this area.



",Regular Papers,Published,https://seer.ufrgs.br/index.php/rita/workflow/access/129787,10.22456/2175-2745.129787,2023-01-31 08:56:45,2023-07-16 22:45:34
129990,Evaluation of the Relationship Between the Age of the Patient and the Mandibular Trabecular Bone Structure Through Dental Cone Beam Tomographic Images by Means of a Convolutional Neural Network," Osteoporosis is a systemic condition that affects bone mineral density in individuals, affecting mainly women and is diagnosed by DXA examination. The research used 137 cone beam tomography scans, from which 1389 mandibles samples from female patients and 633 from male patients were selected for CNN training, which is composed of 3 dense layers with 100 neurons each and Relu activation function, update of weights by the Adam algorithm, using MaxPooling in each convolution; the dense layer uses 100 neurons, with the activation function. The neural network training accuracy was 98% for males and 94% for females, with area under the ROC curve (AUC) equal to 0.94 and 0.81 for the respective genders. The accuracy obtained in validating the CNN was 98% for males and 89% for females. In the supervised test, using 5 cuts from 10 exams of the test set of each sex; approximately 100% accuracy was obtained for both sexes. Thus, it is concluded that the proposed model is capable of classifying the samples in the proposed age groups and proved to be robust and solid in the tests.",Regular Papers,Published,https://seer.ufrgs.br/index.php/rita/workflow/access/129990,10.22456/2175-2745.129990,2023-02-05 20:39:34,2023-06-22 20:53:11
130465,Predictive Maintenance based on Log Analysis: A Systematic Review,"In today’s industries, the Maintenance process of machines and assets implies a significant part of the total operating cost. Many efforts have been made to reduce this cost by optimizing the process and evolving methods that allow information collection on equipment status, avoiding redundant interventions, and predicting the exact moment to perform a maintenance intervention. Using “intelligent” systems that collect data from the operation and remote management systems allows us to gather all the data and apply some methodologies capable of identifying expected behaviors based on past operations. We present a survey of technologies, techniques, and methodologies to give the knowledge background to develop a framework to minimize the occurrence of failures and optimize the process of Predictive Maintenance (PdM) based on the analysis of Log files collected from the various industrial equipment. Generally, these logs contain many records, and many of these records do not directly contribute to evaluating the operation’s machine status. Most of the studies included in this survey use machine learning techniques and focus a significant part of their research on data preprocessing, uniformization and clarification.",Regular Papers,Published,https://seer.ufrgs.br/index.php/rita/workflow/access/130465,10.22456/2175-2745.130465,2023-02-28 13:50:00,2023-05-02 08:19:05
130579,Automated Lung Region Segmentation in Pediatric Chest Radiography,"In chest radiographs, the automatic identification of regions, structures, or objects that compose it can help the professional in the area to perform their reading and analysis more assertively, promoting the improvement and efficiency of the diagnosis. In the present work, we propose a method to segment the lung fields in pediatric chest radiographs (PCXR). Based on digital image processing operations and rules, the proposal is evaluated on a PCXR images dataset. The results are satisfactory for the different classes of images analyzed, indicating that the proposed method can be helpful in the preprocessing stages of more complex flows.",Selected Papers ERI-GO 2022,Published,https://seer.ufrgs.br/index.php/rita/workflow/access/130579,10.22456/2175-2745.130579,2023-03-03 11:47:47,2023-11-27 11:46:10
130630,Power Allocation in Orthogonal Frequency Division Multiplexing-based Wireless Networks Using Reinforcement Learning,"Energy efficiency is one of the most essential requirements for wireless sensor networks and the internet of things, since batteries are usually the main source of power for these networks. Appropriate techniques based on artificial intelligence can reduce power consumption and provide the required quality of service parameters for the network. In this paper, we approach the challenging problem of allocation of signal transmission power based on the orthogonal frequency division multiplexing technique. We propose to use reinforcement learning-based algorithms to find the optimal policy for allocating power to wireless network devices using a reward function. More specifically, we propose to use the double deep Q-network (DDQN) agent due to its higher learning capacity compared to the Q-learning, deep Q-network (DQN), and the distributed algorithm (DA), a classic algorithm in the literature for power allocation. Simulation results show that the DDQN agent presents promising solutions for power allocation in wireless networks.",Regular Papers,Published,https://seer.ufrgs.br/index.php/rita/workflow/access/130630,10.22456/2175-2745.130630,2023-03-06 18:49:39,2024-06-10 13:53:27
130645,Image Classification Using Convolutional Neural Networks for Automatic Correction of Multiprova Answer Sheets," During the COVID-19 pandemic, the Federal University of Rio Grande do Norte (UFRN) adopted the emergency remote regime for its academic activities. In this scenario, the Multiprova software played a key role in facilitating the teaching-learning process at the institution. With the resumption of face-to-face classes, the need to improve the evaluation of tests arose. One of the solutions implemented was the automatic correction of answer cards filled in by hand by students. The main focus of this project is to optimize the proof correction procedure in the Multiprova software by applying handwritten character recognition techniques through convolutional neural networks. Answer-card images, obtained directly from the students, were thoroughly analyzed to develop a neural classifier employing convolutional neural networks. The results obtained revealed remarkable accuracy, surpassing 98%. This implementation has provided significant advances in performance and reliability in correcting tests, strengthening the effectiveness of the software.",Selected Papers ERI-GO 2022,Published,https://seer.ufrgs.br/index.php/rita/workflow/access/130645,10.22456/2175-2745.130645,2023-03-06 16:36:09,2023-07-16 22:49:58
130662,Use of wearable chemical sensors in IoT: a systematic literature review,"Health applications received more attention with the use of the Internet of Things - IoT, due to the use of sensors for remote monitoring, not only in hospital environments but also in domestic environments and in meditative and routine activities. Wearable chemical sensors have been proposed in the health area for the continuous monitoring of the individual's well-being, however, the challenges related to the convergence of these two areas still require a lot of research for the solutions to be effectively applied. This article aims to present the results of a systematic literature review (SLR) carried out to highlight applications that employ the use of wearable chemical sensors in IoT contexts. The results presented several challenges and open questions of a promising research field involving IoT and wearable chemical sensors. The review was performed on the same basis used to make the original SLR, in which the period from December 2021 to February 2023 was adopted as an interval. As a result, in addition to the 15 (fifteen) studies found in the previous SLR, 7 (seven) new articles were classified as relevant, totaling 22 (twenty-two) studies. Regarding the previous.",Selected Papers ERI-GO 2022,Published,https://seer.ufrgs.br/index.php/rita/workflow/access/130662,10.22456/2175-2745.130662,2023-03-06 20:41:58,2024-01-16 10:03:14
130669,Machine Learning Algorithms for Peripheral Blood Cell Classification - A Hemovision Project Experience,"This research explores the use of machine learning algorithms to classify nucleated peripheral blood cells. The ResNet18 convolutional neural network was used to pre-process the images and replace the dense layers; and for the output, the Support Vector Machine (SVM) classifier was chosen. Images from different datasets were used for training and testing the model. Thus, the developed model achieved an accuracy and F1-Score of 99.96%. In face of the obtained results, it was found that machine learning algorithms can be satisfactorily integrated into educational and diagnostic support processes.",Selected Papers ERI-GO 2022,Published,https://seer.ufrgs.br/index.php/rita/workflow/access/130669,10.22456/2175-2745.130669,2023-03-06 23:58:15,2023-04-11 11:10:53
133375,Predicting Startup Success Using Tree-Based Machine Learning Algorithms,"Startups are an important element in today’s digital economy. Increased interest in startups as a source of innovation and economic growth has prompted many studies to identify factors that can influence startup success. One of the challenges in predicting startup success is the diversity and complexity of the data. This research aims to identify the tree-based algorithm that achieves the highest accuracy in predicting startup success. The study employs tree-based methods using a single estimator (decision tree), ensemble bagging (bagging, random forest, and Extra Trees), and ensemble boosting (AdaBoost, gradient boosting, LGBM, and XGBoost). Model testing is conducted using evaluation matrices such as accuracy, classification model formation and confusion matrix. The results demonstrate that eXtreme Gradient Boosting (XGBoost) is the most effective prediction method for startup success rate when compared to other tree-based algorithms, achieving a high accuracy of 88.1%. The use of tree-based algorithms can provide useful insights for startup entrepreneurs in improving business strategies and decision-making. The key factors that have the most influence on startup success can be identified through the analysis of model test results, which is useful for startup entrepreneurs and investors in improving business performance.",Regular Papers,Published,https://seer.ufrgs.br/index.php/rita/workflow/access/133375,10.22456/2175-2745.133375,2023-06-21 05:04:58,2023-06-22 21:22:46
133785,Machine learning in medicine using JavaScript: building web apps using TensorFlow.js for interpreting biomedical datasets,"Contributions to medicine may come from different areas, and most of these areas are filled with researchers eager to contribute. In this paper, we aim to contribute through the intersection of machine learning and web development. We employed TensorFlow.js, a JavaScript-based library, to model biomedical datasets using neural networks obtained from Kaggle. The principal aim of this study is to present the capabilities of TensorFlow.js and promote its utility in the development of sophisticated machine learning models customized for web-based applications. We modeled three datasets: diabetes detection, surgery complications, and heart failure. While Python and R currently dominate, JavaScript and its derivatives are rapidly gaining ground, offering comparable performance and additional features associated with JavaScript. Kaggle, the public platform from which we downloaded our datasets, provides an extensive collection of biomedical datasets. Therefore, readers can easily test our discussed methods by using the provided codes with minor adjustments on any case of their interest. The results demonstrate an accuracy of 92% for diabetes detection, almost 100% for surgery complications, and 80% for heart failure. The possibilities are vast, and we believe that this is an excellent option for researchers focusing on web applications, particularly in the field of medicine.",Regular Papers,Published,https://seer.ufrgs.br/index.php/rita/workflow/access/133785,10.22456/2175-2745.133785,2023-07-07 14:06:31,2023-11-04 21:01:13
134925,A Random Generation of Haskell Programs Applied to Optimization Testing in Compilers,"Compilers and interpreters are essential for developing any system or application, so validating their functionality and properties is crucial. These tools are susceptible to failures, like any software artifact, which can introduce errors into programs developed using them. For example, a compiler or interpreter error that alters a program’s behavior can compromise a critical system, and the system impact can be costly. The literature reports several problems found in compilers and interpreters of different languages. When bugs are detected in early releases, they can be reported to the development team, who can fix them before the end user notices the problem. This work describes the procedure used to generate random Haskell programs, which serve as input for property-based tests. More specifically, this work aims to test the compilation and behavior properties of a program, comparing the compilation and execution results of programs generated with different levels of optimization of the Glasgow Haskell Compiler (GHC). From developing a tool that automates the tests, 10,000 random programs were generated, compiled, and executed, of which 57 presented compilation errors with different optimization levels. This result demonstrates that the used approach is promising for error detection and can be improved in further studies.",Regular Papers,Published,https://seer.ufrgs.br/index.php/rita/workflow/access/134925,10.22456/2175-2745.134925,2023-08-21 10:43:58,2024-05-13 11:46:12
135436,"Detection and Pose Adjustment in Physical Exercises using Computer Vision Techniques: Approaches, Challenges and Opportunities","In the fast-paced rhythm of modern life, the regular practice of physical exercise emerges as a source of vitality and well-being. However, it is not always feasible to practice on a gym and/or pay a personal trainer to assure a correct pose on calisthenic exercises. This article aims to investigate technological and scientific advancements in the field of computer vision to enhance exercise detection and execution, with the goal of creating a system that can be used autonomously by users. To achieve this, an introduction to the fundamental concepts inherent to the subject is provided, followed by an analysis of different technological approaches, identifying their strengths and weaknesses. Finally, the various challenges and limitations of these technologies are discussed, which remain open to be solved and explored in future research endeavors.",Regular Papers,Published,https://seer.ufrgs.br/index.php/rita/workflow/access/135436,10.22456/2175-2745.135436,2023-09-09 09:13:17,2023-11-05 19:43:00
135781,Performance Evaluation and Operational Availability of a Textile Manufacturing 4.0 Using Stochastic Petri Nets,"The Brazilian clothing industry is the 7th largest globally, generating an annual revenue of USD 10 billion. However, Brazil is only 54th in industrial innovation investments. The constraint on industrial innovation investments represents a challenge for the implementation of Industry 4.0, especially in local garment manufacturing hubs. It is crucial to assess the impact of Industry 4.0 in these hubs in order to highlight its benefits. The study proposes the development of an approach based on Stochastic Petri Nets to model production processes in the textile industry, applied to a company in the garment manufacturing hub of the Agreste region of Pernambuco. The results demonstrate that this approach has the potential to assist garment administrators in optimizing production processes and making more informed decisions. Additionally, the approach allows administrators to maintain resources balanced, efficient, and available in accordance with the production goals of the modern market.",Regular Papers,Published,https://seer.ufrgs.br/index.php/rita/workflow/access/135781,10.22456/2175-2745.135781,2023-09-26 16:10:27,2024-06-10 14:46:40
136072,Prediction of Stock Prices Using Ensemble Models,"The financial market encompasses a set of institutions, products, and services aimed at meeting the financial needs of individuals, companies, and governments. Its primary objective is to direct financial resources from investors to projects requiring funding. This is achieved through the issuance and trading of securities such as stocks, debt securities, among others. In this paper, the goal was to develop a machine learning application specifically for the Brazilian financial market, focusing on predicting the market value of eight companies that are representative of the financial sector on the stock exchange. The prediction is based on the closing price history and uses data from the last three years, with the inputs corresponding to the last 60 days immediately preceding the forecast date. For this task, three machine learning models were selected: Long Short-Term Memory (LSTM), Multilayer Perceptron (MLP), and Convolutional Neural Network (CNN). Each of these was fine-tuned using five different optimizers, resulting in a total of 15 models. Subsequently, all 15 models were combined into an Ensemble. After applying data transformations, the models achieved a satisfactory level of error for the analysis. Among the transformations used, the logarithmic transformation stood out as the one that resulted in the most well-adjusted models compared to the others. In second place, the Yeo-Johnson transformation showed slightly higher error but performed better on series with high variation. Additionally, the convolutional models and Ensemble were the most effective.",Regular Papers,Published,https://seer.ufrgs.br/index.php/rita/workflow/access/136072,10.22456/2175-2745.136072,2023-10-09 11:36:22,2024-06-10 15:01:10
136309,Framework for Security Risk Assessment (FSRA) and Fuzzy Risk Inference System (FRIS) based on Standard ISO/IEC 27002:2022,"Information security is a critical aspect for organizations, and a problem in this regard consists ofknowing the level of vulnerability in which organizations. Therefore, this article aims to present a CybersecurityFramework (FSRA) based on the ISO/IEC 27002:2022 standard. In addition, a Fuzzy Risk Inference System(FRIS) is presented, which uses FSRA controls - Security Practices (SP), Software (S), and People (P) asinput, a total of 93 sub-items. A FRIS output is the Security Risk (SR) in which the organization is due tonon-compliance or partial compliance with FSRA controls. Thus, if each control is fully met, its entry value in theFRIS will be 100%. Otherwise, it will be proportional. Therefore, when the FRIS returns the SR, whose outputvalues can be Low (13% to 39.99%), Medium (40% to 59.99%), or High (60% to 100%), the security analyst canmeasure the risk security, in which the organization is located, according to ISO/IEC 27002:2022 and from thatknow where to act and how to act.",Regular Papers,Published,https://seer.ufrgs.br/index.php/rita/workflow/access/136309,10.22456/2175-2745.136309,2023-10-19 19:54:04,2024-06-10 15:39:21
136568,Energy Consumption and Performance Evaluation of Multi-Model NoSQL DBMSs,"New applications have required data storage using multiple data models, which are usually known as polyglot persistence applications. Their implementation is often complex, as the system must simultaneously manage and store data in multiple database management systems (DBMS). Over the years, multi-model DBMSs have been conceived, which commonly integrate multiple NoSQL data models into a single system. To demonstrate their feasibility, some researches have evaluated multi-model NoSQL DBMSs in the context of performance, but energy consumption is usually not taken into account. Indeed, energy consumption is an issue that should not be neglected due to the respective cost and environmental sustainability. This paper presents a performance and energy consumption evaluation of multi-model and single-model NoSQL DBMSs, more specifically, ArangoDB (multi-model), OrientDB (multi-model), MongoDB (document) and Redis (key-value). The experiments are based on Yahoo! Cloud Serving Benchmark (YCSB), and results demonstrate energy consumption may vary significantly between the evaluated DBMSs for different commands (e.g., read) and workloads. The proposed evaluation contributes to the state of the art, as storage system designers have additional insights regarding the behavior of multi-model NoSQL DBMSs for distinct workloads and energy usage.",Selected Papers ERI-GO 2022,Published,https://seer.ufrgs.br/index.php/rita/workflow/access/136568,10.22456/2175-2745.136568,2023-11-03 18:07:32,2024-01-22 19:16:22
137324,Modeling and Analysis of a Telesurgery Environment Considering a 5G Network,"Over the past few years, surgeries performed by robots have increased considerably. For telesurgery (or remote surgery) to be performed satisfactorily, synchrony between the robot and the communication link is essential. However, no studies analytically evaluate these remote surgery environments when such surgeries are performed between two hospitals. The main objective of this work is to model a telesurgery environment, allowing metrics such as availability and reliability to be obtained.The results presented in this paper can help the maintenance team (or medical team) to better plan the infrastructure used in telesurgery and, consequently, avoid failures that could endanger the lives of patients. The results revealed that the shortest downtime occurs when performing surgery in the same hospital, with a system inoperable for 10,6 hours annually. For telesurgery between two hospitals connected by 5G, the reliability index was 98.8891%, with a 99,99% probability of message delivery in just 0,8 seconds.",Selected Papers ERI-GO 2022,Published,https://seer.ufrgs.br/index.php/rita/workflow/access/137324,10.22456/2175-2745.137324,2023-12-08 09:56:19,2024-01-16 09:53:54
13764,Tutorial sobre Fuzzy-c-Means e Fuzzy Learning Vector Quantization: Abordagens Híbridas para Tarefas de Agrupamento e Classificação,"Neste tutorial é apresentada uma discussão sobre o algoritmo Fuzzy-c-Means e sobre as Redes Neurais Fuzzy, considerando a proposta de inserção de princípios da Teoria de Conjuntos Fuzzynas abordagens de agrupamento e classificação clássicas: algoritmo c-Means e o modelo neural Learning Vector Quantization. A motivação para a construção de um modelo híbrido, dessa categoria, é conferir às abordagens clássicas a capacidade de lidar adequadamente com aspectos de incerteza e imprecisão, comumente encontrados em problemas reais.",Tutoriais,Published,https://seer.ufrgs.br/index.php/rita/workflow/access/13764,10.22456/2175-2745.13764,2010-06-12 22:39:44,2012-06-14 13:32:45
139289,Rough Sets and Multilayer Perceptron in Tandem for Processing the Aleatory Uncertainty in COVID-19 Cases,"It is common sense that challenging clinical cases can occur in the practice of medicine. These clinical cases can lead to undesirable situations of diagnostic uncertainty, making it important to identify these difficult cases and lead them to a discussion by experts for appropriate characterization. In remote/isolated regions, it is crucial to have a computational system that can support the health personnel in identifying these challenging cases. Events such as the COVID-19 pandemic have demonstrated the need for this type of system to assist in screening medical exams. Although the chest X-ray examination is a valuable diagnostic tool for COVID-19 cases, some conditions can be so challenging that doctors can be faced with uncertainty in diagnosis. This article proposes a system that combines machine learning via Multilayer Perceptron neural network in conjunction with the detection of uncertainty via Rough Sets in modeling a system that incorporates uncertainty to produce a classification of cases as positive for the disease, negative for the disease, or diagnostically uncertain. This system would serve as support for the rapid and efficient triage of cases, particularly those classified as “uncertain,” for a medical committee of specialists in a video conference, for example. Experiments were carried out and the trained model achieved 87.61% overall accuracy and a hit rate consistent across all classes.",Regular Papers,Published,https://seer.ufrgs.br/index.php/rita/workflow/access/139289,10.22456/2175-2745.139289,2024-03-19 16:36:06,2024-06-10 15:57:20
139523,Comparative Study of Predictive Models Based on Moving Averages Applied in Binary Options in the Financial Market,"The technological market has been through significant advances in the last few years, and its application in different markets and business lines was driven by the COVID-19 pandemic. In this context, given the global economic crisis that was generated, some ways of earning money online were popularized, including the Binary Options market, which promises high gains but represents a volatile and risky financial niche. The aim is to evaluate the efficiency and assertiveness of these models applied in operations, in addition to analyzing the risks and possible returns. The aim is to provide a more in-depth understanding of the effectiveness of these models, considering the volatile and unpredictable characteristics of the Binary Options financial market. To achieve the proposed objective, different statistical models based on moving averages will be used to compare individual results and between possible combinations of the best classified. This study is expected to contribute to the understanding of the effectiveness of predictive models based on moving averages applied in Binary Options. The results obtained may offer valuable insights for investors and traders interested in this kind of negotiation, helping them to make informed decisions. Furthermore, this work is expected to stimulate the development of more accurate and efficient investment strategies, increasing the probability of success in financial markets. Finally, this study is expected to advance knowledge in the field of financial market forecasting, highlighting the importance of moving averages as a powerful predictive tool in Binary Options.",Regular Papers,Published,https://seer.ufrgs.br/index.php/rita/workflow/access/139523,10.22456/2175-2745.139523,2024-04-05 11:43:33,2024-06-10 17:07:16
139902,UnbIAs - Google Translate Gender Bias Mitigation and Addition of Genderless Translation,"Machine Learning, increasingly present in everyday life, is subject to bias. These biases not only reflect social inequalities but also reinforce them. The present study seeks to mitigate gender bias in Google Translate, the most used translation system in the world. For this, we created a translation model with high gender accuracy and performed a linguistic analysis with the spaCy tool and entity identification with roBERTa. The Constrained Beam Search technique is used to maintain the sentence structure of the business model, but with the replacement for the correct genre indicated by the created model. The final sentence is the result of an alignment done with the SimAlign tool. In addition, the present study also produces an algorithm so that sentences without gender indication in English present translations with inflection for feminine, masculine, and neutral gender. Our approach yields a BLEU score of 48.39. In relation to Google Translate, the model increased gender accuracy from 68.75 to 70.09, enhanced in 15.7% the score that measures the difference in accuracy between male and female entities, and improved stereotyped translations in 43%.",Regular Papers,Published,https://seer.ufrgs.br/index.php/rita/workflow/access/139902,10.22456/2175-2745.139902,2024-04-29 11:55:43,2024-06-10 20:32:59
140067,Supervised Learning Algorithms Evaluation on Sweet Potato Data for Production Indices Considering Human Consumption,"The sweet potato holds significant importance as a root crop cultivated globally, serving purposes in both human and animal nutrition, ethanol fuel production, and ornamental cultivation. Several genetic experiments have been undertaken to identify superior root varieties. Within this study, a refined statistical methodology has been devised to mitigate environmental factors and promote equitable comparisons among diverse varieties. Through the integration of supplementary environmental data into the experimental framework, a deeper understanding of each variety can be attained. This research signifies an inaugural endeavor towards scrutinizing post-harvest sweet potato data, aiming to unveil novel insights.",Regular Papers,Published,https://seer.ufrgs.br/index.php/rita/workflow/access/140067,10.22456/2175-2745.140067,2024-05-06 14:08:45,2024-06-10 20:19:10
140149,Analysis of Forensic Tools for Recovery of Formatted Data: a case study with Microsoft Word files,"Deleting or formatting files to hide a crime can be considered a frustrating action, given the ease of using forensic software that implements data carving techniques. This research aims to evaluate the accuracy of forensic data carving software when subjected to recovering formatted Microsoft Word files. The software chosen is widely used in the field and has been featured in scientific papers: Foremost, Scalpel, Recurva, PhotoRec, Autopsy and Magic Rescue. The metrics analyzed were: software execution time, number and size of files recovered, number of false positives and true positives generated in three test scenarios. Validation took place by comparing the resulting files with the originals using a hash algorithm. To structure the test scenarios, a dataset was built with 16,000 copies of files of various lengths. In each scenario, the number of files and the requirements that the software was subjected to varied, with only doc or docx files being recovered. Of the software analyzed, Recuva, Autopsy and PhotoRec had the highest percentages of true positives (>90%) in all the scenarios evaluated. As for false positives, Recuva performed better than the others, with approximately 1%.",Regular Papers,Published,https://seer.ufrgs.br/index.php/rita/workflow/access/140149,10.22456/2175-2745.140149,2024-05-12 16:00:09,2024-06-10 22:34:35
140214,Systematic Literature Review on the Application of Controllers Based on Cellular Automata in Robotic Tasks,"In recent years, robotics has garnered significant attention from researchers, driven by the desire to develop robots capable of undertaking challenging or laborious tasks traditionally performed by humans. Cellular automata (CA) has emerged as an intriguing solution in this realm, albeit with relatively limited exploration in robotics. Nonetheless, its evolution over time is evident through increasing research interest, propelled by its status as an important artificial intelligence technique. CA operates as an evolutionary system where cells, initially in a defined state, adhere to predefined rules governing interactions with their surroundings. Widely applicable, CA finds utility in simulating natural phenomena, robotic control, and modeling various systems across physical, biological, and sociological domains. This article presents a systematic review of literature on the application of CA in robotics, drawing insights from data generated through the StArt software. Our review, spanning a decade, aimed to identify relevant studies within the extant literature. Following rigorous evaluation, 31 articles were selected, covering themes such as path planning, surveillance, navigation, garbage collection, and foraging. However, our assessment uncovered a notable scarcity of research output in this domain, with only a limited number of authors contributing globally, many of whom are still in early stages of inquiry. Notably, a significant proportion of the selected works originated from Brazilian researchers, underscoring their pioneering contributions to advancing the field.",Regular Papers,Published,https://seer.ufrgs.br/index.php/rita/workflow/access/140214,10.22456/2175-2745.140214,2024-05-16 10:22:27,2024-06-10 20:52:02
140570,Ontology for Healthcare AI Privacy in Brazil,"This article details the creation of a novel domain ontology at the intersection of epidemiology,
medicine, statistics, and computer science. It outlines a systematic approach to handling structured data
anonymously in preparation for its use in Artificial Intelligence (AI) applications in healthcare. The development
followed 7 steps, including defining scope, selecting knowledge, reviewing important terms, constructing classes
that describe designs used in epidemiological studies, machine learning paradigms, types of data and attributes,
risks that anonymized data may be exposed to, privacy attacks, techniques to mitigate re-identification, privacy
models, and metrics for measuring the effects of anonymization. It concludes with a practical implementation of
this ontology in hospital settings to develop and validate AI systems.",Regular Papers,Published,https://seer.ufrgs.br/index.php/rita/workflow/access/140570,10.22456/2175-2745.140570,2024-06-06 09:28:43,2024-06-17 22:13:02
140750,A Parameterized Model for Multimedia-Content Placement of the Streaming Service on 5G Cellular Networks,"In the context of streaming services on 5G cellular networks of CRAN architecture with MEC servers, this article proposes a parametrized linear-programming model for efficient multimedia-content placement. The model resolution is obtained using one of these two alternatives: (i) transmission-time prioritization and (ii) data-traffic prioritization. To demonstrate the model's applicability, several streaming scenarios are evaluated, each involving different object-request patterns, server-storage capacities, and access concentrations (i.e., object's popularity). Three performance metrics are assessed in the experiments: average delay, network traffic, and hit rate. The overall results show that: (i) the first alternative should be considered when the object's popularity follows a non-uniform distribution; and (ii) the second alternative is recommended when the object's popularity tends to be evenly distributed. As its main contribution, this research thus offers relevant subsidies for streaming projects in 5G cellular networks.",Regular Papers,Published,https://seer.ufrgs.br/index.php/rita/workflow/access/140750,10.22456/2175-2745.140750,2024-06-22 11:45:15,2024-09-09 11:30:36
141585,Machine Learning Applied to Biological Sequence Comparison: an Alignment-free Approach,"Biological sequence comparison is traditionally performed using algorithms that fall into the category of alignment approaches. These algorithms, however, have some limitations that can be overcome by alignment-free sequence comparison methods. Most of these alternative methods are based on word statistics or word comparison, after the biological sequences have been transformed into a set of subsequences of size k, called k-mer. For polypeptide sequences, feature extraction can also be done from the physicochemical qualities of the amino acids that compose them. Recently, many authors have used k-mer occurrences or k-mer frequencies, as well as physicochemical characteristics of amino acids, to train machine learning models. In this context, this work aimed to provide a comprehensive and initial guide to the use of the alignment-free approach, combined with machine learning algorithms, for the comparison of biological sequences. This article discusses the basic concepts and procedures of the alignment-free approach and machine learning, as well as provides a brief systematic review of recent literature to provide examples in the field. In addition, this guide is accompanied by 3 interactive online tutorials.",Regular Papers,Published,https://seer.ufrgs.br/index.php/rita/workflow/access/141585,10.22456/2175-2745.141585,2024-07-30 01:27:47,2024-09-03 16:27:03
141618,Symmetric Peer-to-Peer Applications,"In real-time networked applications, such as shared documents, users can interact remotely and yet share the exact same experience as if they were in a single machine. In this work, we propose a middleware for symmetric peer-to-peer applications in which decentralized instances can trigger asynchronous events and yet conform to identical behavior. Peers are allowed to join and leave the network at any time. Application developers must adhere to a restricted API, which is deterministic, stateless, and only supports pre-allocated memory. The middleware is responsible for synchronizing the events in a global shared timeline across the network. Also, based on memory snapshots and deterministic simulation, a ""time machine"" can rollback conflicting peers to resynchronize their state. We show that the middleware can handle applications with over 20 peers in a heterogeneous topology under high churn. For instance, in a simulation scenario of 25 events per minute with a network latency of 50ms, the peers need to roll back and resynchronize only 3% of the time.",Regular Papers,Published,https://seer.ufrgs.br/index.php/rita/workflow/access/141618,10.22456/2175-2745.141618,2024-07-30 21:37:00,2024-10-25 23:06:56
142111,A Bibliometric Study on the Applications of Neural Networks in Metal Surface Defect Inspection,"The transformation industries are tasked with the process of converting vast amounts of chemical compounds into metal sheets. By applying artificial intelligence to detect anomalies and enhance the scope of visual inspection on metal surfaces, these industries have significantly advanced their digital transformation. In this research, we explore and highlight extensively used neural network architectures, since, despite the existing literature, recent bibliometric studies on this important topic remain scarce. Keeping this in mind, this work presents an analysis of a quantitative approach based on bibliometric metrics to evaluate the application of neural network architectures aimed at inspecting defects on metal alloy surfaces, using data from the Scopus and Web of Science databases as references. It primarily focuses on identifying aspects related to the research in this field, such as the distribution of scientific publications, the most relevant sources, the interaction dynamics among these sources, the most prominent subjects in recent research (trend topics), and the application of machine learning techniques to the detection of metal surfaces' failures. Finally, our results show a lack of relevant public datasets of adequate size, as well as structured methods to apply the combined neural network architectures and techniques of machine learning in real-world applications within the scope of this research.",Regular Papers,Published,https://seer.ufrgs.br/index.php/rita/workflow/access/142111,10.22456/2175-2745.142111,2024-08-26 00:56:08,2024-09-12 10:56:54
142129,On the Use of  Spectral Data from Smartphone Accelerometer Signals and  Constituent Material for the Identification of Damaged Walls,"Monitoring the integrity of civil structures is crucial for ensuring their safety and longevity. Assessing the structural condition of walls is particularly important due to their role in stability and load distribution in buildings. Smartphones can be used to collect dynamic data from the walls of modern buildings. This strategy is an easier and cheaper way to obtain information concerning the wall's structural condition compared to other costly instrumentation plans using deflectomers, accelerometers, etc. Such a type of data was explored in the literature with good results. However, despite the quality of the models obtained, other features can be included to improve the results. For instance, spectral information may characterize the frequency content of a signal. Moreover, the material used to build the structure affects the signals collected. Thus, we propose the use of three machine learning models (Decision Tree, Random Forest, and K-Nearest Neighbors (KNN)) to identify damage in walls from vibration signals using their spectral data and the wall's constituent material in addition to those already used in the literature. The proposed improvements increased accuracy by about 23%, leading to an average accuracy of 97.78% with KNN when combining statistical and spectral features.",Regular Papers,Published,https://seer.ufrgs.br/index.php/rita/workflow/access/142129,10.22456/2175-2745.142129,2024-08-26 21:57:46,2024-09-12 10:15:40
142648,Comparison of AI Models for Data Extraction in Glucometers,"Diabetes is a chronic condition that requires continuous monitoring of blood glucose levels, making glucose meters essential tools for managing patients’ health. This study compares three Artificial Intelligence models — Gemini, GPT-4o, and Llava 1.5 — to identify which one extracts glucose, date, and time data from these devices’ images with greater accuracy and efficiency. Through prompt engineering techniques, the aim is to optimize the extraction process, making it more reliable and automated, contributing to more precise and accessible glucose monitoring.",Regular Papers,Published,https://seer.ufrgs.br/index.php/rita/workflow/access/142648,10.22456/2175-2745.142648,2024-09-20 15:15:31,2025-03-30 19:36:51
142954,"Optimizing Mikrotik-Based Network Security using Address List, Firewall Filter Rules, and Raw Firewall","The rise of hacking access rights in computer networks has made it easy for cybercriminals to steal personal data. Based on Surfshark data during January 2020 - January 2024 explain that Indonesia became the country with the 8th most breached accounts in the world with an estimated 94.22 million breached digital accounts. Until now cyber sequrity in Indonesia is still weak in average. To minimize the occurrence of router hacking and cyber sequirty this research will implement network security optimization using the address list method, firewall filter rules, and firewall raw on Mikrotik Routers with conduct several tests. Security tests using Denial of Service (DoS) and Brute Force attack techniques carried out results evident that the use of firewall filter rules is effective to preventing Brute Force attacks that try to get the router device password with the CPU Load value dropping from 95% to 5%. However it is less effective to prevent DoS attacks with 800,000 attack packets because the CPU Load value only drops from 95% to 72%. This is still far from normal conditions. Security optimization using the raw firewall method proved more effective in preventing DoS attacks with the CPU Load value successfully dropping to 43%. So to secure the network from DoS attacks it is not enough just to use the built-in features of the Mikrotik router but also requires the support of other additional devices to increase its effectiveness in reducing the CPU load to a normal number below 10%.",Regular Papers,Published,https://seer.ufrgs.br/index.php/rita/workflow/access/142954,10.22456/2175-2745.142954,2024-10-02 06:31:34,2025-03-23 10:01:58
143066,Composite Material Defect Segmentation Using Deep Learning Models and Infrared Thermography,"For non-destructive assessment, the segmentation of infrared thermographic images of carbon fiber composites is a critical task in material characterization and quality assessment. This study focuses on applying image processing techniques, particularly adaptive thresholding, alongside neural network models such as U-Net and DeepLabv3 for infrared image segmentation tasks. An experimental analysis was conducted on these networks to compare their performance in segmenting artificial defects from infrared images of a carbon-fibre reinforced polymer sample. The performance of these models was evaluated based on the F1-Score and Intersection over Union (IoU) metrics. The findings reveal that DeepLabv3 demonstrates superior results and efficiency in segmenting patterns of infrared images, achieving an F1-Score of 0.94 and an IoU of 0.74, showcasing its potential for advanced material analysis and quality control.",WVC2024,Published,https://seer.ufrgs.br/index.php/rita/workflow/access/143066,10.22456/2175-2745.143066,2024-10-06 12:01:20,2024-11-20 21:43:50
143123,A Speech Emotion Recognition Approach Using Discrete Wavelet Transform and Deep Learning Techniques in a Brazilian Portuguese Corpus,"The study of emotion encompasses the human mind's cognitive processes and psychological states. With the rapid advancement and declining costs of technology, researchers have become increasingly focused on capturing voice, gestures, facial expressions, and other expressions of emotion. In this study, we combine a Deep Learning model with the Wavelet Transform technique for the task of Speech Emotion Recognition, which aims to detect and identify emotions in informal and spontaneous speech, part of a Brazilian-Portuguese corpus, achieving a macro F1-score of 0.566 and a ROC-AUC score of 0.7217 on the CORAA database, while surpassing the results achieved in another work presented at the International Conference on Computational Processing of Portuguese Language 2022, which uses the same architecture together with transfer learning techniques, by up to 11% macro F1. Our methodology integrates a deep learning model with advanced signal processing techniques. Specifically, we leverage a pre-trained large-scale neural network architecture tailored for audio analysis, incorporating Discrete Wavelet Transform and Mel Spectrogram features to enhance the model’s performance. Additionally, we apply the SpecAugment technique for effective data augmentation. Our approach is positioned as the second-best overall and the top-performing method among those that do not utilize open-set techniques, such as using other datasets or using transfer learning techniques during the model training, while being one of the few works that excelled the proposed baselines when compared with the works presented at the event.",Regular Papers,Published,https://seer.ufrgs.br/index.php/rita/workflow/access/143123,10.22456/2175-2745.143123,2024-10-08 18:46:59,2025-04-10 09:16:14
143318,Deep Semantic Segmentation Applied to Honey Bee Comb Cells,"Machine learning is increasingly prevalent in various fields, including beekeeping, where it has been applied to honeycomb analysis through Semantic Segmentation of images. This study evaluates different neural network architectures and encoders using the Intersection over Union (IoU) method to segment Apis mellifera honeycombs. A comparative analysis of semantic segmentation techniques was conducted, revealing advancements in the field with the SegNet architecture combined with the MobileNet encoder for feature extraction. We present a new dataset of 10 comb cell images, which we combine with the images from the DeepBee dataset in our experiments. Our results surpass the state-of-the-art results for comb cell segmentation in the DeepBee dataset.",WVC2024,Published,https://seer.ufrgs.br/index.php/rita/workflow/access/143318,10.22456/2175-2745.143318,2024-10-23 16:22:05,2024-12-10 23:48:55
143329,Deep Learning-Based Instance Segmentation for Enhanced Navigation of Agricultural Vehicles,"This paper presents the development of a computer vision application based on the YOLOv8 network, designed to assist the navigation of autonomous vehicles on rural roads, particularly those found in sugarcane fields. The application employs instance segmentation to differentiate between navigable and non-navigable areas and detect obstacles such as pedestrians, vehicles, and other potential hazards. This information is used to generate an occupancy map that helps the navigation planner identify the safest and most efficient routes. The system was trained on a dataset containing 1.018 images, and the results demonstrate that instance segmentation significantly enhances the precision and safety of autonomous navigation in complex rural environments. The proposed approach is compatible with the ROS2 framework, using its structure for data integration and enabling real-time decision making.",WVC2024,Published,https://seer.ufrgs.br/index.php/rita/workflow/access/143329,10.22456/2175-2745.143329,2024-10-16 23:39:01,2024-11-20 22:03:55
143357,Transfer Learning and Handcrafted Features Ensembles for Ultrasound Breast Cancer Image Classification,"Breast cancer is the most commonly diagnosed cancer in women. Its diagnosis via ultrasound imaging largely depends on the technical skill of the radiologist. This study developed a binary classification system for breast lesions, combining transfer learning models and handcrafted features in ultrasound images. Pre-trained CNNs like InceptionV3, EfficientNetB4, ResNet50, and VGG16 were used, along with SVM-classified handcrafted features. Models were individually analyzed and combined using late-fusion ensembles. ResNet50 achieved an F1-score of 81.97%. The best late-fusion ensemble model reached an F1-score of 83.90%. In the cross-dataset evaluation, the top late-fusion ensemble model in the development dataset scored an F1-score of 88.70% and 78.20% in the test BUSI and BUID datasets, respectively. These results emphasize the robust potential of a late-fusion ensemble that combines CNN transfer learning and handcrafted features to classify breast lesions in ultrasound images.",WVC2024,Published,https://seer.ufrgs.br/index.php/rita/workflow/access/143357,10.22456/2175-2745.143357,2024-10-23 22:38:22,2024-12-03 11:50:49
143392,A New Approach for Soil Carbon and Nitrogen Assessment through Image Analysis: A Case Study with Oxisols and Inceptisols,"This paper presents a new method for predicting carbon and nitrogen content in Oxisols and Inceptisols soils using image analysis. The dataset comprises 40 Oxisols images and 51 Inceptisols images collected in southern Brazil. The images were segmented to isolate the soil area, resulting in the extraction of 12,744 windows. A pre-trained EfficientNetV2-S model was fine-tuned for regression, adding five layers at the end. The model was evaluated using RMSE and R² metrics. Two experiments were conducted: one predicting carbon and nitrogen content for each window and another predicting the median values of the windows for each soil sample. The results show that the median-based prediction significantly improved model performance, achieving an R² of 0.7425 for carbon and 0.7774 for nitrogen. This method offers a faster, non-destructive alternative to laboratory analysis for estimating soil carbon and nitrogen content, contributing to sustainable agricultural practices.",WVC2024,Published,https://seer.ufrgs.br/index.php/rita/workflow/access/143392,10.22456/2175-2745.143392,2024-10-21 22:18:15,2024-12-12 08:37:13
143437,A Mini-map Alignment Approach using Landmark Observation Information Intrinsic to the Feature-based Visual SLAM Pipeline,"This work proposes a map alignment approach based on a simple modification of the Iterative Closest Point algorithm to use point confidences based on metrics usually available in feature-based visual SLAM pipelines. In the context of a hierarchical map composed of mini-maps, aligning these mini-maps is an important task to allow metric information to be related between them. This research enumerates three possible SLAM metrics that could be used for representing landmark confidence, and investigate the potential of using these metrics to improve the ICP algorithm. The experiments show evidence that the usage of the confidence metrics might help to improve the convergence of ICP with only a small modification to the data association step.",WVC2024,Published,https://seer.ufrgs.br/index.php/rita/workflow/access/143437,10.22456/2175-2745.143437,2024-10-22 15:01:40,2024-12-12 08:27:05
143443,Case Study of Deep Learning Methods for Depth Estimation in Indoor Ground Robotics,"Depth estimation is the computer vision task that assigns a distance between the camera and each pixel in an image. This paper focuses on monocular metric depth estimation in videos, which infers a distance in metric units using a single RGB camera. Considering its applications, robotics systems and environmental mapping arise as practical areas that can make extensive usage of these techniques. As a case study for indoor robotics, the ICL ground robot dataset obtained by video footage in graphic simulation was used for experiments. A comparison was made considering the results and requirements of data acquisition needed for different deep learning models, presenting self-supervised and supervised methods available in literature and being the first work to present a depth estimation benchmark for the chosen dataset.",WVC2024,Published,https://seer.ufrgs.br/index.php/rita/workflow/access/143443,10.22456/2175-2745.143443,2024-10-22 19:19:04,2024-12-11 11:05:46
143458,Rust Detection in Coffee Leaves Using Otsu's Method and Mathematical Morphology,"Coffee leaf rust is a major threat to global coffee production, causing significant yield and quality losses. Traditional detection methods rely on manual inspection, which is labor-intensive, time-consuming, and susceptible to human error. This study presents an automated system for detecting coffee leaf rust using image processing techniques, combining Otsu's thresholding method with mathematical morphology to accurately identify rust-affected areas in digital images. The methodology addresses challenges such as variability in image quality, noise, and segmentation accuracy. Using a dataset of manually annotated images, the system's performance was evaluated with the Dice coefficient, demonstrating its effectiveness. Finally, we compare the results with a method that uses genetic algorithms to achieve the same goal, obtaining good results despite using a much simpler process.",WVC2024,Published,https://seer.ufrgs.br/index.php/rita/workflow/access/143458,10.22456/2175-2745.143458,2024-10-23 08:56:35,2024-12-11 10:44:37
143463,Identifying Malignant Skin Diseases Through Deep Learning,"Early and accurate identification of malignant skin diseases is critical to improving treatment outcomes and patient prognosis. Current diagnostic methods heavily rely on visual assessments by medical professionals, followed by biopsies for confirmation. These approaches can be subjective and require significant expertise, while access to specialized care remains limited, particularly in developing regions. Recent advancements in artificial intelligence, specifically deep learning, present an opportunity to improve dermatological diagnostics. This paper explores the application of two deep learning models, ResNet and Vision Transformer (ViT), for the automated detection of malignant skin conditions. Both models were trained on the PAD-UFES-20 dataset, which comprises clinical skin lesion images captured via smartphones. Our findings suggest that these models can offer real-time diagnostic support at reduced costs, with accuracy levels comparable to or exceeding human performance, with the best experiment achieving the F1 score of 79.89% and an accuracy of 80.63%.",WVC2024,Published,https://seer.ufrgs.br/index.php/rita/workflow/access/143463,10.22456/2175-2745.143463,2024-10-23 10:25:42,2024-12-11 10:12:01
143478,Medical Image Classification with Privacy: Centralized and Federated Learning Comparison,"The use of different techniques in image-based medical diagnostic computing has positively impacted the healthcare industry. Diseases such as colon and lung cancer can be detected using image classification strategies. In this context, Federated Learning (FL) has emerged as an enabling approach to disease detection with security and privacy when handling sensitive patient data. This study aimed to compare the centralized and FL classifications of histopathological images of lung and colon cancer. We compared the performance of FL with that of centralized learning, and the results indicated that FL outperformed centralized approaches in scenarios with heterogeneous datasets. These findings highlight the potential of FL as an alternative to medical image classification, particularly in privacy-sensitive applications.",WVC2024,Published,https://seer.ufrgs.br/index.php/rita/workflow/access/143478,10.22456/2175-2745.143478,2024-10-23 13:30:57,2024-12-11 09:59:00
143480,Federated Learning in Breast Cancer Diagnosis,"Breast cancer, which accounts for 29.7% of cancer cases among women and has a mortality rate of approximately 16.5%, it is the most common cancer in Brazil. To enhance early detection and minimize the occurrence of advanced cases, pathologists are increasingly utilizing deep learning techniques to analyze histopathological images. This study investigates and compares the performance of two convolutional neural networks, AlexNet and ResNet50, in federated and centralized training settings. By employing the BreakHis dataset, the research explores the effectiveness of federated learning in securely distributing model training across multiple clients and contrasts it with traditional centralized training approaches. This study investigates whether federated learning can achieve performance close to that of centralized approaches while ensuring privacy for breast cancer histopathology image classification. It is hypothesized that federated learning can provide comparable results to centralized approaches while ensuring the confidentiality of patient data. Our results confirm that federated learning performs similarly to centralized learning with the added benefits of maintaining privacy and supporting collaboration among multiple clients. The findings aim to advance the state of the art in breast cancer detection, addressing both the challenges of privacy and data distribution and the impact of different training methodologies on model performance.",WVC2024,Published,https://seer.ufrgs.br/index.php/rita/workflow/access/143480,10.22456/2175-2745.143480,2024-10-23 13:41:42,2024-12-11 09:39:05
143486,Digital Fencing for Farms: Enhancing Object Detection through Multi-Dataset Integration,"Security in farm areas is a critical concern due to the risks posed by wild animal invasions, farm animals straying, and unauthorized human entry. Conventional object detection models, often trained on urban or context-specific datasets, frequently underperform in farm settings. To address this, our study investigates the integration of multi-datasets to enhance object detection for digital fences, thereby improving farm security. We propose a method to effectively utilize multi-datasets, even when they do not have the same classes, ensuring comprehensive coverage of all required categories. The proposed SmartClass methodology achieved more robust and adaptable detection approaches, suitable for agricultural environments, with considerable increases in recall, mAP50, and mAP50-95 metrics compared to models trained without the methodology. The code and data are available at github.com/MaVILab-UFV/Digital-Fencing-WVC-2024.",WVC2024,Published,https://seer.ufrgs.br/index.php/rita/workflow/access/143486,10.22456/2175-2745.143486,2024-10-23 16:44:46,2024-12-10 23:26:59
143487,Automatic Identification of Relevant Moments in Security Force Videos Using Multimodal Analysis,"Due to the increasing requirement for police officers to wear body cameras, there is an increased need for algorithms that can automatically detect relevant moments in footage. This paper presents an automated system that uses audio and video inputs to highlight key events in recordings, reducing the need for operators to watch entire videos. Our method detects firearms and crowd gatherings with object detection, identifies people raising their hands with pose estimation. We also detect sound patterns such as sirens, gunshots, and shouts and use Automatic Speech Recognition to transcribe conversations and identify keywords for relevant events. Our system, evaluated with videos from YouTube channels such as PMTVSP, PoliceActivity, and Code Blue Cam, effectively identifies significant moments in security footage where agents are engaged in activities beyond routine patrol, thus avoiding the need for a human to watch the entire video to point out relevant moments.",WVC2024,Published,https://seer.ufrgs.br/index.php/rita/workflow/access/143487,10.22456/2175-2745.143487,2024-10-24 11:01:29,2024-11-20 21:27:37
143490,Evaluating Deep Learning Models for Effective Weed Classification in Agricultural Images,"Effective weed management is crucial for maximizing agricultural productivity and minimizing crop losses. Traditional methods for weed detection and classification often suffer from errors and delays, particularly in the absence of specialists. Deep learning technologies offer a promising alternative for automating these tasks, potentially enhancing both accuracy and efficiency. This study compares three advanced deep learning architectures, ResNet-50, EfficientNet V2, and Vision Transformers (ViT), for classifying weed species using the DeepWeeds dataset. We explore the effects of data augmentation on model performance, evaluating each model based on accuracy, precision, recall, and F1 score. Our results demonstrate that data augmentation significantly improves model performance. EfficientNet V2 achieved the highest performance across all metrics, with a peak accuracy of 0.9703. This research provides valuable insights into selecting effective architectures and training strategies for more accurate weed detection in agricultural applications.",WVC2024,Published,https://seer.ufrgs.br/index.php/rita/workflow/access/143490,10.22456/2175-2745.143490,2024-10-24 13:21:58,2024-11-17 16:32:28
143494,Aedes aegypti Egg Counting with Neural Networks for Object Detection,"Aedes aegypti is still one of the main concerns when it comes to disease vectors. Among the many ways to deal with it, there are important protocols that make use of egg numbers in ovitraps to calculate indices, such as LIRAa and Breteau Index, which can provide information on predictable outbursts and epidemics. Also, there are many research lines that require egg numbers, specially when mass production of mosquitoes is needed. Egg counting is a laborious and error-prone task that can be automated via computer vision-based techniques, specially deep learning-based counting with object detection. In this work, we propose a new dataset comprising field and laboratory eggs, along with test results of three neural networks applied to the task: Faster R-CNN, Side-Aware Boundary Localization and FoveaBox. With FoveaBox, we achieve a median mean absolute error of 6.854. Finally, we also discuss the main difficulties and possibilities for future research.",WVC2024,Published,https://seer.ufrgs.br/index.php/rita/workflow/access/143494,10.22456/2175-2745.143494,2024-10-25 20:33:20,2024-11-16 17:52:25
143495,Castor Beans Identification in Sugarcane Plantations Using Active Learning,"Castor beans have multiple applications but can become weeds in several crops. Manual identification is unfeasible in large plantations. Machine learning models can make identification efficient but require a lot of labeled data. Many images of a plantation would be similar and wouldn't improve the model's performance. Active learning (AL) allows labeling only relevant data, often surpassing the performance of models trained on entire datasets. In this work, we detect castor beans, with an AL method that uses self-supervised pretext tasks to separate data for labeling. Models based on pretext tasks presented a decrease in recall relative to the model trained in the whole dataset, which has 93%. We also trained a pseudo-task that separates data with a reasonable concentration of castor bean images. The pseudo-task classifier obtained a 92% recall, being trained in less than 1% of the dataset.",WVC2024,Published,https://seer.ufrgs.br/index.php/rita/workflow/access/143495,10.22456/2175-2745.143495,2024-10-23 20:46:26,2024-12-10 23:10:55
143502,Analyzing Bee Behavior Through Video Tracking Using Computer Vision Techniques,"Bees are responsible for a large part of the pollination of plant species and act as bioindicators in evaluating phytosanitary products. Research on bee behavior and mortality can be carried out in laboratories with a controlled environment. Still, even so, behavioral assessment, when performed visually by an expert, becomes time-consuming and susceptible to failures, which justifies the creation of automated systems for this purpose. This article presents a tool based on Computer Vision to support this activity. The YOLO/Darknet architecture was used to detect bees in videos, and experiments were carried out with eight pre-trained models, obtaining adequate results of insect detection, which were used to develop an interface that provides graphs and reports: heat maps, walking maps, the percentage of the area explored, the time spent moving, and the speed at which individuals move. Experts can interpret the information produced by the proposed tool to understand bee behavior.",WVC2024,Published,https://seer.ufrgs.br/index.php/rita/workflow/access/143502,10.22456/2175-2745.143502,2024-10-23 21:33:44,2024-12-05 11:35:45
143508,Data Augmentation and Convolutional Network Architecture Influence on Distributed Learning,"Convolutional Neural Networks (CNNs) have proven to be highly effective in solving a broad spectrum of computer vision tasks, such as classification, identification, and segmentation. These methods can be deployed in both centralized and distributed environments, depending on the computational demands of the task. While much of the literature has focused on the explainability of CNNs, which is essential for building trust and confidence in their predictions, there remains a gap in understanding their impact on computational resources, particularly in distributed training contexts. In this study, we analyze how CNN architectures primarily influence model accuracy and investigate additional factors that affect computational efficiency in distributed systems. Our findings contribute valuable insights for optimizing the deployment of CNNs in resource-intensive scenarios, paving the way for further exploration of variables critical to distributed learning.",WVC2024,Published,https://seer.ufrgs.br/index.php/rita/workflow/access/143508,10.22456/2175-2745.143508,2024-10-24 00:23:50,2024-12-03 11:41:14
143513,Portal to Other Dimensions: use of Computer Vision to create art work from day life images,"This work aims to combine classic and contemporary paintings with the external world by altering the interior of a door into another style in real-time photos and/or videos, creating a portal effect to provide an interactive experience with artworks. To achieve this, various techniques from Artificial Intelligence and Computer Vision were employed, primarily focusing on convolutional neural networks (CNNs) with supervised training. Models proposed for semantic segmentation problems were used for door detection and style transfer to stylize the input image. Finally, we conclude with an analysis of the results for each network individually and in combination, ensuring that the metrics and approaches were satisfactory. With our results, we were able to offer an accessible and interactive way to bring art into the daily lives of many people.",WVC2024,Published,https://seer.ufrgs.br/index.php/rita/workflow/access/143513,10.22456/2175-2745.143513,2024-10-24 12:30:16,2024-11-17 16:46:42
143514,Construction of Rolled Digital for Newborns Using Image Registration,"This work aimed to reconstruct rolled fingerprint images from multiple flat fingerprints using image registration and composition techniques. The methodology involved selecting high-quality frames through a quality network, the application of preprocessing with remapping, cropping the area of interest, and adjusting colors. In addition to image registration steps, like key point identification, feature matching, and image distortion. Results indicated that while classical image registration had limitations, the composition technique significantly increased the number of features extracted, enhancing fingerprint identification. It was demonstrated that the composition method effectively captures important fingerprint details, offering a potential improvement in newborn biometric identification.",WVC2024,Published,https://seer.ufrgs.br/index.php/rita/workflow/access/143514,10.22456/2175-2745.143514,2024-10-24 11:46:14,2024-11-20 21:06:23
143516,Deep Learning-Based Segmentation of Nanomaterial Images Acquired via Scanning Electron Microscopy,"This work investigates the application of deep learning techniques to analyze nanomaterial images acquired by scanning electron microscopy (SEM). The main objective is to improve the segmentation of zinc oxide (ZnO) nanoparticles and graphene oxide (GO) nanosheets. For this purpose, we developed a dedicated database for the supervised training of deep neural networks, using the U-Net architecture. Given the high spatial resolution of the original images, we investigated two approaches for image subdivision during the training and testing stages. Due to the high cost of acquiring and annotating SEM images of nanomaterials, we applied transfer learning through fine-tuning, adapting the network previously trained on ZnO images to segment GO images. The results were promising, with accuracies and recalls exceeding 95% for both ZnO and GO images.",WVC2024,Published,https://seer.ufrgs.br/index.php/rita/workflow/access/143516,10.22456/2175-2745.143516,2024-10-24 13:33:22,2024-11-17 16:08:48
143520,Classification of Agricultural Pests Through Digital Images Using Deep Learning,"In the agricultural sector, pest detection is vital, and given the susceptibility of human analysis to errors, deep learning solutions such as Convolutional Neural Networks (CNNs) provide a promising alternative. Classifying insect pests is challenging due to the high variability among species across different regions and their various life stages. In this study, we evaluate several deep learning models and training strategies for automatic pest image classification. We analyze four CNN architectures—AlexNet, ResNet-50, EfficientNet, and Vision Transformer (ViT). Following a hyperparameter optimization step, the models were fine-tuned, and we examined the impact of four data augmentation strategies on classification performance using the Agricultural Pests dataset. ViT demonstrated superior performance, achieving an accuracy of 0.9574 without data augmentation. Although ViT did not benefit from data augmentation, these techniques proved essential for enhancing the performance of AlexNet, ResNet-50, and EfficientNet. Our findings underscore the potential of deep learning methods for pest classification, offering valuable tools to help professionals maintain crop quality and value.",WVC2024,Published,https://seer.ufrgs.br/index.php/rita/workflow/access/143520,10.22456/2175-2745.143520,2024-10-24 13:28:02,2024-11-17 16:18:58
143521,Exploiting Data Augmentation Strategies to Improve the Classification of Spinal Disorders in X-Ray Images,"Spinal disorders affect a significant portion of the population and are a growing concern for healthcare authorities due to their potentially debilitating consequences. In this context, computer vision techniques offer a promising path for rapid diagnosis, but they often require large datasets to train robust and reliable models. However, public datasets that can support the training of such models are scarce. To address this, we explored the application of advanced data augmentation strategies, namely CutMix, CutOut, and MixUp, combined with standard augmentation techniques to improve the performance of deep learning models in classifying X-ray images into three categories: (i) healthy, (ii) scoliosis, and (iii) spondylolisthesis. We applied these techniques by training the ResNet-50, Vision Transformer (ViT), and Swin Transformer V2 architectures, evaluating their effectiveness for this task. Our experiments revealed that the combination of ViT architecture and CutMix augmentation achieved the highest accuracy, with a performance of 0.9882.",WVC2024,Published,https://seer.ufrgs.br/index.php/rita/workflow/access/143521,10.22456/2175-2745.143521,2024-10-24 13:34:58,2024-11-17 11:39:41
143522,Automatic Detection and Counting of Tuta Absoluta Insect in Trap Images,"The integration of artificial intelligence (AI) into agriculture offers solutions to challenges such as pest control. AI can improve productivity and sustainability through precision agriculture. This paper presents an automatic system for identifying and counting Tuta absoluta pests in trap images, integrated into a monitoring platform. The platform uses a biological defensive system for sustained pest control. The solution employs ImageAI deep learning algorithms to detect and classify pests, using YOLOv3 and TinyYOLOv3 models. We provide assessments of the performance and resource consumption of the evaluated models. YOLOv3 achieved a detection precision of 95.28% in images with 10-50 insects, decreasing to 87.51% for around 100 insects. Despite YOLOv3 demonstrating higher precision in the detection of the number of insects, the Tiny YOLOv3 model was shown to be 4.5 times faster in the training process and occupies almost 8 times less storage space.",WVC2024,Published,https://seer.ufrgs.br/index.php/rita/workflow/access/143522,10.22456/2175-2745.143522,2024-10-24 14:12:46,2024-11-17 11:27:55
143523,Fusion of Satellite and Drone Images for Identifying Water Bodies,"Mapping areas with water bodies is crucial for monitoring water systems and resource management, as well as for guiding urban expansion and land-use planning, thus contributing to sustainable resource management, flood prevention, and the conservation of aquatic ecosystems. While satellite images offer broad territorial coverage, drones provide high spatial resolution of the Earth's surface. In this research, the Pulse Coupled Neural Network (PCNN) [1] image fusion method and the GDAL Pansharpening method, the latter being available in QGIS, were compared to determine which is more effective in merging images to highlight water surface areas in a case study, combining the spectral coverage of satellites with the precision of drones. The implemented PCNN model was able to overcome QGIS Pansharpening method, which is based on Brovey algorithm, obtaining better metrics. This study of drone and satellite image fusion has shown to be a promising approach to overcome the limitations of these technologies when used individually.",WVC2024,Published,https://seer.ufrgs.br/index.php/rita/workflow/access/143523,10.22456/2175-2745.143523,2024-10-24 14:04:29,2024-11-17 11:33:22
143526,Artificial Intelligence for Gas Leak Detection with Thermal Cameras and Metal Oxide Semiconductor Sensors,"Early detection of gas leaks is crucial for safety and efficiency in oil platforms and refineries. The presence of various hazardous gases, often imperceptible to human senses, poses significant risks. AI-powered solutions can effectively monitor for gas leaks, improving safety and ensuring efficient operations. In this work we proposed a modular architecture effectively combines tabular data from gas sensors and spatial information from thermal images using a variety of backbones, including MobileNet. By employing dense layers and an optimized training strategy, we achieved state-of-the-art performance, with 100% accuracy, demonstrating the effectiveness of our approach for gas leakage detection.",WVC2024,Published,https://seer.ufrgs.br/index.php/rita/workflow/access/143526,10.22456/2175-2745.143526,2024-10-24 15:30:31,2024-11-17 11:04:27
143528,Big Data in Healthcare: Possibilities and Challenges - A Systematic Literature Review,"In today's world, the extensive use of Big Data emerges as a fundamental component in various sectors, and healthcare is no exception. This article explores the importance of using this data for the continuous improvement of patient care, providing them with a better quality of life. However, for this to happen, several challenges must be overcome, especially in data processing and analysis, and in this sector, it is crucial that their accuracy and integrity are not compromised, as they are related to life and death. In this study, we present a survey of technologies, possibilities, and challenges that arise in this field through a systematic review of various articles with cutting-edge approaches to the subject. Consequently, the advantages of using Big Data in healthcare will be highlighted, as well as the critical need to overcome the inherent challenges to achieve efficient and ethical implementation.",Regular Papers,Published,https://seer.ufrgs.br/index.php/rita/workflow/access/143528,10.22456/2175-2745.143528,2024-10-24 15:06:48,2025-01-23 10:34:51
143530,How Misleading Can The Analysis of Human Eye Movements Be? Experiments on Dominante Eye and Cognitive Visual Perception,"Research on the human dominant eye has existed for over 100 years, yet no consistent methodology uses dominant eye data to analyze eye movements in eye-tracking studies. This is concerning, as eye-tracking technology is increasingly important for understanding human visual perception, especially in healthcare decision-making. The aim of this project is to develop an approach for analyzing the dominant eye using Tobii TX300 eye-tracking equipment. The specific objectives are: (1) to create a fast, non-invasive test to determine the dominant eye; (2) to develop a signal acquisition system with various stimuli and pattern recognition; and (3) to analyze results based on dominant eye outcomes. Initial results show divergence between the eyes, but the mean of fixation points from both eyes provides the most accurate mathematical metric with the lowest quadratic errors compared to theoretical fixation points.",WVC2024,Published,https://seer.ufrgs.br/index.php/rita/workflow/access/143530,10.22456/2175-2745.143530,2024-10-24 17:25:58,2024-11-17 10:57:51
143534,Sheep Behavioral Analysis with Optical Flow,"Determining behavioral deviations in sheep is challenging through visual observation alone, as sheep are generally stoic animals and may not easily show signs of pain or discomfort. This study aimed to evaluate and classify activity changes in sheep using optical flow algorithms as an alternative approach. Video recordings of 32 sheep housed in 8 pens were analyzed over 4 days, with each day consisting of 4 one-hour video segments. These segments were manually observed at 5-minute intervals to document the time spent laying, standing, and walking. Simultaneously, the same video segments were analyzed using optical flow algorithms to track movement patterns. The calculated optical flow measures, including mean, variance, skewness, and kurtosis, were then correlated with the observed behaviors. These measures demonstrated their potential as effective tools for monitoring behavioral activity changes in sheep, providing an objective method to track behavior and detect deviations that might indicate discomfort, stress, or health issues.",WVC2024,Published,https://seer.ufrgs.br/index.php/rita/workflow/access/143534,10.22456/2175-2745.143534,2024-10-24 17:48:40,2024-11-17 09:52:56
143537,Leveraging Optimal Methods for Diverse Skin Types Classification in Images for Reduced Bias,"This paper addresses the bias in automatic skin tone classification, highlighting how technologies can mirror societal issues such as inadequate representation of diverse skin tones. The objective is to evaluate methods that ensure balanced performance across skin types despite a scarcity of annotated databases with ethnic-racial details. Using the Fitzpatrick Skin Type classification system, we assess various skin color labeling algorithms, selecting optimal approaches for each type based on f-score. Results show that a single method biases results towards certain skin tones, whereas combining methods enhances accuracy across diverse types. We leverage the LFW and Fitzpatrick17k databases and apply image processing techniques like gamma transformation, CLAHE, histogram equalization, and non-linear order statistics filters. By tailoring processes to specific skin tone ranges, our auto-labeling approach better mirrors manual labeling, aiming for more equitable technology.",WVC2024,Published,https://seer.ufrgs.br/index.php/rita/workflow/access/143537,10.22456/2175-2745.143537,2024-10-24 20:47:35,2024-11-17 00:20:53
143539,Renal Cancer Classification in Tomographic Images Using Convolutional Neural Networks to Assist Early Diagnosis,"Renal cancer is one of the 13 most frequent types of cancer in Brazil, primarily affecting individuals between 50 and 70 years of age, with around 12,000 cases and 4,000 deaths recorded in 2020. Early detection is crucial to prevent the progression of the disease, which can lead to kidney transplants, dialysis, or death. However, the lack of symptoms and screening tests make diagnosis difficult. This research proposes the use of Convolutional Neural Networks (CNNs) for the detection of renal cancer in CT images, classifying them as cancerous or normal. It is expected that the application of the obtained results can assist in early diagnosis, supporting healthcare professionals in providing faster and more accurate treatments and contributing to improving the patients' quality of life.",WVC2024,Published,https://seer.ufrgs.br/index.php/rita/workflow/access/143539,10.22456/2175-2745.143539,2024-10-24 20:51:29,2024-11-17 00:14:39
143541,Bulldogs Nose Detection using Deep Learning,"An animal nose identification system could allow efficient monitoring of pets, and it can be used in applications such as identifying animal breeds or possible diseases and/or injuries. For that, a bulldog image dataset was build from French bulldogs. To carry out the validation through cross-validation, 10 folds (K-folds) were created. Afterward, five convolutional neural networks (CNN) were trained with our dataset to identify the nose: Faster R-CNN (Region-based CNN), SABL (Side-Aware Boundary Localization), RetinaNet (ResNet50+FPN), VFNet (VarifocalNet), and ATSS (Adaptive Training Sample Selection). Faster R-CNN, SABL, RetinaNet, VFNet and ATSS were used for training in the first phase, while ATSS, Faster R-CNN, ATSS and SABL in the second. The results showed that the ATSS network obtained the highest values of mAP and Accuracy in the first phase. Moreover, SABL network achieved the highest values of mAP50, mAP75, Recall, F-Score and Accuracy at the end of the second phase.",WVC2024,Published,https://seer.ufrgs.br/index.php/rita/workflow/access/143541,10.22456/2175-2745.143541,2024-10-24 21:53:49,2024-11-17 00:08:53
143544,A Novel Brazilian Dataset for Automatic Detection of Psyllid Attacksin Guava,"Guava, a fruit native to America, plays a crucial role in the Brazilian economy, with production reaching 564,000 tons by 2022. It is widely used in culinary dishes and herbal remedies, and is exported to numerous countries. However, guava is also susceptible to pests and diseases. Among these, Psyllid Triozoda Limbata is particularly problematic, attacking young leaves and leading to reduced fruit yields and impaired plant development. To address this issue and assist producers in detecting pest infestations, this study introduces a novel dataset comprising images from Brazil. By leveraging Artificial Intelligence and Computer Vision techniques, this dataset provides a foundation for developing pest detection systems. We evaluated various object detection architectures including different versions of YOLO and Vision Transformer (ViT). The experiments indicated that YOLO V5 achieved promising results, with a precision of 93.14%. Moreover, the availability of this dataset opens new opportunities for enhancing pest management strategies, improving crop protection, and increasing the overall productivity in the guava industry.",WVC2024,Published,https://seer.ufrgs.br/index.php/rita/workflow/access/143544,10.22456/2175-2745.143544,2024-10-24 22:59:30,2024-11-16 23:44:49
143545,Preprocessing and Optimizer impact on Image-Based Autoimmune Disease Diagnosis,"The precise diagnosis of autoimmune diseases is challenging due to overlapping symptoms. Despite significant advancements in techniques based on Convolutional Neural Networks (CNNs), research opportunities remain in evaluating the impact of external factors on CNN performance. This study investigates CNN behavior by focusing on two factors: image preprocessing and optimizer choice. We assessed the effects of contrast stretching and histogram equalization on HEp-2 images and compared the Adam and SGD optimizers. Using a factorial experimental design, we trained and validated CNN models on a dataset from the International Conference on Pattern Recognition (ICPR-2014) competition, categorized into six classes of HEp-2 cells. This study contributes to understanding how different factors influence CNN models in medical image processing.",WVC2024,Published,https://seer.ufrgs.br/index.php/rita/workflow/access/143545,10.22456/2175-2745.143545,2024-10-24 23:14:13,2024-11-16 23:01:35
143546,Segmentation of Skin Lesions and their Attributes in Dermatoscopic Images Based on Convolutional Neural Networks,"Segmentation of skin lesions in dermoscopic images is a crucial step in diagnosing skin cancer, and Convolutional Neural Networks (CNNs) have emerged as powerful tools to address this challenge. This paper evaluated the effectiveness of two CNN models, TernausNet-16 and Mask R-CNN, in segmenting skin lesions and five of their attributes in the dermatoscopic images from the ISIC 2018 Challenge dataset. Jaccard Similarity Index (JSI) and Dice Similarity Coefficient (DSC) have been used as evaluation metrics. The results revealed that Mask R-CNN significantly outperformed TernausNet-16. The best model achieved 82.57% JSI and 84.76% DSC for lesion segmentation, and 42.86% JSI and 51.60% DSC for attribute segmentation when addressing attribute imbalance. Despite the longer training time, the results highlighted the potential of Mask R-CNN for improving the effectiveness of melanoma segmentation.",WVC2024,Published,https://seer.ufrgs.br/index.php/rita/workflow/access/143546,10.22456/2175-2745.143546,2024-10-24 23:48:33,2024-11-16 22:40:18
143548,Classification of Cells Infected by Malaria with Vision Transformers Models,"This project develops a system for malaria classification using the Vision Transformer architecture on cellular tissue microscopy images. The implementation aims to assist in medical diagnosis by providing efficient and accurate information, with the potential to contribute to the control of endemic diseases. The system utilizes models from the vit-pytorch library, including the Vision Transformer, Patch Merger, and Vision Transformer for Small Datasets. The Vision Transformer for Small Datasets achieved the highest accuracy of 98.97 for an image size of [150,150].",WVC2024,Published,https://seer.ufrgs.br/index.php/rita/workflow/access/143548,10.22456/2175-2745.143548,2024-10-25 02:29:23,2024-11-16 22:09:27
143633,Safer Stack: Safe Dump of Off-Highways Trucks in Slope Crest Windrows,"During operation, the dump truck sometimes needs to operate close to a slope crest windrow. This article aims to present the experimentation of a system, called Safer Stack, to assist the dump truck operator when reversing in front of a slope crest windrow, with the purpose of informing him the safe distance to perform the dump and generating alerts when there is a risk. The system includes computer vision, through image recognition, and distance measurement, through a LiDAR. The information will be used in a graphical interface, with visual alerts and audible alarms for the dump truck operator. Based on the tests carried out, it was confirmed that the combination of technologies in a final solution, since it presented 98% accuracy in the trained scenarios, has the potential to generate highly efficient results and make the operation safer.",WVC2024,Published,https://seer.ufrgs.br/index.php/rita/workflow/access/143633,10.22456/2175-2745.143633,2024-10-29 11:02:31,2024-11-16 17:37:24
143684,YOLO and CNN for Cat Detection and Recognition,"This paper proposes a processing architecture for recognizing domestic felines in videos and images based on facial features. Some photos of the cats to be identified in the videos and images need to be collected in advance. A key aspect of this study is avoiding the need to retrain the model whenever the set of cats to be identified changes. The architecture involves five processing stages: video processing, YOLOv8 for cat detection, InceptionV3 for feature extraction, KNN for database searching, and voting process to improve classification. Transfer learning and fine-tuning techniques are employed to improve performance. The proposed method achieves high accuracy, offering a scalable and non-invasive solution for cat recognition, which can contribute to urban management, cat loss prevention, and medical insurance control for domestic cats, among other applications.",WVC2024,Published,https://seer.ufrgs.br/index.php/rita/workflow/access/143684,10.22456/2175-2745.143684,2024-10-30 17:39:26,2024-11-16 17:04:02
143785,Application of Denoising Diffusion Probabilistic Methods in Fetal MRI,"



Magnetic resonance imaging (MRI) is a common type of medical image acquisition that can also be used to diagnose early diseases. In this sense, fetal MRI is a non-invasive method to generate high-quality fetal volumes and to perform important clinical analysis. However, image denoising is necessary in many situations to ensure accurate evaluations. Thus, approaches such as Denoising Diffusion Probabilistic Methods (DDPM) have emerged and reached great results in this kind of task. In this work, we applied two DDPM-based approaches (an original and an improved one) besides two self-supervised deep models in a fetal MRI dataset. The results showed that, for the used fetal MRI dataset, the improved DDPM, named I-DDPM outperformed the counterparts considering two evaluation metrics for image quality, the Peak Signal-to-Noise Ratio (PSNR) and Root Mean Squared Error (RMSE).



",WVC2024,Published,https://seer.ufrgs.br/index.php/rita/workflow/access/143785,10.22456/2175-2745.143785,2024-11-04 12:14:22,2024-11-16 15:55:29
143959,Notification Oriented Paradigm based on Internet Protocol (NOP-IP) to Distributed Computing,"The Notification Oriented Paradigm (NOP) is a new paradigm for developing, organizing, and executing software and even systems, which emerges from intelligent manufacturing area. NOP is composed of minimal entities for carrying out each logical-causal processing and each factual-executional processing (e.g., each variable changing or arithmetical processing). Those entities collaborate through precise notifications, being created/connected from high-level programming data. Such notification-oriented collaboration allows NOP to be naturally efficient with decoupled computational entities, thereby allowing systems with proper performance (e.g., low latency and high throughput) and parallel/distributed processing (e.g., parallel or distribution scalability). Actually, NOP has shown to be valuable and applicable in different areas, from artificial intelligence to hardware development. Nowadays, the NOP is under development by its research group, which includes support for IP-based communication in its stable C++ framework implementations, namely the NOP Frameworks based on C++. In this paper, a scheme, called NOP based on Internet Protocol (NOPIP), is reported. NOPIP is an IP communication layer for NOP implementation. It was the first to provide communication capability to that NOP Framework set, taking into account two sorts of NOP entities. These entities are the Attributes and Premises, respectively concerned with factual and logical processing in NOP applications. In order to verify the functionality of the proposed NOPIP solution was applied to the NOP Framework C++ 2.0. Four applications have been developed concerning redundant and sentient-like computing, thereby allowing the demonstration of the NOPIP feasibility. Moreover, a performance comparison of using Attribute and Premise values through the network is made. It was verified that notifications of Attribute values via network were more efficient than the notifications of Premise values, thereby reducing, on average, 13.64% the execution time of the server and 88.62% of the client.",Regular Papers,Published,https://seer.ufrgs.br/index.php/rita/workflow/access/143959,10.22456/2175-2745.143959,2024-11-12 14:04:44,2025-05-26 21:49:03
144479,Do Deep Learning Models Generalize Facial Emotion Recognition in Different Age Groups?,"The prevalence of images of adults in facial emotion recognition (FER) databases is an evident bias in emotion classification. Although there are sets of FER images exclusively of children or adults aged 60 and over, the capture scenario is generally controlled and has staged emotions. Many studies in this area focus on increasing task performance by using a single data collection for training and testing; however, due to the diversity of individuals portrayed and photographs collected, this strategy generally fails when applied to new images or in real-world circumstances. In this paper, we assess the generalization potential of deep learning models that have been pre-trained in general-purpose databases such as ImageNet and refined using the databases CK+, DEFSS, FACES (60+), MUG, and NIMH-ChEFS with cross-databases in tests. Through this study, which assesses six different datasets involving three distinct age groups through cross-database evaluation using a clear experimental protocol, we were able to verify that models fine-tuned with data sets composed exclusively of children's images have accuracy above 80%, reaching 88% when used to predict images of children; models fine-tuned with images of young adults are more accurate in classifying young adults than children or adults aged 60 and over, and the dataset of adults aged 60 and over in FACES dataset demonstrated accuracy above 80% in predicting images from other datasets and 96% in predicting images within its own test set.",Regular Papers,Published,https://seer.ufrgs.br/index.php/rita/workflow/access/144479,10.22456/2175-2745.144479,2024-12-06 16:06:54,2025-05-26 21:51:35
145569,Exploring Topic Modeling in Short Texts from Social Media: A Comparative Analysis of Algorithms,"Many texts are broadly disseminated on online social media platforms each day. Topic modeling is a Natural Language Processing and Unsupervised Learning technique used in this scenario. It identifies the topics in a collection of texts — that is, the most relevant groups of words in the context of all the texts are analyzed. The characteristics of the texts are a relevant factor for identifying topics. Unlike traditional sources, texts published on social media are usually short, because even when a character limit per publication (e.g., Twitter/X) is not imposed, users tend to be objective in the texts they write. This work evaluates the performance of four categories of topic modeling algorithms: traditional, Dirichlet Multinomial Mixture (DMM)-based, self-aggregation-based, and global co-occurrence-based. Real texts generated by social media users were used for the evaluation. Model performance was evaluated using quality metrics accepted in the literature. Finally, the results were analyzed such that the performance of each algorithm was weighted down, and to clarify whether there would be any detriment to the results of topic modeling using traditional algorithms on short texts.",Regular Papers,Published,https://seer.ufrgs.br/index.php/rita/workflow/access/145569,10.22456/2175-2745.145569,2025-02-02 11:24:09,2025-11-22 13:25:25
145580,Transformers or Not: A Comparative Study on Defect Inspection in Printed Circuit Boards,"A Printed Circuit Board (PCB) is a fundamental component in the manufacturing process of electronic devices. When talking about the process of fabrication of these devices, the quality control stage represents, in general, the biggest cost in production. This stage is usually realized by humans, which are prone to fail, as well as being slower and less consistent when compared to computers. This study presents the utlization of six distincts Artificial Intelligence archtiectures trained for PCB defect detection. The results of the experiments highlighted key differences in training time, accuracy, and computational complexity across various models. YOGA-s achieved a good balance with the second-best mAP 50 accuracy (83.2%) and a moderate training time of 50 minutes. YOLOv11n, despite its shorter training time (40 minutes), outperformed YOGA-s in mAP 50-95 (42.7%). DETR demonstrated the highest accuracy (92.4% mAP 50), but at the cost of significantly longer training times and higher complexity. LW-DETR, while efficient, showed limited performance improvements as its scale increased. YOLOv11n emerged as the most cost-effective option for PCB inspection tasks.",Regular Papers,Published,https://seer.ufrgs.br/index.php/rita/workflow/access/145580,10.22456/2175-2745.145580,2025-02-22 02:02:49,2025-03-23 10:31:07
145795,NOPL - Improvements in the Language and its Compiler for the Notification Oriented Paradigm,"The Notification Oriented Paradigm (NOP) is a new model for computer programming. NOP uses evolutions of Declarative Paradigm (DP) concepts, such as reactive notifying entities called Fact-Base Elements (FBEs) and Rules, enabling a new approach regarding the factual and logic-causal processing or inference. Each entity notifies other related entities only when there is a change on its states, suppressing temporal and structural redundancy on generated code. Thus, the NOP approach tends to be more efficient and decoupled when compared to Imperative Paradigm (IP) and usual DP. To validate the features of NOP, a language and a compiler composition system was built, allowing the demonstration of the paradigm concepts, as well as the generation of efficient applications. Moreover, that compilation system performs a translation of high-level NOP Language code into a notification-oriented code. This notification code is generated by the compiler in target languages such as C and C++. This generated code can then be itself compiled, allowing NOP to be executed on any architectures that have a part of the G++ compiler. This paper first presents de NOP Language and its Compiler, elaborate with such system, and then introduces the generator of Static C++ target code to improve the performance of execution of the generated code. Experiments confirm that, by using the proposed Static Compiler for NOP, the execution time of NOP generated code is reduced by 53% in relation to a previous version NOP Compiler code generator.",Regular Papers,Published,https://seer.ufrgs.br/index.php/rita/workflow/access/145795,10.22456/2175-2745.145795,2025-02-13 16:16:18,2025-06-01 21:05:27
145838,Hybrid Convolutional Neural Network on Fault Detection in Electroluminescence Images of Photovoltaic Cells,"The expansion of installed capacity in photovoltaic generation systems demands automated methods for fault detection in its constituent cells. This paper proposes a hybrid convolutional neural network model for fault detection in electroluminescence images of photovoltaic panels. The model leverages the convolutional neural networks ResNet50 and VGG16 for feature extraction and the support vector machine classifier to detect faulty cells. Adjusting the model's settings using a genetic algorithm achieved accuracy rates of 98.2% and 99.7% in tests with two public datasets. The challenges that this dataset's heterogeneity imposed on training the model were addressed by data augmentation and contrast enhancement techniques. These results support hybrid convolutional neural networks as a promising solution for automatically detecting defects in photovoltaic cells, which is important for keeping energy conversion efficiency high and extending the lifespan of photovoltaic systems.",Regular Papers,Published,https://seer.ufrgs.br/index.php/rita/workflow/access/145838,10.22456/2175-2745.145838,2025-02-16 19:48:57,2025-05-26 18:48:59
146658,An Ontology of Tobacco Production: Enriching Large Language Model-based Decision Support,"Tobacco (Nicotiana tabacum) production plays a crucial role in the agricultural economy of several regions around the world, especially in developing countries, such as Brazil. However, the lack of well-defined terminology and semantic models harms the development of decision support systems. Conceptualizing the tobacco production domain is challenging due to its ambiguous terminology and the complexity involved in considering environmental, soil, disease, and pest management factors. We present an Ontology of Tobacco Production (OnTop), designed to assist tobacco production in optimizing crop management practices and placing environmental factors within a formal framework. To the best of available knowledge, this study is the first to formalize the tobacco production lifecycle integrated with soil and climate data. It includes symbolic and description logic for reasoning and automation. This paper presents the proposal for the core set (main classes) and the application of OnTop to enrich a Large Language Model (LLM) to provide an ontology-based decision support prompt. OnTop allows actionable recommendations based on environmental, agronomic, and productivity data. The main contributions of this paper are: i) a domain ontology that formalizes knowledge on data-driven tobacco production; and ii) a queryable framework (enriched LLM), which allows experts to obtain complex agronomic answers. OnTop offers an extensible framework for decision making in tobacco farming and paves the way for further innovations in ontologies and LLM-based decision support systems for the agricultural domain.",Regular Papers,Published,https://seer.ufrgs.br/index.php/rita/workflow/access/146658,10.22456/2175-2745.146658,2025-03-30 14:27:13,2025-05-27 00:09:39
146689,Hybrid Machine Learning Model for Cache Performance Prediction and Design Space Exploration,"This work proposes a hybrid machine-learning model to predict a level 1 data (L1D) cache miss rate value of diversified applications with different cache configurations and application characteristics. The proposed model quickly predicts a miss rate of the L1D cache. Moreover, the proposed model can simultaneously predict the miss rate value of a new(unseen) application for twenty-eight cache configurations as precisely as possible without extra simulations. Thus, it quickly provides a miss rate value faster than a simulator. Additionally, we could perform an application’s cache design space exploration by getting predicted miss rate values from the proposed model, like the simulator. The proposed model’s mean absolute and root mean squared errors are 0.6% and 1.1% by ten-fold cross-validation. Speed up was achieved 12x to 148x compared to the architectural simulator for a miss rate of twenty-eight cache configurations.",Regular Papers,Published,https://seer.ufrgs.br/index.php/rita/workflow/access/146689,10.22456/2175-2745.146689,2025-04-01 04:16:21,2025-05-31 20:45:08
146905,Machine Learning and Explainable Artificial Intelligence in Carbon Nanotubes Predictions,"Nanotechnology is an area that can be applied in all fields of science and nanomaterials, such as Carbon Nanotubes (CNT), have been the subject of studies in order to reduce costs, time for experiments and development. CNTs have diverse applications because they are highly rigid, have high strength, and have low density. Because of this, the evaluation of the properties of carbon nanotubes and identification of their coordinates are important fields of research for science. Many real problems predictions, including those on carbon nanotubes, are Multi-Target Regression (MTR) tasks, where multiple continuous target variables are predicted. Machine learning techniques are well suited to address these types of problem. However, the literature reports approaches composed of complex models, which are manually configured and do not present any level of explainability. The goal of this work is to use an Automated Machine Learning (AutoML) technique, for which 10 classic machine learning algorithms are available. The proposal, named OurAlg, uses ensemble learning and AutoML to choose an ensemble of algorithms and their hyperparameters to handle MTR problems. Three CNT data sets were used in the experiments, with 3 and 4 targets, to predict the coordinates and properties of the carbon nanotubes. We also tested our approach on a set of 18 real-world data sets, with different numbers of targets, to evaluate its performance. In addition, an explainable artificial intelligence method was applied to CNT problems. Statistical tests were used and the OurAlg algorithm was compared favorably with classical algorithms and also with the literature.",Regular Papers,Published,https://seer.ufrgs.br/index.php/rita/workflow/access/146905,10.22456/2175-2745.146905,2025-04-14 14:21:40,2025-05-22 10:44:52
146990,Cognitive Modeling and its Applications in Industry: : A Systematized Literature Review,"Cognitive Computing (CC), as a promising technological paradigm, brings computational systems closer to human reasoning in order to solve complex problems across sectors that demand efficiency, reliability, and innovation. This article presents an analysis of CC modeling processes applied to the industrial sector, through a Systematic Review (SR) of studies published between 2019 and 2024. The results, organized around three guiding questions, enabled the comparison of six selected studies, highlighting their practical applications, advantages, and limitations. The conclusions demonstrate the potential of CC in industrial applications and its integration with emerging technologies. The study also identifies challenges and research gaps, and provides recommendations for future practices and investigations.",Regular Papers,Published,https://seer.ufrgs.br/index.php/rita/workflow/access/146990,10.22456/2175-2745.146990,2025-04-20 22:49:48,2025-05-01 10:38:48
147347,Synergizing CNNs and ViTs: A Survey on Hybrid Models for Benchmark Image Classification,"
The rapid expansion of online fashion retail has led to a massive increase in product images, making accurate clothing classification a crucial task. Misclassification not only disrupts customer satisfaction but also contributes to higher return rates and operational inefficiencies. Effective apparel classification enhances search results, improves personalized recommendations, and optimizes inventory management. In response to these challenges, deep learning models have gained attention for visual recognition tasks. This review focuses on the capabilities of convolutional neural networks (CNNs), vision transformers (ViTs), and hybrid models combining both, with an emphasis on the Fashion MNIST benchmark. CNNs are widely used for extracting local spatial features, while ViTs excel at capturing global dependencies through self-attention mechanisms. Recent works have proposed hybrid architectures to leverage the strengths of both models, combining fine-grained feature extraction with broader contextual understanding. This paper offers a comprehensive survey of these hybrid approaches, evaluating their performance in terms of accuracy, scalability, and adaptability. Additionally, we highlight the importance of explainability in fashion classification models and discuss how hybrid solutions enhance model interpretability. Comparative findings suggest that hybrid models outperform individual architectures, making them highly effective for real-world fashion applications demanding both transparency and robust performance.
",Regular Papers,Published,https://seer.ufrgs.br/index.php/rita/workflow/access/147347,10.22456/2175-2745.147347,2025-05-07 15:02:54,2025-05-22 10:49:41
147966,Evaluating Contactless Fingerprint Segmentation for Interoperable Biometric Identification Systems,"Fingerprint recognition is a popular and cost-effective biometric technology. Most existing systems require specialized hardware to capture fingerprints, but contactless fingerprint capture can be performed using smartphone images. This method reduces costs and enhances hygiene and usability. A new image processing workflow is needed to facilitate contactless fingerprint capture, with segmentation a critical step. This study explores the feasibility of using smartphone images for this purpose. It evaluates four deep learning models - SSD MobileNetV2, SSD MobileNetV2 FPN Lite, Mask R-CNN, and U-Net - using the ISPFDv2 dataset. Results show that Mask R-CNN performed best in segmenting fingertip regions, while SSD MobileNetV2 had the highest recognition accuracy against traditional fingerprint databases. These findings demonstrate the potential of deep learning for effective contactless fingerprint recognition using smartphones.",Regular Papers,Published,https://seer.ufrgs.br/index.php/rita/workflow/access/147966,10.22456/2175-2745.147966,2025-06-03 14:21:36,2025-06-03 14:21:36
149849,Analyzing Code Commits Addressing Vulnerabilities in the Android Project,"Software vulnerabilities are a significant concern, posing high costs and risks to developers and users. While previous work has focused on automated detection and vulnerability datasets, a deeper understanding of the human element in the fixing process is needed. Our research aims to characterize how developers address software vulnerabilities in the Android project. We conducted an empirical study using vulnerability-fixing commits from the Big-Vul dataset to analyze fix complexity, developer experience, and the delay in public disclosure. Our findings indicate that vulnerability fixes are typically small, affecting fewer lines of code and files compared to regular commits. Furthermore, our results suggest that the authors of these fixes are predominantly experienced in the codebase, though contributions from inexperienced developers also occur. Finally, we observe a considerable delay between a vulnerability fix being published and its corresponding CVE being publicly updated. These conclusions contribute to a better understanding of vulnerability remediation and can assist developers in assigning responsibilities and estimating fix times.",Regular Papers,Published,https://seer.ufrgs.br/index.php/rita/workflow/access/149849,10.22456/2175-2745.149849,2025-08-28 11:26:00,2025-08-28 11:26:00
150105,A Systematic Literature Review of Autonomous Line-Following Robots using Reinforcement Learning,"Mobile robots have gained importance due to its capability to perform autonomous tasks. Line-following robots are mobile robots which have become a growing topic of research, as they serve as a platform for understanding complex concepts, such as control, which makes them suitable for the application of Artificial Intelligence (AI). There are competitions around the world focused on this kind of robots. Accurate mathematical modeling of line-following robots and the environment in which they will be used can be difficult. Reinforcement learning is an AI technique that deals precisely with creating model-free algorithms, which are suitable for this application. This review article aimed to look for articles on line-following robots using reinforcement learning in order to analyze the state of the art of this branch of artificial intelligence in robotics.",Regular Papers,Published,https://seer.ufrgs.br/index.php/rita/workflow/access/150105,10.22456/2175-2745.150105,2025-09-08 21:49:05,2025-09-08 21:49:05
150232,Improving the Resilience of Smart City Systems During Network Outage,"This work presents an architecture that allows Information Systems to function even in moments of network disconnection, using a Healthcare Unit (HCU, from the Portuguese Unidade Municipal de Saúde - UMS) as a use case. The architecture uses a blockchain as a distributed database and one of its nodes (proxy node) is physically located inside an HCU, connected to its Local Area Network (LAN). During moments of disconnection between the LAN and the Internet, the proxy node continues handling query requests made by authenticated users on the LAN, functioning as a fog layer. It is also possible to generate new data and, with the help of a reliable oracle, write it to a local database. In these disconnection periods, the architecture explores the blockchain node's behavior and an oracle's functionality to record newly generated data. This approach makes it possible to guarantee the authenticity of the queried data. It is also possible to aggregate enough information about the new generated data to guarantee its integrity. Moreover, this information ensures the traceability and auditability of this data. An architecture prototype was implemented and used for execution tests. The test results show that the proposed architecture can maintain the information system working properly during a network outage. Therefore, the architecture increases the system resilience, being its application suitable for a smart city scenario, where data availability is desired.",Regular Papers,Published,https://seer.ufrgs.br/index.php/rita/workflow/access/150232,10.22456/2175-2745.150232,2025-09-15 20:11:07,2025-09-15 20:11:07
150620,Combining Complex Networks and Multi-level Local Binary Patterns for Texture Analysis,"This study presents a novel approach to texture analysis that combines Complex Network Texture Descriptors (CNTD) with the Local Binary Pattern (LBP) technique. By generating ""pattern images"" through the application of LBP to the original texture image, the method introduces new sources of information that are further explored via CNTD method. We employed Particle Swarm Optimization (PSO) to investigate various combinations of these LBP patterns and descriptors and compared our results across three benchmark datasets. The proposed approach achieved accuracy rates of 99.54%, 99.88%, and 97.86% on the Vistex, Brodatz, and USPTex databases, respectively. These results highlight the effectiveness of the hybrid strategy in producing a highly discriminative feature vector for robust texture classification.",WVC2025,Published,https://seer.ufrgs.br/index.php/rita/workflow/access/150620,10.22456/2175-2745.150620,2025-10-01 13:24:31,2025-10-01 13:24:31
150621,PSO-based Client Selection to Improve Medical Image Classification in Federated Learning,"Federated Learning (FL) offers an effective approach to enable collaborative model training across decentralized medical institutions while preserving patient privacy. However, FL faces challenges related to data heterogeneity and inefficient client participation issues. In this study, we introduce a novel client selection strategy based on Particle Swarm Optimization (PSO) to improve medical image classification in federated settings. Our method dynamically selects informative clients by evaluating their contributions to the global model, which reduces communication overhead and supports faster convergence. We performed experiments using three publicly available medical imaging datasets, Biglycan, ALL-IDB, and LC25000, focusing on binary classification tasks. The results show that the PSO-based approach improves performance over random client selection across all evaluated scenarios, with gains in accuracy, recall, precision, and F1-Score, even when selecting fewer clients. These findings indicate that incorporating PSO into FL frameworks helps address challenges related to data heterogeneity and communication efficiency while maintaining classification performance and privacy preservation.",WVC2025,Published,https://seer.ufrgs.br/index.php/rita/workflow/access/150621,10.22456/2175-2745.150621,2025-10-01 13:32:06,2025-10-01 13:32:06
150622,Ensemble of Handcrafted and Learned Features using a Lightweight CNN for Colorectal Cancer Classification,"Colorectal cancer (CRC) is one of the highest incident cancers in the world. The late-stage diagnosis plays a pivotal role in the mortality rate, making CRC the second leading cause of cancer-related deaths. Its diagnosis is based on the analysis of histological images acquired from a biopsy, a time-consuming and prone to errors task. Over the years, many deep learning and computer vision approaches have been proposed to automatize such a task, reducing the need for human specialists. To contribute to this area of research, we proposed an ensemble that combines a Lightweight CNN and handcrafted color texture features commonly used in literature. We investigated how different texture methods impact the performance of the ensemble in an important multi-class problem composed of eight types of tissues. Our ensemble obtained 99.63% accuracy, surpassing state of the art methods and deeper CNNs, and 99.63% F1 score, showing a good balance between precision and recall.",WVC2025,Published,https://seer.ufrgs.br/index.php/rita/workflow/access/150622,10.22456/2175-2745.150622,2025-10-01 13:37:57,2025-10-01 13:37:57
150636,Federated Learning on Non-IID Environmental Images for Enhanced Wildfire Surveillance,"Wildfires pose serious threats to ecosystems and human safety, requiring accurate monitoring systems. This study proposes a Federated Learning (FL) approach with Convolutional Neural Networks (CNNs) for wildfire detection using two heterogeneous image datasets, keeping the data locally on each client. The federated setup simulates non-Independent and identically distributed (IID) conditions, where each client trains locally and updates are aggregated its weights to a remote server. To ensure effective performance, hyperparameter optimization for each architecture was conducted using the Tree of Parzen Estimators (TPE), allowing efficient exploration of the best training configurations. Results demonstrate that FL can handle data heterogeneity while preserving privacy, with deeper CNN architectures achieving superior performance. The findings highlight the feasibility of FL for wildfire surveillance and the ability of optimized CNNs to generalize effectively across diverse environmental conditions, supporting collaborative model training without sharing raw data.",WVC2025,Published,https://seer.ufrgs.br/index.php/rita/workflow/access/150636,10.22456/2175-2745.150636,2025-10-01 20:42:31,2025-10-01 20:42:31
150723,Graph-Based Nearest Centroid for Image Classification,"Image classification is a fundamental task for pattern recognition and computer vision. Many different classifiers have been proposed to overcome the limitations of supervised learning in practical problems. Despite all the efforts, due to the curse of the dimensionality, classifying high-dimensional data still pose a challenge to reasearchers and practitioners from several fields of science. In this paper, we propose a graph-based nearest centroid classifier (Graph-NCC), method for supervised classification that builds a discrete approximation to the data manifold and employs shortest paths to approximate the geodesic distances between sample points. An analysis of the complexity reveals that Graph-NCC is log-linear in the number of samples and linear in the number of edges, showing that the method is quite efficient in comparison to modern supervised classification techniques. We performed computational experiments with real image datasets to demonstrate the effectiveness of Graph-NCC. The obtained results show that the proposed Graph-NCC algorithm is capable of improving the balanced accuracy in comparison to the regular nearest neighbor classifier (NCC). In some cases, the proposed method also overperforms classical machine learning methods, as support vector machines (SVM), k-nearest neighbors classifier (k-NN) and XGBoost.",WVC2025,Published,https://seer.ufrgs.br/index.php/rita/workflow/access/150723,10.22456/2175-2745.150723,2025-10-06 18:00:38,2025-10-06 18:00:38
150751,Efficient Pothole Segmentation Using Quantization and Pruning for ADAS,"Real-time semantic segmentation is critical for Advanced Driver-Assistance Systems (ADAS), but deploying deep learning models on resource-constrained hardware remains a challenge. This work presents an efficient pipeline for pothole segmentation using the lightweight PP-LiteSeg model, evaluating and comparing two key optimization techniques: post-training quantization and network pruning. Results demonstrate that 8-bit integer (INT8) quantization is highly effective, achieving a 3.54x speedup in GPU compute time with only a minimal, well-controlled loss in segmentation accuracy. While network pruning also reduces model size and latency, it comes at a more pronounced cost to performance. In conclusion, while quantization offers a superior trade-off between speed and accuracy, network pruning remains a valuable strategy for applications where memory compression is the primary objective.",WVC2025,Published,https://seer.ufrgs.br/index.php/rita/workflow/access/150751,10.22456/2175-2745.150751,2025-10-07 17:05:10,2025-10-07 17:05:10
150755,Cross-Validation Deep Learning for Breast Cancer Detection Using DMR-IR Infrared Images,"Breast cancer detection is a global health priority. While traditional methods have limitations, infrared thermography offers a promising, non-invasive alternative by detecting subtle thermal changes that can indicate tumors. This paper assessed five pre-trained Convolutional Neural Networks (CNNs) for breast cancer detection using DMR-IR thermal images, employing a 5-fold cross-validation. Among the tested models, ResNet50 achieved the best overall performance, with the highest average accuracy (92.79%), precision (95.00%), specificity (98.67%), sensitivity (72.00%), and F1-score (79.43%). The model was trained using raw thermal images from three anatomical views (frontal, lateral 90°, and lateral 45°), totaling five images per patient, an approach still uncommon in the literature. These results highlight ResNet50's strong potential for reliable and clinically applicable breast cancer detection using thermography.",WVC2025,Published,https://seer.ufrgs.br/index.php/rita/workflow/access/150755,10.22456/2175-2745.150755,2025-10-07 18:05:55,2025-10-07 18:05:55
150810,Classifying Synthetic Facial Images: : A Quantitative and Qualitative Approach with AI,"Through artificial intelligence (AI) techniques, synthetic content is generated, which is an increasingly critical issue for digital security. This paper aims to classify real and synthetic facial images using a state-of-the-art AI model to analyze, both quantitatively and qualitatively, its performance and the most discriminating features across the various data transformations used for this purpose in current literature. In this scenario, the study utilized three public benchmark datasets: two for generating fake images (Stable Diffusion and StyleGAN2) and one for real images (FFHQ), employing the Xception architecture with the Grad-CAM++ viewer. Overall, the results indicate that the central region of the image is the most discriminative one, whereas random cropping produced the worst performance. Future work aims to explore other explainable Artificial Intelligence (XAI) methods, as well as other training and validation protocols, such as cross-testing between synthetic databases.",WVC2025,Published,https://seer.ufrgs.br/index.php/rita/workflow/access/150810,10.22456/2175-2745.150810,2025-10-14 18:50:21,2025-10-14 18:50:21
150824,Impact of Wavelet Pre-processing on Deep Learning Architectures for Renal Cancer Diagnosis,"Renal cancer is a lethal neoplasm where early detection is critical yet challenging. To define an optimal diagnostic pipeline, this study conducts a comparative analysis on a public tomography dataset (CT KIDNEY DATASET), evaluating the impact of a wavelet filter. Six deep learning architectures were tested, spanning classic (VGG16), modern (ResNet50), efficient (MobileNetV2), and attention-based (Vision Transformer - ViT) paradigms. Our results reveal a complex, architecture-dependent impact: wavelet pre-processing enables a ResNet50 to achieve a test accuracy of 100.00%. However, we demonstrate that a more efficient architecture, MobileNetV2, reaches the same state-of-the-art performance without this pre-processing step. These findings highlight that the optimal diagnostic pipeline is a balance between architectural efficiency and pre-processing complexity, positioning MobileNetV2 as the most pragmatic and effective solution.",WVC2025,Published,https://seer.ufrgs.br/index.php/rita/workflow/access/150824,10.22456/2175-2745.150824,2025-10-10 11:36:08,2025-10-10 11:36:08
150833,Automated Analysis of Packaging Seal Failures Using Computer Vision Techniques,"This work presents a computer vision–based method for the automated detection of sealing failures in carton packaging. In the juice industry, manual inspection of package flaps is destructive, time-consuming, and prone to human error, while defective sealing can lead to product leakage and economic losses. To address these challenges, we propose a two-stage approach: first, images of package flaps are preprocessed to accurately detect and align the flaps and detect the adhesive region; second, the adhesive region is segmented and classified into four categories: Aluminum, Background, Cardboard, and Cardboard-Aluminum using convolutional neural networks applied to image patches. Regions where aluminum appears in the same position on both flaps are identified as sealing failures. Experimental evaluation demonstrates that the method reliably detects defects, reducing reliance on manual inspection and providing an effective solution for automated quality control in industrial production.",WVC2025,Published,https://seer.ufrgs.br/index.php/rita/workflow/access/150833,10.22456/2175-2745.150833,2025-10-10 17:37:28,2025-10-10 17:37:28
150894,SARS-CoV-2 Detection in Genosensor Images via Deep Learning and Data Augmentation,"This work addresses the challenge of classifying genosensor images obtained by scanning electron microscopy (SEM) for SARS-CoV-2 diagnosis. Due to the specialized nature of the data, image datasets are inherently small, which limits the effectiveness of deep learning models. To overcome this limitation, we investigated the impact of seven data augmentation strategies - Flipping, Shift, Random Erasing, AugMix, AutoAugment, RandAugment and TrivialAugment - on the performance of four Convolutional Neural Networks (CNNs): ResNet50, ResNet101, DenseNet121, and ConvNeXt-Tiny. Our analyses demonstrated that data augmentation is crucial for the success of the task, achieving a remarkable accuracy of 97.85%, surpassing both traditional feature extraction methods and previously tested deep learning approaches. Furthermore, our findings indicate that the choice of augmentation technique is critical, with aggressive methods proving detrimental for highly specialized microscopy data.",WVC2025,Published,https://seer.ufrgs.br/index.php/rita/workflow/access/150894,10.22456/2175-2745.150894,2025-10-13 22:21:25,2025-10-13 22:21:25
150896,Assessing Deep Hybrid Representations for Colorectal Polyp Classification in Histopathology Images,"This study investigates the use of Convolutional Neural Networks (CNNs) and Vision Transformers (ViT) backbones for feature extraction from histopathological images, and further evaluates the effectiveness of combining features from different depths of both architectures. The backbones were employed to extract features from colorectal polyp images in the MHIST dataset. Features obtained from each model individually, across different deep layers, were also combined and subjected to a dimensionality reduction process. Subsequently, both the individual and combined feature sets, with and without dimensionality reduction, were evaluated using linear classification models. The combined features achieved an accuracy of 85.55%, surpassing all results obtained from individual models and other approaches. These findings show that features from the first and middle layers, and feature fusion enhances robustness by leveraging the complementary strengths of each architecture.",WVC2025,Published,https://seer.ufrgs.br/index.php/rita/workflow/access/150896,10.22456/2175-2745.150896,2025-10-13 22:48:36,2025-10-13 22:48:36
150897,Enhanced Engine Vibration by Computer Vision Methods for Predictive Maintenance,"Predictive maintenance focuses on the continuous monitoring of the system, with the goal of identifying potential degradations in advance, and commonly uses vibration sensors. However, this method can become costly when dealing with very large networks. As an alternative, studies have emerged that use high-speed cameras to capture video footage of motion and analyze vibration through computer vision processing and motion magnification algorithms. In this context, this work proposes a vibration analysis system based on video, following three main approaches: spectrogram analysis, vibration magnification, and classification of the equipment's operational condition using PCA and Random Forest. For algorithm validation, numerical data was collected using a vibration sensor, and video recordings were made using a GoPRO camera. Experiments were conducted in stages, and the results showed that the algorithm was able to distinguish between the motor’s operating condition classes and classified these states with an accuracy of at least 86%.",WVC2025,Published,https://seer.ufrgs.br/index.php/rita/workflow/access/150897,10.22456/2175-2745.150897,2025-10-13 23:02:19,2025-10-13 23:02:19
150900,Generalization in Deepfake Detection: : A Comparative Analysis of Frequency-Domain and CNN Approaches,"This study investigates deepfake detection, a rapidly evolving class of synthetic media with major financial and ethical implications. We evaluate the generalization of two detection approaches: Convolutional Neural Network (CNN)-based models, represented by EfficientNetAutoAttB4, and frequency-domain models, exemplified by FreqNet. While EfficientNetAutoAttB4 achieves strong performance on in-domain data, it tends to overfit, whereas FreqNet captures spectral artifacts that improve robustness to unseen manipulations. Cross-database evaluation on the GANGen-Detection dataset shows that FreqNet consistently outperforms EfficientNet across Accuracy, AUC-ROC, and F1-score. These results highlight the importance of frequency-domain representations for building more generalizable deepfake detectors and expose the limitations of purely spatial CNNs when facing out-of-distribution data. Code and example images to reproduce the experiments are available in the associated repository https://github.com/NathFarinha/deepfake-detection-generalization-efficientnet-freqnet.git.",WVC2025,Published,https://seer.ufrgs.br/index.php/rita/workflow/access/150900,10.22456/2175-2745.150900,2025-10-14 08:14:45,2025-10-14 08:14:45
150902,Automated Segmentation of the Spinal Column in MRI Volumes Using Deep Learning,"Accurate segmentation of spinal structures in magnetic resonance imaging (MRI) is an important step for supporting the diagnosis of several diseases and related conditions. In this work, we present a systematic evaluation of three deep learning architectures, U-Net, Feature Pyramid Network (FPN), and SegFormer, combined with ResNet-50 and EfficientNet-B2 encoders for the semantic segmentation of the cervical spine (C1–C7) in MRI volumes from the VerSe 2020 dataset. The proposed pipeline includes dataset preparation, model training using Dice loss, Adam optimizer, and early stop strategy, and evaluation with standard metrics such as Intersection over Union (IoU), F1-Score, and accuracy. Results show that FPN with ResNet-50 achieved the best overall performance, reaching an IoU of 0.6696 and an F1-score of 0.8021, while EfficientNet-B2 provided more consistent results across different architectures. Data augmentation showed limited impact, with gains restricted to a few specific configurations. Qualitative analysis through 3D surface reconstruction further highlighted the limitations of 2D slice-based segmentation, particularly at the extremities of the vertebrae, suggesting the need for volumetric approaches. The contributions of this work include the development of a reproducible pipeline for spinal segmentation, a comparative evaluation of convolutional and Transformer-based models. Qualitative analysis suggests potential benefits in exploring 3D approaches in future work.",WVC2025,Published,https://seer.ufrgs.br/index.php/rita/workflow/access/150902,10.22456/2175-2745.150902,2025-10-14 10:58:37,2025-10-14 10:58:37
150903,KLT Revisited: Spatio-Temporal Affine Regression for Feature Tracking,"Feature association is an essential step for vision-based localization methods. These methods rely on feature matching to estimate relative motion between consecutive frames using projective geometry. Regardless of the advances in feature association, most existing methods still rely on pairwise feature matching approaches and ignore the rich temporal context in image sequences. In this paper, we revisit the well-known Kanade-Lucas-Tomasi (KLT) feature tracker algorithm and propose a differentiable tracker model. The Proposed method is a fully convolutional neural network that learns spatio-temporal features to track keypoints across videos. Experimental results show that the proposed method outperforms the KLT method, especially in challenging environments.",WVC2025,Published,https://seer.ufrgs.br/index.php/rita/workflow/access/150903,10.22456/2175-2745.150903,2025-10-14 09:31:59,2025-10-14 09:31:59
150904,Two-Stage Fine-Tuning of Object Detectors for Industrial Environments,"Automated quality control in industrial production has the potential to reduce errors and provide real-time information. However, the inspection of secondary packaging, such as counting boxes in crates, still represents a challenge, since manual methods are slow and error-prone, while automatic methods are limited by the scarcity of domain-specific datasets and the high cost of annotation. This paper proposes an efficient and low-cost two-stage object detection workflow for automatic box counting. The central novelty lies in the integration of the Segment Anything Model (SAM) to accelerate the creation of a high-quality dataset from production line videos, making model specialization economically feasible. Initially, a generalist model is trained on heterogeneous datasets to capture general visual features. Then, the model is fine-tuned with the domain-specific dataset of approximately 750 images. Experiments with YOLOv11x and Faster R-CNN achieved mAP@0.5 above 98%, with YOLOv11x showing higher accuracy and faster inference. These results demonstrate the efficiency of the proposed approach, establishing it as a replicable and low-cost solution for monitoring secondary packaging in industrial environments.",WVC2025,Published,https://seer.ufrgs.br/index.php/rita/workflow/access/150904,10.22456/2175-2745.150904,2025-10-14 19:04:47,2025-10-14 19:04:47
150907,Comparison of Low-Cost 3D Reconstruction Techniques for Change Detection in Indoor Environments,"This work evaluates low-cost 3D capture techniques for change detection in indoor environments. We compared a traditional Structure-from-Motion method (COLMAP) with a deep learning approach (CUT3R), using RGB images captured in two sessions of the same laboratory, one with visual changes and one without. The pipeline included 3D reconstruction, point cloud post-processing, alignment, and point-to-point (Cloud-to-Cloud) change detection. Results show that CUT3R produces visually richer reconstructions with significantly lower processing time but suffers from scale inconsistencies and object duplication, compromising precise change detection. COLMAP, although slower, maintains spatial coherence and provides more reliable identification of alterations. These findings indicate that traditional methods are still preferable for rigorous change detection, while deep learning approaches are advantageous for scenarios requiring fast or visually detailed reconstructions.",WVC2025,Published,https://seer.ufrgs.br/index.php/rita/workflow/access/150907,10.22456/2175-2745.150907,2025-10-14 11:13:21,2025-10-14 11:13:21
150908,Deep Learning-Based Brain Tumor Classification in MRI with External Validation Across Multiple Datasets,"The automatic classification of brain tumors in magnetic resonance imaging (MRI) remains a challenging task due to the variability of tumor morphology and the heterogeneity of available datasets. This work presents a comparative evaluation of three deep learning models (ResNet-50, DenseNet-121, and ViT-B16) using the recently curated BRISC 2025 dataset and the BCD-MRI dataset. A systematic evaluation protocol was adopted, including internal validation, external evaluation restricted to test splits, and external evaluation over the entire external datasets. Four levels of data augmentation, ranging from none to strong, were applied to assess their impact on generalization. Internal evaluations achieved high and stable results across all models, while external test set evaluations showed only minor drops. More pronounced differences emerged when models were tested on entire external datasets: knowledge transferred from BCD-MRI generalized better to BRISC than the reverse. Data augmentation reduced part of the performance loss, particularly in external evaluations, yielding significant gains in robustness. Overall, DenseNet-121 proved to be the most reliable architecture, ResNet-50 showed resilience when combined with augmentation, and ViT-B16 achieved strong results in restricted cases but was less stable in whole-dataset external evaluations. The main contribution of this study is to demonstrate that progressive data augmentation enhances the external dataset generalization, highlighting the importance of evaluating models beyond internal splits or limited external test sets to better approximate real-world deployment conditions.",WVC2025,Published,https://seer.ufrgs.br/index.php/rita/workflow/access/150908,10.22456/2175-2745.150908,2025-10-14 11:18:08,2025-10-14 11:18:08
150916,Semantic Segmentation of Coffee Regions From Satellite Images Using Deep Learning,"Coffee is one of the main agricultural products exported by Brazil, with Minas Gerais standing out as the largest producer and responsible for a significant portion of the country's production. Due to its importance, this work investigates various Convolutional Neural Networks (CNNs) for mapping coffee plantation areas in the municipality of Muzambinho, MG. Using satellite images, we evaluated four semantic segmentation network architectures: FCN, MA-NET, SegNet, and DeepLabV3. Experiments using a dataset with 100 satellite images demonstrated that the FCN and MA-NET networks achieve better performance in identifying crops than SegNet and DeepLabV3. The latter, however, presented generalization challenges in the test set, indicating sensitivity to variations in lighting and shading. The study highlights the potential of artificial intelligence combined with remote sensing to improve agricultural management, and the need for more robust and diversified datasets to optimize the generalization and robustness of the models in real conditions.",WVC2025,Published,https://seer.ufrgs.br/index.php/rita/workflow/access/150916,10.22456/2175-2745.150916,2025-10-14 11:37:27,2025-10-14 11:37:27
150917,HEVA: Integrating ViT and ResNet50 with ABCD Clinical Features for Skin Cancer Diagnosis,"Melanoma is the deadliest skin cancer, causing over 90% of skin tumor deaths. Early detection ensures survival above 95%, but below 15% in late stages. We propose the HEVA architecture, which integrates ensemble deep learning with ABCD descriptors and a SegFormer-B5 model, for accurate lesion masks. HEVA achieved 93.2% accuracy and 84.2% F1-score on HAM-10000, and 87.7% accuracy with 82.01% macro F1 on ISIC 2018 (1,512 images). SegFormer achieved 82.6% mean IoU and 91.2% accuracy in segmentation.",WVC2025,Published,https://seer.ufrgs.br/index.php/rita/workflow/access/150917,10.22456/2175-2745.150917,2025-10-14 12:05:02,2025-10-14 12:05:02
150920,Evaluating Preprocessing and Data Augmentation for Soybean Leaf Pest Classification with Deep Learning,"Soybean is one of the most important crops in the world, and its productivity is often reduced by pests that attack the leaves. Detecting these problems early is important for effective crop management. In this work, we evaluate three deep learning models, ResNet-50, ViT-B16, and ConvNeXt-Tiny, for the classification of soybean leaves as healthy or infested by Caterpillar or Diabrotica speciosa. The experiments were carried out using the public ""Images of Soybean Leaves"" dataset collected in real field conditions. We tested two preprocessing strategies (Resize and Random Resized Crop) and three levels of data augmentation (none, mild, strong). Results show that ConvNeXt-Tiny obtained the most stable performance, with its best results under Random Resized Crop and strong augmentation (accuracy of 0.9594, precision of 0.9555, and F1-score of 0.9576). ResNet-50 also performed well with cropping strategies, while only ViT-B16 benefited from simple Resize preprocessing. Macro and weighted metrics showed that the models kept good performance even with class imbalance. These results confirm the potential of deep learning for automatic pest detection in soybean leaves. Future work includes testing with larger datasets and using more advanced augmentation methods to improve robustness in real field conditions.",WVC2025,Published,https://seer.ufrgs.br/index.php/rita/workflow/access/150920,10.22456/2175-2745.150920,2025-10-14 14:37:02,2025-10-14 14:37:02
150921,Federated Semantic Segmentation of Synthetic UAV Imagery under Non-IID Conditions,"Unmanned Aerial Vehicles (UAVs) rely on semantic segmentation for monitoring, inspection, and disaster response tasks. Traditional centralized training requires the transfer of large data volumes, which is often infeasible because of privacy, bandwidth, and decentralization constraints. Federated Learning (FL) offers a promising alternative; however, non-IID data hinder its effectiveness because UAVs operate in diverse environments with heterogeneous distributions. This study evaluated the adaptation of a semantic segmentation model to a federated setting using synthetic UAV imagery. We investigated four training configurations by varying the communication rounds, local epochs, and learning rates, and analyzed their effects on convergence and class-level accuracy. The results suggest that moderate communication with local training achieves balanced performance, whereas high learning rates or excessive synchronization cause instability and class-specific biases. These findings open avenues for designing robust federated UAV segmentation strategies under non-IID conditions.",WVC2025,Published,https://seer.ufrgs.br/index.php/rita/workflow/access/150921,10.22456/2175-2745.150921,2025-10-14 14:45:04,2025-10-14 14:45:04
150922,Evaluating Deep Segmentation Models for Wildfire Mapping Using Sentinel-2 Satellite Imagery,"Wildfires pose serious threats to ecosystems, human health, and urban infrastructure, making accurate and efficient mapping of burned areas essential for mitigation and recovery. In this context, the use of computer vision techniques has shown highly effective results for rapid and accurate delineation of burned areas. However, these techniques require considerable computational cost, and their performance is sensitive to model selection and hyperparameter adjustments. Therefore, this work evaluates deep learning models for the semantic segmentation of regions affected by wildfires using multispectral images from the CEMS-Wildfire dataset, obtained from the Sentinel-2 satellite. We evaluated the combination of three traditional architectures: U-Net, Feature Pyramid Network (FPN), and SegFormer, combined with different encoders (ResNet-50, EfficientNet B2, and MiT-B0), under different data augmentation strategies (none, mild, strong) and loss functions (Binary cross-entropy, Dice loss, and hybrid BCE + Dice loss). U-Net achieved the best performance with the MiT B0 encoder, trained using Dice loss and moderate augmentation, resulting in an IoU of 0.7790 and an F1-score of 0.8758.",WVC2025,Published,https://seer.ufrgs.br/index.php/rita/workflow/access/150922,10.22456/2175-2745.150922,2025-10-14 14:57:37,2025-10-14 14:57:37
150923,"Deep Learning Models for Brachial Lumen Segmentation: : A Comparative Study of UNet++, MultiResUNet, and TransUNet Architectures in B-Mode Ultrasound Imaging","Cardiovascular diseases remain one of the leading causes of global mortality. Flow-mediated dilation of the brachial artery, assessed by ultrasonography, is a non-invasive method to evaluate endothelial function; however, manual analysis is time-consuming and prone to variability. This study proposes the automatic segmentation of the brachial artery lumen using computer vision techniques based on deep learning. We investigated three segmentation architectures: UNet++, MultiResUNet, and TransUNet, applied to ultrasound images enhanced with contrast adjustment through CLAHE. Model training was conducted using K-fold cross-validation, with performance assessed through established metrics such as Dice, IoU, and Accuracy, while employing the Focal Tversky Loss function, suitable for imbalanced scenarios. Among the evaluated approaches, UNet++ achieved the best results, with Dice of 0.950, IoU of 0.905, and Accuracy of 0.980. These findings demonstrate the potential of deep segmentation models to reduce the subjectivity of clinical analysis and improve diagnostic accuracy in ultrasound-based vascular assessments.",WVC2025,Published,https://seer.ufrgs.br/index.php/rita/workflow/access/150923,10.22456/2175-2745.150923,2025-10-14 15:32:23,2025-10-14 15:32:23
150924,Poultry Detection on Hooks in Meat Processing Plant Production Lines,"This study focuses on automating chicken production monitoring in a meatpacking plant, applying YOLO to detect birds on hooks on production lines. We detect two objects in authentic images: a chicken (birds hanging on the hook) and a hook (the metal support structure). By counting these objects in videos, we can monitor daily production and identify faults on the production line. We annotated 400 images for the experiment and used 320 to train seven YOLO versions, including lightweight variants (nano, tiny, and small) optimized for low-end devices. In testing, YOLOv9-tiny achieved 0.9967 precision but had lower recall than other experimental instances. YOLOv11-nano achieved an F1-score of 0.9924 and a mAP@50 of 0.9947, standing out in detection quality. Despite minor differences, the results were close for the YOLO versions analyzed, demonstrating a considerable ability to predict the analyzed objects.",WVC2025,Published,https://seer.ufrgs.br/index.php/rita/workflow/access/150924,10.22456/2175-2745.150924,2025-10-14 15:47:40,2025-10-14 15:47:40
150926,Livestock Fish Larvae Counting using DETR and YOLO based Deep Networks,"Counting fish larvae is an important yet demanding task in aquaculture. In this work, we evaluate four neural networks, including convolutional and transformer-based architectures, in different sizes, in this counting task. We present a new annotated image dataset with less data collection requirements than preceding works, with images of spotted sorubim and dourado larvae. We also combined the neural networks with a tiling technique, in order to improve the counting performance, and performed a comprehensive experimental evaluation on the methods. We achieve a MAPE of 4.46% (± 4.70) with an extra large real-time detection transformer, and 4.71% (± 4.98) with a medium-sized YOLOv8. The results indicate the feasibility of using deep learning to count spotted sorubim and dourado larvae, which may become an important tool to enhance the efficiency of aquaculture farms that deal with these species.",WVC2025,Published,https://seer.ufrgs.br/index.php/rita/workflow/access/150926,10.22456/2175-2745.150926,2025-10-14 16:09:25,2025-10-14 16:09:25
150929,Radiomics for the Classification of Radiological Patterns in Computed Tomography,"Pulmonary diseases are a major issue today, being one of the leading causes of death worldwide. Because of this, it is essential to develop methods to improve their diagnosis. This study arises from this problem, with the aim of identifying radiomic features in Computed Tomography (CT) and to evaluate the performance of different machine learning algorithms, including KNN, SVM, RF, and MLP. The results obtained show satisfactory values, with specificity standing out. SVM had the best performance with, with a mean specificity of 96.25% and a mean sensitivity of 85.05% both with a small standard deviation.",WVC2025,Published,https://seer.ufrgs.br/index.php/rita/workflow/access/150929,10.22456/2175-2745.150929,2025-10-14 16:41:33,2025-10-14 16:41:33
150930,Exploratory Study on Mastitis Identification in Bovine Udders Using Thermography,"Subclinical mastitis is one of the most prevalent and costly diseases in dairy farming, being laborious to detect by traditional methods. This exploratory study proposes a computational system for the early identification of subclinical mastitis in cattle by integrating infrared thermography (IRT) and machine learning (ML) algorithms. From thermal images of udders from Girolando and Jersey cows, 226 shape, texture, and statistical features were extracted. Various ML classifiers were evaluated, with emphasis on SVM models with polynomial and RBF kernels, which achieved AUC values around 97%, demonstrating a high ability to discriminate between healthy and diseased animals. The Extra Trees model reached 100% sensitivity, demonstrating IRT as a promising screening tool. The results validate IRT combined with ML as a non-invasive, low-cost, and automatable approach for monitoring herd health.",WVC2025,Published,https://seer.ufrgs.br/index.php/rita/workflow/access/150930,10.22456/2175-2745.150930,2025-10-14 17:12:47,2025-10-14 17:12:47
150932,Performance Evaluation of Low-Cost 3D Scanning Techniques,"This study evaluates the performance of three low-cost 3D scanning techniques: structured light sensors (using a Kinect and a CR-Scan Ferret) and photogrammetry, to capture 3D-printed physical models. The research compares the resulting 3D models with the original digital models to assess each technique's accuracy and the effectiveness of low-cost methods. The study’s workflow involved printing four 3D models, scanning them, and comparing the models using similarity metrics like Hausdorff distance, RMSE, and Chamfer distance. The CR-Scan Ferret generally outperformed the other methods, particularly in capturing detail. However, it sometimes produced gaps that required filling. Photogrammetry was a viable alternative, excelling at preserving object shapes without creating gaps. The Kinect, while accessible, consistently delivered the lowest performance, struggling to reproduce object details and forms accurately.",WVC2025,Published,https://seer.ufrgs.br/index.php/rita/workflow/access/150932,10.22456/2175-2745.150932,2025-10-14 20:10:45,2025-10-14 20:10:45
150936,SAR Images Despeckling Using Convolutional Neural Networks with Stochastic Distances,"This work presents a study on speckle noise filtering in SAR images using convolutional neural networks. The objective is to develop an accessible and efficient solution to improve the quality of images degraded by this type of noise, facilitating their analysis and interpretation. The proposed methodology involves the using synthetic SAR-like data, the training of a convolutional neural network, and the evaluation of results using traditional metrics such as PSNR and SSIM. Additionally, stochastic distances were integrated into the loss function of the convolutional neural network, enabling a more detailed analysis of the preservation of the statistical properties of the filtered images. The results indicate that the model effectively reduces speckle noise while preserving the structural details of the image. Furthermore, comparisons with recent studies on the topic showed that the proposed solution achieves competitive performance.",WVC2025,Published,https://seer.ufrgs.br/index.php/rita/workflow/access/150936,10.22456/2175-2745.150936,2025-10-14 18:31:05,2025-10-14 18:31:05
150939,Sign Language Segmentation Models and Their Impact on Automatic Translation Systems,"This work investigates automatic segmentation of Brazilian Sign Language videos for translation systems, addressing challenges of the visual-spatial modality of signed languages. We introduce the JW-Bible-Libras dataset, the largest resource for this task, and evaluate two segmentation approaches: Optical Flow-based models and Spatio-Temporal Graph Convolutional Networks (ST-GCN). Segmentation performance is analyzed both intrinsically and in relation to downstream translation using the gloss-free Sign2GPT architecture. Results show that the nine-layer ST-GCN with bidirectional LSTM achieves the best segmentation results (F1: 0.7358, IoU: 0.5820), while the unidirectional variant yields the strongest translation scores (BLEU1: 9.31, ROUGE: 9.49). Notably, a simple heuristic based on average sentence duration performs competitively, highlighting the gap between segmentation accuracy and translation quality. Our findings demonstrate the importance of segmentation strategies while revealing opportunities for integrating linguistic cues and boundary-aware learning to advance sign language translation.",WVC2025,Published,https://seer.ufrgs.br/index.php/rita/workflow/access/150939,10.22456/2175-2745.150939,2025-10-15 19:29:33,2025-10-15 19:29:33
150940,Comparative Evaluation of YOLO-family Detectors for Pig Detection in Precision Livestock Systems,"Precision Livestock Farming (PLF) delivers technological solutions for modern pork production, where real-time monitoring is vital for animal health and welfare. Object detection models are key in PLF, yet comprehensive baselines for recent architectures on specialized datasets remain limited. This study benchmarks two state-of-the-art models, YOLOv8 and YOLOv12, across five sizes (nano to extra-large) for pig detection using the public PigLife dataset. Ten models were fine-tuned and evaluated with standard COCO metrics. Results show that while accuracy improves with model size, gains diminish with larger models. The YOLOv8m, with 25.9 million parameters, achieved a near-peak mean Average Precision (mAP) of 91.8%. This work establishes a new benchmark on PigLife, surpassing previous results, and highlights the trade-off between YOLOv8’s higher accuracy and YOLOv12’s parameter efficiency.",WVC2025,Published,https://seer.ufrgs.br/index.php/rita/workflow/access/150940,10.22456/2175-2745.150940,2025-10-14 21:30:23,2025-10-14 21:30:23
150941,Improving Image Classification through Active Learning and Pseudo-Labeling in Vision-Language Models,"Visual Language Models (VLMs) combine natural language processing and computer vision to interpret multimodal data, such as images and text, showing great potential in image classification applications. This paper investigates the integration of Active Learning (AL) and pseudo-labeling techniques with VLMs to improve image classification in various domains. To achieve this, five AL strategies (Random Sampling, Uncertainty Sampling, Margin Sampling, Entropy Sampling, and Query-by-Committee) and three pseudo-labeling approaches (Direct, Confidence Threshold, and Feature Similarity) were evaluated iteratively. The results demonstrate that the combination of active learning and pseudo-labeling can achieve promising results, in addition to full class coverage in a few iterations. We conclude that the integration of AL with feature similarity-based pseudo-labeling offers a robust and efficient solution for image classification in limited-data scenarios, promoting high accuracy, class representativeness, and the reduction of propagation errors, with potential for applications in critical domains like healthcare and industry.",WVC2025,Published,https://seer.ufrgs.br/index.php/rita/workflow/access/150941,10.22456/2175-2745.150941,2025-10-15 11:09:48,2025-10-15 11:09:48
150942,Automation of Coffee Biotic Stresses Classification Using Convolutional Neural Networks and Image Preprocessing Techniques,"Coffee is one of the most consumed beverages worldwide, with Brazil leading exports in 2024. However, production is threatened by biotic stresses such as cercospora, phoma, rust, and leaf miner, which reduce grain quality and cause major losses. Disease identification is usually performed manually by specialists, a process that is slow, limited, and error-prone. This study proposes automating classification through Convolutional Neural Networks (CNNs) combined with various image processing techniques. The JMunBEN and JMunBEN2 datasets were used for this task, together with image preprocessing techniques such as cropping, augmentation, Gaussian, Clahe, Graythresh and Wavelet. Three CNN architectures—ResNet50, MobileNetV2, and AlexNet—were tested for multiclass classification, trained for 100 epochs with Adam optimizer and CrossEntropy loss. The article proposed wavelet filter yielded the best results, with ResNet achieving 99.07% accuracy, confirming CNNs with image pre-processing techniques to be efficient tools for rapid, reliable detection of coffee biotic stresses.",WVC2025,Published,https://seer.ufrgs.br/index.php/rita/workflow/access/150942,10.22456/2175-2745.150942,2025-10-15 01:28:28,2025-10-15 01:28:28
150950,Human Gesture Recognition using CNNs for Human-Robot Interaction,"This paper proposes a deep learning approach for human gesture recognition to support real-time teleoperation of mobile robots in outdoor environments. A lightweight ResNet18 architecture is adapted via transfer learning, combining a personalized dataset captured with a RealSense camera and a reorganized subset of HMDB. A modular pipeline was developed and evaluated under nine experimental configurations, considering different optimizers, datasets, and backbone freezing levels. Results demonstrate that models trained with combined data and adaptive fine-tuning strategies achieve high accuracy and strong generalization under varied lighting and background conditions. The best configuration reached 97.9% test accuracy, reinforcing the potential of CNNs for robust gesture-based human–robot interaction.",WVC2025,Published,https://seer.ufrgs.br/index.php/rita/workflow/access/150950,10.22456/2175-2745.150950,2025-10-15 22:43:54,2025-10-15 22:43:54
150955,CoSegXAI: A Pipeline for Context vs. Segmented ROI Images in Lung Disease Classification through Saliency Map Insights,"This research proposed CoSegXAI, an experimental pipeline to investigate the impact of lung segmentation on the explainability and performance of deep neural networks applied to multiclass chest X-ray classification. We employed the COVID-19 Radiography Database and trained ResNet50, DenseNet201, and VGG19 models on both contextual (original) and ROI-based (segmented) images across four diagnostic classes: COVID-19, lung opacity, viral pneumonia, and normal cases. To evaluate model decisions, we generate the saliency maps using Grad-CAM and assess them through visual analysis and quantitative metrics, including Insertion Correlation (IC), Deletion Correlation (DC), and Sparsity. Our findings show that models trained on contextual images achieved superior classification performance. DenseNet201 achieves an accuracy of 92.80% and 88.08% trained on contextual and ROI-based images, respectively. However, explainability analysis reveals that models trained on ROI-based (segmented important regions) images produce more focused attention patterns with better calibration, achieving superior IC, DC, and Sparsity scores. These results suggest that models are more reliable and provide clinicians with greater explainability. The source code is available at https://github.com/graciellafavoreto/CoSegXAI.git.",WVC2025,Published,https://seer.ufrgs.br/index.php/rita/workflow/access/150955,10.22456/2175-2745.150955,2025-10-15 16:08:12,2025-10-15 16:08:12
150960,Multi-Fruit Tracking and 3-D Structure Recovery via CoTracker,"In agricultural robotics and orchard automation, tasks such as fruit detection, tracking, and spatial localization are essential for applications like yield prediction and harvesting. However, these tasks are challenging due to the similar appearance of fruits, occlusions, and the inherent difficulties of field robotics, including uncontrolled lighting conditions and the variability in orchard environments. This work leverages CoTracker, a transformer-based model for point tracking using cross-track/cross-time attention, to simultaneously perform multiple fruit tracking, 3-D fruit localization, and camera pose estimation. The proposed approach demonstrates promising results in fruit counting, tracking, and scene reconstruction, highlighting its potential in agricultural automation.",WVC2025,Published,https://seer.ufrgs.br/index.php/rita/workflow/access/150960,10.22456/2175-2745.150960,2025-10-15 16:04:30,2025-10-15 16:04:30
150968,Magnetic Resonance Imaging Acceleration Using Diffusion Models::  A Comparative Study of MC-DDPM and HFS-SDE,"Magnetic resonance imaging (MRI) reconstruction from undersampled data is central to scan acceleration. This study compares the diffusion models MC-DDPM and HFS-SDE for MRI reconstruction, trained and tested on the same dataset under identical experimental conditions, thereby addressing a common heterogeneity in the literature, where results are reported with different datasets, sampling masks, and input formats, hindering direct comparison. Acceleration factors R = 4, 8, 12, and 16 are evaluated using objective image-quality metrics (PSNR, SSIM, and NMSE). Results show that MC-DDPM consistently outperforms HFS-SDE across all scenarios, with larger gaps at higher accelerations. These findings indicate that standardized protocols make the relative strengths and limitations of the evaluated diffusion-based models clearer.",WVC2025,Published,https://seer.ufrgs.br/index.php/rita/workflow/access/150968,10.22456/2175-2745.150968,2025-10-15 18:28:53,2025-10-15 18:28:53
150973,A  Luminous Pen for Air-Writing: Hybrid Approach with Computer Vision and Vision–Language Models,"Air writing is a form of human–computer interaction that enables users to write in the air through different technological approaches, such as radio waves, wearable sensors, dedicated devices, and computer vision. In this work, we present a hybrid solution that combines the use of a luminous-tip pen with computer vision techniques to support pen detection and the air-writing process. The pen was designed and fabricated with a 3D printer and integrates an ESP32 microcontroller board, which provides Bluetooth connectivity for real-time communication with the computer. In addition to tracking movements for writing, the device can transmit specific commands to the system, such as starting or stopping the writing process and changing colors. This approach bridges the gap between wearable devices and vision-based methods, offering a practical and accessible alternative for air-writing applications. The system integrates vision–language models capable of recognizing both words and images. To determine which models were best suited for our system, we evaluated the performance of several candidates. Five participants contributed to the creation of the dataset. For drawing recognition, each participant produced images in the following classes: Tree, Moon, Cat, Heart, and Pen. For word recognition, the dataset included the following eight words: Purple, Window, Jungle, Pillow, Team, Doctor, Words, and Science. The results showed that the best-performing models achieved 76.00% accuracy with Kosmos-2 for image detection and 97.39% accuracy with Gemini 2.5 Flash for word detection, demonstrating satisfactory outcomes for the system implementation. The proposed system demonstrates the potential of combining electronic devices and advanced machine learning techniques for air-writing, with applications in education and assistive technologies.",WVC2025,Published,https://seer.ufrgs.br/index.php/rita/workflow/access/150973,10.22456/2175-2745.150973,2025-10-15 21:02:14,2025-10-15 21:02:14
150974,Bias Analysis and Data Augmentation Strategies in Skin Lesion Classification,"Early detection of skin cancer is vital for effective treatment and improving patient recovery. In recent years, a growing number of computer vision studies have been developed to aid in diagnosis, drawing significant attention from researchers. However, challenges still persist, such as data imbalance and the lack of comprehensive datasets. Additionally, limited research has focused on how variations in skin tone across different populations affect the performance of models in skin lesion classification. This study seeks to create a more effective approach to address data biases in lesion classification across diverse skin tones. We initially explored several data augmentation techniques, employing traditional feature extractors for image analysis. For classification, models such as k-Nearest Neighbor, Random Forest, and Support Vector Machine were used. This study focused on two well-known and publicly available skin lesion datasets: HAM10000 and PAD-UFES-20, both of which have significant class imbalances. Further experiments were conducted to assess potential biases, with the Individual Typology Angle (ITA) metric applied to evaluate the skin tone distribution within the datasets.",WVC2025,Published,https://seer.ufrgs.br/index.php/rita/workflow/access/150974,10.22456/2175-2745.150974,2025-10-15 22:19:49,2025-10-15 22:19:49
150976,A Deep Transfer Learning Strategy for Identifying Photovoltaic Panels Mounted on Building Rooftops from Orthophotos,"This work presents an analysis of orthophotos, which were used to train a predictive model based on a Convolutional Neural Network with the objective of identifying the presence of photovoltaic panels on building rooftops. To this end, the dataset named as Kortviseren, from Denmark, was used, which contains images of rooftops with and without photovoltaic panels. From this dataset, a convolutional neural network ResNet18 was employed, whose synaptic weights were adjusted through transfer learning. During the validation process, it was possible to observe a f1-score of approximately 98,7%. The results demonstrated the feasibility of the proposed approach for identifying photovoltaic panels mounted on building rooftops and, consequently, supporting power distribution utilities with the inspection of these consumer units that have the capacity to produce electricity.",WVC2025,Published,https://seer.ufrgs.br/index.php/rita/workflow/access/150976,10.22456/2175-2745.150976,2025-10-15 23:24:04,2025-10-15 23:24:04
150978,On the use of Image-Based Feature Extraction for Non-Intrusive Load Monitoring: : A Comparative Analysis of Techniques and Window Sizes,"The techniques of Non-Intrusive Load Monitoring (NILM) aim to label or disaggregate loads into time series of electrical energy consumption, mainly in the context of residential consumers, considering the optimization of electricity usage in demand response programs. In this sense, many researches have been developed with different methodologies of consumption time series transformation into images, which consider different window sizes. Thus, this work compares and analyzes different transformation techniques for window sizes ranging from 1 to 10 minutes, verifying how the Convolutional Neural Network models behave for different loads from the UK-DALE (The United Kingdom - Domestic Appliance-Level Electricity dataset). Through the proposed methodology, it was possible to obtain f1-scores higher than 90% for three of the five considered loads, demonstrating the robustness of the time-series transformation into images.",WVC2025,Published,https://seer.ufrgs.br/index.php/rita/workflow/access/150978,10.22456/2175-2745.150978,2025-10-15 23:57:54,2025-10-15 23:57:54
150979,Grad-CAM Sensitivity to Orientation Transformations in Breast Cancer Histopathological Images,"Breast cancer is the second most prevalent among women, and early diagnosis is essential to reduce mortality. Machine learning models are being used to improve diagnostic accuracy, especially through biopsies. However, the growing complexity of neural networks has raised concerns about result interpretability, driving the adoption of explainability methods such as the Grad-CAM, which generates saliency maps in CNN models. This paper investigates the sensitivity of Grad-CAM to changes in orientation and position in breast histopathological images. CNN's ResNet50, VGG16, and Xception were evaluated, trained with the BreakHis dataset, which comprises images at different magnifications. Test samples were modified by rotations and flips to assess the robustness of both the models and the explanations. Xception achieved the best results in terms of accuracy (94.47%) and F1-score (95.85%) with 100X images, although the explanatory maps varied according to the applied transformation.",WVC2025,Published,https://seer.ufrgs.br/index.php/rita/workflow/access/150979,10.22456/2175-2745.150979,2025-10-15 23:59:25,2025-10-15 23:59:25
150980,Two-Dimensional Image Processing for Fault Diagnosis in Centrifugal Pumps: An Approach Based on Feature Engineering and Convolutional Neural Networks,"Intelligent fault diagnosis in industrial assets is a fundamental theme for the establishment of Industry 4.0. In this sense, this paper proposes an approach based on two stages, namely: (i) feature engineering –- transforming centrifugal pump current measurements into images to extract discriminative visual patterns that enhance the identification of cavitation events; and (ii) fault detection – training, validating and testing a Convolutional Neural Network to classify the pump’s operating condition as either normal or cavitating. In the first stage, the Gramian Angular Summation Field (GASF) and Relative Angle Matrix (RAM) techniques were employed to convert the time-series current signals into images. The results obtained by the predictive model when classifying the two types of images demonstrated accuracies above 96%, showing the robustness and potential of the proposed approach for implementation in an industrial environment.",WVC2025,Declined,https://seer.ufrgs.br/index.php/rita/workflow/access/150980,10.22456/2175-2745.150980,2025-10-15 23:52:26,2025-10-15 23:52:26
150996,Evaluating Monocular Depth Estimation on Embedded Platforms for Autonomous Navigation,"Deep learning-based monocular depth estimation has achieved significant advancements on urban benchmarks, but its embedded application remains limited by efficiency constraints. Vision Transformers (ViTs) and Foundation Models (FMs) show promising zero-shot generalization capabilities, yet their adaptation to resource-constrained hardware requires careful study. In this work, we investigate the development of the DepthAnything model on an NVIDIA Jetson Orin, analyzing the trade-off between accuracy and inference speed for different backbones (ViT-S, ViT-B, and ViT-L). We report quantitative metrics including AbsRel, δ1, RMSE, and FPS on the KITTI dataset, along with qualitative results. Our experiments show that the ViT-S backbone offers the best balance of accuracy and real-time performance (44 FPS), whereas ViT-B suffers from degradation and ViT-L exhibits significant instability due to optimization artifacts. These findings highlight the viability of compact backbones for embedded visual perception and suggest future optimizations, such as quantization-aware training and pruning, in larger architectures.",WVC2025,Published,https://seer.ufrgs.br/index.php/rita/workflow/access/150996,10.22456/2175-2745.150996,2025-10-16 16:39:30,2025-10-16 16:39:30
15126,Um Arcabouço para Desenvolvimento de Algoritmos da Análise Formal de Conceitos,"Este trabalho apresenta um arcabouço para o desenvolvimento de algoritmos da análise formal de conceitos (AFC). Seu principal componente é um gerador de contextos formais sintéticos cujos parâmetros podem ser ajustados de forma a permitir testar os algoritmos em situações de interesse. Presentes também no arcabouço estão alguns algoritmos básicos  da AFC e alguns contextos formais obtidos a partir de bases de dados reais, desde um relativamente pequeno a um muito grande, este último normalmente impraticável em sua forma original. Para exemplificar a avaliação do desempenho de algoritmos via o arcabouço, seus algoritmos básicos são avaliados por meio de dados sintéticos e reais. Originalmente desenvolvido para servir como instrumento de auxílio ao aprendizado dos principais algoritmos da AFC, nada impede que o mesmo possa ser usado para avaliação de novos algoritmos. Para isto é de especial importância o fato de que os parâmetros na geração de dados são ajustáveis de forma a cobrir situações de interesse.",Regular Papers,Published,https://seer.ufrgs.br/index.php/rita/workflow/access/15126,10.22456/2175-2745.15126,2010-08-01 14:23:30,2011-05-11 21:48:56
151469,Tracking Ethological Behaviors of Broiler Chickens Through Computer Vision (YoloV11) Using an Android Mobile Device,"This study developed and evaluated a computer vision model for automated ethological behavior classification of broiler chickens in climate-controlled poultry houses. Using publicly available videos preprocessed and manually annotated into three classes (""sitting,"" ""standing,"" and ""feeding""), the YOLOv11 model was trained and deployed on an Android application via TFLite conversion. Exploratory analysis ensured dataset consistency and visual quality, while evaluation showed class-dependent performance: higher robustness for static postures (""sitting,"" AP=0.531; precision=100%) and lower accuracy for dynamic behaviors (""feeding,"" AP=0.292; recall=0.20). Tests with unseen images demonstrated significant improvements, achieving accuracies of 98.04% for ""sitting,"" 83.33% for ""standing,"" and 67.65% for ""feeding."" The model showed effective generalization in real farm environments, supporting its potential for continuous behavioral monitoring, early welfare assessments, and decision-making in precision poultry farming. These findings establish a technical foundation for future mobile-based applications at commercial scale, reinforcing the role of computer vision in automated animal welfare evaluation.",WVC2025,Published,https://seer.ufrgs.br/index.php/rita/workflow/access/151469,10.22456/2175-2745.151469,2025-11-03 20:28:27,2025-11-03 20:28:27
15581,Detecção de Inclinação em Imagens de Documentos,"A digitalização de documentos contribui para a preservação da informação evitando sua perda devido à degradação física do papel. Atualmente, Sistemas de Reconhecimento Automático de Imagens de Documentos são empregados para converter, automaticamente, a informação contida nas imagens em texto editável, de forma rápida e sem a necessidade da presença de um indivíduo. Assim, tornando essa informação pesquisável através, por exemplo, de palavras-chave.A inclinação em documentos é um problema freqüente nesses sistemas e, em geral, é  imposta durante a digitalização, quando o papel é posicionado com um ângulo diferente de zero grau sobre o eixo do scanner. No caso de documentos manuscritos, a inclinação pode surgir durante a escrita do próprio documento, principalmente quando o escritor não tem uma linha de pauta como guia. A correção da inclinação é essencial para o bom desempenho de sistemas de reconhecimento automático.Este trabalho aborda o problema da detecção de inclinação em documentos impressos e manuscritos, trazendo uma revisão dos principais métodos para detecção de inclinação divulgados na literatura até os dias atuais. As principais técnicas são expostas de forma categorizada e vantagens e limitações de cada método são discutidas.",Tutoriais,Published,https://seer.ufrgs.br/index.php/rita/workflow/access/15581,10.22456/2175-2745.15581,2010-08-16 12:59:49,2011-03-30 01:09:18
16413,"Usando CSP, RSL e o Modelo PopOrg na Especificação Formal de Organizações de SMAs","Este artigo explora o uso de métodos formais tradicionais de engenharia de software para a especificação formal de organizações de sistemas multiagentes. Particularmente são utilizadas as linguagens CSP (Communicating Sequential Processes)) e RSL (Raise Specification Language) para representar o modelo organizacional PopOrg, sendo a primeira utilizada para especificar partes do nível microorganizacional de sistemas PopOrg (comportamentos de papéis organizacionais e processos de troca entre papéis organizacionais) e a segunda, RSL, utilizada para a representação da organização estrutural de sistemas PopOrg. O artigo apresenta alguns testes e resultados obtidos com o uso destes formalismos.",Regular Papers,Published,https://seer.ufrgs.br/index.php/rita/workflow/access/16413,10.22456/2175-2745.16413,2010-09-23 14:14:44,2011-04-03 03:17:08
16572,Aplicação de Agentes BDI com Percepção Fuzzy em um Modelo Presa-Predador Fuzzy,"Este artigo introduz um modelo de percepção fuzzy para agentes BDI, com uma aplicação em uma versão fuzzy para o  problema presa-predador, onde o processo de decidir qual presa um predador deve atacar, com base na comparação de sua força com a da presa, é baseado em seu mecanismo de percepção fuzzy.  Neste ambiente de informação imperfeita, consideram-se três tipos de predadores, um deles sendo o agente BDI com percepção fuzzy. Várias simulações foram realizadas para a análise comparativa dos comportamentos dos diferentes agentes predadores em dois tipos de ambientes: com ou sem competição entre predadores.",Regular Papers,Published,https://seer.ufrgs.br/index.php/rita/workflow/access/16572,10.22456/2175-2745.16572,2010-10-02 12:27:02,2011-03-30 01:11:05
16730,Um Sistema de Apoio à Decisão Baseado em Agentes para Tratamento de Ocorrências no Setor Elétrico,"  Empresas fornecedoras de energia elétrica e mantenedoras das redes de distribuição lidam diariamente com a reparação de falhas na rede elétrica e alocação de veículos especializados para atendimento de ocorrências. Em geral, tais empresas dispõem de recursos humanos limitados para cumprir estas atividades. Este artigo apresenta um Sistema de Apoio à Decisão Inteligente (SADI) que propõe-se a apoiar estas tarefas oferecendo sugestões de como distribuir e alocar veículos para efetuar manutenções na rede elétrica. A inteligência do SADI é implementada com a tecnologia de agentes, uma abstração ideal considerando o caráter distribuído do problema em questão.",Regular Papers,Published,https://seer.ufrgs.br/index.php/rita/workflow/access/16730,10.22456/2175-2745.16730,2010-10-15 10:03:19,2011-03-30 01:10:52
16996,"Identifying people who are talking about the same topic in social networks, even having a different cultural background","Social media are assumed here as a blending of technology and social interaction for the co-creation of value, as in social networks. We discuss that in such environments, it is possible to find people with common interests that potentially can promote discussions, teaching and learning from each other. However, the approaches to recommend people to interact with in the social network still do not consider the users’ cultural background. This paper describes an approach to identify people who are talking about the same topic in social networks, even having a different cultural background, in order to introduce to each other and leverage interaction to exchange experience, knowledge, etc. Some tests’ results applying the proposal are presented. The approach was adopted in three different topics of discussion and the resultssuggest that the generated cultural understanding improves the chances of identifying people with similar interests.",Regular Papers,Published,https://seer.ufrgs.br/index.php/rita/workflow/access/16996,10.22456/2175-2745.16996,2010-10-29 19:14:09,2011-03-30 01:10:53
17679,Planejamento de um Serious Games Voltado para Saúde Bucal em Bebês," Serious games são jogos computacionais que tem como principal característica ensinar aspectos específicos de disciplinas ou treinar habilidades operacionais e comportamentais. Esses jogos unem a diversão dos videogames convencionais com: elementos de tomada de decisão, sistemas de avaliação e planejamento pedagógico a fim de criar um ambiente de aprendizado envolvente. Essas características ampliam as possibilidades de atuação desses jogos e, por isso, chamam a atenção de outras áreas do conhecimento. Nesse sentido, merecem destaque os projetos em parceria com os profissionais da saúde que tem contribuído de forma significativa no treinamento, educação e informação de profissionais e pacientes. É neste contexto da multidisciplinaridade nos serious games que este artigo apresenta a metodologia utilizada, com base na avaliação da Abordagem de Comunicação, no planejamento de um jogo voltado para mães, com intuito de ensinar e informar sobre conceitos relacionados à saúde bucal de bebês. O termo Abordagem de Comunicação refere-se a uma série de informações importantes na construção do jogo, dentre elas: conceituação artística, tipo de narrativa, roteiro, enredo, ambiente, interatividade, gênero do jogo, enredo e jogabilidade.",Regular Papers,Published,https://seer.ufrgs.br/index.php/rita/workflow/access/17679,10.22456/2175-2745.17679,2010-12-09 15:43:41,2011-05-11 21:48:56
18244,Comparative Analyses of Power Consumption in Arithmetic Algorithms Implementation,"Historically, energy management in computer science has been treated as an activity predominantly of hardware optimization. A great part of the effort on the area, even nowadays, is concerned in components activation, deactivation or resources scheduling to provide, as a final result, the reduction of total power consumption. This work is focused on the power consumption subject under the developer point of view, using a reliable power measurement framework, to validate the literature programming premises about programming options, as, for example, multiplication operations are high consuming in power energy. Besides some elementary operations and authors suggestions about alternatives for power consumption reduction on the programming stage, it was also compared two well used and known algorithms for big numbers multiplication, Karatsuba and Toom-Cook. The results lead to conclusions that would help the developer, in programming stage, to choose, in some cases, the best technique for reduction of power consumption, speed up the software developed, or take some decisions to limit the final software to be under some maximum power.",Regular Papers,Published,https://seer.ufrgs.br/index.php/rita/workflow/access/18244,10.22456/2175-2745.18244,2011-01-20 14:40:02,2011-08-05 11:44:56
19730,Detecção e Correção Automática de Estilos de Aprendizagem em Sistemas Adaptativos para Educação,"Um dos aspectos mais importantes em sistemas adaptativos para educaçãoé a capacidade de prover personalização de acordo com as necessidades específicasde cada estudante. Neste contexto, este trabalho apresenta uma abordagem promissorapara detecção e correção automática de estilos de aprendizagem (EA) baseadaem cadeias de Markov. A maioria dos trabalhos nesta área apresentam abordagenscomplexas e ineficientes em algum aspecto. Além disto, a abordagem apresentadaneste trabalho tem como vantagem tornar possível aos estudantes o desenvolvimentode novas capacidades cognitivas, sendo baseada na combinação de estilos de aprendizagem(CEA) e na correção dinâmica de possíveis inconsistências no modelo do estudante(ME), levando em consideração o forte aspecto não-determinístico do processode ensino-aprendizagem. Resultados promissores foram obtidos nos testes realizadoscom esta abordagem e são discutidos neste trabalho.",Regular Papers,Published,https://seer.ufrgs.br/index.php/rita/workflow/access/19730,10.22456/2175-2745.19730,2011-04-13 17:38:47,2011-08-05 11:44:56
20020,Sistema Pervasivo de Informação em Saúde Projetado para ser Programado pelo Usuário Clínico,"A Computação Pervasiva está inserida no desenvolvimento de ambientes programáveis e interativos, na busca para ajudar o usuário em suas atividades diárias. Considerando que o sistema de saúde do futuro prevê o uso da Computação Pervasiva para otimizar e automatizar atividades clínicas, esse artigo apresenta a arquitetura ClinicSpace, demonstrando através de uma situação-problema a estrutura da arquitetura para o auxilio às tarefas clínicas (aplicações pervasivas que auxiliam o médico a realizar suas atividades), procurando cumprir os requisitos da computação orientada a atividades. Assim, o ClinicSpace pode ser visto como um sistema ciente do contexto orientado às tarefas clinicas.",Regular Papers,Published,https://seer.ufrgs.br/index.php/rita/workflow/access/20020,10.22456/2175-2745.20020,2011-04-26 11:38:41,2013-01-17 08:47:01
20688,Protocolo de Leilões Simultâneos com Escalonamento: Aplicação ao Problema de Planejamento de Movimentações de Derivados de Petróleo,"Em cadeias de suprimento da indústria de petróleo, atender a demanda e manter um nível de estoque adequado para várias classes de derivados de petróleo é uma questão crucial. Basicamente, este tipo de cadeia é composta por vários elementos, como bases produtoras, bases consumidoras e terminais intermediários, os quais estão conectados por meio de uma malha de transportes multimodais para prover a movimentação de produtos entre as bases. Estes elementos devem cooperar para alcançar uma solução factível com um baixo tempo de processamento. Para atingir tal objetivo, este artigo apresenta um protocolo de leilões multiagentes para negociações simultâneas com um elemento escalonador. Este protocolo foi aplicado à cadeia supracitada, comportando-se eficientemente ao retornar uma solução factível em um baixo tempo de processamento.",Melhores artigos WESAAC 2011,Published,https://seer.ufrgs.br/index.php/rita/workflow/access/20688,10.22456/2175-2745.20688,2011-06-05 19:53:41,2012-06-15 10:00:07
20816,Utilização do Caminhamento Aleatório na Identificação de Características de Documentos na Língua Portuguesa,"Devido ao grande volume de textos armazenados, a área de mineração de textos vem sendo foco de inúmeras pesquisas que visam a classificação automática de documentos. O presente trabalho tem como objetivo avaliar o método do caminhamento aleatório na definição dos pesos dos termos de textos da língua portuguesa. Esta técnica utiliza a co-ocorrência dos termos como medida de dependência entre as características das palavras. Um grafo não direcionado é utilizado, sendo que a pontuação de cada vértice é calculada em função da probabilidade de ser encontrado. Os resultados obtidos com o caminhamento aleatório foram comparados com os apresentados por técnicas tradicionais, e demonstraram que o método de caminhamento aleatório se mostrou bastante eficaz no processo de classificação de documentos.",Regular Papers,Published,https://seer.ufrgs.br/index.php/rita/workflow/access/20816,10.22456/2175-2745.20816,2011-06-14 15:17:11,2012-06-14 13:32:45
21062,Uma Arquitetura Aberta e Orientada a Serviços para Softwares Assistentes Pessoais," Vários esforços vêm sendo feitos na direção de softwares assistentes pessoais (SAP) com o objetivo de ajudar as pessoas em suas atividades diárias, em casa ou no trabalho. A despeito da intrínseca complexidade que SAPs podem ter, a maior parte dos trabalhos se preocupa em desenvolver soluções apenas para tarefas bastante específicas, sem preocupações de integração e interoperação com outros sistemas (incluindo outros SAPs), além de não se conectarem com os sistemas empresariais e respectivos processos de negócios. Visando atender a esses requisitos, este trabalho apresenta uma arquitetura de referência aberta para SAPs, permitindo que instâncias interoperáveis possam ser derivadas, personalizadas, implementadas e implantadas consoantes às características das pessoas e processos das organizações. Uma instância foi gerada e seus resultados analisados.",Melhores artigos WESAAC 2011,Published,https://seer.ufrgs.br/index.php/rita/workflow/access/21062,10.22456/2175-2745.21062,2011-06-28 14:35:00,2012-06-14 13:32:45
21506,LTI Agent Rescue: A Partial Global Approach for Task Allocation in the RoboCup Rescue," Coordination is one of the key issues in cooperative multiagent systems and it also plays an essential role in disaster management. Task allocation is an important phase of the coordination problem, since the decomposition of the objective into tasks is the most natural way to organize work among agents. In this paper, we propose a hybrid task allocation approach that considers the existence of both local and global information in order to coordinate the agents in the RoboCup Rescue. Moreover, we present a comparative analysis between the results obtained by the agents that use the proposed approach and ones obtained by the sample agents provided within the RoboCup Rescue simulator, that follow a decentralized and greedy approach.",Melhores artigos WESAAC 2011,Published,https://seer.ufrgs.br/index.php/rita/workflow/access/21506,10.22456/2175-2745.21506,2011-07-15 17:21:46,2012-06-14 13:32:45
21979,Estudo do Padrão Avançado de Criptografia AES – Advanced Encryption Standard,"Este trabalho retrata a implementação do algoritmo criptográfico Advanced Encryption Standard (AES). A escolha do Algoritmo AES se deve ao fato de ser o atual padrão avançado de encriptação sendo selecionado após um longo concurso em que os vários algoritmos foram criptoanalisados por toda a comunidade de criptologia. Além de sua eficiência, o AES também foi projetado para permitir a expansão da chave quando necessário, ser implementado tanto a nível de software quanto a nível de hardware e é disponibilizado livremente, o que permite o seu uso em aplicações diversas sem a necessidade de pagamento de royalties.",Regular Papers,Published,https://seer.ufrgs.br/index.php/rita/workflow/access/21979,10.22456/2175-2745.21979,2011-07-27 19:54:14,2013-01-17 08:47:01
23471,Combinando Workflows e Semântica para Facilitar o Reuso de Software,"Este artigo apresenta um ambiente para o desenvolvimento de software baseado no reuso de componentes, que combina tecnologias de gerenciamento de workflows, semântica e componentes de software. O ambiente desenvolvido pode ser utilizado por desenvolvedores de software, projetistas de workflows e usuários finais. Um estudo de caso real é apresentado para demonstrar a utilização do ambiente.",Regular Papers,Published,https://seer.ufrgs.br/index.php/rita/workflow/access/23471,10.22456/2175-2745.23471,2011-10-03 12:50:55,2013-05-13 12:31:40
25070,Common Dissimilarity Measures are Inappropriate for Time Series Clustering,"Clustering algorithms have been actively used to identify similar timeseries, providing a better understanding of data. However, common clustering dis-similarity measures disregard time series correlations, yielding poor results. In thispaper, we introduce a dissimilarity measure based on series partial autocorrelations.Experiments compare hierarchical clustering algorithms using the common dissimi-larity measures, such as Euclidean Distance and Dynamic Time Warping, to clustertime series following Box-Jenkins Auto-Regressive models. Results show that ourdissimilarity measure produces better results for both synthetic and real data sets interms of the Adjusted Rand Index and Normalized Hubert Γ statistic. Our findingsconfirm that the choice of dissimilarity measure is crucial for improving time seriesclustering quality.",Regular Papers,Published,https://seer.ufrgs.br/index.php/rita/workflow/access/25070,10.22456/2175-2745.25070,2011-12-29 11:46:39,2013-01-17 08:47:01
25202,From UML to SIMULINK CAAM: Formal Specification and Transformation Analysis,"UML and Simulink are attractive languages for embedded systems design and modeling. An automatic mapping from UML models to Simulink would be an interesting resource in a seamless design flow, allowing designers to use UML asmodeling language for the whole system and at same time to use facilities for code generation based on Simulink. In a previous work, the UML to Simulink translation was prototyped using a Java implementation. In this paper, we present the formal definition of this translation using graph grammars, as well as its automation, which is supported by the AGG system. With the formalization of the metamodels and translation rules, we can guarantee the correctness of the translation. We also illustrate theeffectiveness of our methodology by means of a case study.",Melhores artigos WEIT 2011,Published,https://seer.ufrgs.br/index.php/rita/workflow/access/25202,10.22456/2175-2745.25202,2012-01-05 14:38:50,2013-01-17 08:47:01
25210,A Graph Grammar to Transform a Dataflow Graph into a Multithread Graph and its Application in Task Scheduling,"The scheduling of tasks in a parallel program is an NP-complete problem, where scheduling tasks over multiple processing units requires an effective strategy to maximize the exploitation of the parallel hardware. Several studies focus on the scheduling of parallel programs described into DAGs (Directed Acyclic Graphs). However, this representation does not describe a multithreaded program suitably. This paper shows the structure and semantics of a DCG, an abstraction which describes a multithreaded program, and proposes standards to map structures found in DAGs into segments of a DCG. A graph grammar has been developed to perform the proposed transformation and case studies using DAGs found in the literature validate the transformation process. Besides the automatic translation and precise definition of the mapping, the use of a formal language also allowed the verification of the existence and uniqueness of the out coming model. ",Melhores artigos WEIT 2011,Published,https://seer.ufrgs.br/index.php/rita/workflow/access/25210,10.22456/2175-2745.25210,2012-01-05 21:30:13,2013-01-18 14:42:15
25515,Métodos Computacionais e Estatísticos no Estudo das Ondas de Frequência dos Sinais Eletroencefalográficos e o Envelhecimento: uma Abordagem Através da Análise Linear do Discriminante,"O Sistema Nervoso Central (SNC) e os sinais neurológicos portam informações que representam alterações ao longo da vida. Este trabalho busca estabelecer alguma correlação entre a atividade cerebral em função da idade, a partir do registro de sinais eletroencefalográficos (EEG), em sujeitos não portadores de disfunções neurológicas, durante a prática de uma determinada tarefa. Participaram voluntariamente deste estudo 59 sujeitos saudáveis, divididos em 07 grupos, com faixa etária entre 20 a 86 anos e de ambos os sexos. Sinais EEG foram coletados em três protocolos experimentais distintos durante a execução da Espiral de Arquimedes. Os eletrodos foram posicionados conforme padrão internacional 10/20, utilizando-se os canais C3 e C4 da região central. Foram realizadas análises estatísticas para identificar diferenças de cada grupo. Os dados foram processados no software MATLAB. Dentre os resultados obtidos, foram observadas diferenças significativas, através do valor LDA. A ferramenta executou de forma satisfatória a separação de características discriminantes, classificando cada grupo de indivíduos que apresentam alta correlação em função da idade. Pode-se concluir pela análise das características utilizadas, que existe a separabilidade entre os grupos conforme faixa etária, contribuindo significativamente para registrar as alterações ocorridas durante o processo de envelhecimento.",Regular Papers,Published,https://seer.ufrgs.br/index.php/rita/workflow/access/25515,10.22456/2175-2745.25515,2012-01-24 21:27:33,2013-05-13 12:31:40
25646,Seleção Automática de Casos de Teste de Regressão Baseada em Similaridade e Valores,"Técnicas de re-teste seletivo tem como objetivo auxiliar a seleção de casos de teste de regressão com base nas modificações realizadas. Este trabalho apresenta uma nova técnica: Weighted Similarity Approach for Regression Testing (WSA-RT). Esta técnica utiliza uma abordagem de teste baseado em modelos e valores, para selecionar os casos de teste mais importantes dentre os que interagem com as modificações realizadas no software. Os estudos de caso realizados com a técnica indicam que WSA-RT é capaz de reduzir significativamente (de 70% a 80%) o tamanho do conjunto de casos de teste, podendo assim contribuir para a redução dos custos do teste de regressão sem afetar a capacidade de detecção de defeitos.",Regular Papers,Published,https://seer.ufrgs.br/index.php/rita/workflow/access/25646,10.22456/2175-2745.25646,2012-01-30 18:07:32,2013-05-13 12:31:40
25720,Generating Integration Test Orders for Aspect Oriented Software with Multi-objective Algorithms,"The problem known as CAITO refers to the determination of an order to integrate and test classes and aspects that minimizes stubbing costs. Such problem is NP-hard and to solve it efficiently, search based algorithms have been used, mainly evolutionary ones. However, the problem is very complex since it involves different factors that may influence the stubbing process, such as complexity measures, contractual issues and so on. These factors are usually in conflict and different possible solutions for the problem exist. To deal properly with this problem, this work explores the use of multi-objective optimization algorithms. The paper presents results from the application of two evolutionary algorithms - NSGA-II and SPEA2 - to the CAITO problem in four real systems, implemented in AspectJ. Both multi-objective algorithms are evaluated and compared with the traditional Tarjan's algorithm and with a mono-objective genetic algorithm. Moreover, it is shown how the tester can use the found solutions, according to the test goals.",Melhores Artigos LAWASP-2011,Published,https://seer.ufrgs.br/index.php/rita/workflow/access/25720,10.22456/2175-2745.25720,2012-02-02 11:00:14,2013-05-13 12:31:40
25803,"Compilação Just-In-Time: Histórico, Arquitetura, Princípios e Sistemas","Diversas implementações de linguagens de alto nível focam no desenvolvimento de sistemas baseados em mecanismos de compilação just-in-time. Esse mecanismo possui o atrativo de melhorar o desempenho de tais linguagens, mantendo a portabilidade. Contudo, ao preço da inclusão do tempo de compilação ao tempo total de execução. Diante disso, as pesquisas na área têm voltado balancear o custo de compilação com eficiência de execução. Os primeiros sistemas de compilação just-in-time empregavam estratégias estáticas para selecionar e otimizar as regiões de código propícias para gerar bom desempenho. Sistemas mais sofisticados aprimoraram tais estratégias com o objetivo de aplicar otimizações de forma mais criteriosa. Nesse sentido, este tutorial apresenta os princípios que fundamentam a compilação just-in-time e sua evolução ao longo dos anos, bem como a abordagem utilizada por diversos sistemas para garantir o balanceamento de custo e eficiência. Embora seja difícil definir a melhor abordagem, trabalhos recentes mostram que estratégias rígidas para detecção e otimização de código, juntamente com recursos de paralelismo oferecidos pelas arquiteturas multi-core formarão a base dos futuros sistemas de compilação just-in-time.",Tutoriais,Published,https://seer.ufrgs.br/index.php/rita/workflow/access/25803,10.22456/2175-2745.25803,2012-02-06 20:48:59,2013-05-13 12:31:40
25876,Aplicação de Modelos Intencionais e Sistemas Multiagentes para Estabelecer Políticas de Monitoração de Transparência de Software,O artigo apresenta uma proposta de monitoração de características de transparência de software a partir de sistemas multiagentes. É um primeiro esforço para o entendimento de políticas e modelos intencionais aplicados a agentes autônomos monitores.,Regular Papers,Published,https://seer.ufrgs.br/index.php/rita/workflow/access/25876,10.22456/2175-2745.25876,2012-02-09 21:05:39,2013-05-13 12:31:40
25948,Um Sistema para Inspeções de Garantia da Qualidade Baseado em Ontologias e Agentes,"A implementação de práticas de garantia da qualidade possui uma relação custo/benefício difícil de balancear. Isso ocorre  porque o custo de execução das práticas é direto, enquanto que, o benefício obtido com estas é indireto. No intuito demelhorar essa relação, este trabalho apresenta um sistema de suporte para as inspeções de garantia da qualidade capaz de automatizar a definição de escopo e o endereçamento de não conformidades, além de gerenciar cadastros e calcular indicadores. O sistema é formado por uma ontologia, a qual mapeia a semântica envolvida nas inspeções de garantia da qualidade; e por agentes de software, os quais implementamas regras necessárias para automação das atividades mencionadas. Os experimentos realizados em uma Fábrica de Software mostraram melhora na produtividade nas inspeções, maximizando a cobertura, sem impactar no esforço demandado.",Regular Papers,Published,https://seer.ufrgs.br/index.php/rita/workflow/access/25948,10.22456/2175-2745.25948,2012-02-14 14:31:54,2014-06-26 15:14:51
25965,Avaliação de Desempenho da Política EBS para Escalonamento em Aplicações com Restrições de Máximo Tempo Médio de Resposta,"Este trabalho apresenta uma avaliação de desempenho do algoritmo EBS como política de escalonamento em aplicações cientes de QoS sob requisitos temporais tipo soft real-time.  O estudo analisa parâmetros que descrevem a carga de trabalho e avalia seu impacto na capacidade de atender à especificação de limites superiores de tempo médio de resposta.  O algoritmo EBS implementa uma política de escalonamento de prioridade dinâmica para aplicações de tempo-real flexível, a qual tem sido investigada em arquiteturas de escalonamento realimentado e escalomaneto dinâmico on-line.  São apresentados experimentos e resultados que analisam a influência dos fatores considerados na métrica de SLA.",Regular Papers,Published,https://seer.ufrgs.br/index.php/rita/workflow/access/25965,10.22456/2175-2745.25965,2012-02-15 08:14:17,2014-05-12 10:23:27
26055,Uma introdução ao tema Recuperação de Informações Textuais,"O tema Recuperação de Informação sempre foi um tema muito explorado na academia e no mercado. A forma com que os eventosacadêmicos são conduzidos demonstra uma maturidade muito grande da área, inclusive com uma ligação muito forte com o mercado. Inúmeros livros sobre este tema já foram publicados. No entanto, são poucos os livros publicados em português. Este tutorial tenta preencher esta lacuna apresentando uma introdução sobre o tema Recuperação de Informação, abordando: as principais definições e conceitos da área; os principais modelos que regem o desenvolvimento dos Sistemas de Recuperação de Informação, e; os métodos usualmente empregados na avaliação de Sistemas de Recuperação de Informação. ",Tutoriais,Published,https://seer.ufrgs.br/index.php/rita/workflow/access/26055,10.22456/2175-2745.26055,2012-02-21 18:00:10,2013-05-13 22:04:05
26211,Intrusion Detection in Unstructured Contexts Using On-line Clustering and Novelty Detection,"The characterization of processes behavior is usually considered whenperforming intrusion detection. Several works characterize specific aspects of systemsand attempt to detect novelties in that context, associating observed anomalies to at-tack events. Such approach is limited or even useless when the observed context isunstructured, i.e. when the monitor generates text-based log files or a variable numberof application attributes. In order to overcome such drawback, this paper considersthe use of single-pass clustering techniques to quantize unstructured data and generatetime series, using algorithms with low computational complexity, applicable in a real-world scenario. Afterward, novelty detection techniques are employed on such seriesto distinguish behavior anomalies, which are associated with intrusions. We evaluatedthe approach using a system characterization dataset and confirmed that it aggregatescontext information to represent the behavior of applications as time series, wherenovelty detection can be successfully performed.",Regular Papers,Published,https://seer.ufrgs.br/index.php/rita/workflow/access/26211,10.22456/2175-2745.26211,2012-03-03 18:33:19,2013-05-13 12:37:13
26274,PColorAnt3-RT: Um Algoritmo ACO Paralelo para Coloração de Grafos,"Em trabalhos anteriores foram apresentadas investigações de três diferentes algoritmos baseados em Ant Colony Optimization (ACO) aplicados ao problema de coloração de grafos com k cores. Os resultados obtidos demonstraram que ColorAnt_3-RT é o melhor dentreos três algoritmos ColorAnt-RT, sendocapaz de obter boas e até mesmo ótimas soluções para os melhores valores de k descritos na literatura, além de minimizar a quantidade de conflitos.Porém, em aplicações onde o tempo de execução é um fator crucial, algoritmos ACO não tem sido utilizados. Este artigo propõe e demonstra o uso de uma abordagem paralela para uma arquitetura de {\it hardware} com memória compartilhada com o objetivo de reduzir o tempo de execução de ColorAnt_3-RT, originando o algoritmo paralelo PColorAnt_3-RT que é capaz de encontrar boas e ótimas soluções em tempo de execução aceitável.",Regular Papers,Published,https://seer.ufrgs.br/index.php/rita/workflow/access/26274,10.22456/2175-2745.26274,2012-03-07 13:48:00,2013-01-17 08:47:01
26296,Decision making for a delivery robot through a fuzzy system,"One of the main objectives of robotic researches has been the use of autonomous agents to make ”mundane” tasks. A typical task common in literature is fetching a document from an initial point local and deliver to a speciﬁed destination. In this work, a fuzzy system has been developed to manage a number of requests that a robot has to deliver, which are requested in real time. This system uses a set of fuzzy rules to deﬁne the priority of each request based on conditions such as the time limit to take the document from its source or the score acquired from a successful delivery. A modiﬁcation of A* algorithm to plan paths and the potential ﬁeld technique to manage navigation are used to guide the robot in the environment. Three different sets of fuzzy rules have been tested in order to compare their results with the known algorithm, ﬁrst-in ﬁrst-out, to attend the requests. The Player/Stage simulator has been used to make the tests. The results show that such approach is effective, obtaining better results on criteria which have been considered of greater importance for each set of rules.",Regular Papers,Published,https://seer.ufrgs.br/index.php/rita/workflow/access/26296,10.22456/2175-2745.26296,2012-03-08 16:03:38,2013-05-13 12:31:40
26421,"Serviços em Redes Futuras: Objetivos, Tecnologias e Comparação de Iniciativas","O setor de serviços, também chamado em economia como, terceiro setor, é o novo motor da economia mundial. Estima-se que mais de 50% do produto interno bruto dos países seja derivado desse setor. A evolução tecnológica do final dos anos 90 levou o conceito de serviços para a web, através dos chamados Web Services. Com o uso cada vez maior da Internet nos mais diversos ramos, houve a necessidade de se ampliar o conceito de serviço na rede para um nível superior, não apenas técnico ou restrito a tecnologia de informação, mas sim trazer para a rede, também, os serviços do mundo real ou serviços do dia-a-dia. A Internet de Serviços visa o desenvolvimento de novas arquiteturas para o mercado atual e futuro de serviços na Internet. Assim, este artigo discute o papel dos serviços nas redes futuras, apresentado as tecnologias chaves para esse fim, bem como comparando algumas iniciativas que tem se destacado neste cenário.",Tutoriais,Published,https://seer.ufrgs.br/index.php/rita/workflow/access/26421,10.22456/2175-2745.26421,2012-03-14 10:58:37,2013-05-14 09:11:47
26629,Um Sistema de Realização Superficial para Geração de Textos em Português,"Sistemas de geração de língua natural (GLN) - que produzem texto a partir de dados não-linguísticos - possuem uma ampla gama de aplicações em visualização textual de conteúdos complexos e/ou em grandes volumes. Este trabalho enfoca a implementação de um módulo de realização textual baseado em regras para o português brasileiro, chamado PortNLG, que trata da tarefa de linearização sentencial para aplicações computacionais que necessitem apresentar dados de saída em formato textual. PortNLG é apresentado na forma de uma biblioteca JAVA, e seus resultados são superiores aos de modelos de n-gramas na tarefa de geração de manchetes de jornal.",Regular Papers,Published,https://seer.ufrgs.br/index.php/rita/workflow/access/26629,10.22456/2175-2745.26629,2012-03-22 12:36:50,2014-06-26 15:14:51
26905,Deterministic and efficient minimal perfect hashing schemes,"Neste trabalho apresentamos versões determinísticas para os esquemasde hashing de Botelho, Kohayakawa e Ziviani (2005) e por Botelho, Pagh e Ziviani(2007). Também respondemos a um problema deixado em aberto no primeiro dostrabalhos, relacionado à prova da corretude e à análise de complexidade do esquemapor eles proposto. As versões determinísticas desenvolvidas foram implementadase testadas sobre conjuntos de dados com até 25.000.000 de chaves, e os resultadosverificados se mostraram equivalentes aos dos algoritmos aleatorizados originais.",Regular Papers,Published,https://seer.ufrgs.br/index.php/rita/workflow/access/26905,10.22456/2175-2745.26905,2012-04-02 13:23:23,2013-05-13 12:31:40
27556,Uma Abordagem para Jogos Bayesianos Fuzzy com base na  Probabilidade Fuzzy de Buckley,"Este artigo apresenta uma abordagem  para jogos Bayesianos Fuzzy, com base na noção de probabilidades fuzzy  para estimar tipos desconhecidos de jogadores envolvidos em situações estratégicas. Para tal, considera-se a noção de probabilidade fuzzy introduzida por Buckley e Eslami, que utilizam números fuzzy para representar probabilidades incertas e imprecisas, sem, contudo  empregar a teoria da probabilidade fuzzy, mas considerando uma restrição aritmética ao intervalo $[0;1]$.  O artigo formaliza essa noção de probabilidade fuzzy, definindo jogos Baysianos fuzzy para 2 jogadores com $n$ tipos possíveis. Discute-se também, através de exemplos, a dependência da solução  do modelo da relação de ordem adotada no espaço de números fuzzy. Propõe-se a utilização de relação de ordem de Asmus-Dimuro para determinação da solução de equilíbrio de Nash.",Melhores artigos WEIT 2011,Published,https://seer.ufrgs.br/index.php/rita/workflow/access/27556,10.22456/2175-2745.27556,2012-04-21 20:54:35,2013-01-17 08:47:01
28371,Uma Avaliação do Esquema de Gerenciamento de Chave Baseado em Identidade Identity Key Management,"A segurança é um dos principais desafios nas Redes Ad Hoc Móveis (MANETs - Mobile Ad Hoc Networks). As características naturais das MANETs tornam essas redes altamente vulneráveis a muitos ataques, da camada física até a camada de aplicação. Exitem diversos algoritmos e protocolos para tratar essas ameaças. Todos esses algoritmos têm um elemento comum, o uso da criptografia. Entre os sistemas criptográficos encontrados na literatura, os baseados em identidade parecem melhor se adaptar ao paradigma das MANETs. Suas principais vantagens são o baixo custo computacional e a sobrecarga reduzida. Estre trabalho apresenta uma avaliação do principal esquema criptográfico baseado em identidade para as MANETs, o Identity Key Management (IKM). A avaliação foi realizada considerando a renovação e revogação de chaves e a presença de ataques de falsa acusação. Os resultados mostram que o IKM é vulnerável a este ataque e o particionamento da rede pode levá-la a um estado instável.",Regular Papers,Published,https://seer.ufrgs.br/index.php/rita/workflow/access/28371,10.22456/2175-2745.28371,2012-05-09 09:13:21,2013-01-17 08:47:01
29997,Simulação do Espalhamento da Influenza na Cidade de Cascavel-PR Utilizando Agentes Computacionais,"Este trabalho apresenta e discute resultados decorrentes de um experimento computacional em que o espalhamento da Influenza foi modelado a partir da concepção de modelos compartimentais tipo SIRS, empregando a abordagem de agentes baseados em modelos. Simulou-se o processo de espalhamento da gripe em uma região específica da cidade de Cascavel-PR, abrangendo parte de três bairros. Neste ambiente, interagiram 4.653 agentes distribuídos em 6 tipos distintos, os agentes bebês, crianças, adolescentes, jovens, adultos e idosos. Cada tipo de agente apresenta comportamentos específicos quanto ao deslocamento no ambiente, para fins de estudo, trabalho, lazer ou a estada residencial. A transmissão da doença ocorre quando da interação entre indivíduos suscetíveis e infectados. Análises foram realizadas a partir de resultados obtidos e já foram iniciados trabalhos visando mapear e caracterizar melhor o município bem como validar o modelo através de dados fornecidos pela Secretaria Municipal de Saúde.",Melhores artigos WESAAC 2012,Published,https://seer.ufrgs.br/index.php/rita/workflow/access/29997,10.22456/2175-2745.29997,2012-06-20 16:39:47,2013-01-07 13:30:54
30242,Independent learners in abstract traffic scenarios,"Traffic is a phenomena that emerges from individual, uncoordinatedand, most of the times, selfish route choice made by drivers. In general, this leads topoor global and individual performance, regarding travel times and road network loadbalance. This work presents a reinforcement learning based approach for route choicewhich relies solely on drivers experience to guide their decisions. There is no coordinatedlearning mechanism, thus driver agents are independent learners. Our approachis tested on two abstract traffic scenarios and it is compared to other route choice methods.Experimental results show that drivers learn routes in complex scenarios with noprior knowledge. Plus, the approach outperforms the compared route choice methodsregarding drivers’ travel time. Also, satisfactory performance is achieved regardingroad network load balance. The simplicity, realistic assumptions and performance ofthe proposed approach suggests that it is a feasible candidate for implementation innavigation systems for guiding drivers decision regarding route choice.",Melhores artigos WESAAC 2012,Published,https://seer.ufrgs.br/index.php/rita/workflow/access/30242,10.22456/2175-2745.30242,2012-06-29 18:42:09,2013-01-07 13:30:54
30317,Aplicando Conceitos de Sistemas Multiagentes na Elaboração de um Jogo de Estratégia Simulado,"O uso do paradigma de agentes está cada vez maior no campo de desenvolvimento de jogos. As características dos agentes como autonomia, proatividade e interação social, podem auxiliar no desenvolvimento de jogos mais realistas e detalhados. Este trabalho tem como objetivo integrar diversas ferramentas e conceitos da área de IA para o desenvolvimento de um jogo de estratégia. Além de agentes, foram utilizados os conceitos de organização, ambiente, reputação, sistemas especialistas e ontologias.",Melhores artigos WESAAC 2012,Published,https://seer.ufrgs.br/index.php/rita/workflow/access/30317,10.22456/2175-2745.30317,2012-06-30 21:55:12,2013-01-07 13:30:54
30492,Extending the RoboCup Rescue to Support Stigmergy: Experiments and Results,"Social insects have inspired researches in computer sciences as well asengineers to develop models for coordination and cooperation in multiagent systems.One example of these models is the model of stigmergy. In this model agents useindirect communication (comunication trough the environment) in order to coordinateactions. The RoboCup Rescue simulator is used as a testbed to evaluate this modelin a real world considering a highly constrained scenario of an earthquake. This pa-per investigates the feasibility of using stigmergy in the RoboCup Rescue and theimprovements of performance can be obtained. We extended the RoboCup Rescueenvironment to enable the use of stigmergy by the agents. We compared the results ofa multiagent system that uses stigmergy against two other approaches: a multiagentsystem that uses a greedy strategy and no communication, and a multiagent systemwhere agents communicate via direct messages. Experimental results shown that theuse of stigmergy leads to an improvement on agents’ performance by 9.02% to 38.6%if comparing to the system with no communication and can be statistically equivalentto the system which uses messages, depending on the scenario.",Melhores artigos WESAAC 2012,Published,https://seer.ufrgs.br/index.php/rita/workflow/access/30492,10.22456/2175-2745.30492,2012-07-06 21:59:16,2013-01-09 13:39:07
31690,On the Influence of  Latent Semantic Analysis Parameterization for  Bug Localization,"The bug localization problem has benefited from modern information retrieval techniques, such as Latent Semantic Analysis. There are many factors that influence the quality of results of this approach, such as, stop-words, term-documentmatrix transformations, dimensionality reduction and filtering criteria of the corpus. In this paper, we study the effect of different combinations for these factors on the impact of the accuracy of the query results in the proposed technique for bug localization. Bugs of three real-world software systems were analyzed with different combinations of input parameters for the LSA technique. Our results suggest that the term-document matrix transformations and filtering criteria of the corpus have major influence in the quality of the result and that the combination of adequate individual parameter values does not necessarily produce the best combination. Furthermore, some general guidance for parameterization of the LSA technique for bug localization could also besuggested from the observed results.",Regular Papers,Published,https://seer.ufrgs.br/index.php/rita/workflow/access/31690,10.22456/2175-2745.31690,2012-08-20 16:41:13,2014-06-26 15:14:51
33065,Modelagem de Tráfego VoIP Utilizando Misturas Gaussianas Ajustadas por Algoritmo de Maximização de Esperança e Comprimento de Descrição Mínimo,"O aumento do número de aplicações que geram tráfego VoIP (Voice over IP) requer que modelos adequados para este tipo de tráfego sejam empregados para um melhor dimensionamento dos recursos da rede. Neste artigo, propomos a aplicação de Misturas Gaussianas ajustadas por um algoritmo EM (Expectation−Maximization) com seleção de número de classes utilizando o princípio do Comprimento de Descrição Mínimo (MDL-M inimum Description Length) para descrever o tráfego VoIP. Dados reais de VoIP foram coletados e séries sintéticas foram geradas de acordo com esses dados. O algoritmo proposto é comparado com o algoritmo EM e com algoritmo baseado em MDL em termos do desempenho em modelar as séries de tráfego VoIP consideradas.",Regular Papers,Published,https://seer.ufrgs.br/index.php/rita/workflow/access/33065,10.22456/2175-2745.33065,2012-09-21 18:23:12,2014-06-26 15:14:51
36371,Aplicação de Modelos de Aprendizado Semissupervisionado na Classificação de Imagens de Sensoriamento Remoto,"Nas mais diversas aplicações, a escassez de informação para o devido treinamento e utilização de métodos de Aprendizado de Máquina supervisionado é um problema persistente. Este fato motivou o desenvolvimento do paradigma de aprendizado semissupervisionado, que pode ser entendido como uma combinação de conceitos dos paradigmas supervisionado e não supervisionado. A maneira como o aprendizado é conduzido permite organizar os métodos semissupervisonados em diferentes modelos. Este trabalho apresenta um estudo comparativo entre diferentes modelos de aprendizado semissupervisionado. É também proposta uma versão semissupervisonada do método SVM, o qual alcançou melhor desempenho nas comparações realizadas.",Regular Papers,Published,https://seer.ufrgs.br/index.php/rita/workflow/access/36371,10.22456/2175-2745.36371,2012-12-16 18:08:47,2013-05-13 12:31:40
36756,"Prolog: A Linguagem, A Máquina Abstrata de Warren e Implementações","A principal motivação para o uso de programação em lógica e permitir que os programadores descrevam o que eles querem separadamente de como alcancar este objetivo. Neste contexto Prolog é a linguagem de programacao em lógica mais popular, tendo a máquina abstrata de Warren como o seu modelo de execução padrão. A escolha desta máquina como modelo de execução ocorreu devido ao fato desta oferecer várias vantagens, tais como fácil compilação, portabilidade e código compacto. Este tutorial tem por objetivo descrever as características principais da linguagem Prolog, do seu modelo de execução e apresentar os principais sistemas Prolog.",Tutoriais,Published,https://seer.ufrgs.br/index.php/rita/workflow/access/36756,10.22456/2175-2745.36756,2013-01-10 18:02:11,2013-05-13 12:31:40
36801,Seleção de Transformações Baseada em Estatística,"Entre diversas transformações providas por um compilador é um desafio, até mesmo para o mais experiente programador, saber quais gerarão o melhor código alvo para determinado código fonte. Neste contexto, o desenvolvimento de um seletor automatizado de boas transformações é um desafio nos dias atuais.Tendo em vista a problemática da seleção automática de transformações, o objetivo deste artigo é descrever uma abordagem estatística para selecionar boas transformações para um determinado código fonte.O uso da abordagem estatística apresentada neste trabalho, apesar de simples, é capaz de obter bons resultados. Em um conjunto com 10 programas, o speedup médio alcançado, em relação à abordagem mais agressiva da LLVM foi de 1,0514 indicando um ganho de 5,14. No piorcaso a abordagem proposta obteve um speedup igual a 1 e no melhor caso de 1,19, indicandoum ganho de 0% e 19%, respectivamente.",Regular Papers,Published,https://seer.ufrgs.br/index.php/rita/workflow/access/36801,10.22456/2175-2745.36801,2013-01-15 15:44:29,2014-06-26 15:14:51
36851,Teste de Linha de Produto de Software Baseado em Mutação de Variabilidades,"O OVM (Orthogonal Variability Model) tem sido adotado para definir e documentar as variabilidades de uma linha de produto de software (LPS), e para derivar produtos para teste.  Dado o enorme espaço de variabilidades da maioria das aplicações, critérios de teste baseados em combinações de variabilidades, ou no teste de caminhos básicos, são geralmente utilizados para selecionar um subconjunto de produtos, os mais representativos.  Estes critérios, entretanto, não consideram defeitos que podem estar presentes no OVM.  Para aumentar a confiança de que os produtos da LPS satisfazem a especificação, neste trabalho é apresentada uma abordagem baseada em teste de mutação.  Operadores de mutação são introduzidos e avaliados em dois estudos de caso.  Os resultados mostram que outros tipos de defeitos são revelados em comparação com os critérios existentes.",SAST,Published,https://seer.ufrgs.br/index.php/rita/workflow/access/36851,10.22456/2175-2745.36851,2013-01-18 17:43:27,2014-05-12 10:24:03
37349,Analysis of Using Metric Access Methods for Visual Search of Objects in Video Databases,"This article presents an approach to object retrieval that searches for and localizes all the occurrences of an object in a video database, given a query image of the object. Our proposal is based on text-retrieval methods in which video key frames are represented by a dense set of viewpoint invariant region descriptors that enable recognition to proceed successfully despite changes in camera viewpoint, lighting, and partial occlusions. Vector quantizing these region descriptors provides a visual analogy of a word - a visual word. Those words are grouped into a visual vocabulary which is used to index all key frames from the video database. Efficient retrieval is then achieved by employing methods from statistical text retrieval, including inverted file systems, and text-document frequency weightings. Though works in the literature have only adopted a simple sequential scan during search, we investigate the use of different metric access methods (MAM): M-tree, Slim-tree, and D-index, in order to accelerate the processing of similarity queries. In addition, a ranking strategy based on the spatial layout of the regions (spatial consistency) is fully described and evaluated. Experimental results have shown that the adoption of MAMs not only has improved the search performance but also has reduced the influence of the vocabulary size over test results, which may improve the scalability of our proposal. Finally, the application of spatial consistency has produced a very significant improvement of the results.",Regular Papers,Published,https://seer.ufrgs.br/index.php/rita/workflow/access/37349,10.22456/2175-2745.37349,2013-02-25 21:16:01,2014-05-12 10:23:33
37768,Filtragem Wavelet de Sinais Cardíacos através de Algoritmos Adaptativos,"Neste trabalho o algoritmo de Azzalini, Farge e Schneider, utilizado em análise de imagens, é modificado, produzindo uma versão adaptativa e uma recursiva para a filtragem de sinais cardíacos. Através destes algoritmos um limiar de corteé obtido baseado na variância do ruído e a série wavelet do sinal analisado é então truncada. Wavelets ortonormais de Daubechies são consideradas. Para validação do algoritmo proposto, sinais ECG da base de dados MIT-BIH com diferentes níveis de ruído são filtrados e a medida de qualidade SNR é calculada para cada caso. As simu lações mostram a performance do algoritmo proposto para diferentes intensidades de ruído, e para diferentes níveis da transformada wavelet e em comparação a outros dois métodos de filtragem.",Regular Papers,Published,https://seer.ufrgs.br/index.php/rita/workflow/access/37768,10.22456/2175-2745.37768,2013-03-12 09:55:33,2014-06-26 15:14:51
37870,Uma Estratégia Baseada em Difusão de Informação para Determinação de Conteúdos Relevantes e Usuários Influentes em Redes Sociais,"Redes sociais têm desempenhado um papel cada vez mais fundamental como um meio para a disseminação de informações, ideias einfluências entre os seus membros. O problema alvo deste trabalho é determinar tanto usuários influentes quanto conteúdo relevante, ou seja, ordenar tanto grupos de usuários quanto o conteúdo por eles disseminado. Propomos uma nova técnica que sebaseia em uma definição intuitiva e circular de relevância e influência. Essa técnica é descrita em detalhes, assim como a sua implementação eficiente. Ela foi validada utilizando duas bases de dados reais do Twitter para fins de recomendação. Os resultados obtidos mostram quea técnica proposta apresenta ganhos de 37% quando comparada a um método de filtragem colaborativa, ao mesmo tempo que tanto usuários influentes quanto conteúdo relevante se mostram superiores qualitativamente. Apresentamos ainda um estudo de caso, no qual aplicamos a técnica proposta em um cenário real da Web. As análises comprovam que o nosso método consegue identificar usuários influentes e pode ser facilmente adotada em diversos cenários de aplicação.",BraSNAM,Published,https://seer.ufrgs.br/index.php/rita/workflow/access/37870,10.22456/2175-2745.37870,2013-03-16 23:41:52,2014-06-26 15:14:52
39702,Support Vector Machines and Kernel Functions for Text Processing,"This work presents kernel functions that can be used in conjunction with the Support Vector Machine – SVM – learning algorithm to solve the automatic text classification task. Initially the Vector Space Model for text processing is presented. According to this model text is seen as a set of vectors in a high dimensional space; then extensions and alternative models are derived, and some preprocessing procedures are discussed. The SVM learning algorithm, largely employed for text classification, is outlined: its decision procedure is obtained as a solution of an optimization problem. The “kernel trick”, that allows the algorithm to be applied in non-linearly separable cases, is presented, as well as some kernel functions that are currently used in text applications. Finally some text classification experiments employing the SVM classifier are conducted, in order to illustrate some text preprocessing techniques and the presented kernel functions.",Tutoriais,Published,https://seer.ufrgs.br/index.php/rita/workflow/access/39702,10.22456/2175-2745.39702,2013-05-06 13:13:48,2014-06-26 15:14:52
40202,Assessing the Semiotic Inspection Method – The Evaluators’ Perspective,"This paper presents an assessment of the Semiotic Inspection Methodaimed at understanding its costs, benefits, advantages and disadvantages from the evaluators’perspective. We applied a questionnaire to novice evaluators and interviewedthe authors of the method (representing the experts’ evaluators). An analysis of theresponses shows interesting insights and characteristics of the method.",IHC,Published,https://seer.ufrgs.br/index.php/rita/workflow/access/40202,10.22456/2175-2745.40202,2013-05-28 11:01:44,2014-06-26 15:14:52
40994,Expressiveness of Automatic Semantic Web Service Composition Approaches: A Survey based on Workﬂow Patterns,"This survey evaluates a number of techniques for the automatic composition of Semantic Web Services. The evaluation takes into account the different workflow patterns that can be expressed by the solutions proposed by each individual technique. Only fully automatic approaches are considered here, i.e., composition techniques that do not demand user interference in the composition process nor rely on complex input (such as templates or other forms of abstract composition models). The main contribution of this paper is to discuss the strengths and weaknesses of the approaches presented in the literature for the automatic generation of semantic web services composition from the workflow patterns perspective.",Tutoriais,Published,https://seer.ufrgs.br/index.php/rita/workflow/access/40994,10.22456/2175-2745.40994,2013-07-05 14:55:03,2014-05-12 10:23:43
41936,Introdução aos Sistemas de Recomendação para Grupos,"Sistemas de Recomendação tradicionalmente recomendam itens para usuários individuais. Em alguns cenários, entretanto, a recomendação para um grupo de indivíduos é mais adequada. Não existem ainda um bom volume de trabalhos científicos voltados para os chamados Sistemas de Recomendação para Grupos. Uma das grandes peculiaridades desses sistemas é, por exemplo, como lidar adequadamente com as preferências de seus integrantes para geração da recomendação. Com o intuito de contribuir para evolução das pesquisas relacionadas aqui no Brasil, este tutorial trata esta e outras questões relacionadas ao tema. Após apresentar e discutir vários aspectos importantes, tais como, classificações, principais problemáticas, estratégias de agregação de preferências individuais, formas de avaliação, abordagens alternativas em curso e recomendação de sequência de itens, este tutorial contribui ainda ao propor uma nova estratégia de agregação e proceder a todo processo de experimentação adequado, incluindo avaliação comparativa com as estratégias mais estabelecidas da literatura.",Tutoriais,Published,https://seer.ufrgs.br/index.php/rita/workflow/access/41936,10.22456/2175-2745.41936,2013-08-19 18:39:51,2014-05-12 10:23:48
43300,Seleção de Casos de Teste para Agentes Racionais,"Agentes racionais consistem em uma tecnologia da computação promissora para o desenvolvimento de sistemas distribuídos complexos. Apesar dos referenciais disponíveis para orientar o projetista desses agentes, existem poucas técnicas de testes propostas para validar esses sistemas. Sabe-se que essa validação depende dos casos de teste selecionados os quais devem providenciar informações a respeito dos componentes na estrutura do agente que estão com desempenho insatisfatório. Este trabalho apresenta uma formulação para o problema de seleção de casos de teste de agentes racionais através de uma abordagem solução fundamentada em um agente orientado por utilidade para selecionar casos de teste através de metaheurísticas baseadas em população para testar o desempenho dos agentes racionais. Para cada caso de teste são realizadas as interações entre Agente e Ambiente para obter a avaliação de desempenho correspondente. Como resultado, obtém-se um conjunto de casos de teste nos quais o agente não foi bem avaliado, com a respectiva avaliação. A partir desse resultado, a abordagem identifica os objetivos que não estão sendo satisfeitos e as falhas apresentadas pelo agente e repassa ao projetista.",Workshop Autosoft 2013,Published,https://seer.ufrgs.br/index.php/rita/workflow/access/43300,10.22456/2175-2745.43300,2013-10-30 00:38:34,2014-05-12 10:24:06
43468,XIRU: Interface de Rede Extensível para Integração de Núcleos a uma Rede-em-Chip,"Para a integração dos núcleos de um sistema integrado a uma NoC (Network-on-Chip), é necessário o uso de interfaces de comunicação que realizem a adaptação do protocolo dos núcleos ao da rede e que ofereçam os serviços de comunicação necessários aos núcleos. Este artigo descreve a arquitetura de uma interface de rede extensível para a integração de núcleos à NoC SoCIN (System-on-Chip Interconnection Network). A interface proposta utiliza uma arquitetura estruturada em três camadas que realizam a adaptação do protocolo, o empacotamento/desempacotamento de dados e o envio/recepção de pacotes, entre outros serviços. O artigo descreve a arquitetura da interface de rede e apresenta os resultados de sua validação e síntese em silício.",Regular Papers,Published,https://seer.ufrgs.br/index.php/rita/workflow/access/43468,10.22456/2175-2745.43468,2013-11-06 17:49:20,2014-11-12 23:35:30
43510,Segurança em Redes-em-Chip:  Conceitos e Revisão do Estado da Arte,"As Redes-em-Chip foram propostas para atender às necessidades de escalabilidade de comunicação em sistemas computacionais integrados em um único chip. Assim como sistemas distribuídos tradicionais, um sistema integrado e sua rede são suscetíveis a ataques às suas propriedades de segurança. Este artigo apresenta um levantamento bibliográfico realizado para caracterizar quais técnicas têm sido utilizadas para prover segurança em sistemas integrados baseados em Redes-em-Chip. Os trabalhos foram classificados quanto ao tipo de ataque, a propriedade de segurança afetada, o mecanismo de segurança utilizado e o componente adotado. O artigo identifica os ataques e as propriedades mais abordados por esses trabalhos, bem como os principais mecanismos de segurança utilizados e os componentes nos quais eles são implementados.",Tutoriais,Published,https://seer.ufrgs.br/index.php/rita/workflow/access/43510,10.22456/2175-2745.43510,2013-11-07 10:18:01,2014-05-12 10:23:58
44199,O Teste de Mutação apoiado pelo Algoritmo Genético Coevolucionário com Classificação Genética Controlada,"Este artigo situa-se no campo dos algoritmos genéticos coevolucionários que objetivam a seleção de bons subconjuntos de casos de teste e mutantes, no contexto do Teste de Mutação. Desse campo de estudo, selecionou-se e avaliou-se duas abordagens existentes. Tal avaliação, subsidiou o desenvolvimento de um novo Algoritmo Coevolucionário com Classificação Genética Controlada (AGC − CGC). Para analisar a abordagem, 164 experimentos foram realizados comparando os resultados do algoritmo proposto com outros três métodos aplicados em quatro benchmarks reais. Os resultados revelam uma melhora significativa do AGC − CGC sobre as outras abordagens quando se considera o aumento do escore de mutação sem aumentar acentuadamente o tempo de execução.",WESB 2013,Published,https://seer.ufrgs.br/index.php/rita/workflow/access/44199,10.22456/2175-2745.44199,2013-12-14 22:23:45,2014-11-12 23:35:30
46848,Local Binary Patterns Applied to Breast Cancer Classification in Mammographies,"Among all cancer types, breast cancer is the one with the second highest incidence rate for women. Mammography is the most used method for breast cancer detection, as it reveals abnormalities such as masses, calcifications, asymmetries and architectural distortions. In this paper, we propose a classification method for breast cancer that has been tested for six different cancer types: CALC, CIRC, SPIC, MISC, ARCH, ASYM. The proposed approach is composed of a SVM classifier trained with LBP features. The MIAS image database was used in the experiments and ROC curves were generated. To the best of our knowledge, our approach is the first to handle those six different cancer types using the same technique. One important result of the proposed approach is that it was tested over six different breast cancer types proving to be generic enough to obtain high classification results in all cases.",Regular Papers,Published,https://seer.ufrgs.br/index.php/rita/workflow/access/46848,10.22456/2175-2745.46848,2014-05-06 09:47:47,2014-11-12 23:35:30
47524,Comparativo entre o algoritmo de Luhn e o algoritmo GistSumm para sumarização de documentos,"Este artigo descreve um comparativo entre dois algoritmos da área de mineração de textos, os quais são utilizados na tarefa de sumarização automática de documentos. Foram comparados nos experimentos o algoritmo clássico de Luhn e o algoritmo GistSumm, sendo realizadas dois tipos de avaliação, ambas utilizando o Português do Brasil como idioma alvo. A primeira consistiu em gerar um resumo de um texto fonte com cada algoritmo,e a avaliação foi conduzida utilizando avaliadores humanos que indicaram a coerência nos resumos de cada um. Por outro lado, a segunda foi conduzida por meio de uma avaliação baseada no resumo, no qual os avaliadores responderam perguntas sobre o texto original possuindo como fonte de consulta somente o resumo gerado pelos algoritmos. Após as análises, foi demonstrado que o algoritmo GistSumm possui maior capacidade para gerar resumos que mantenham a ideia principal do texto, sendo classificado com 81,6% de eficiência no primeiro experimento e 90% no segundo experimento.",Regular Papers,Published,https://seer.ufrgs.br/index.php/rita/workflow/access/47524,10.22456/2175-2745.47524,2014-06-02 19:19:27,2015-05-18 16:51:34
47589,Do multiple sclerosis lesions affect the outcome of magnetic resonance image registration?,"Multiple sclerosis (MS) is a chronic inflammatory demyelinating disease of the central nervous system manifested morphologically by inflammation, demyelination, axonal loss and gliosis. The Magnetic Resonance (MR) imaging, which presents high resolution and good differentiation between brain tissues, is considered the gold standard for the detection and evolution assessment of MS lesions. Fairly recently, a number of automatic image processing systems have been proposed in the literature to help radiologists detect and compute the volume of MS lesions in MR images. Among most of these approaches, registration of multi-contrast MR clinical images (T1/T2/PD/FLAIR) as well as the registration of patient’s data to anatomical atlases have proved to be essential steps in the neuroimaging processing pipeline to successfully detect and quantitatively assess lesion load in MS. However, despite its importance and common use in automatic image processing systems, the effect of MS lesions on the final results of image registration has not been thoroughly investigated. In this work, image registration techniques using both affine and deformable transformations were used to assess if MS lesions (stratified in mild, moderate or severe) had any affect on the final results of image registration. Based on quantitative results obtained using metrics such as Dice and volume overlap, it was verified that MS lesions do not significantly affect the registration process. In the severe lesions case, for example, the Dice metric gave results of 0.999 and 0.963 for affine and deformable transformation, respectively. Also, it was verified that the sole use of affine transformation is very reasonable to correctly align images even if they do have lesions.",Regular Papers,Published,https://seer.ufrgs.br/index.php/rita/workflow/access/47589,10.22456/2175-2745.47589,2014-06-04 13:30:57,2014-11-12 23:35:30
48184,Tutorial Sobre o Uso de Técnicas para Controle de Parâmetros em Algoritmos de Inteligência de Enxame e Computação Evolutiva,"A natureza tem sido uma grande fonte de inspiração para o desenvolvimento de abordagens computacionais para otimização. Dois grandes grupos que representam esta classe de algoritmos biologicamente inspirados são a Inteligência de Enxame e a Computação Evolutiva. Tais algoritmos são chamados de metaheurísticas e são reconhecidos como abordagens eficientes para resolução de problemas complexos.Tanto os algoritmos da Inteligência de Enxame como os da Computação Evolutiva compartilham características comuns como a utilização de componentes estocásticos durante o processo de otimização e variados parâmetros de configuração. O ajuste dos parâmetros de um algoritmo possui um papel importante por definirem seu comportamento, guiando a busca e, consequentemente, interferindo na qualidade das soluções encontradas. Porém, o ajuste dos parâmetros não é uma tarefa simples, se tornando um problema de otimização dentro do problema sendo otimizado. Além disso, uma configuração adequada para os parâmetros pode se alterar durante o processo de otimização. Existem duas maneiras de se ajustar os parâmetros de um algoritmo. O ajuste \textit{offline} que é realizado antes da execução do algoritmo e os valores dos parâmetros se mantém fixos, e o controle \textit{online} onde os valores dos parâmetros podem mudar durante o processo de otimização. Este artigo tem foco em revisar as estratégias de controle \textit{online} de parâmetros aplicados nos principais algoritmos da Computação Evolutiva e da Inteligência de Enxame. Como resultado, esta revisão analisa e pontua as principais técnicas e algoritmos utilizados e sugere algumas direções para pesquisas futuras.",Tutoriais,Published,https://seer.ufrgs.br/index.php/rita/workflow/access/48184,10.22456/2175-2745.48184,2014-06-27 16:53:28,2014-11-12 23:35:30
48395,Reconhecimento de Padrões em Tecnologia Portável – Um Estudo de Caso,"O processamento digital de imagens (PDI) está presente em várias áreas do conhecimento, como medicina e engenharias . Está diretamente ligado ao reconhecimento automático de padrões. Redes neurais artificiais (RNA’s) vem sendo utilizadas para auxiliar neste processo, visando maior confiabilidade. Android é a plataforma mais utilizada em celulares no mundo. O Brasil é o segundo maior produtor de soja do mundo , mas as doenças que a atacam são um fator limitante na produção. O objetivo deste trabalho foi reconhecer automaticamente os níveis severidade do oídio da soja. Folhas com e sem a doença foram fotografadas. As fotos passaram por filtros e tiveram características de cor e textura extraídas via PDI. Tais características foram dados de treinamento e teste de uma RNA, que classificou os níveis. A plataforma, de tecnologia móvel, foi um smartphone com o sistema operacional Android. Observou­se melhora na taxa de acerto da predição de acordo com combinações de características, para a mesma estrutura de RNA. Concluiu­se, neste estudo de caso, comparando dois possíveis conjuntos de dados, que o conjunto com características de textura obteve melhor assertividade. Confirmou­se a viabilidade do estudo, que abre caminhos para novas oportunidades de pesquisas, visando o aperfeiçoamento das técnicas utilizadas.",Case Studies,Published,https://seer.ufrgs.br/index.php/rita/workflow/access/48395,10.22456/2175-2745.48395,2014-07-04 03:09:18,2015-05-18 16:51:36
49045,Predição do tráfego de rede de computadores usando redes neurais tradicionais e de aprendizagem profunda,"Neste artigo são comparados quatro abordagens diferentes para a previsão do tráfego de redes de computadores, usando o tráfego de dispositivos de redes de computadores que se conectam a Internet e usando Redes Neurais Artificiais (RNA) para a predição, sendo elas: (1)  Multilayer Perceptron (MLP) com Backpropagation para o treinamento; (2) MLP com Resilient Backpropagation (Rprop); (3) Rede Neural Recorrente (RNN); (4)  Stacked Autoencoder (SAE) com aprendizagem profunda (deep learning). Também é apresentado que um modelo de rede neural mais simples, tais como a RNN e MLP, podem ser mais eficientes do que modelos mais complexos, como o SAE. A predição do tráfego de Internet é uma tarefa importante para muitas aplicações, tais como aplicações adaptativas, controle de congestionamento, controle de admissão, detecção de anomalias e alocação de largura de banda. Além disso, métodos eficientes de gerenciamento de recursos, como a largura de banda, podem ser usados para melhorar o desempenho e reduzir custos, aprimorando a Qualidade de Serviço (QoS). A popularidade das novas redes neurais profundas vêm aumentado em muitas áreas, porém há uma falta de estudos em relação a predição de séries temporais, como o tráfego de Internet.",Regular Papers,Published,https://seer.ufrgs.br/index.php/rita/workflow/access/49045,10.22456/2175-2745.49045,2014-07-22 09:26:43,2015-05-18 16:51:32
49242,Predição de função de proteínas através da extração de características físico-químicas,"Com a conclusão do projeto Genoma, o número de novas proteínas descobertas tem crescido, mas devido ao alto custo e da demora dos processos de descoberta da função de proteínas, apenas uma pequena parcela das mesmas tem sua função conhecida. Este trabalho apresenta uma metodologia para predição de função de proteínas através da extração de características de suas estruturas, presentes no banco de dados StingDB, a utilização da Transformada Discreta do Cosseno, a codificação da estrutura primária, o balanceamento de classes e a utilização de Máquinas de Vetores de Suporte. Os valores médios obtidos para a precisão, sensibilidade, acurácia e especificidade foram, respectivamente de 80\%, 71%, 74% e 77%. Os resultados foram comparados com outros trabalhos da literatura, e mostraram um aumento de 10% na taxa de precisão.",Regular Papers,Published,https://seer.ufrgs.br/index.php/rita/workflow/access/49242,10.22456/2175-2745.49242,2014-07-29 23:33:48,2015-05-18 16:51:33
49491,SciPy and OpenCV as an interactive computing environment for computer vision,"In research and development (R&D), interactive computing environments are a frequently employed alternative for data exploration, algorithm development and prototyping. In the last twelve years, a popular scientific computing environment flourished around the Python programming language. Most of this environment is part of (or built over) a software stack named SciPy Stack. Combined with OpenCV’s Python interface, this environment becomes an alternative for current computer vision R&D. This tutorial introduces such an environment and shows how it can address different steps of computer vision research, from initial data exploration to parallel computing implementations. Several code examples are presented. They deal with problems from simple image processing to inference by machine learning. All examples are also available as IPython notebooks.",Tutoriais - SIBGRAPI 2014,Published,https://seer.ufrgs.br/index.php/rita/workflow/access/49491,10.22456/2175-2745.49491,2014-08-12 14:29:54,2015-05-19 10:28:02
49492,Visual Computing and Machine Learning Techniques for Digital Forensics,"It is impressive how fast science has improved day by day in so many different fields. In special, technology advances are shocking so many people bringing to their reality facts that previously were beyond their imagination. Inspired by methods earlier presented in scientific fiction shows, the computer science community has created a new research area named Digital Forensics, which aims at developing and deploying methods for fighting against digital crimes such as digital image forgery.This work presents some of the main concepts associated with Digital Forensics and, complementarily, presents some recent and powerful techniques relying on Computer Graphics, Image Processing, Computer Vision and Machine Learning concepts for detecting forgeries in photographs. Some topics addressed in this work include: sourceattribution, spoofing detection, pornography detection, multimedia phylogeny, and forgery detection. Finally, this work highlights the challenges and open problems in Digital Image Forensics to provide the readers with the myriad opportunities available for research.",Tutoriais - SIBGRAPI 2014,Published,https://seer.ufrgs.br/index.php/rita/workflow/access/49492,10.22456/2175-2745.49492,2014-08-10 10:20:31,2015-05-18 16:51:36
49694,Programação matemática e imersões métricas para aproximações em problemas de corte,"Neste trabalho, apresentamos um estudo teórico sobre problemas de otimização NP-difíceis de cortes em grafos e o estado da arte de algoritmos de aproximação que fazem uso de técnicas de programação matemática e de espaços métricos. Três problemas de cortes em grafos foram modelados por programas matemáticos inteiros, sendo esses últimos relaxados para admitirem soluções com valores contínuos. A solução desses programas descrevem vetores unitários, para o problema do corte máximo; pontos sobre um (k − 1)-simplexo, para o problema do corte multisseparador mínimo; e uma métrica, para o problema do corte mais disperso. Cada  algoritmo apresentado realiza uma tomada de decisão com base na solução do programa matemático.",Tutoriais,Published,https://seer.ufrgs.br/index.php/rita/workflow/access/49694,10.22456/2175-2745.49694,2014-08-19 22:48:59,2015-05-18 16:51:35
50383,Proof Tactics for Theorem Proving  Graph  Grammars through Rodin,"Graph grammar is a formal language suitable for the specification of distributed and concurrent systems. Theorem proving is a technique that allows the verification of systems with huge (and infinite) state space. One of the disadvantages of theorem proving graph grammars (and theorem proving in general) is the specific mathematical knowledge required from the user for concluding the proofs. Previous works have proposed proof strategies to help the developer in the verification process when adopting such approach, firstly establishing proof tactics for some properties and after proposing a visual representation for them. This paper extends the set of proposed tactics, with the aim of expanding the available strategies and encouraging the use of such a technique.",Melhores Artigos WEIT-2013,Published,https://seer.ufrgs.br/index.php/rita/workflow/access/50383,10.22456/2175-2745.50383,2014-09-20 03:28:06,2015-05-18 16:51:37
51121,QJava: A Monadic Java Library for Quantum Programming,"To help the understanding and development of quantum algorithms there is an effort focused on the investigation of new semantic models and programming languages for quantum computing. Researchers in computer science have the challenge of deve loping programming languages to support the creation, analysis, modeling and simulation of high level quantum algorithms. Based on previous works that use monads inside the programming language Haskell to elegantly explain the odd characteristics of quantum computation (like superposition and entanglement), in this work we present a monadic Java library for quantum programming. We use the extension of the programming language Java called BGGA Closure, that allow the manipulation of anonymous functions (closures) inside Java. We exemplify the use of the library with an implementation of the Toffoli quantum circuit.",Melhores Artigos WEIT-2013,Published,https://seer.ufrgs.br/index.php/rita/workflow/access/51121,10.22456/2175-2745.51121,2014-10-22 00:10:25,2015-05-18 16:51:38
51452,Deconvolução Cega Aplicada à Correção de Artefatos de Movimento em Imagens de Vídeo de Microscopia Intravital para Detecção Automática de Leucócitos,"A microscopia intravital (MI) é uma poderosa ferramenta utilizada na área biomédica para a observação e imageamento in vivo de sistemas biológicos, tendo importante aplicação  no estudo das interações leucócito-endotélio que ocorrem na microcirculação de diversos tecidos animais sob condições normais e patológicas. Dado que o controle das  condições de aquisição das imagens na análise in vivo é bastante limitado, a presença de borramento e de artefatos de movimento nas sequências de quadros de vídeo adquiridas, resultantes da respiração e dos batimentos cardíacos inevitáveis do animal, constitui um dos principais obstáculos da MI. Isso compromete significativamente a detecção e o rastreamento dos leucócitos ao longo dos quadros, tanto em análises visuais como nas realizadas por métodos automáticos (computacionais). Assim, este trabalho realizou o estudo e aplicação de duas técnicas de deconvolução cega  (algoritmo deconvblind e método de Shan et al.) para a correção de artefatos de  movimento em imagens de vídeo de MI, fazendo uma avaliação quantitativa de como tal restauração afeta o desempenho de dois métodos de detecção automática de leucócitos (casamento de padrões e simetria de fase local). Análises de precisão versus revocação foram conduzidas a fim de se avaliar a eficácia da detecção automática em imagens de boa qualidade visual, imagens degradadas por movimento e imagens restauradas com cada uma das técnicas. A partir desse estudo, concluiu-se que o método de Shan et al. possui o maior potencial de restauração dos leucócitos e que as técnicas de  deconvolução cega de fato têm utilidade como etapa de pré-processamento dos vídeos de MI para análises in vivo, especialmente quando o método de detecção automática de leucócitos é mais sensível a erros.",Regular Papers,Published,https://seer.ufrgs.br/index.php/rita/workflow/access/51452,10.22456/2175-2745.51452,2014-11-10 10:42:18,2015-05-18 16:51:34
51756,Software para Auxílio no Processo de Elaboração do Cariótipo,"Muitas anomalias e doenças genéticas podem ser descobertas através da análise da forma e das características morfológicas dos cromossomos. Para alcançar este objetivo, geralmente constrói-se o cariótipo, a partir de uma fotografia obtida através de um microscópio, através da organização e ordenação dos cromossomos de uma célula humana de acordo com o seu tamanho. Apesar dos grandes avanços nas técnicas de cultura celular, bandeamento, coleta e análise dos materiais para a elaboração do cariótipo, este processo ainda é bastante empregado de forma manual, pois a oferta de sistemas automáticos que auxiliem o trabalho dos geneticistas ainda é baixa. Através da automatização deste processo é possível agilizar condutas terapêuticas, obtendo resultados em um espaço de tempo menor. Desta forma, este trabalho propõe o desenvolvimento de uma ferramenta capaz de auxiliar o geneticista na elaboração do cariótipo humano através da automatização do processo de segmentação de metáfases e identificação dos cromossomos através de imagens obtidas de um microscópio.",Case Studies,Published,https://seer.ufrgs.br/index.php/rita/workflow/access/51756,10.22456/2175-2745.51756,2014-11-20 08:34:28,2015-11-26 13:17:43
52511,Coverage Criteria for Set-Based Specifications,"Model-based testing (MBT) studies how test cases are generated from a model of the system under test (SUT). Many MBT methods rely on building an automaton from the model and then they generate test cases by covering the automaton with different path coverage criteria. However, if a model of the SUT is a logical formula over some complex mathematical theories (such as set theory) it may be more natural or intuitive to apply coverage criteria directly over the formula. On the other hand, domain partition, i.e. the partition of the input domain of model operations, is one of the main techniques in MBT. Partitioning is conducted by applying different rules or heuristics. Engineers may find it difficult to decide what, where and how these rules should be applied. In this paper we propose a set of coverage criteria based on domain partition for set-based specifications. We call them testing strategies. Testing strategies play a similar role to path- or data-based coverage criteria in structural testing. Furthermore, we show a partial order of testing strategies as is done in structural testing. We also describe an implementation of testing strategies for the Test Template Framework, which is a MBT method for the Z notation; and a scripting language that allows users to implement testing strategies.",Melhores Artigos SAST 2014,Published,https://seer.ufrgs.br/index.php/rita/workflow/access/52511,10.22456/2175-2745.52511,2014-12-20 12:07:30,2015-11-26 13:17:47
52609,Identificação de Viabilidade de Leveduras Com Corante Vital Utilizando Histogramas de Palavras Visuais em Imagens Coloridas,"Neste artigo é apresentada uma proposta de automatizar a classificação da viabilidade de leveduras da espécie Saccharomyces cerevisae, responsável pela produção comercial do etanol, usando como atributo a cor absorvida pelo corante vital azul de metileno. A metodologia é usada amplamente em usinas no Brasil e consiste em contar as células incolores que são consideradas viáveis, separando-as das coloridas de azul, consideradas não viáveis. O número de células viáveis por litro interfere no rendimento industrial. Como essa contagem é cansativa e resulta em erros, apresentamos como alternativa a técnica de visão computacional definida como o algoritmo Bag-of-Word (histograma de palavras visuais), bem como algumas extensões que agregam informações de cor e que podem ser adicionados ao algoritmo, isto porque o Bag-of-Word é usado para imagens em tons de cinza. Os atributos extraídos deste algoritmo com suas extensões foram utilizados para teste e treinamento de classificadores extraídos de técnicas de aprendizagem supervisionada. Entre as técnicas que usamos podemos destacar J48, SMO, Naives Bayes e IBk que estão implementados no ambiente WEKA. Os resultados foram analisados através do ANOVA que apresentou valor-p < 2e-16 indicando uma diferença estatística das técnicas analisadas. A técnica Opponent Color apresentou melhores resultados, representando um potencial de aplicação em condições reais das usinas.",Case Studies,Published,https://seer.ufrgs.br/index.php/rita/workflow/access/52609,10.22456/2175-2745.52609,2014-12-29 14:56:28,2015-11-26 13:17:44
52963,Huginn for Jason: Uma arquitetura para agentes normativos,"Uma classe de sistemas multiagente pode ser vista como uma sociedade na qual o sistema normativo orienta os agentes para atingirem os objetivos do sis- tema. Quando um agente percebe um sistema de normas, ele precisa raciocinar sobre o impacto dessas normas em seus objetivos pessoais. Considerando que os agentes normativos têm recursos limitados, é necessário raciocinar também sobre os recur- sos disponíveis e se eles são suficientes para alcançar o objetivo implicado por uma norma. O modelo Huginn trata explicitamente do raciocínio normativo com recursos finitos propondo um processo de deliberação que traduz as normas, desejos e recursos para um problema de otimização conhecido como problema da mochila multidimensi- onal com múltipla escolha. Este artigo apresenta a teoria e implementação do modelo Huginn. ",Melhores Artigos AutoSoft 2014,Published,https://seer.ufrgs.br/index.php/rita/workflow/access/52963,10.22456/2175-2745.52963,2015-01-20 15:15:23,2015-11-26 13:17:44
53120,Abordagem Proativa para a Gestão Integrada dos Trabalhos de Projeto,"As atividades de monitoramento e controle são cruciais para regular o progresso dos trabalhos do projeto de forma a atender os objetivos definidos no plano de gerenciamento. Entretanto, mudanças são inevitáveis e podem surgir a qualquer momento durante o desenvolvimento, influenciando na execução do plano originalmente traçado e colocando em risco o sucesso do projeto. Este artigo apresenta uma abordagem baseada na tecnologia de agentes inteligentes para o monitoramento e controle de projetos. A abordagem contempla o suporte à gestão automatizada das solicitações de mudanças de forma a fornecer uma visão integradora e consistente do andamento do projeto e auxiliar gestores na tomada de decisão durante a execução dos trabalhos.",Melhores Artigos AutoSoft 2014,Published,https://seer.ufrgs.br/index.php/rita/workflow/access/53120,10.22456/2175-2745.53120,2015-01-28 12:58:11,2015-11-26 13:17:45
53236,Estudo Comparativo entre as Redes Neurais Artificiais MLP e RBF para Previsão de Cheias em Curto Prazo,"Previsão de vazão ou dos níveis de um rio é um dos campos mais importantes da Hidrologia. A previsão em curto prazo do nível de um rio é uma das maneiras mais eficazes na diminuição dos impactos causados por eventos críticos de cheia. Esta pesquisa teve como objetivo a modelagem e validação de Redes Neurais Artificias (RNA) MLP e RBF para a previsão de cheias em curto prazo em um ponto do rio Itajaí-Açu localizado no município de Rio do Sul – SC, para posterior comparação dos resultados obtidos pelos modelos. O desempenho das RNAs é analisado através de três medidas estatísticas: CE, RMSE e MAPE. Os resultados indicam um desempenho satisfatório, tanto do MLP como da RBF para previsões com 6 horas de antecedência. Os resultados indicam também que a rede MLP é rede que obteve melhor desempenho, no entanto, a rede RBF também pode ser considerada uma boa alternativa para previsão de cheias em rios.",Regular Papers,Published,https://seer.ufrgs.br/index.php/rita/workflow/access/53236,10.22456/2175-2745.53236,2015-02-03 11:22:56,2015-11-26 13:17:42
53751,Recuperação de modelos médicos por conteúdo usando Extrator Local de Área e Distância,"Sistemas de Recuperação de Imagens por Conteúdo têm sido desenvolvidospara contribuir com o diagnóstico em Medicina. Apesar de largamente exploradospara imagens bidimensionais, seu uso com modelos tridimensionais ainda é incipiente.Este artigo introduz um novo extrator de características visando a recuperaçãopor conteúdo, com base na área e no posicionamento das faces da malha de modelostridimensionais. O extrator foi aplicado em modelos médicos que representam o ventrículoesquerdo do coração, empregados para auxílio ao diagnóstico de InsuficiênciaCardíaca Congestiva. Os resultados obtidos são comparados com resultados de umextrator usando Transformada de Hough. O novo extrator atingiu mais de 90% de precisão,em todos os valores de revocação, para modelos diagnosticados com a doençae valores acima de 70%, em todos os valores de revocação, para modelos saudáveis.",Regular Papers,Published,https://seer.ufrgs.br/index.php/rita/workflow/access/53751,10.22456/2175-2745.53751,2015-02-24 00:28:57,2015-11-26 13:17:41
54043,Linguagens de consulta para bases de dados em grafos: um mapeamento sistemático,"A popularização das redes sociais, associado à necessidade de analisar e sumarizar grandes volumes de dados oriundos das mesmas tem favorecido o uso de bases de dados em grafos.As linguagens de consulta a este tipo de base de dados devem, ao mesmo tempo, ter expressividade suficiente para a realização de consultas complexas e possibilitarem o processamento eficiente de grandes volumes de dados.Este artigo apresenta um mapeamento sistemático sobre as linguagens de consulta para bases de dados em grafos, com foco nas suas características principais como paradigma ou capacidade de agregação de dados. O foco deste mapeamento é investigar e quantificar as publicações referentes às linguagens de consulta, caracterizando-as, identificando possíveis áreas de pesquisa, tendências e desafios.",Tutoriais,Published,https://seer.ufrgs.br/index.php/rita/workflow/access/54043,10.22456/2175-2745.54043,2015-03-09 11:07:26,2016-05-29 19:25:13
54370,Classificador de imagens de pulmão utilizando wavelets de Haar e distância de Mahalanobis,"Um método de extração de características e reconhecimento de padrões de imagens de tomografia de pulmão é proposto a partir da aplicação da transformada wavelet de Haar 2D. Como medida de similaridade, a distância de Mahalanobis é utilizada por considerar a correlação entre os dados, o que se torna relevante, uma vez que a distinção visual entre as imagens é pequena. O algoritmo foi testado utilizando-se diferentes vetores de características, bem como diferentes agrupamentos de imagens. Foi obtida uma taxa de acerto superior a 85% ao se considerar duas classes.",Regular Papers,Published,https://seer.ufrgs.br/index.php/rita/workflow/access/54370,10.22456/2175-2745.54370,2015-03-21 17:10:21,2015-11-26 13:17:42
54772,Evolução Diferencial com ensemble de Operadores de Mutação em GPGPUs para o Despacho Econômico de Energia Elétrica,"O Problema do Despacho Econômico de Energia Elétrica (PDEE) visa minimizar o custo de produção de energia de uma usina termoelétrica. Após a aná- lise do algoritmo sequencial, neste trabalho, o PDEE será tratado com um algoritmo paralelo para GPGPUs em CUDA. O algoritmo proposto é uma Evolução Diferencial (ED) utilizando a técnica de ensemble de operadores de mutação. A ED é uma técnica estocástica de otimização baseada em população, desenvolvida para a otimização de valores reais enquanto o ensemble de operadores de mutação permite que várias confi- gurações de parâmetros e estratégias possam ser utilizadas em cada etapa da evolução do algoritmo. Três instâncias de teste, considerando os efeitos de ponto de válvula, são adotadas para verificar a eficiência do método proposto. Os resultados obtidos são favoravelmente comparados com aqueles descritos na literatura da área em termos de qualidade das soluções obtidas. A versão paralela obteve speedups significativos mantendo a boa qualidade das soluções encontradas. ",Regular Papers,Published,https://seer.ufrgs.br/index.php/rita/workflow/access/54772,10.22456/2175-2745.54772,2015-04-15 16:28:05,2016-12-03 12:37:23
55723,O Potencial do Uso de Estimativas de Desempenho na Exploração de Conjuntos de Otimizações,"Compiladores modernos tradicionalmente adotam estratégias de maior generalidade. Em contrapartida, para se aproveitar das especificidades de cada programa, surgem os compiladores iterativos. Esses exploram diferentes conjuntos de otimizações com o objetivo de encontrar o melhor para cada programa, maximizando uma função objetivo. Quando estamos buscando melhorias de desempenho, essa função é o tempo de execução. Uma forma prática de se obter o tempo de execução de um programa é executando o mesmo, porém a execução pode ser demorada tornando a exploração inviável. Para isso, uma solução é a estimativa de desempenho. Nesse artigo apresentamos uma ferramenta de estimativa de desempenho para auxiliar a tarefa de exploração do espaço de otimizações por compiladores iterativos. Diferentes técnicas foram avaliadas, onde foi possível mostrar que mesmo com estimativas aproximadas pode-se obter bons resultados. Além disso, as estimativas reduziram o tempo da exploração em até duas ordens de magnitudes.",Regular Papers,Published,https://seer.ufrgs.br/index.php/rita/workflow/access/55723,10.22456/2175-2745.55723,2015-05-17 19:35:44,2015-11-26 13:17:43
56162,Detecção de Tubos em Imagens Radiográficas Digitais,"Este artigo apresenta uma metodologia para a detecção do tubo em imagens radiográficas do tipo parede dupla vista dupla (PDVD) de tubulações condutoras de petróleo. O principal objetivo da proposta é reduzir a região de busca através da delimitação da área do tubo para a extração automática do cordão de solda auxiliando, desta forma, a posterior detecção de defeitos em juntas soldadas. O processo de detecção do tubo apresentado é totalmente automático e baseado em técnicas de processamento de imagens como ajustes no brilho e contraste, limiarização e análise das regiões identificadas para a segmentação do tubo. O processo foi aplicado em 167 imagens provenientes de três diferentes sistemas radiográficos obtendo um resultado de 90,4% de acerto na detecção do tubo. Foi realizada uma comparação com outra abordagem para a detecção do tubo em imagens radiográficas do tipo PDVD e a metodologia proposta apresentou melhora em relação ao trabalho anterior. Conclui-se, portanto que o método proposto pode ser usado como uma etapa que precede a detecção automática do cordão de solda.",Regular Papers,Published,https://seer.ufrgs.br/index.php/rita/workflow/access/56162,10.22456/2175-2745.56162,2015-06-01 11:08:14,2016-05-29 19:25:16
56177,Automating mobile application development: UML-based code generation for Android and Windows Phone,"This paper proposes a MDD approach for mobile application development, which includes modeling and code generation strategies for An- droid and Windows Phone. UML class and sequence diagrams are employed for modeling mobile applications and code is generated from this model. To support the automatic code generation, GenCode was re-structured and ex- tended to meet the particularities of these two platforms. As result, GenCode’s current version is able to automatically generate Java-Android and C# codes, according to the specified application model and target platform. Finally, case studies are used to demonstrate the proposed approach, as well as to validate the code generation tool.",Regular Papers,Published,https://seer.ufrgs.br/index.php/rita/workflow/access/56177,10.22456/2175-2745.56177,2015-06-01 16:22:00,2015-11-26 13:17:41
56368,Método Sistêmico com Suporte em GORE para Análise de Conformidade de Requisitos não Funcionais Implementados em Software,"A análise de requisitos não funcionais (RNF) é umdesafio e vem sendo explorado na literatura científica há muito tempo. Tal iniciativa deve-se ao fato da existência do problema de se verificar o uso das operacionalizações desse tipo de requisito nosoftware construído. Nesse trabalho apresentamos um método, com técnicas e ferramentas de apoio, que verificam se um software está em conformidade com padrões de RNF estabelecidos em catálogo como alternativa para o problema de verificação de RNF. Verificação é uma técnica de análise que prescinde da execução do software, isto é, da demonstração de seu comportamento. O termoverificação é usado em contraponto ao termo validação. O espectro da verificação vai desde provas de programas contra especificaçõesem um sentido mais formal, até a inspeção visual de programas num sentido menos formal.A estratégia adotada utiliza agentes autônomos para verificação de conformidade de software em relação a operacionalizações de RNF, para isso utiliza uma base de conhecimentos de padrões persistidos em um catálogo. Os resultados, parciais, são indicativosde que a proposta de solução é aplicável. A avaliação da validade dá-se por demonstração de que um método parcialmente automatizado que é eficaz na identificação de conformidades. Um diferencial na proposta é que, de maneira geral, os trabalhos comfoco em verificação são fortemente voltados para a visão funcional, enquanto a solução aqui apresentada é inovadora na ligação dos RNF a sua efetiva implantação. Como prova de conceito aplicou-se e customizou-se uma técnica de padrões deRNFs baseados em orientação a objetivos em estudos de caso de exemplos do cotidiano prático de software. Como também a construção de um framework de agentes, que operam sob notaçõesXML, para identificar conformidades de software em relação a um catálogo de RNF.",Regular Papers,Published,https://seer.ufrgs.br/index.php/rita/workflow/access/56368,10.22456/2175-2745.56368,2015-06-11 13:39:47,2016-05-29 19:25:17
56371,Desenvolvimento de Aplicações Gráficas Interativas com a Unreal Engine 4,"Neste trabalho, apresentamos os conceitos básicos para o desenvolvimento de aplicações gráficas interativas em tempo real usando a Unreal Engine 4, a qual teve recentemente o seu código-fonte disponibilizado pela Epic Games. Inicialmente, descrevemos a arquitetura da ferramenta e as principais classes que devem ser implementadas para o desenvolvimento de projetos usando a Unreal, tanto teoricamente, quanto através de exemplos práticos.Adicionalmente, detalhamos o Blueprint Visual Scripting System, um sistema de script visual, o qual funciona a partir de uma mecânica baseada em nós de controle para o desenvolvimentos de elementos interativos (regras de jogo, jogadores, câmeras, entrada de dados e assets). Primeiramente, mostramos todos os passos para o controle do comportamento de um personagem em terceira pessoa (TPS), assim como para a construção dos elementos e materiais do cenário. Em seguida, descrevemos o procedimento para a criação de mecânicas de interação entre o usuário e os diferentes objetos e elementos do cenário, incluindo o uso do editor de partículas, chamado Cascade Particle Editor. Finalmente, a partir da Unreal Motion Graphics (UMG), uma ferramenta disponível na engine, geramos uma interface gráfica para a apresentação de dados e informações básicas do jogo (vida, munição, etc.).",Tutoriais SIBGRAPI 2015,Published,https://seer.ufrgs.br/index.php/rita/workflow/access/56371,10.22456/2175-2745.56371,2015-06-11 16:34:02,2015-11-26 13:17:45
56374,Uma Revisão Sobre as Publicações de Sistemas de Detecção de Intrusão,"O crescente registro de incidentes de segurança em redes de computadores tem motivado o desenvolvimento de estudos em detecção de intrusão, as principais técnicas de identificação de uma intrusão são baseadas em anomalias e assinaturas. Atualmente, a comunidade acadêmica explora preferencialmente pesquisas em redes baseadas em anomalias, entretanto, não existe um modelo comum de desenvolvimento destas propostas de modo que muitos autores descrevem, implementam e validam seus sistemas do modo heterogêneo. Neste artigo foi realizado uma pesquisa que investigou a produção científica de 112 publicações relacionadas a sistemas de detecção de intrusão. Alguns dos critérios utilizados para avaliação destes artigos foram fator de impacto, características de detecção utilizadas e a base de dados implementado. Os resultados obtidos demonstram que ocorreu um aumento da compreensão deste tema, entretanto futuros estudos serão necessários para explorar a validade dos novos métodos de avaliação em detecção de intrusão. ",Regular Papers,Published,https://seer.ufrgs.br/index.php/rita/workflow/access/56374,10.22456/2175-2745.56374,2015-06-12 02:50:40,2016-12-03 12:37:26
56384,Programming in CUDA for Kepler and Maxwell Architecture,"Since the first version of CUDA was launch, many improvements were made in GPU computing. Every new CUDA version included important novel features, turning this architecture more and more closely related to a typical parallel High Performance Language. This tutorial will present the GPU architecture and CUDA principles, trying to conceptualize novel features included by NVIDIA, such as dynamics parallelism, unified memory and concurrent kernels. This text also includes some optimization remarks for CUDA programs.",Tutoriais SIBGRAPI 2015,Published,https://seer.ufrgs.br/index.php/rita/workflow/access/56384,10.22456/2175-2745.56384,2015-08-18 07:08:35,2015-11-26 13:17:46
56437,"Hyperspectral Modeling of Material Appearance: General Framework, Challenges and Prospects","The main purpose of this tutorial is to address theoretical and practical issues involved in the development of predictive material appearancemodels for interdisciplinary applications within and outside the visible spectral domain. We examine the specific constraints and pitfalls found in each of the key stages of the model development framework, namely data collection, design and evaluation, and discuss alternatives to enhance the effectiveness of the entire process. Although predictive material appearance models developed by computer graphics  researchers are usually aimed at realistic image synthesis applications, they  also provide valuable support for a myriad of advanced investigations in related areas,  such as computer vision, image processing and pattern recognition,  which rely on the accurate analysis and interpretation of material appearance attributes in the hyperspectral domain. In fact, their scope of contributions goes beyond the realm of traditional computer science applications. For example, predictive light transport simulations, which are essential for the development of these models, are also regularly beingused by physical and life science researchers to understand andpredict material appearance changes prompted by mechanisms which cannot be fully studied using standard ``wet'' experimental procedures.For completeness, this tutorial also provides an overview of such synergistic research efforts and in silico investigations, which are illustrated by case studies involving the use of hyperspectral material appearance  models.",Tutoriais SIBGRAPI 2015,Published,https://seer.ufrgs.br/index.php/rita/workflow/access/56437,10.22456/2175-2745.56437,2015-06-16 15:48:00,2015-11-26 13:17:46
56498,Análise Visual utilizando Projeções Multidimensionais,"As técnicas de projeção ou posicionamento de pontos Ano plano vem despertando grande interesse da comunidade de visualização e análise de dados por possibilitarem que a capacidade visual humana seja empregada na exploração e interpretação de relações de similaridade e vizinhança. Atualmente essa é uma das ferramentas de visualização mais usadas para a exploração de dados multidimensionais e sua aplicação se estende desde a análise de dados de sensores e biosensores até a exploração de coleções de imagens e músicas. Este artigo apresenta exemplos de técnicas clássicas e do estado-da-arte para projeção multidimensional, algumas ferramentas disponíveis, bem como exemplos de aplicações que utilizam essas técnicas em diferentes domínios, buscando evidenciar como as projeções podem assistir no entendimento de diferentes conjuntos de dados.",Tutoriais SIBGRAPI 2015,Published,https://seer.ufrgs.br/index.php/rita/workflow/access/56498,10.22456/2175-2745.56498,2015-06-16 23:31:35,2015-11-26 13:17:46
5683,TVX - Time and Versions in XML,"The proposed work explores the application of temporal and versioning management techniques to the content of XML documents. Recently, many methods have been proposed to address this problem. These methods differ in many aspects, such as which XML objects should be temporalized, thus possessing each one a set of advantages and limitations. We present the TVX model, whose goal is to combine these techniques into a single approach; its united use should supply great flexibility in the temporal treatment of XML documents. This will be accomplished through a high-level data model which can be easily implemented in XML format, along with XQuery-like query and data manipulation languages to handle the temporal XML documents. We also present a case study considering a historic query module over the text of the Brazilian Constitution, that demonstrates the employment of the TVX model in a real-life application.",Regular Papers,Published,https://seer.ufrgs.br/index.php/rita/workflow/access/5683,10.22456/2175-2745.5683,2008-08-28 17:40:19,2008-09-18 23:57:08
5685,Uma Proposta de Framework para Desenvolvimento de Aplicações Paralelas com Mobilidade,"Neste trabalho propõe-se um framework orientado a objetos para o desenvolvimento de aplicações distribuídas em grades com suporte à mobilidade. O desenvolvimento é baseado no paradigma de sistemas multiagentes, utilizando-se a plataforma JADE. A comunicação entre as aplicações é baseada no padrão MPI. A proposta deste trabalho é utilizar plataformas para desenvolvimento de sistemas orientados a agentes sem a necessidade de programá-los diretamente. Com isso, é possível facilitar o desenvolvimento de aplicações distribuídas em grades com suporte à migração dos processos entre as máquinas.",Regular Papers,Published,https://seer.ufrgs.br/index.php/rita/workflow/access/5685,10.22456/2175-2745.5685,2008-08-29 11:43:20,2008-09-18 23:57:08
5690,Uma Introdução às Support Vector Machines,"This paper presents an introduction to the Support Vector Machines (SVMs), a Machine Learning technique that has received increasing attention in the last years. The SVMs have been applied to several pattern recognition tasks, obtaining results superior to those of other learning techniques in various applications.",Tutoriais,Published,https://seer.ufrgs.br/index.php/rita/workflow/access/5690,10.22456/2175-2745.5690,2008-08-31 12:17:31,2008-09-18 23:57:08
5691,Técnicas probabilísticas para análise de yield em nível elétrico usando propagação de erros e derivadas numéricas,"Em tecnologias nanométricas, variações nos parâmetros CMOS são um desafio para o projeto de circuitos com yield apropriado. Neste trabalho nós propomos uma metodologia eficiente e precisa para a modelagem estatística de circuitos. Propagação de erros e técnicas numéricas são aplicadas para a modelagem em nível elétrico de variações aleatórias e sistemáticas durante o processo de fabricação. O modelo considera covariâncias entre os parâmetros e correlação espacial, e tem como saída os estimadores estatísticos que podem ser usados em ferramentas de mais alto nível, tais como ferramentas de análise estatística de atraso (SSTA). Além disso, desenvolvemos uma metodologia para a análise quantitativa da contribuição de cada parâmetro para a variância da resposta do circuito. Como estudos de caso, modelamos o yield de uma memória SRAM e uma porta NOR dinâmica de pré-carga. No primeiro, consideramos o impacto do comprimento do canal e da tensão de limiar no tempo de acesso da célula de memória SRAM. Nós desenvolvemos um modelo probabilístico para o atraso de uma NOR dinâmica com keeperb estático, considerando variações na largura do canal e na tensão de limiar. Comparamos os resultados calculados pela metodologia  proposta com dados estatístico obtidos a partir de simulações Monte Carlo. Reportamos ganho de desempenho de 70×, com um erro menor que 1%.",Regular Papers,Published,https://seer.ufrgs.br/index.php/rita/workflow/access/5691,10.22456/2175-2745.5691,2008-08-31 14:42:32,2008-09-18 23:57:08
5692,Aplicação de Redes Neurais Artificiais na Classificação de Padrões Posturais em Crianças Respiradoras Bucais e Nasais,"A respiração é a primeira função vital desenvolvida por ocasião do nascimento, estabelecendo-se como principal função do organismo. A respiração bucal crônica pode provocar alterações posturais, além de incitar um menor esforço do músculo diafragma. Este artigo tem por objetivo apresentar resultados sobre a aplicação de um modelo de rede neural artificial não-supervisionado, especificamente o mapa auto-organizável (self-organizing map, SOM), para auxiliar no diagnóstico e na avaliação da evolução clínica da postura de crianças respiradoras bucais e nasais. Apresentamos como padrão de entrada ao SOM as variáveis de postura e distância da excursão do músculo diafragma de 30 crianças respiradoras bucais e 22 crianças respiradoras nasais. O SOM apresentou taxa de acerto de 95% no diagnóstico de crianças respiradoras bucais e nasais. Da topologia resultante foi possível definir categorizações da postura dos pacientes.",Regular Papers,Published,https://seer.ufrgs.br/index.php/rita/workflow/access/5692,10.22456/2175-2745.5692,2008-08-31 14:57:56,2008-09-18 23:57:08
5693,Performance Evaluation of CORBA Concurrency Control Service Using Stochastic Petri Nets,"The interest in performance evaluation of middleware systems is increasing. Measurement techniques are still predominant among those used to carry out performance evaluation. However, performance models are currently being defined due to their flexibility, precision and facilities to carry out capacity planning activities. This paper presents stochastic Petri net models for performance evaluation of the CORBA Concurrency Control Service (CCS), which mediates concurrent access to objects. In order to validate the proposed models, CCS performance results obtained using those models are then compared against ones obtained through actual measurements.",Regular Papers,Published,https://seer.ufrgs.br/index.php/rita/workflow/access/5693,10.22456/2175-2745.5693,2008-08-31 15:08:27,2008-09-18 23:57:08
5694,Processos de Decisão de Markov: um tutorial,"Há situações em que decisões devem ser tomadas em seqüência, e o resultado de cada decisão não é claro para o tomador de decisões. Estas situações podem ser formuladas matematicamente como processos de decisão de Markov, e dadas as probabilidades dos valores resultantes das decisões, é possível determinar uma política que maximize o valor esperado da seqüência de decisões. Este tutorial descreve os processos de decisão de Markov (tanto o caso completamente observável como o parcialmente observável) e discute brevemente alguns métodos para a sua solução. Processos semi-Markovianos não são discutidos.",Tutoriais,Published,https://seer.ufrgs.br/index.php/rita/workflow/access/5694,10.22456/2175-2745.5694,2008-08-31 15:18:00,2008-09-18 23:57:08
5695,Aspectos sociotécnicos da computação: contextualizando o desenvolvimento de sistemas de computação com o modelo Mikropolis,"This paper discusses the need of considering sociotechnical aspects
in the scientific and professional practice of computing. In the pursuit of this goal, the paper firstly places the research on sociotechnical aspects of computing in a historical context and outlines the current research scenario in the area. Subsequently, the Mikropolis Model is explained—a model developed to provide orientation to the practical activities of the computing professional in respect to the social aspects of these activities. Furthermore, the paper discusses how to bring the model closer to the particular Brazilian context, in order to achieve analytical and didactic instruments especially suited to the reality in Brazil.",Regular Papers,Published,https://seer.ufrgs.br/index.php/rita/workflow/access/5695,10.22456/2175-2745.5695,2008-08-31 15:24:27,2008-09-18 23:57:08
5696,Um Olhar Sociotécnico sobre a Engenharia de Software,"New technologies modify the form and the substance of social
control, participation and cohesion. However, as they modify, they are also modified by social practices in such a way it is possible to argue that social and technical dimensions constitute a process of mutual construction, only apprehended through an approach simultaneously social and technical, trough a sociotechnical frame. This article presents some of this frame’s main features, as well as its challenges to software engineering.",Regular Papers,Published,https://seer.ufrgs.br/index.php/rita/workflow/access/5696,10.22456/2175-2745.5696,2008-08-31 15:31:37,2008-09-18 23:57:08
56977,O uso de Métodos Ágeis no ensino de Métodos Ágeis,"No Curso de Métodos Ágeis oferecido aos alunos de graduação da Universidade Federal do Rio de Janeiro (UFRJ), os professores decidiram que o modelo tradicional de educação não seria o mais adequado para o ensino de um assunto que quebra tantos paradigmas. Este artigo apresenta os quatro anos de experiência dos professores aplicando conceitos ágeis na disciplina de Métodos Ágeis para os alunos de graduação do curso de Informática. Nosso objetivo é demonstrar como o uso desses conceitos ajudou a criar um ambiente de aprendizagem estimulante e eficaz.",Melhores Artigos WBMA 2014,Published,https://seer.ufrgs.br/index.php/rita/workflow/access/56977,10.22456/2175-2745.56977,2015-07-08 20:45:53,2015-11-26 13:17:47
5746,Computer Vision and Graphics for Heritage Preservation and Digital Archaeology,"The goal of this work is to provide attendees with a survey of topics related to Heritage Preservation and Digital Archeology, which are challenging and motivating subjects to both computer vision and graphics community. These issues have been gaining increasing attention and priority within the scientific scenario and among funding agencies and development organizations over the last years. Motivations to this work are the recent efforts in the digital preservation of cultural heritage objects and sites before degradation or damage caused by environmental factors or  human development. One of the main focuses of these researches is the development of new techniques for realistic 3D model building from images, preserving as much information as possible. We intend to introduce and discuss several emerging topics in computer vision and graphics related to the proposed theme while highlighting the major contributions and advances in these fields.",Tutoriais,Published,https://seer.ufrgs.br/index.php/rita/workflow/access/5746,10.22456/2175-2745.5746,2008-09-03 20:16:12,2008-09-20 20:38:16
5759,Editorial,"A existência de publicações de alta qualidade é um dos indicadores da maturidade de uma área de pesquisa. O Instituto de Informática da UFRGS vem, então, trabalhando arduamente para conquistar um espaço de reconhecimento nacional para a Revista de Informática Teórica e Aplicada (RITA). Nosso objetivo é continuar no caminho do aperfeiçoamento e qualificação desta publicação. Atualmente, já estamos com uma publicação ininterrupta da Revista por 18 anos, desde 1989. Este é um caso de sucesso nas publicações universitárias brasileiras, nesta trilha de qualidade e de ampla difusão do conhecimento estamos lançando a Edição Eletrônica da Revista de Informática Teórica e Aplicada, sendo este o primeiro número com edição em papel e eletrônica.",Editorial,Published,https://seer.ufrgs.br/index.php/rita/workflow/access/5759,10.22456/2175-2745.5759,2008-09-04 22:10:19,2008-09-18 23:57:08
58022,Mineração em Grandes Massas de Dados Utilizando Hadoop MapReduce e Algoritmos Bio-inspirados: Uma Revisão Sistemática,"A Área de Mineração de Dados tem sido utilizada em diversas áreasde aplicação e visa extrair conhecimento através da análise de dados. Nas últimasdécadas, inúmeras bases de dados estão tendenciando a possuir grande volume, altavelocidade de crescimento e grande variedade. Esse fenômeno é conhecido como BigData e corresponde a novos desafios para tecnologias clássicas como Sistema de Gestãode Banco de Dados Relacional pois não tem oferecido desempenho satisfatórioe escalabilidade para aplicações do tipo Big Data. Ao contrário dessas tecnologias,Hadoop MapReduce é um framework que, além de provêr processamento paralelo,também fornece tolerância a falhas e fácil escalabilidade sobre um sistema de armazenamentodistribuído compatível com cenário Big Data. Uma das técnicas que vemsendo utilizada no contexto Big Data são algoritmos bio-inspirados. Esses algoritmossão boas opções de solução em problemas complexos multidimensionais, multiobjetivose de grande escala. A combinação de sistemas baseados em Hadoop MapReducee algoritmos bio-inspirados tem se mostrado vantajoso em aplicações Big Data. Esseartigo apresenta uma revisão sistemática de trabalhos nesse contexto, visando analisarcritérios como: tarefas de mineração de dados abordadas, algoritmos bio-inspiradosutilizados, disponibilidade das bases utilizadas e quais características Big Data sãotratadas nos trabalhos. Como resultado, esse artigo discute os critérios analisados eidentifica alguns modelos de paralelização, além de sugerir uma direção para trabalhosfuturos.",Tutoriais,Published,https://seer.ufrgs.br/index.php/rita/workflow/access/58022,10.22456/2175-2745.58022,2015-08-24 11:10:32,2016-05-29 19:25:15
58551,Relação Entre o Gênero de Espectadores e o Conteúdo de Vídeos,"A sinalização digital é um tipo de publicidade transmitida por painéis colocados em lugares públicos, em que o problema de negócio se identifica como a necessidade do anunciante conhecer o perfil de seus espectadores. Neste contexto, este trabalho tem por objetivo um experimento que avalie a atenção dada por homens e mulheres a programas esportivos e jornalísticos, utilizando uma câmera monocular para detectar automaticamente as faces frontais ao monitor e correlacionar ao conteúdo que está sendo transmitido. Além disso, foi investigado o impacto do tamanho do conjunto de treinamento no tempo de processamento e na acurácia do classificador de gênero. As conclusões deste trabalho indicam que homens e mulheres variam a sua atenção dependendo do tipo de conteúdo. Adicionalmente, o aumento no tamanho do conjunto de treinamento (a partir de determinado valor) não tem  influência na acurácia do classificador de gênero, mas tem influência no aumento do tempo de processamento.",Regular Papers,Published,https://seer.ufrgs.br/index.php/rita/workflow/access/58551,10.22456/2175-2745.58551,2015-09-15 17:46:26,2016-05-29 19:25:18
59104,Exploring the subtopic-based relationship map strategy for multi-document summarization,"In this paper we adapt and explore strategies for generating multi-document summaries based on relationship maps, which represent texts as graphs (maps) of interrelated segments and apply different traversing techniques for producing the summaries. In particular, we focus on the Segmented Bushy Path, a sophisticated method which tries to represent in a summary the main subtopics from source texts while keeping its informativeness. In addition, we also investigate some well-known subtopic segmentation and clustering techniques in order to correctly select the most relevant information to compose the final summary. We show that this subtopic-based method outperforms other methods for multi-document summarization and that achieves state of the art results, competing with the most sophisticated deep summarization methods in the area.",Regular Papers,Published,https://seer.ufrgs.br/index.php/rita/workflow/access/59104,10.22456/2175-2745.59104,2015-10-04 22:29:39,2016-05-29 19:25:17
59336,ZipfTool: Uma ferramenta bibliométrica para auxílio na pesquisa teórica,"Devido ao volume de trabalhos publicados nos veículos de divulgação científica, ferramentas de análise de dados textuais tornam-se importantes para diversas áreas de conhecimento. Utilitários dessa natureza oferecem ao usuário funcionalidadestanto em âmbito quantitativo quanto qualitativo. Do ponto de vista quantitativo, possibilitam identificar a frequência de ocorrência de palavras no texto e diferenciar verbos, substantivos e artigos definidos. Já as análises qualitativas tratam do levantamentode palavras de maior conteúdo semântico, da identificação de descritores e palavras chave no texto e do correlacionamento entre os termos de maior teor semântico.Este trabalho tem por finalidade apresentar o desenvolvimento de uma ferramenta de análise de dados que não somente possui primitivas de análise quantitativas mas também qualitativas. Quantitativamente a ferramenta fornece a frequência dos principaistermos do texto, enquanto qualitativamente ela identifica as palavras de maior teor semântico. Utilizando de técnicas advindas da bibliometria, a ferramenta apresentada, chamada de ZipfTool implementa tanto a 1a quanto a 2a Leis de Zipf. O estudode caso na área de arquitetura de computadores mostra uma redução do universo de artigos a serem analisados de 46785 para 1508 juntamente com técnicas bibliométricas.Permite também uma forma rápida e consistente dos principais descritores de um campo do conhecimento sob análise, contribuindo para qualificar sua compreensão.",Case Studies,Published,https://seer.ufrgs.br/index.php/rita/workflow/access/59336,10.22456/2175-2745.59336,2015-10-14 14:17:19,2016-09-05 14:15:53
5956,Revisores da RITA no JEMS,"Os editores da Revista de Informática Teórica e Aplicada agradecem ao corpo editorial e aos seguintes revisores, do período 2005-2007, por seus esforços em manter o alto padrão de avaliação dos artigos da revista.",Anexos,Published,https://seer.ufrgs.br/index.php/rita/workflow/access/5956,10.22456/2175-2745.5956,2008-09-17 18:07:26,2008-09-18 23:57:08
5961,An Introduction to Light Interaction with Human Skin,"Despite the notable progress in physically-based rendering, there is still a long way to go before one can automatically generate predictable images of organic materials such as human skin. In this tutorial, the main physical and biological aspects involved in the processes of propagation and absorption of light by skin tissues are examined. These processes affect not only skin appearance, but also its health. For this reason, they have also been the object of study in biomedical research. The models of light interaction with human skin developed by the biomedical community are mainly aimed at the simulation of skin spectral properties which are used to determine the concentration and distribution of various substances. In computer graphics, the focus has been on the simulation of light scattering properties that affect skin appearance. Computer models used to simulate these spectral and scattering properties are described in this tutorial, and their strengths and limitations discussed.

Keywords: natural phenomena, biologically and physically-based rendering.",Tutoriais,Published,https://seer.ufrgs.br/index.php/rita/workflow/access/5961,10.22456/2175-2745.5961,2008-09-18 18:04:15,2008-09-20 20:38:16
59614,Paralelismo em Prolog: Conceitos e Sistemas,"Paralelismo é uma área de estudo que cresce a cada dia, devido à redução do custo e popularização de máquinas com arquiteturas paralelas. Nesse contexto, as linguagens lógicas, sobretudo o PROLOG, apresenta uma alternativa viável e prática de paralelismo. A exploração desse paralelismo pode ser realizada de diferentes formas, e há inúmeros desafios nessa tarefa. Este tutorial visa apresentar os principais conceitos de paralelismo em PROLOG, os desafios enfrentados quando se busca a paralelização nessa linguagem e o estado-da-arte do desenvolvimento de sistemas que dão suporte à paralelização em linguagens lógicas. São apresentados sistemas baseados em paralelismo implícito implementados em diferentes plataformas. Ao final é realizada uma comparação entre os sistemas apresentados e os modelos neles implementados.",Tutoriais,Published,https://seer.ufrgs.br/index.php/rita/workflow/access/59614,10.22456/2175-2745.59614,2015-10-27 23:58:53,2016-05-29 19:25:15
5962,A Gentle Introduction to Predictive Filters,"Predictive filters are essential tools in modern science. They perform state prediction and parameter estimation in fields such as robotics, computer vision, and computer graphics. Sometimes also called Bayesian filters, they apply the Bayesian rule of conditional probability to combine a predicted behavior with some corrupted indirect observation. When we study and solve a problem, we first need its proper mathematical formulation. Finding the essential parameters that best describe the system is hard; modeling their behaviors over time is even more challenging. Usually, we also have an inspection mechanism that provides us with indirect measurements, the observations, of the hidden underlying parameters. We also need to deal with the concept of uncertainty, and use random variables to represent both the state and the observations. Predictive filters are a family of estimation techniques. They combine the uncertain prediction from the system’s dynamics and the corrupted observation. There are many different predictive filters, each dealing with different types of mathematical representations for random variables and system dynamics. Here, the reader will find a dense introduction to predictive filters. After a general introduction, we discuss briefly discussion about mathematical modeling of systems: state representation, dynamics, and observation. Then, we expose some basic issues related to random variables and uncertainty modeling, and discuss four implementations of predictive filters, in order of complexity: the Kalman filter, the extended Kalman filter, the particle filter, and the unscented Kalman filter.

Keywords: Predictive Filters, Density Estimators, Kalman Filter, Particle Filter, Unscented Kalman Filter.",Tutoriais,Published,https://seer.ufrgs.br/index.php/rita/workflow/access/5962,10.22456/2175-2745.5962,2008-09-18 23:30:33,2008-09-20 20:38:16
5963,Java Advanced Imaging API: A Tutorial,"This tutorial shows how the Java language and its Java Advanced Imaging (JAI) Application Program Interface (API) can be used to create applications for image representation, processing and visualization. The Java language advantages are its low cost, licensing independence and inter-platform portability. The JAI API advantages are its flexibility and variety of image processing operators. The purpose of this tutorial is to present the basic concepts of the JAI API, including several complete and verified code samples which implements simple image processing and visualization operations. At the end of the tutorial the reader should be able to implement his/her own algorithms using the Java language and the JAI API.

Keywords: Image processing, Algorithms, Java, Java Advanced Imaging.",Tutoriais,Published,https://seer.ufrgs.br/index.php/rita/workflow/access/5963,10.22456/2175-2745.5963,2008-09-18 23:35:17,2008-09-20 20:38:16
5964,Shader Programming: An Introduction Using the Effect Framework,"Current commodity graphics cards offer programmability through vertex shaders and pixel shaders to create special effects by deformation, lighting, texturing, etc. The Effect framework introduced by Microsoft allows to store shader program code, settings, and a limited graphical user interface within a single .fx text file. This supports a division of labor between programmers writing the code and designers using the GUI elements to control settings. Furthermore, the Effect framework proves to be ideal for experimenting with shader programming — be it for learning purposes or for rapid prototyping. In this tutorial, we employ the Effect framework for an exploratory, hands-on approach, introducing first principles only as needed, not in advance. Simple shader programs are used to review basic 3D techniques such as homogeneous coordinates and the Phong shading model. Then we turn to basic deformation effects employing vertex shaders and the use of texture maps as decals or reflected environments inside pixel shaders. To create bump mapping and related effects, tangent space coordinates and normal maps are introduced. Finally, we treat more complex effects such as anisotropic specular highlights.

Keywords: Pixel shader, Vertex shader, HLSL, Effect framework",Tutoriais,Published,https://seer.ufrgs.br/index.php/rita/workflow/access/5964,10.22456/2175-2745.5964,2008-09-18 23:40:07,2008-09-20 20:38:16
5978,A Revista de Informática Teórica e Aplicada e as Tecnologias de Informação,"Este artigo apresenta uma breve visão da história da Revista em
relação às Tecnologias da Informação, descreve as ações que estão sendo tomadas para incrementar sua participação na comunidade acadêmica de Ciência da Computação utilizando-se das possibilidades da Web, e descreve as próximas funcionalidades que serão desenvolvidas. 

Palavras-chave: RITA, Bibliotecas Digitais , Tecnologia da Informação",Editorial,Published,https://seer.ufrgs.br/index.php/rita/workflow/access/5978,10.22456/2175-2745.5978,2008-09-20 20:32:02,2008-09-21 14:29:10
5979,Uso de Aspectos para Verificar Regras de Instanciação de Frameworks,"Instantiation of frameworks is usually a time-consuming, error-prone process as there are specific rule types that must be followed to produce an application that meets its requirements. Some of these rules refer to framework specific implementation policies and cannot be verified in compilation time, such as nomenclature rules and default constructors. A relevant problem is that faults generated when these rules are not applied can only be detected later, during the system usage. A mechanism to enforce that certain rules for a persistency framework be strictly followed, is shown.

Keyword: AOP, frameworks, instantiation rules",Regular Papers,Published,https://seer.ufrgs.br/index.php/rita/workflow/access/5979,10.22456/2175-2745.5979,2008-09-20 20:44:41,2008-09-21 14:29:10
5980,AspectH: Uma Extensão Orientada a Aspectos de Haskel,"This paper presents an extension of the Haskell programming language with the objective of improving modularization of functional programs. This extension, AspectH, extends Haskell with aspect oriented concepts. AspectH implements Aspect-Oriented Programming (AOP) through pointcuts and advice, like in AspectJ, and was designed to be used in Haskell programs that use monads.

Keywords: Aspect-oriented programming, functional programming, Haskell, monads",Regular Papers,Published,https://seer.ufrgs.br/index.php/rita/workflow/access/5980,10.22456/2175-2745.5980,2008-09-20 20:52:03,2008-09-21 14:29:10
5981,Making Medical Visual Information Available on the WEB,"This paper presents a new metadata model to describe and retrieve medical visual information, such images and their diagnoses, using the Web. The classes of this model allow describing medical images of different medical areas, including their properties, components and relationships. This model supports the international classification of diseases and related health problems (i.e. ICD-10) [1]. The MedISeek (Medical Image Seek) prototype presented here proposes a medical image sharing system based on web services, that allows authorized users to describe, store and retrieve medical images and their associated diagnostic information,based on the proposed metadata model. Thus, this paper proposes to include the image description, converted to RDF syntax, into a JPEG image and a persistent structure for relational databases to storage and retrieve this metadata, providing fast indexing and querying. A description of the prototype structure also is provided.",Regular Papers,Published,https://seer.ufrgs.br/index.php/rita/workflow/access/5981,10.22456/2175-2745.5981,2008-09-20 21:00:09,2008-09-21 14:29:10
5982,Um Framework de Apoio à Colaboração no Projeto Distribuído de Sistemas Integrados,"The work described in this paper aims to allow the flexible
distribution of resources and tools supporting the design of integrated systems and considers specifically the need for collaborative interaction among designers. Particular emphasis was given to issues which were only marginally considered in previous approaches, such as the abstraction of the distribution of design automation resources over the network, the consistency control on both synchronous and asynchronous interaction among designers and the support for extensible design data models.",Regular Papers,Published,https://seer.ufrgs.br/index.php/rita/workflow/access/5982,10.22456/2175-2745.5982,2008-09-20 21:08:07,2008-09-21 14:29:10
5983,Teorias da Aleatoriedade,"This work is a survey about the definition of “random sequence”. We emphasize the definition of Martin-Löf and the definition based on incompressibility (Kolmogorov complexity). Kolmogorov complexity is a profound and sofisticated theory of information and randomness based on Turing machines. These two definitions solve all the problems of the other approaches, satisfying our intuitive concept of randomness, and both are mathematically correct. Furthermore, we show the Schnorr’s approach, that includes a requisite of effectiveness (computability) in his definition. We show the relations between all definitions in a critical way.

Keywords: randomness, Kolmogorov complexity, Turing machine, computability,
probability.",Tutoriais,Published,https://seer.ufrgs.br/index.php/rita/workflow/access/5983,10.22456/2175-2745.5983,2008-09-20 21:15:56,2008-09-21 14:29:11
6011,3D Compression: from A to Zip a first complete example,"Images invaded most of contemporary publications and communications. This expansion has accelerated with the development of efficient schemes dedicated to image compression. Nowadays, the image creation process relies on multidimensional objects generated from computer aided design, physical simulations, data representation or optimisation problem solutions. This variety of sources motivates the design of compression schemes adapted to specific class of models. The recent launch of Google Sketch’up and its 3D models warehouse has accelerated the shift from two-dimensional images to three-dimensional ones. However, these kind of systems require fast access to eventually huge models, which is possible only through the use of efficient compression schemes. This work is part of a tutorial given at the XXth Brazilian Symposium on Computer Graphics and Image Processing (Sibgrapi 2007).",Tutoriais,Published,https://seer.ufrgs.br/index.php/rita/workflow/access/6011,10.22456/2175-2745.6011,2008-09-24 10:19:17,2008-10-22 15:24:47
6012,Introdução ao XNA,"This tutorial explore the basic characteristics for the game development plataform developed by Microsoft, called XNA (XNA´s Not Acronymed). XNA allows the creation of PC games, for Windows plataform and XBOX 360, for a console plataform. XNA aims to substitute the DirectX Manager, a version of DirectX for a .NET plataform. All the applications made in XNA are compiled in a managed code. This code is executed at the Common Language Runtime (CLR), which is the virtual machine of the .NET plataform.",Tutoriais,Published,https://seer.ufrgs.br/index.php/rita/workflow/access/6012,10.22456/2175-2745.6012,2008-09-24 10:35:17,2008-10-22 15:24:47
6014,Steganography and Steganalysis in Digital Multimedia: Hype or Hallelujah?,"In this tutorial, we introduce the basic theory behind Steganography and Steganalysis, and present some recent algorithms and developments of these fields. We show how the existing techniques used nowadays are related to Image Processing and Computer Vision, point out several trendy applications of Steganography and Steganalysis, and list a few great research opportunities just waiting to be addressed.",Tutoriais,Published,https://seer.ufrgs.br/index.php/rita/workflow/access/6014,10.22456/2175-2745.6014,2008-09-24 10:41:11,2008-10-22 15:24:47
6015,Navigation and Interaction in Graph Visualizations,"Graphs are widely utilized in many fields and several applications require their visualization. Graph visualization is based on techniques for graph drawing, interaction and navigation in such a way that helps the user in finding and manipulating information efficiently. These techniques, which can be two or three-dimensional, depending on the spatial metaphor used to represent the graph, can be combined in many different ways in order to fit a particular application's needs. This paper presents an overview of the field of graph visualization.",Tutoriais,Published,https://seer.ufrgs.br/index.php/rita/workflow/access/6015,10.22456/2175-2745.6015,2008-09-24 10:55:14,2008-10-22 15:24:47
6016,"Dimensionality Reduction, Classification and Reconstruction Problems in Statistical Learning Approaches","Statistical learning theory explores ways of estimating functional dependency from a given collection of data. The specific sub-area of supervised statistical learning covers important models like Perceptron, Support Vector Machines (SVM) and Linear
Discriminant Analysis (LDA). In this paper we review the theory of such models and compare their separating hypersurfaces for extracting group-differences between samples. Classification and reconstruction are the main goals of this comparison. We show recent advances in this topic of research illustrating their application on face and medical image databases.",Tutoriais,Published,https://seer.ufrgs.br/index.php/rita/workflow/access/6016,10.22456/2175-2745.6016,2008-09-24 11:04:29,2008-10-22 15:24:47
60234,Uma contribuição ao auxíılio do diagnóstico do autismo a partir do processamento de imagens para extração de medidas antropométricas,"O Transtorno do Espectro Autista (TEA) é uma síndrome caracterizada pela dificuldade na interação social e desvios qualitativos na comunicação e no uso da imaginação. Embora o diagnóstico dessa síndrome consista basicamente de avaliação clínica, ferramentas computadorizadas podem ser empregadas como coadjuvantes nesta tarefa. A partir de avaliações clínicas, há indícios de que crianças portadoras de TEA apresentam medidas antropométricas diferentes das crianças sem a síndrome. O presente trabalho tem o objetivo de definir e validar técnicas para processar imagens faciais e mensurar distâncias antropométricas com a finalidade de auxiliar o diagnóstico de TEA. As técnicas definidas culminaram na construção de uma ferramenta computacional capaz de analisar fotografias de pacientes e calcular as medidas antropométricas faciais. A ferramenta foi validada com um banco de imagens de indivíduos com e sem a síndrome, tendo sido encontradas semelhanças e diferenças entre as medidas antropométricas extraídas pela ferramenta e medidas citadas em estudos anteriores. A ferramenta mostrou-se capaz de processar imagens frontais de pacientes e extrair seus componentes e medidas antropométricas com precisão, a partir de técnicas de processamento de imagens adaptadas para essas finalidades, podendo contribuir efetivamente para o auxílio ao diagnóstico de TEA.",Regular Papers,Published,https://seer.ufrgs.br/index.php/rita/workflow/access/60234,10.22456/2175-2745.60234,2015-11-23 00:45:26,2016-12-27 10:20:41
6024,Editorial,"Esta edição da Revista RITA - Revista de Informática Teórica e Aplicada é dedicada às áreas de computação gráfica e processamento de imagens, contendo artigos referentes aos tutoriais apresentados no SIBGRAPI 2007 - Simpósio Brasileiro de Computação Gráfica e Processamento de Imagens, realizado em outubro de 2007, em Belo Horizonte, Minas Gerais. Para a organização desta edição, contamos com a participação dos professores Agma Traina, do ICMC-USP São Carlos, e Marcelo Dreux, da PUC-Rio, na qualidade de Editores Convidados.",Editorial,Published,https://seer.ufrgs.br/index.php/rita/workflow/access/6024,10.22456/2175-2745.6024,2008-09-24 17:06:21,2008-10-22 15:24:47
6025,Editorial convidado,"This special issue of RITA contains the papers of the Tutorials presented at the Brazilian Symposium on Computer Graphics and Image Processing, SIBGRAPI 2007. It was a pleasure to receive 17 submissions, two of them from foreign countries. The majority of them have a very high standard but, because of time and space constraints, only six of them could be accepted. Herein texts associated to five of them are presented. These papers address a number of current research issues as well as conceptual information seek by the students and researchers of the field, as summarized as follows.",Editorial,Published,https://seer.ufrgs.br/index.php/rita/workflow/access/6025,10.22456/2175-2745.6025,2008-09-24 17:10:38,2008-10-22 15:24:47
60989,Avaliação de Incisão Cirúrgica em Simuladores com Realidade Virtual,"Simuladores de procedimentos cirúrgicos com Realidade Virtual vêm se tornando cada vez mais populares. Um componente importante deste tipo de software para a área médica é a capacidade de simular incisões. No contexto computacional, as incisões envolvem três etapas básicas: definição da geometria e topologia, detecção de colisão e deformação. Além disso, em simuladores voltados ao treinamento de estudantes, a capacidade de avaliar o desempenho do usuário é fundamental. Nestetrabalho, dois experimentos são feitos, um com dados gerados aleatoriamente e outro com dados gerados a partir de interação do usuário com uma aplicação via mouse, para avaliar a qualidade do corte no que diz respeito à sua trajetória. Ambos os experimentos foram realizados utilizando o método Support Vector Machine (SVM). Resultados satisfatórios foram obtidos com a SVM e cinco kernels, com taxas de acerto superiores a 70%. Tem-se como principal conclusão, então, que a SVM é um método capaz de avaliar problemas relacionados à trajetória de incisão. Como contribuiçõesdo trabalho, têm-se a análise dos componentes da incisão, o levantamento de métodos de avaliação aplicáveis a este problema e o uso da SVM nos dois experimentos conduzidos, que mostrou a aplicabilidade deste método neste contexto.",Regular Papers,Published,https://seer.ufrgs.br/index.php/rita/workflow/access/60989,10.22456/2175-2745.60989,2015-12-17 18:46:46,2016-05-29 19:25:18
61220,Método Computacional para o Diagnóstico Precoce da Granulomatose de Wegener,"Neste trabalho é apresentado um sistema de reconhecimento de padrõesproteômicos com o objetivo de auxiliar o diagnóstico precoce da Granulomatose deWegener (GW), uma vasculite idiopática rara de difícil detecção e alta taxa de mortalidade para indivíduos não tratados. O método consiste em extrair característicasde sinais proteômicos e classificá-las como sendo de indivíduos portadores ou nãoportadores de GW. Para tanto, utiliza-se Análise de Componentes Independentes paraextrair características dos sinais, Algoritmo de Máxima Relevância e Mínima Redun-dância para reduzir o número de características e custos computacionais e Máquina deVetores de Suporte para classificar. A qualidade do método foi avaliada utilizando umabase de dados com 335 sinais proteômicos, composta por 75 casos ativos, 101 casosnegativos e 159 em remissão. O melhor resultado obtido foi para um vetor de vintecaracterísticas cuja acurácia, especificidade e sensibilidade foram, respectivamente,de: 98, 24%, 99, 73% e 99, 50%.",Regular Papers,Published,https://seer.ufrgs.br/index.php/rita/workflow/access/61220,10.22456/2175-2745.61220,2015-12-29 14:07:46,2016-05-29 19:25:19
62211,Learning to Identify At-Risk Students in Distance Education Using Interaction Counts,"Student dropout is one of the main problems faced by distance learning courses. One of the major challenges for researchers is to develop methods to predict the behavior of students so that teachers and tutors are able to identify at-risk students as early as possible and provide assistance before they drop out or fail in their courses. Machine Learning models have been used to predict or classify students in these settings. However, while these models have shown promising results in several settings, they usually attain these results using attributes that are not immediately transferable to other courses or platforms. In this paper, we provide a methodology to classify students using only interaction counts from each student. We evaluate this methodology on a data set from two majors based on the Moodle platform. We run experiments consisting of training and evaluating three machine learning models (Support Vector Machines, Naive Bayes and Adaboost decision trees) under different scenarios. We provide evidences that patterns from interaction counts can provide useful information for classifying at-risk students. This classification allows the customization of the activities presented to at-risk students (automatically or through tutors) as an attempt to avoid students drop out.",Regular Papers,Published,https://seer.ufrgs.br/index.php/rita/workflow/access/62211,10.22456/2175-2745.62211,2016-02-15 15:07:27,2016-12-03 12:37:27
62657,Autômatos celulares unidimensionais caóticos com borda fixa aplicados à modelagem de um sistema criptográfico para imagens digitais,"O principal objetivo da criptografia de dados é possibilitar que duas entidades se comuniquem ao longo de um canal inseguro, de tal forma que nenhum oponente consiga decifrar a mensagem que é enviada. Muitos métodos de criptografia clássica já foram investigados para minimizar este problema. Uma nova abordagem para este tema são os Autômatos Celulares (ACs), que estão sendo estudados por sua capacidade de processar grandes volumes de dados em paralelo. Nesse trabalho é investigado um novo modelo de autômato celular para criptografia de imagens, que tem como característica o uso do cálculo de pré-imagens. Resultados mostraram que o modelo tem grande potencial para a realização de cifragem de grandes volumes de dados.",Regular Papers,Published,https://seer.ufrgs.br/index.php/rita/workflow/access/62657,10.22456/2175-2745.62657,2016-03-01 15:28:21,2016-05-29 19:25:19
63581,Detecção de leucócitos em imagens de vídeo de microscopia intravital usando a técnica de congruência de fase,"A quantificação do número de leucócitos rolantes e aderidos presentes na microcirculação de pequenos animais é uma tarefa importante para elucidar os mecanismos de inflamações e avaliar os efeitos terapêuticos de novas drogas. Em geral, a contagem de leucócitos é realizada de maneira visual por um observador (técnico laboratorial ou especialista) usando uma sequência de imagens de microscopia intravital (MI). Entretanto, tal tarefa é demorada e suscetível a erros, devido a fadiga visual do observador e a variabilidades inter e intra observadores. Neste trabalho uma nova técnica computacional é proposta para a detecção automática de leucócitos em vídeos de MI. A técnica usa uma medida de blobness, calculada a partir da análise dos autovalores de matrizes locais de momentos de segunda-ordem da medida de congruência de fase, para realçar os leucócitos nas imagens. A detecção dos leucócitos é alcançada pela busca de máximos locais no mapa de medidas de blobness. Usando um conjunto de quadros com os centroides dos leucócitos manualmente marcados, os resultados da técnica proposta foram avaliados usando os valores das métricas medida-F1 e áreas sob as curvas precisão-revocação (AUCPRs) calculadas para cada quadro do vídeo. Uma comparação com a técnica de casamento de padrões também foi realizada. Os resultados obtidos para a técnica proposta (medida-F1=0,791, AUCPR=0,776) foram superiores em comparação com a técnica de casamento de padrões (medida-F1=0,746, AUCPR=0,670).",Regular Papers,Published,https://seer.ufrgs.br/index.php/rita/workflow/access/63581,10.22456/2175-2745.63581,2016-03-30 20:01:32,2016-12-03 12:37:24
64206,Emprego de Banco de Filtros e do Teorema de Imersão de Takens em Padrões Espaciais para a Classificação de Imagética Motora em Interfaces Cérebro-Computador,"As Interfaces Cérebro-Computador (BCI) são sistemas que provêm uma alternativa para que pessoas com perda severa ou total do controle motor possam inte- ragir com o ambiente externo. Para mapear intenções individuais em operações de má- quina, os sistemas de BCI empregam um conjunto de etapas que envolvem a captura e pré-processamento dos sinais cerebrais, a extração e seleção de suas características mais relevantes e a classificação das intenções. Neste trabalho, diferentes abordagens para a extração de características de sinais cerebrais foram avaliadas, a mencionar: i) Padrões Espectro-Espaciais Comuns (CSSP); ii) Padrões Esparsos Espectro-Espaciais Comuns (CSSSP); iii) CSSP com banco de filtros (FBCSSP); e, finalmente, iv) CSSSP com banco de filtros (FBCSSSP). Em comum, essas técnicas utilizam de filtragem de banda de frequências e reconstrução de espaços para ressaltar similaridades entre si- nais. A técnica de Seleção de Características baseada em Informação Mútua (MIFS) foi adotada para a redução de dimensionalidade das características extraídas e, em se- guida, Máquinas de Vetores de Suporte (SVM) foram utilizadas para a classificação do espaço de exemplos. Os experimentos consideraram o conjunto de dados BCI Compe- tition IV-2b, o qual conta com sinais produzidos pelos eletrodos nas posições C3, Cz e C4 a fim de identificar as intenções de movimentação das mãos direita e esquerda. Conclui-se, a partir dos índices kappa obtidos, que os extratores de características adotados podem apresentar resultados equiparáveis ao estado da arte. ",Regular Papers,Published,https://seer.ufrgs.br/index.php/rita/workflow/access/64206,10.22456/2175-2745.64206,2016-04-20 12:53:54,2016-12-03 12:37:29
64413,Comparando o Desempenho de Implementações de Tabelas Hash Concorrentes em Haskell,"Implementar um algoritmo de tabela hash concorrente que extraia desempenho está longe de ser uma tarefa computacional trivial. Neste artigo apresentamos sete diferentes implementações de tabelas hash em Haskell, explorando desde modelos de sincronização de baixo nível até os de mais alta abstração como memórias transacionais. Nos testes realizados a implementação usando a biblioteca STM Haskell de memória transacional foi a que apresentou melhor desempenho.",Melhores Artigos WEIT 2015,Published,https://seer.ufrgs.br/index.php/rita/workflow/access/64413,10.22456/2175-2745.64413,2016-04-29 13:07:37,2016-12-03 12:44:36
64431,Computação na Educação Básica no Brasil: o Estado da Arte,"Este artigo apresenta um levantamento de projetos na área do Pensamento Computacional, com foco no ensino fundamental e médio, que tiveram resultados publicados nos principais veículos de Informática na Educação no Brasil. Neste estudo foi identificado que diferentes estratégias têm sido adotadas para a introdução da Computação na Educação Básica, destacando-se: Algoritmos e Programação, Robótica, Jogos, Computação Desplugada, entre outras. Cada uma das estratégias foi descrita considerando os seguintes aspectos: os conceitos da ciência da computação que têm sido abordados, as ferramentas utilizadas, a forma com que a estratégia tem abordado a interdisciplinaridade, a colaboração e/ou a comunicação. Ademais, uma descrição estatística dos trabalhos é realizada, destacando as instituições envolvidas nos projetos, o público alvo, as abordagens e ferramentas utilizadas. O objetivo deste relato é fornecer uma visão geral do que já foi alcançado na área no Brasil.",Melhores Artigos WEIT 2015,Published,https://seer.ufrgs.br/index.php/rita/workflow/access/64431,10.22456/2175-2745.64431,2016-04-29 21:26:43,2016-12-03 12:45:34
65061,Escola Gaúcha de Bioinformática 2015,,Conference Reports,Published,https://seer.ufrgs.br/index.php/rita/workflow/access/65061,10.22456/2175-2745.65061,2016-05-29 17:16:41,2016-05-29 19:53:05
65372,QEDS: Um Simulador Clássico para Distinção de Elementos Quântico," O problema de decidir se todos os N elementos em uma lista são distintos requer Omega(N) consultas no modelo clássico. Um algoritmo quântico baseado em caminhada quântica em um gráfico de Johnson melhora este limite para O(N2/3) consultas. O algoritmo quântico para a distinção de elementos executa vários cálculos, cada um envolvendo superposições não triviais de estados. Por esta razão, é difícil estudar o algoritmo sem ferramentas apropriadas. Neste trabalho, apresentamos um simulador numérico para o algoritmo de distinção de elementos e analisamos seu desempenho. O objetivo principal de nosso simulador é servir como uma ferramenta educacional. No entanto, como um software livre de código aberto, ele pode ser facimente estendido para uso profissional. ",Regular Papers,Published,https://seer.ufrgs.br/index.php/rita/workflow/access/65372,10.22456/2175-2745.65372,2016-06-11 18:08:14,2016-12-03 12:37:25
65538,Autômatos Celulares e Sistema Multiagente para Simulação da Propagação de Doenças,"Nestetrabalhoéapresentadoumestudosobremodeloscomputacionais epidemiológicos enfocando o tipo Suscetível-Infectado-Removido, SIR, e diferentes estratégias de solução à simulação computacional da propagação de doenças transmissíveis. Mostra-se que modelos baseados em autômatos celulares tipo Lattice Gas Cellular Automata, LGCA, têm soluções assemelhadas às obtidas por sistemas multiagentes, diferentemente de autômatos celulares difusivos. Os resultados obtidos da literatura, bem como aqueles decorrentes deste trabalho, apontam que tais metodologias têm potencial à simulação da dinâmica de fenômenos ecológicos, biológicos e físicos que possam assim ser modelados. Indicam, contudo, que resultados mais condizentes com dados reais dependem do desenvolvimento e da parametrização de modelos que adicionem características essenciais ao fenômeno, como a interação entre indivíduos e meio ambiente, e a heterogeneidade do sistema relacional de contatos. ",Regular Papers,Published,https://seer.ufrgs.br/index.php/rita/workflow/access/65538,10.22456/2175-2745.65538,2016-06-16 09:08:58,2016-12-03 12:37:28
65827,Comparação entre abordagens escaláveis para o processamento de conjuntos de dados textuais,"DataAnalyticséumconceitovoltadoaanálisedegrandesquantidades de dados em busca de padrões e informações relevantes. A manipulação desses da- dos é complexa e exige métodos automáticos capazes de processar grandes volumes de dados exigindo poder computacional para obtenção de informações em tempo há- bil. O modelo de programação MapReduce surgiu para auxiliar a distribuição desses problemas entre várias máquinas, melhorando a eficiência em seu processamento. As plataformas Apache Hadoop e Spark possibilitam a utilização deste paradigma em ambientes de hardware commodities. O agrupamento de dados tem como objetivo determinar um conjunto finito de categorias para descrever um conjunto de dados de acordo com as características similares dos objetos do conjunto de dados. Diferen- tes estratégias para pré-processamento influenciam os resultados da etapa de agrupa- mento de dados. Deste modo, este trabalho trata do estudo de diferentes métodos de pré-processamento de documentos textuais, visando alcançar representações que pro- porcionem bons resultados à etapa de agrupamento. Nele, propomos uma abordagem para seleção de atributos embasado no algoritmo Latent Dirichlet Allocation (LDA). ",Regular Papers,Published,https://seer.ufrgs.br/index.php/rita/workflow/access/65827,10.22456/2175-2745.65827,2016-06-28 20:32:00,2017-08-02 13:15:42
6586,Avaliação Pró-ativa da Deterioração de Sistemas de Informação por meio de Medidas de Gestão,"Issues related to the decision on software modernization have received more attention and importance. Many methods have been proposed to support an organization’s choice of the best alternative for a system modernization; however, these methods do not search to supply necessary information to the precocious identification of system deterioration. This article presents an approach based on measurement that aims to continuously monitor the system deterioration, allowing managers to perform adjustment actions as soon as possible, aiming to extend its useful life. Practical applications in different systems of a large company show the viability of collecting these measures and indicate the systems in deterioration.",Regular Papers,Published,https://seer.ufrgs.br/index.php/rita/workflow/access/6586,10.22456/2175-2745.6586,2008-11-06 12:56:02,2011-03-15 13:57:42
67253,Desenvolvimento de Interface de Usuário para a Melhoria da Consciência Situacional em Gerenciamento de Emergências,"ConsciênciaSituacional(SituationalAwareness-SAW)éumprocesso cognitivo amplamente difundido em áreas que demandam a tomada de decisão crítica e se refere ao nível de consciência que um indivíduo ou equipe detém sobre uma situa- ção. No domínio de gerenciamento de emergências, a informação gerida por sistemas de apoio à avaliação de situações afeta a forma como os operadores humanos adqui- rem, mantêm e recuperam SAW. Tais rotinas, cruciais para a efetividade das atividades decisórias, são desafiadoras, não somente pela natureza crítica das situações, mas tam- bém devido à dinamicidade das informações que a compõem. Falhas de SAW podem induzir operadores humanos a erros no processo decisório e acarretar riscos à vida, ao patrimônio ou ao meio ambiente. Além disso, domínios críticos também exigem uma preocupação constante com a qualidade da informação, principalmente quando humanos são também fontes de informação, o que pode gerar incertezas. Neste con- texto, interfaces orientadas a SAW exercem um papel fundamental, não somente para a representação de informações que podem ser incertas, mas também para promover uma gestão participativa da situação que evolui com o tempo. Este trabalho apresenta uma interface orientada por princípios de SAW e demonstra como inclui-la em um processo de avaliação de situações de emergências, composto por rotinas inovadoras de fusão, avaliação, representação e visualização de informações situacionais. Em es- tudo de caso, foram utilizados eventos de roubo relatados ao serviço de atendimento a emergências da Polícia Militar do Estado de São Paulo (PMESP). Uma avaliação de SAW foi conduzida com operadores da PMESP, que testaram e avaliaram a interface desenvolvida, revelando índices satisfatórios quanto ao entendimento de uma situação. ",Regular Papers,Published,https://seer.ufrgs.br/index.php/rita/workflow/access/67253,10.22456/2175-2745.67253,2016-08-24 11:56:26,2017-08-02 13:15:41
6865,Editorial,"   Esta edição da Revista RITA - Revista de Informática Teórica e Aplicada é dedicada à área de Realidade Virtual, contendo artigos estendidos escritos a partir dos cinco melhores trabalhos apresentados no SVR 2008 – Brazilian Symposium on Virtual and Augmented Reality, realizado em maio de 2008, em João Pessoa, Paraíba. Para a organização desta edição, contamos com a participação dos coordenadores do Comitê de Programa do evento, professores Alberto Raposo, da Pontifícia Universidade Católica do Rio de Janeiro, e Judith Kelner, da Universidade Federal de Pernambuco, na qualidade de Editores Convidados. O SVR, promovido pela Sociedade Brasileira de Computação, reúne anualmente a comunidade brasileira com interesse em realidade virtual, realidade aumentada e áreas correlatas. Esta é a primeira ocasião em que artigos do SVR são apresentados em versão estendida na RITA. O Comitê de Programa do evento realizou a seleção dos melhores trabalhos, os quais foram estendidos pelos autores e submetidos a uma nova revisão, coordenada pelos Editores Convidados. Esperamos que essa edição da RITA contribua para a divulgação mais ampla dos trabalhos realizados nas áreas cobertas pelo SVR e incentive estudantes e pesquisadores à submissão dos resultados de suas pesquisas tanto à RITA como às próximas edições do Simpósio. A todos, editores convidados, revisores e autores, gostaríamos de dirigir nossos agradecimentos, por contribuírem com este número especial da Revista RITA.   Luis C. Lamb José Palazzo M. Oliveira Lisandro Z. Granville   Instituto de Informática, Universidade Federal do Rio Grande do Sul Porto Alegre, RS, Brasil",Editorial,Published,https://seer.ufrgs.br/index.php/rita/workflow/access/6865,10.22456/2175-2745.6865,2008-11-18 15:01:57,2009-04-17 17:14:11
6867,Guest Editors,"The Brazilian Symposium on Virtual and Augmented Reality (SVR) celebrated its 10th edition in 2008, in the city of João Pessoa. During these last 10 years, SVR has earned its space and magnitude as a truly consolidated event within the Brazilian research community. The papers in this special issue of RITA were selectively chosen among the 24 full papers presented in SVR 2008. They are extended and revised versions of those originally presented in the symposium.
The material in this special issue is representative of the wide scope of the areas covered by the symposium. The first paper, the only one not presented at the symposium, was written by the editors jointly with Luciano Soares and Veronica Teichrieb. It provides a rich panorama of current Brazilian research in Virtual Reality (VR) and related areas, based on an analysis of the 124 full papers presented over the last four SVR editions. The second paper, by Silvano Malfatti, Selan dos Santos, Luciane Fraga, Claudia Justel, Paulo Rosa, and Jauvane Oliveira, describes some interesting VR work. Its authors present an engine (EnCIMA) aimed at the quick development of VR applications. The third paper, by Fábio Miranda, Romero Tori, Cláudio Bueno, and Lucas Trias, presents research results from the Augmented Reality (AR) area. This paper, which received the best paper award in the symposium, presents a projection-based AR X-Ray tool to allow visual exploration of internal details of walls, as an illustration. The fourth paper, by Leandro Fernandes, Vitor Pamplona, João Prauchner, Luciana Nedel, and Manuel Oliveira, explores 3D user interaction. It presents the implementation of a data glove that uses a camera to track visual markers at finger tips. Finally, the last paper, by Ednaldo Pizzolato, Diego Duarte, and Marcio Fernandes, explores speech recognition as a form of interaction, introducing a software framework for application developers.	


Alberto Raposo
Pontifical Catholic University of Rio de Janeiro - PUC-Rio - Brazil
								
Judith Kelner
Federal University of Pernambuco – UFPE – Recife- Pernambuco – Brazil",Editorial,Published,https://seer.ufrgs.br/index.php/rita/workflow/access/6867,10.22456/2175-2745.6867,2008-11-18 15:08:37,2009-04-17 17:11:41
69309,"Uma Revisão Sistemática sobre Abordagens em Organizações Virtuais no Contexto de Confiança, Reputação e Computação em Nuvem","AsOrganizaçõesVirtuaisrepresentamumaproeminenteformadecola- boração na qual um conjunto de empresas compartilham habilidades, competências e riscos para atender um objetivo em comum. Algumas preocupações surgem durante a colaboração, como, por exemplo, questões relativas a confiança, reputação e o uso de recursos tecnológicos. A confiança e a reputação nas OVs visam minimizar o risco ao lidar com entidades desconhecidas. Já o uso de recursos tecnológicos, como por exemplo computação em nuvem, fornece suporte a oportunidade de colaboração po- rém apresenta alguns problemas relacionados a autenticação, segurança, privacidade e confiança. Portanto, este artigo apresenta uma revisão sistemática cujo objetivo é veri- ficar as abordagens que estão sendo realizadas no contexto das Organizações Virtuais e que estejam relacionadas com pelo menos um dos conceitos de confiança, reputação ou computação em nuvem. Para tal, a busca junto a literatura especializada resultou em 75 artigos, sendo selecionadas 24 deles para análise. Os critérios utilizados para a seleção foram os artigos relevantes nos últimos 5 anos, completos, no idioma inglês e que relacionassem Organização Virtual com pelo menos um dos conceitos de confi- ança, reputação e computação em nuvem. Por conseguinte, identificou-se como cada conceito é abordado e verificou-se que um mesmo conceito apresenta-se de diferentes formas e nenhum dos trabalhos buscou apresentar a integração desses conceitos. ",Tutoriais,Published,https://seer.ufrgs.br/index.php/rita/workflow/access/69309,10.22456/2175-2745.69309,2016-11-08 19:48:06,2017-08-02 13:15:39
69479,Uma Arquitetura de Software para Bibliotecas de Realidade Aumentada Baseada em Marcadores Naturais,"Um importante tópico de estudo no campo da Realidade Aumentada é o desenvolvimento de sistemas que não necessitam de marcadores fiduciais. Nesses sis- temas são utilizadas somente características naturais da cena para posicionar a câmera e realizar a projeção. Essa característica torna as aplicações mais inteligíveis e sua utilização é imediata. Entretanto, não existem muitas bibliotecas que auxiliem o de- senvolvimento de aplicações em Markerless Augmented Reality (MAR) e, as poucas que existem, geralmente são de código fechado. Este artigo apresenta uma arquitetura de software que pode ser utilizada para a criação de bibliotecas de MAR. Todos os recursos de Visão Computacional serão oriundos da biblioteca OpenCV. ",Regular Papers,Published,https://seer.ufrgs.br/index.php/rita/workflow/access/69479,10.22456/2175-2745.69479,2016-11-18 21:12:50,2017-08-02 13:15:40
6998,FORUM: Modelo e Linguagem para Especificação  de Regras em Ambientes Colaborativos,"Collaborative environments development has significantly increased in the last years, as well as the complexity of such systems and the search for better quality. On the collaborative environment development, the definition of precise rules set is important to allow correct interactions among the actors. The goal of this work is to present Forum, a model and a language to specify rules for collaborative environments, helping software designers to make rules specification to support a high level of control in such environments.",Regular Papers,Published,https://seer.ufrgs.br/index.php/rita/workflow/access/6998,10.22456/2175-2745.6998,2008-11-28 08:34:21,2008-12-12 16:50:12
6999,Estabilidade de Classificadores de Decisão em Árvore Binária para Dados Imagem em Alta Dimensão,"  This paper deals with the problem of classifying high-dimensional image data image data using a multiple stage classifier structured as a binary tree. The aim here consists in finding the optimal structure for the binary tree in the sense of achieving a stable accuracy. The advantage presented by a multiple stage classifier lies on the fact that only a sub-set of classes is considered at each stage, allowing a better selection of the features to be used at each node.  The binary tree is a particular case of a tree structured classifier, on which only two classes are considered at each node. This peculiarity makes possible the direct use of statistical distances for feature reduction (selection or extraction). In this study the criterion used for feature reduction at each node consists in optimizing the Bhattacharyya distance separating both classes in the node. The optimization of Bhattacharyya distance was based on the covariance matrices. Once the final set of features is obtained at each particular node, the classification is performed using the Gaussian Maximum Likelihood decision rule. Tests were performed using high-dimensional image data collected by the sensor system AVIRIS covering a test area. The criteria to evaluate the performance of the classifiers are: the final accuracy yielded by the classifier, its stability, and the required computer time.",Regular Papers,Published,https://seer.ufrgs.br/index.php/rita/workflow/access/6999,10.22456/2175-2745.6999,2008-12-02 08:24:34,2008-12-12 16:50:12
7015,On the Development and Evaluation of a Brazilian Portuguese Discourse Parser," We present in this paper the development process and the evaluation procedure of a Brazilian Portuguese discourse parser called DiZer. Based on Rhetorical Structure Theory, DiZer is a symbolic cue phrase-based analyzer that makes use of discourse templates learned from a corpus of scientific texts to identify and build the discourse structure of texts. DiZer evaluation shows satisfactory results for scientific and news texts, even tough it was not designed for the latter, which demonstrates DiZer portability.",Regular Papers,Published,https://seer.ufrgs.br/index.php/rita/workflow/access/7015,10.22456/2175-2745.7015,2008-12-02 08:40:37,2008-12-12 16:50:12
7016,Estratégias para a Combinação de Classificadores Binários em Soluções Multiclasses,"Several problems involve the classification of data into categories, also called classes. Given a dataset containing data whose classes are known, Machine Learning algorithms can be employed for the induction of a classifier able to predictthe class of new data from the same domain, performing the desired discrimination. Some learning techniques are originally conceived for the solution of problems with only two classes, also named binary problems. However, several problems requirethe discrimination of examples into more than two categories or classes. This paper surveys strategies for the generalization of binary classifiers to problems with more than two classes, known as multiclass problems. The focus is on strategies that decompose the original multiclass problem into multiple binary subtasks, whose outputs are combined to obtain the final classification.",Regular Papers,Published,https://seer.ufrgs.br/index.php/rita/workflow/access/7016,10.22456/2175-2745.7016,2008-12-02 09:00:11,2008-12-12 16:50:12
7023,Representação e Classificação de Texturas da Íris Baseada na Transformada Ótima de Gabor," This paper proposes to investigate the application of the method developed by Manjunah and Ma [12], namely, the Optimal Gabor Wavelet Transform (OGWT), in the context of iris texture representation. The proposed method was tested in a widely known database of 1205 eye images [16]. In each one of these images, the iris region was segmented, and then represented in multiple scales using the OGWT; the íris texture patterns were represented by their statistics in the Wavelet domain, and compared using similarity metrics. The experimental results indicate that the proposed method obtains a correct iris recognition rate of 94,68%, even considering out of focus images and iris occlusions; a correct iris recognition rate of 100% is obtained excluding problematic images. The proposed method is flexible, and allows to fine tune the iris recognition criterion according to the accuracy level required by the application.",Regular Papers,Published,https://seer.ufrgs.br/index.php/rita/workflow/access/7023,10.22456/2175-2745.7023,2008-12-03 09:11:00,2008-12-12 16:50:12
7024,A Novel Method for Generating Scale Space Kernels Based on Wavelet Theory,"  The linear scale-space kernel is a Gaussian or Poisson function. These functions were chosen based on several axioms. This representation creates a good base for visualization when there is no information (in advanced) about which scales are more important. These kernels have some deficiencies, as an example, its support region goes from minus to plus infinite. In order to solve these issues several others scale-space kernels have been proposed. In this paper we present a novel method to create scale-space kernels from one-dimensional wavelet functions. In order to do so, we show the scale-space and wavelet fundamental equations and then the relationship between them. We also describe three different methods to generate two-dimensional functions from one-dimensional functions. Then we show results got from scale-space blob detector using the original and two new scale-space bases (Haar and Bi-ortogonal 4.4), and a comparison between the edges detected using the Gaussian kernel and Haar kernel for a noisy image. Finally we show a comparison between the scale space Haar edge detector and the Canny edge detector for an image with one known square in it, for that case we show the Mean Square Error (MSE) of the edges detected with both algorithms.",Regular Papers,Published,https://seer.ufrgs.br/index.php/rita/workflow/access/7024,10.22456/2175-2745.7024,2008-12-03 14:04:02,2008-12-12 16:50:12
7029,Proposta de Utilização do Diagrama de Seqüência para Definição de Casos de Teste de Unidade," The step of software testing has been increasingly relevant in the software development process, directly impacting on the quality of the product. Among the tests applied in the software, it appears that the unit test does not present an artifact aligned with the standard adopted for specification of software (UML). In this sense, it presents a proposal for using the sequence diagram of how to define artifact of test cases, specifically geared to unit test, making the planning of tests regardless of programming language, expanding the possibilities for using the artifact. The suitability of the proposed diagram is demonstrated by using a tool that allows the generation of code to run on JUnit framework.",Regular Papers,Published,https://seer.ufrgs.br/index.php/rita/workflow/access/7029,10.22456/2175-2745.7029,2008-12-03 14:12:16,2008-12-12 16:50:12
7031,Reestruturação de Software Dirigida por Conectividade para Redução de Custo de Manutenção,"Most of the software cost is due to maintenance. In the last years, there has been a great deal of interest in developing cost estimation and effort prediction instruments for software maintenance. This work proposes that module connectivityis a key factor to predict maintenance cost and uses this thesis as the basis to develop a Connectivity Evaluation Model in OO Systems (MACSOO), which is a refactoring model based on connectivity whose aim is to minimize maintenance cost. We describe experiments whose results provide an example of the model application and expose the correlation between connectivity and maintainability.",Regular Papers,Published,https://seer.ufrgs.br/index.php/rita/workflow/access/7031,10.22456/2175-2745.7031,2008-12-03 14:20:19,2008-12-12 16:50:12
7032,Uma Proposta de Modelagem para a Generalização de Elos de Rastreabilidade,Several models proposed traceability links that provide pre–definedgroups of links for requirements traceability. These models are limited to pre–defined links without the ability to add new attributes to the existing links. This work proposes a model for requirements traceability that generalizes the types of links already establishedin the literature and enables addition of new standards allowing the inclusion of attributes to the links that will be used in a specific traceability process.,Regular Papers,Published,https://seer.ufrgs.br/index.php/rita/workflow/access/7032,10.22456/2175-2745.7032,2008-12-03 14:27:32,2008-12-12 16:50:12
7033,Inspeção Automática de Defeitos em Madeiras de Pinus usando Visão Computacional," This paper addresses the issue of detecting defects in Pine wood using features extracted from grayscale images. The feature set proposed here is based on the concept of texture and it is computed from the co-occurrence matrices. The features provide measures of properties such as smoothness, coarseness, and regularity. Comparative experiments using a color image based feature set extracted from percentile histograms are carried to demonstrate the efficiency of the proposed feature set. Two different learning paradigms, neural networks and support vector machines, and a feature selection algorithm based on multi-objective genetic algorithms were considered in our experiments. The experimental results show that after feature selection, the grayscale image based feature set achieves very competitive performance for the problem of wood defect detection relative to the color image based features.",Regular Papers,Published,https://seer.ufrgs.br/index.php/rita/workflow/access/7033,10.22456/2175-2745.7033,2008-12-03 14:45:17,2008-12-12 16:50:12
71429,Non-Cooperative Facility Location Games: a Survey,"The Facility Location problem is a well-know NP-Hard combinatorial optimization problem. It models a diverse set of situations where one aims to provide a set of goods or services via a set of facilities F to a set of clients T, also called terminals. There are opening costs for each facility in F and connection costs for each pair of facility and client, if such facility attends this client. A central authority wants to determine the solution with minimum cost, considering both opening and connection costs, in such a way that all clients are attended by one facility. In this survey we are interested in the non-cooperative game version of this problem, where instead of having a central authority, each client is a player and decides where to con- nect himself. In doing so, he aims to minimize his own costs, given by the connection costs and opening costs of the facility, which may be shared among clients using the same facility. This problem has several applications as well, specially in distributed scenarios where a central authority is too expensive or even infeasible to exist. In this paper we present a survey describing different variants of this problem and reviewing several results about it, as well as adapting results from existing literature concerning the existence of equilibria, Price of Anarchy and Price of Stability. We also point out open problems that remain to be addressed. ",Regular Papers,Published,https://seer.ufrgs.br/index.php/rita/workflow/access/71429,10.22456/2175-2745.71429,2017-02-24 07:47:37,2017-08-02 13:15:41
71439,Identificação de amostras de sementes utilizando VisãoComputacional,"Diversos sistemas computacionais voltados ao Agronegócio foram desenvolvidos visando melhorar a produtividade, qualidade dos produtos, reduzir desperdícios e auxiliar na tomada de decisões. Da mesma forma, medidores de umidade estão cada vez mais tecnológicos e, neste caso, automatização do processo de medição auxilia na redução de erros e aumento de produtividade. Neste contexto, o presente trabalho apresenta uma metodologia para obtenção de imagens de sementes e classificação utilizando métodos de Visão Computacional. Uma base de imagens com treze tipos de sementes foi criada para avaliação do método de identificação proposto. Quatro descritores foram extraídos, avaliados individualmente e de forma combinada, sendo utilizados como entrada no classificador SVM. O método proposto obteve uma taxa de acerto superior a 85% em 12 dos 13 tipos testados, mostrando a viabilidade dasua utilização na identificação de sementes, para uma posterior análise de umidade.",Regular Papers,Published,https://seer.ufrgs.br/index.php/rita/workflow/access/71439,10.22456/2175-2745.71439,2017-02-24 15:56:17,2017-08-02 13:15:43
7146,Revisores,"Os editores da Revista de Informática Teórica e Aplicada agradecem ao corpo editorial e aos seguintes revisores, do ano de 2008, por seus esforços em manter o alto padrão de avaliação dos artigos da revista.",Anexos,Published,https://seer.ufrgs.br/index.php/rita/workflow/access/7146,10.22456/2175-2745.7146,2008-12-12 11:04:59,2008-12-12 16:50:12
7147,Modelagem de Tráfego de Redes Utilizando Cascata Multifractal Generalizada,"In this paper we propose a multifractal traffic model that is based on a multiplicative cascade presenting specific multiplier distributions in each cascade stage. In the proposed model, the multipliers are obtained through the estimate of their probability densities found in real network traffic by using Kernel and Acceptance/Rejection methods. Statistical analysis and queueing behavior study were carried out for the model validation. Furthermore, we verify the model performance in capturing the traffic trace characteristics in comparison to other multifractal models.",Regular Papers,Published,https://seer.ufrgs.br/index.php/rita/workflow/access/7147,10.22456/2175-2745.7147,2008-12-12 11:12:23,2008-12-12 16:50:12
7148,Editorial," A publicação de periódicos de alto nível é um parâmetro de qualidade da pesquisa científica de um país. A RITA (Revista de Informática Teórica e Aplicada) atinge maturidade ao concluir a publicação de 15 volumes. Publicada desde 1989, a RITA possui regularidade e um novo patamar de qualidade e reconhecimento. Estamos caminhando na direção da indexação, e a partir de agosto de 2008 adotamos um novo sistema de submissões e avaliações da revista, visando sempre um melhor serviço à comunidade acadêmica de Computação.
      
      Recentemente, a RITA passou também a ser publicada de forma eletrônica. Os artigos publicados serão também indexados pelas bibliotecas participantes do Open Journal Systems. As novas submissões deverão utilizar a página do sistema SEER, em http://www.seer.ufrgs.br/index.php/rita.
 
      Em relação ao número atual da Revista, é com grande satisfação que publicamos onze artigos de pesquisadores de universidades reconhecidas. Os temas dos artigos cobrem um amplo espectro da pesquisa em ciência da computação, incluindo: ambientes colaborativos, processamento de imagens, processamento de linguagem natural, inteligência artificial, aprendizado de máquina, redes de computadores, engenharia de software e visão computacional.  A amplitude de linhas de pesquisa sugere que a comunidade de computação tem acreditado do trabalho por nós conduzido e nos obrigado a aprimorar nossos padrões de qualidade. 
      
      Finalmente, agradecemos ao corpo editorial da Revista de Informática Teórica e Aplicada e aos revisores pela inestimável disposição em colaborar pelo fortalecimento das publicações na área da Ciência da Computação do Brasil. Agradecemos, também, à Mariusa Warpechowski, Kelly Hannel e Lourdes Tassinari pelo apoio nesta edição. 
      
 
 
Luis C. Lamb 
José Palazzo M. Oliveira 
Lisandro Z. Granville 
 
Instituto de Informática, Universidade Federal do Rio Grande do Sul
Porto Alegre, RS, Brasil
 ",Editorial,Published,https://seer.ufrgs.br/index.php/rita/workflow/access/7148,10.22456/2175-2745.7148,2008-12-12 11:24:09,2008-12-12 16:50:12
71775,Análise de desempenho de Banco de Dados Relacionais e Não Relacionais em dados genômicos,"O armazenamento de dados genômicos é um grande desafio hoje, poiscom o avanço da tecnologia molecular a quantidade de dados genômicos geradosestá aumentando, de forma que o sequenciamento de um único organismo podegerar arquivos com gigabytes de informações. De forma geral, os processos demanipulação de dados genômicos fazem uso de simples arquivos como o principalmeio para armazenamento de tais dados. Contudo, os bancos de dados modernosse apresentam como alternativa para a gerência desses dados por oferecer melhororganização, tolerância a falhas, melhor uso do espaço disponível para armaze-namento e desempenho. Além disso, os bancos de dados permitem agregar aosdados brutos do sequenciamento meta-informações acerca das sequências de DNAarmazenadas. Diante deste cenário, este trabalho apresenta e avalia o desempenho dediferentes estratégias de armazenamento em três bancos de dados pertencentes a doisparadigmas diferentes, o MySQL (representante dos bancos de dados Relacionais), oCassandra e o MongoDB (representantes dos bancos de dados Não Relacionais). Osresultados demonstraram que os bancos de dados relacionais apresentam limitaçõesquando estão inseridos em um ambiente com grandes massas de dados.",Regular Papers,Published,https://seer.ufrgs.br/index.php/rita/workflow/access/71775,10.22456/2175-2745.71775,2017-03-10 09:54:23,2017-12-09 21:52:26
73173,Estudo e Modelagem dos Efeitos da Forma e do Crescimento em Processos de Formação de Padrões de Pelagem via Reação-Difusão,"Modelos de reação-difusão são amplamente usados na simulação de formação de padrõesem seres vivos, sendo aplicados tanto como explicação destes fenômenos quantopara a geração de texturas em computação gráfica. No entanto, poucos estudos levamem conta a influência da forma da superfície sobre o padrão resultante. Neste trabalhorealizamos simulações com o modelo de reação-difusão não-linear de Turing emsuperfícies bidimensionais utilizando diferentes parâmetros e formatos de superfície.Nossos resultados mostram que a forma possui um efeito relevante sobre o padrão finalresultante, permitindo a transição de pintas para listras, a alteração da estabilidadee da robustez do sistema, e a obtenção de padrões geometricamente regulares. ",Regular Papers,Published,https://seer.ufrgs.br/index.php/rita/workflow/access/73173,10.22456/2175-2745.73173,2017-05-06 05:44:41,2017-12-09 21:52:28
7386,Posicionamento de Circuitos 3D Considerando o  Planejamento de 3D-Vias,"Este trabalho explora métodos para realizar o posicionamento de um tipo particular de circuitos VLSI conhecido como circuito 3D (três dimensões).. Diferente de trabalhos anteriores, este artigo aborda o problema de posicionamento 3D considerando as conexões verticais (chamadas 3D-Vias) e as limitações impostas pelas mesmas. Foi realizado um ?uxo completo de posicionamento, iniciando pelo tratamento de pinos de entrada e saída (E/S) e seguido com posicionamento global, posicionamento detalhado e posicionamento das 3D-Vias. A primeira etapa busca a distribuição os pinos de E/S de maneira equilibrada objetivando auxiliar o posicionamento para obter uma quantidade reduzida de 3D-Vias. O mecanismo de posicionamento global baseado no algorítmo de Quadratic Placement considera informações fornecidos pela tecnologia de fabricação e requisito de espaçamento de 3D-Vias para reduzir o comprimento das conexões e equilibrar a distribuição das células em 3D. Conexões críticas podem ser tratadas através da inserção de redes arti?ciais que auxiliam a evitar que 3D-Vias sejam usadas em sua implementação. Finalmente, as 3D-Vias são posicionadas por um algorítmo rápido baseado na legalização Tetris. O framework completo reforça os potenciais benefícios dos circuitos 3D para reduzir o comprimento das co- nexões e apresenta algorítmos e?cientes projetados para circuitos 3D que podem ser incorporados em novas ferramentas de CAD.",Regular Papers,Published,https://seer.ufrgs.br/index.php/rita/workflow/access/7386,10.22456/2175-2745.7386,2009-01-28 04:43:18,2012-06-14 13:32:45
74030,Sleep Stages Classification Using Spectral Based Statistical Moments as Features,"In the pursuit of highly effective and efficient portable sleep classification systems, researchers have been testing a massive number of combinations of EEG features and classifiers.  State of art sleep classification ensembles achieve accuracy in the order of 90%.  However, there is presently no consensus regarding the best setof features for sleep staging with single channel EEG, leading researchers to modify feature selection according to the number of classification stages. This paper introduces a reduced set of frequency-domain features capable of yielding high classification accuracy (90.9%, 91.8%, 92.4%, 94.3% and 97.1%) for all 6- to 2-state sleep stages.  The proposed system uses fast Fourier transform (FFT) to convert data from Pz-Oz EEG channel into the frequency domain. Afterwards, eight statistical features are extracted from specific frequency ranges and fed into a random forest classifier.",Regular Papers,Published,https://seer.ufrgs.br/index.php/rita/workflow/access/74030,10.22456/2175-2745.74030,2017-06-07 13:51:58,2018-02-18 10:06:13
74992,Análise Autônoma de Investimento: Uma Abordagem Multiagente Discreta,"Desde os primeiros dias da ciência da computação, os pesquisadores se perguntam onde está a linha que separa as tarefas que máquinas podem fazer, daquelas que apenas seres humanos podem realizar. Várias tarefas foram apontadas como impossíveis para as máquinas e mais tarde conquistadas por novos avanços na Inteligência Artificial. Hoje em dia, parece que não estamos longe do dia em que a condução de carros será incluída nas tarefas que as máquinas podem fazer de maneira eficiente. Certamente, atividades ainda mais complexas serão dominadas por máquinas no futuro. Neste artigo, argumentamos que a análise de investimentos, o processo de avaliação e seleção de investimentos em termos de risco e retorno podem estar entre as tarefas executadas de forma eficiente por máquinas em futuro talvez não distante. Na verdade, há esforços de pesquisa significativos para criar algoritmos e métodos quantitativos para analisar investimentos. Apresentamos uma breve revisão sobre eles. Através desta revisão, podemos perceber que há muitos desafios e complexidades a serem enfrentados na busca de análise autônoma de investimentos (AAI). Neste artigo, propomos uma abordagem para simplificar o problema de análise autônoma de investimentos capaz de tratar com as complexidades identificadas (natureza dos ativos, algoritmos de análise múltipla por ativo, não estacionaridade e múltiplos horizonte de investimento). Esta abordagem baseia-se no uso simultâneo de diversos agentes autônomos e na discretização do problema AAI e sua modelagem como um problema de classificação. Essa abordagem quebra a complexidade enfrentada pela AAI em problemas que podem ser abordados por um grupo de agentes que trabalham em conjunto para fornecer conselhos de investimento inteligentes e personalizados para indivíduos. Apresentamos uma implementação dessa abordagem e resultados obtidos através de seu uso com dados históricos do mercado de capitais brasileiro. Acreditamos que tal abordagem pode contribuir para o desenvolvimento de AAI. Além disso, esta abordagem permite a incorporação de algoritmos e técnicas já conhecidas que podem ajudar a resolver parte do problema.",Regular Papers,Published,https://seer.ufrgs.br/index.php/rita/workflow/access/74992,10.22456/2175-2745.74992,2017-07-14 15:01:20,2018-02-18 10:06:15
75048,"Combining Artificial Intelligence, Ontology, and Frequency-based Approaches to Recommend Activities in Scientific Workflows","The number of activities provided by scientific workflow management systems is large, which requires scientists to know many of them to take advantage of the reusability of these systems. To minimize this problem, the literature presents some techniques to recommend activities during the scientific workflow construction. In this paper we specified and developed a hybrid activity recommendation system considering information on frequency, input and outputs of activities and ontological annotations. Additionally, this paper presents a modeling of activities recommendation as a classification problem, tested using 5 classifiers; 5 regressors; and a composite approach which uses a Support Vector Machine (SVM) classifier, combining the results of other classifiers and regressors to recommend; and Rotation Forest, an ensemble of classifiers. The proposed technique was compared to related techniques and to classifiers and regressors, using 10-fold-cross-validation, achieving a Mean Reciprocal Rank (MRR) at least 70% greater than those obtained by classical techniques.",Regular Papers,Published,https://seer.ufrgs.br/index.php/rita/workflow/access/75048,10.22456/2175-2745.75048,2017-07-17 19:16:32,2018-02-18 19:23:43
75063,Energy Systems in Material Agent Societies,"This paper concerns material agent societies, that is, agent societies inhabited by material agents. The paper introduces the concept of energy system of a material agent society, as the organizational sub-system of the society that is responsible for the coordination of the production, distribution and consumption of energy in that society. Two models (labor-based and work-based) for energy systems, the conditions of their equilibrated functioning are formulated, and the concept of energy autonomous material agent society are formally defined. The possible relation between economic and political systems, and energy systems, in material agent societies, is indicated.",WESAAC 2017,Published,https://seer.ufrgs.br/index.php/rita/workflow/access/75063,10.22456/2175-2745.75063,2017-07-18 10:34:07,2017-12-09 21:52:33
7522,Gerenciando Alterações em Documentos XML,"Documentos XML estão cada vez mais presentes em projetos dedesenvolvimento, e geralmente são colocados em sistemas de controle de versões juntamente com os outros arquivos do projeto. Estes sistemas não consideram o formato específico dos arquivos XML, tratando-os como arquivos comuns de texto. Desta forma, mesclagens automáticas podem gerar documentosmal formados silenciosamente, e exibir, durante comparações, alterações que não possuem qualquer relevância para documentos XML, freqüentemente mascarando alterações relevantes. Este artigo propõe uma abordagem para exibição de diferenças e apoio à mesclagem de arquivos XML, utilizando algoritmos clássicos propostos na literatura. A abordagem proposta permite a execução de alterações em paralelo de forma mais controlada, segura e eficiente para documentos XML.",Regular Papers,Published,https://seer.ufrgs.br/index.php/rita/workflow/access/7522,10.22456/2175-2745.7522,2009-02-10 13:13:34,2011-04-03 02:46:18
75255,Estratégias de Construções de Comitês de Classificadores Multirrótulos no Aprendizado Semissupervisionado Multidescrição,"Classificação multirrótulo é um problema de aprendizado supervisionado no qual um objeto pode estar associado a múltiplas classes. Dentre os diferentes métodos de classificação multirrótulo destacam-se os métodos BR (Binary Relevance), LP (Label Powerset) e RAkEL (RAndom k-labELsets). O trabalho realizou um estudo sobre as construções de comitês de classificadores multirrótulos construídos através da aplicação de técnicas de aprendizado semissupervisionado multidescrição. Os comitês de classificadores utilizados nos experimentos foram o Bagging, Boosting e Stacking; como métodos de transformação do problema utilizamos os métodos BR, LP e Rakel; na classificação multirrótulo semissupervisionada multidescrição foi utilizado o Co-Training; foram aplicados cinco diferentes algoritmos como classificadores base: k-NN (k Vizinhos Mais Próximos), J48 (Algoritmo de Indução de Árvores de Decisão), SVM (Máquinas de Vetores Suporte), NB (Naive Bayes) e o JRip (Extended Repeated Incremental Pruning). Todos os experimentos utilizaram a metodologia de validação cruzada com 10 grupos (10-fold Cross-Validation) e o framework MULAN, o qual é implementado utilizando o WEKA. Para os tamanhos dos comitês de classificadores adotamos os valores 3, 5, 7 e 9. Para a análise dos resultados foi utilizado o teste esta- tístico de Wilcoxon. Ao final das análises experimentais, verificou-se que a abordagem semissupervisionado apresentou resultados competitivos em relação ao aprendizado supervisionado, uma vez que as duas abordagens utilizadas apresentaram resultados estatisticamente semelhantes.   ",Regular Papers,Published,https://seer.ufrgs.br/index.php/rita/workflow/access/75255,10.22456/2175-2745.75255,2017-07-26 13:14:27,2017-12-09 21:52:30
75300,Simulação Multiagente da Evacuação da Boate Kiss: A Importância da NBR 9.077 e sua relação com o Pânico,"Esse artigo utiliza o cenário da evacuação de uma tragédia envolvendo a boate Kiss em 2013 no Sul do Brasil. Tal evento ficou marcado pela imprudência e negligência às normas de segurança, resultando em diversas vítimas. As simulações foram modeladas usando a ferramenta NetLogo no contexto Multiagente. Os parâmetros usados nos dois cenários são baseados nos dados conhecidos da boate no ocorrido e no contexto ‘ideal’, respeitando as indicações da NBR 9.077. O ambiente foi desenhado com base na planta da boate Kiss. A emoção pânico foi modelada a partir de sua definição psicológica na literatura. Os resultados demostraram o potencial e a importância das indicações da norma de segurança da Associação Brasileira de Normas Técnicas (ABNT), na garantia de evacuações seguras e com um nível baixo de pânico. ",WESAAC 2017,Published,https://seer.ufrgs.br/index.php/rita/workflow/access/75300,10.22456/2175-2745.75300,2017-08-04 17:12:25,2017-12-09 21:52:31
75327,Composição de Agentes EBDI: Integração WASABI-Jason,"Emoções assumem um papel muito importante no processo de tomada de decisão de seres humanos e é natural que a sua utilização torne-se um campo bastante fértil na área de Inteligência Artificial, seja com o intuito de aproximar o comportamentode agentes computacionais ao de humanos, ou simplesmente para aprimorar a relação humano-computador. Este trabalho apresenta a integração do simulador de emoções WASABI com o arcabouço para agentes BDI JASON, para prover agentes emocionais. Os resultados obtidos sugerem que o desempenho dos agentes no ambiente, assim como em sociedades humanas, é suscetível não só ao seu comportamento programado, mas à sua personalidade emocional e às condições do ambiente.",WESAAC 2017,Published,https://seer.ufrgs.br/index.php/rita/workflow/access/75327,10.22456/2175-2745.75327,2017-07-30 12:01:18,2017-12-09 21:52:32
76189,Derivation of Mean Value Coordinates Using Interior Distance and Their Application on Mesh Deformation,"The deformation methods based on cage controls became a subject of considerable interest due its simplicity and intuitive results. In this technique, the model is enclosed within a simpler mesh (the cage) and its points are expressed as function of the cage elements. Then, by manipulating the cage, the respective deformation is obtained on the model in its interior.In this direction, in the last years, extensions of barycentric coordinates, such as Mean Value coordinates, Positive Mean Value Coordinates, Harmonic coordinates and Green's coordinates, have been proposed to write the points of the model as a function of the cage elements.The Mean Value coordinates, proposed by Floater in two dimensions and extended later to three dimensions by Ju et al. and also by Floater, stands out from the other coordinates because of their simple derivation. However the existence of negative coordinates in regions bounded by non-convex cage control results in a unexpected behavior of the deformation in some regions of the model.In this work, we propose a modification in the derivation of Mean Value Coordinates proposed by Floater. Our derivation maintains the simplicity of the construction of the coordinates and eliminates the undesired behavior in the deformation by diminishing the negative influence of a control vertex on regions ofthe model not related to it. We also compare the deformation generated with our coordinates and the deformations obtained with the original Mean Value coordinates and Harmonic coordinates.",Regular Papers,Published,https://seer.ufrgs.br/index.php/rita/workflow/access/76189,10.22456/2175-2745.76189,2017-09-18 19:11:09,2018-07-17 21:56:14
76387,Diagnóstico de Glaucoma Utilizando Atributos de Textura e CNN’s Pré-treinadas,"Glaucoma é uma doença ocular que danifica o nervo óptico causando a perda da visão. Ela é a segunda principal causa de cegueira no mundo. Vários sistemas de diagnóstico automático de glaucoma têm sido propostos, contudo é possível realizar melhorias nestas técnicas, visto que, os sistemas atuais não lidam com uma grande diversidade de imagens. Assim, este trabalho visa realizar a detecção automática do glaucoma nas imagens da retina, através do uso de descritores de textura e Redes Neurais Convolucionais (CNNs). Os resultados mostraram que a junção dos descritores GLCM e CNNs e a utilização do classificador Random Forest são promissores na detecção dessa patologia, obtendo uma acurácia de 91,06% em 873 imagens de 4 bases de dados públicas.",Regular Papers,Published,https://seer.ufrgs.br/index.php/rita/workflow/access/76387,10.22456/2175-2745.76387,2017-09-10 19:32:08,2018-02-18 19:08:03
76452,A Multi-objective Version of the Lin-Kernighan Heuristic for the Traveling Salesman Problem,"The Lin and Kernighan’s algorithm for the single objective Traveling Salesman Problem (TSP) is one of the most efficient heuristics for the symmetric case. Although many algorithms for the TSP were extended to the multi-objective version of the problem (MTSP), the Lin and Kernighan’s algorithm was still not fully explored. Works that applied the Lin and Kernighan’s algorithm for the MTSP were driven to weighted sum versions of the problem. We investigate the LK from a Pareto dominance perspective. The multi-objective LK was implemented within two local search schemes and applied to 2 to 4-objective instances. The results  showed that the proposed algorithmic variants obtained better results than a state-of-the-art algorithm.",Regular Papers,Published,https://seer.ufrgs.br/index.php/rita/workflow/access/76452,10.22456/2175-2745.76452,2017-09-13 12:01:53,2018-02-19 08:03:44
76460,MeHarCEn: Um Método de Harmonização do Consumo de Energia em Data Centers,"O consumo energético controlado e eficiente é um desafio enfrentado diariamente pelos gestores de Data Centers de pequeno, médio e grande porte. A literatura especializada e técnica define diversos guias, equipamentos e mecanismos para essa finalidade. Entretanto, a aplicação combinada dessas soluções é uma tarefa complexa, que, em muitos casos, requer um elevado investimento financeiro. Nesse contexto, o presente trabalho propõe o MeHarCEn, uma iniciativa para gerenciamento combinado e harmônico do consumo de energia em Data Centers. MeHarCEn não depende de soluções proprietárias e pode ser adaptado a Data Centers com configurações distintas. Aplicado a um estudo de caso, um DC de pequeno porte, o MeHarCEn resulta em uma economia de 52,7% no consumo de energia com climatização.",Regular Papers,Published,https://seer.ufrgs.br/index.php/rita/workflow/access/76460,10.22456/2175-2745.76460,2017-09-13 15:53:11,2017-12-09 21:52:28
77654,Avaliação do Intel Software Guard Extensions via Emulação,"Ao permitir a execução de aplicações em um contexto totalmente protegido (i.e., dentro de enclaves), amplia-se as possibilidades para as novas gerações de processadores Intel da família x86 com a extensão Software Guard Extensions (SGX). Por se tratar de uma tecnologia recente, as máquinas que contam com essa tecnologia ainda são minoria. Objetivando avaliar o SGX, utilizou-se um emulador dessa tecnologia denominado OpenSGX, o qual implementa e reproduz as principais funcionalidades e estruturas utilizadas no SGX. O enfoque consistiu em avaliar o overhead, em termos de processamento, resultante da execução de uma aplicação em um ambiente com o SGX emulado. Para a avaliação, empregou-se aplicações de benchmark da plataforma MiBench, modificando-as para compatibilizar a execução em enclaves no OpenSGX. Como métricas de desempenho, coletou-se o número total de instruções e o número total de ciclos de CPU para a execução completa de cada aplicação com e sem o OpenSGX.",Regular Papers,Published,https://seer.ufrgs.br/index.php/rita/workflow/access/77654,10.22456/2175-2745.77654,2017-10-25 19:29:05,2018-02-18 10:06:22
7796,Avaliação Pró-ativa da Deterioração de Sistemas de Informação por meio de Medidas de Gestão,"   Questões relacionadas à modernização de sistemas de informação têm recebido maior atenção e relevância. Muitos métodos têm sido propostos para apoiar uma organização na escolha da melhor alternativa para modernização de um sistema. Entretanto, esses métodos não fornecem  informações necessárias para a identificação precoce da deterioração das aplicações, sendo utilizados quando já se decidiu por realizar alguma ação para modernização da aplicação, como uma forma reativa de lidar com o problema. Este artigo apresenta uma abordagem baseada em medição com o objetivo de monitorar continuamente a deterioração de um sistema, permitindo ao gestor realizar ações de ajuste o mais cedo possível. Aplicações práticas em diferentes sistemas de uma grande empresa mostram a viabilidade de coleta das medidas e indicam os sistemas em deterioração.",Regular Papers,Published,https://seer.ufrgs.br/index.php/rita/workflow/access/7796,10.22456/2175-2745.7796,2009-03-03 05:29:28,2011-03-15 13:57:29
77994,Virtual Reality as a Support Tool for the Treatment of People with Intellectual and Multiple Disabilities: A Systematic Literature Review,"Since the emergence of virtual reality (VR) technologies, many researchers have argued on the benefits of their use for people with intellectual and multiple disabilities. However, up to this date there is not a single study that presents a detailed overview of the state of the art in virtual reality as a support tool for the treatment of people with intellectual and multiple disabilities, as well as Autism and Down Syndrome. The aim of this study is to provide a detailed overview of the state of the art in the virtual reality area focusing on people with multiple disabilities, that encompasses intellectual and physical disabilities. There is still no consensus on the effectiveness of VR-based treatments. Virtual reality can offer rich environment and features, but most of the researches focuses only in the experience to be inside a virtual place without taking advantage of what benefits VR provide us. Furthermore, most of our selected studies used non-immersive VR and AR. Thus, immersive VR is an open field with many opportunities to be explored. We believe VR has great potential to be effective in the treatment of people with intellectual and multiple disabilities.",Regular Papers,Published,https://seer.ufrgs.br/index.php/rita/workflow/access/77994,10.22456/2175-2745.77994,2017-11-13 18:39:17,2018-02-18 10:06:20
78391,IndoLoR -- Uma Plataforma Adaptável para Localização em Ambientes Internos,"Os sistemas de localização têm se tornado cada vez mais parte integrante da vida das pessoas. Em ambientes externos, o GPS se apresenta como tecnologia padrão, largamente difundida e utilizada. No entanto, as pessoascostumam passar a maior parte do seu tempo dentro de ambientes internos, como: hospitais, universidades, fábricas, edifícios, entre outros. Nesses ambientes, o GPS tem seu funcionamento comprometido não obtendoum posicionamento preciso. Atualmente, para realizar a localização de pessoas ou objetos em ambientes internos não existe nenhuma tecnologia que consiga atingiros mesmos resultados obtidos pelo GPS em ambientes externos. Devido a isso, é necessário considerar a utilização de informações provenientes de diversas fontes fazendo uso de diferentes tecnologias. Dessa forma, esse trabalhotem como objetivo geral construir uma plataforma adaptável para localização em ambientes internos. Baseado nesse objetivo, é proposta a plataforma IndoLoR. Essa plataforma tem como objetivos permitir o recebimento de informações provenientes de diferentes fontes, além de realizar o processamento, fusão, armazenamento e disponibilização dessas informações parao contexto da localização em ambientes internos. A plataforma proposta é avaliada através de um estudo de caso verificando aspectos relativos a facilidade de adaptação e performance.",Regular Papers,Published,https://seer.ufrgs.br/index.php/rita/workflow/access/78391,10.22456/2175-2745.78391,2017-11-30 13:23:52,2018-07-17 21:56:15
7857,Teoria espaço-escala: conceitos e abordagens,"Abordagens multi-escala vêm sendo amplamente utilizadas em diversas aplicações de análise e processamento de sinais, sendo fundamentais em casos onde não existem informações preliminares sobre a escala de observação apropriada. A idéia básica consiste em criar uma família de sinais derivados, permitindo assim a análise de diferentes níveis de representação para escolha daqueles que exibem as características de interesse. A teoria espaço-escala é uma destas abordagens. A partir dela, podem ser estabelecidas as condições necessárias para a definição de transformações que possibilitem a manipulação de características presentes em diferentes níveis de maneira consistente. Este trabalho traz uma breve revisão das principais abordagens espaço-escala, bem como de suas propriedades fundamentais.",Tutoriais,Published,https://seer.ufrgs.br/index.php/rita/workflow/access/7857,10.22456/2175-2745.7857,2009-03-04 23:48:49,2011-03-30 01:09:18
79152,CoWPar: A D2D Communication Approach Without Pairing for Mobile Social Network in Proximity,"Mobile devices and the cellular network have been popularized and evolving in recent years. The increase of these devices may promote Device-to-Device (D2D) communications. However, current D2D communication technologies such as Wi-Fi Direct, Wi-Fi Ad Hoc, and Bluetooth are not available on devices or require human interaction in the pairing process. In addition, the cellular network is not available in many places and has partial or total communication infrastructure failures. To overcome this failure and lack of connectivity, and to allow D2D communication between devices in disturbing scenarios, we presented CoWPar. Based on the Wi-Fi infrastructure mode, CoWPar establishes the connection and performs data exchange without human interaction between the devices. Results of experiments performed in a proof of concept showed in practice that CoWPar allowed D2D communications with no pairing and also without the need to change the operating system (OS) of the devices, surpassing all the works available so far and thus contributing to the process of viabilization the paradigm of Pervasive Computing.",Regular Papers,Published,https://seer.ufrgs.br/index.php/rita/workflow/access/79152,10.22456/2175-2745.79152,2017-12-23 17:25:30,2018-09-12 12:41:00
79158,Modelos para avaliação de disponibilidade orientada a capacidade de uma nuvem privada,"Alta disponibilidade é um dos principais requisitos das aplicações que utilizam computação em nuvem. É possível aplicar redundâncias em hardware e software para alcançar melhores níveis de disponibilidade do sistema. Porém, além da preocupação com a disponibilidade do serviço, é necessário mensurar a capacidade do sistema em lidar com a carga de trabalho apresentada. Uma métrica que pode ser utilizada para mensurar essa capacidade é a disponibilidade orientada a capacidade. A partir dessa métrica, é possível obter estimativas dos recursos computacionais disponíveis para utilização quando o sistema está em funcionamento. Esse trabalho apresenta um conjunto de modelos analíticos para avaliação de disponibilidade orientada a capacidade considerando ambientes de nuvem privada. Para verificar diferentes situações, esse trabalho apresenta seis diferentes arquiteturas de nuvem privada. Os componentes fundamentais de cada arquitetura são Front-End, PM e VMs. O conjunto de resultados apresentados compreende a avaliação de disponibilidade, avaliação de disponibilidade orientada a capacidade e análise de sensibilidade dos dos parâmetros utilizados nos modelos. A partir dos resultados é possível inferir quais componentes são mais importantes para cada uma das métricas estudadas.",Regular Papers,Published,https://seer.ufrgs.br/index.php/rita/workflow/access/79158,10.22456/2175-2745.79158,2017-12-24 01:02:53,2018-07-17 21:56:18
79310,Video Conferencing Evaluation Considering Scalable Video Coding and SDN Network,"Video conferencing is very common nowadays, and it may contemplate heterogenous devices (e.g., smartphones, notebooks, game consoles) and networks in the same session. Developing video conferencing systems for this myriad of devices with different capabilities requires special attention from system designer. Scalable video coding (SVC) is a prominent option to mitigate this heterogeneity issue, but traditional Internet protocol (IP) networks may not fully benefit from such a technology. In contrast, software-defined networking (SDN) may allow better utilization of SVC and improvements on video conferencing components. This paper evaluates the performance of video conferencing systems adopting SVC, SDN and ordinary IP networks, taking into account throughput, delay and peak signal-to-noise ratio (PSNR) as the metrics of interest. The experiments are based on Mininet framework and distinct network infrastructures are also considered. Results indicate SDN with SVC may deliver better video quality with reduced delay and increased throughput.",Regular Papers,Published,https://seer.ufrgs.br/index.php/rita/workflow/access/79310,10.22456/2175-2745.79310,2018-01-01 19:19:47,2018-07-17 21:56:16
79333,A Genetic Programming Model for Association Studies to Detect Epistasis in Low Heritability Data,"The genome-wide associations studies (GWAS) aims to identify the most influential markers in relation to the phenotype values. One of the substantial challenges is to find a non-linear mapping between genotype and phenotype, also known as epistasis, that usually becomes the process of searching and identifying functional SNPs more complex. Some diseases such as cervical cancer, leukemia and type 2 diabetes have low heritability. The heritability of the sample is directly related to the explanation defined by the genotype, so the lower the heritability the greater the influence of the environmental factors and the less the genotypic explanation. In this work, an algorithm capable of identifying epistatic associations at different levels of heritability is proposed. The developing model is a aplication of genetic programming with a specialized initialization for the initial population consisting of a random forest strategy. The initialization process aims to rank the most important SNPs increasing the probability of their insertion in the initial population of the genetic programming model. The expected behavior of the presented model for the obtainment of the causal markers intends to be robust in relation to the heritability level. The simulated experiments are case-control type with heritability level of 0.4, 0.3, 0.2 and 0.1 considering scenarios with 100 and 1000 markers. Our approach was compared with the GPAS software and a genetic programming algorithm without the initialization step. The results show that the use of an efficient population initialization method based on ranking strategy is very promising compared to other models.",Special Issue - Bioinformatics and Computational Biology,Published,https://seer.ufrgs.br/index.php/rita/workflow/access/79333,10.22456/2175-2745.79333,2018-01-02 19:23:50,2018-07-17 21:56:19
79334,Relative Scalability of NoSQL Databases for Genotype Data Manipulation,"Genotype data manipulation is one of the greatest challenges in bioinformatics and genomics mainly because of high dimensionality and unbalancing characteristics. These peculiarities explains why Relational Database Management Systems (RDBMSs), the ""de facto"" standard storage solution, have not been presented as the best tools for this kind of data. However, Big Data has been pushing the development of modern database systems that might be able to overcome RDBMSs deficiencies. In this context, we extended our previous works on the evaluation of relative performance among NoSQLs engines from different families, adapting the schema design in order to achieve better performance based on its conclusions, thus being able to store more SNP markers for each individual. Using Yahoo! Cloud Serving Benchmark (YCSB) benchmark framework, we assessed each database system over hypothetical SNP sequences. Results indicate that although Tarantool has the best overall throughput, MongoDB is less impacted by the increase of SNP markers per individual.",Special Issue - Bioinformatics and Computational Biology,Published,https://seer.ufrgs.br/index.php/rita/workflow/access/79334,10.22456/2175-2745.79334,2018-01-02 22:58:40,2018-07-17 21:56:20
79885,Can the Use of nonlinear Color Metrics systematically improve Segmentation?,"Image segmentation is a procedure where an image is split into its constituent parts, according to some criterion. In the literature, there are different well-known approaches for segmentation, such as clustering, thresholding, graph theory and region growing. Such approaches, additionally, can be combined with color distance metrics, playing an important role for color similarity computation. Aiming to investigate general approaches able to enhance the performance of segmentation methods, this work presents an empirical study of the effect of a nonlinear color metric on segmentation procedures. For this purpose, three algorithms were  chosen: Mumford-Shah, Color Structure Code and Felzenszwalb and Huttenlocher Segmentation. The color similarity metric employed by these algorithms (L2-norm) was replaced by the Polynomial Mahalanobis Distance. This metric is an extension of the statistical Mahalanobis Distance used to measure the distance between coordinates and distribution centers. An evaluation based upon automated comparison of segmentation results against ground truths from the Berkeley Dataset was performed. All three segmentation approaches were compared to their traditional implementations, against each other and also to a large set of other segmentation methods. The statistical analysis performed has indicated a systematic improvement of segmentation results for all three segmentation approaches when the nonlinear metric was employed.",Regular Papers,Published,https://seer.ufrgs.br/index.php/rita/workflow/access/79885,10.22456/2175-2745.79885,2018-01-23 15:58:36,2018-09-12 12:41:02
79994,Algoritmos de Escalonamento Gangue com Estratégias de Migracão em um Ambiente MCMCA,"Ao longo da última década, o rápido avanço das tecnologias de rede, hardware e middleware, bem como a sofisticação dos recursos de software contribuíram para o surgimento de novos modelos computacionais. Consequentemente, houve uma capacidade crescente para o uso eficiente e efetivo de recursos distribuídos visando integrá-los, de modo a fornecer um ambiente amplamente distribuído, cuja capacidade computacional podendo  ser utilizada para resolver problemas complexos. Os dois aspectos mais desafiadores dos sistemas distribuídos, são o gerenciamento de recursos e o escalonamento de tarefas. Este trabalho contribui para minimizar tais problemáticas: (i) através do uso de técnicas de migração; (ii) a implementação de um ambiente de simulação multicore multicluster com mecanismo de balanceamento de carga, a fim de analisar o sistema em diversos contextos; (iii) implementação e análise dos escalonadores de gangues através de métricas com intuito de medir o desempenho em diferentes situações. Assim, os resultados mostraram um melhor uso dos recursos, implicando na redução de custos operacionais",Regular Papers,Published,https://seer.ufrgs.br/index.php/rita/workflow/access/79994,10.22456/2175-2745.79994,2018-01-30 18:41:17,2018-07-17 21:56:17
8046,Desenvolvimento de uma rede neuro-fuzzy para predição da temperatura retal de frangos de corte,"    Objetivou-se com o presente trabalho desenvolver e validar uma rede neuro-fuzzy, baseada no algoritmo LOLIMOT, para a predição da temperatura retal de frangos de corte. A rede neuro-fuzzy foi desenvolvida com base em três variáveis de entrada: temperatura do ar (T), umidade relativa (UR) e velocidade do ar (V), tendo como variável de saída, a temperatura retal (TR). Para a confecção da rede foram utilizadas funções de pertinência do tipo gaussiana (funções peso) com desvio padrão de 0,33. O número de partições do espaço de entrada adotado pelo modelo foi igual a 10. A rede neuro-fuzzy foi desenvolvida no ambiente computacional SCILAB 4.1. Resultados experimentais mostraram que o desvio padrão médio entre os valores simulados e medidos foi de 0,11 °C. A rede neuro-fuzzy se apresenta como um sistema inteligente híbrido satisfatório para a predição da temperatura retal de frangos de corte,    agregando características da lógica fuzzy baseada na teoria dos conjuntos fuzzy, às redes neurais artificiais.",Regular Papers,Published,https://seer.ufrgs.br/index.php/rita/workflow/access/8046,10.22456/2175-2745.8046,2009-03-20 08:58:10,2011-03-30 01:10:53
80478,Investigation of Archiving Techniques for Evolutionary Multi-objective Optimizers,"Abstract: The optimization of multi-objective problems from the Pareto dominance viewpoint can lead to huge sets of incomparable solutions. Many heuristic techniques proposed to these problems have to deal with approximation sets that can be limited or not. Usually, a new solution generated by a heuristic is compared with other archived non-dominated solutions generated previously. Many techniques deal with limited size archives, since comparisons within unlimited archives may require significant computational effort. To maintain limited archives, solutions need to be discarded. Several techniques were proposed to deal with the problem of deciding which solutions remain in the archive and which are discarded. Previous investigations showed that those techniques might not prevent deterioration of the archives. In this study, we propose to store discarded solutions in a secondary archive and, periodically, recycle them, bringing them back to the optimization process. Three recycling techniques were investigated for three known methods. The datasets for the experiments consisted of 91 instances of discrete and continuous problems with 2, 3 and 4 objectives. The results showed that the recycling method can benefit the tested optimizers on many problem classes.",Special Issue - Exact and Heuristic Solutions for Optimization Problems,Published,https://seer.ufrgs.br/index.php/rita/workflow/access/80478,10.22456/2175-2745.80478,2018-02-20 18:53:27,2020-01-11 16:30:12
80525,Algorithms for the power-p Steiner tree problem in the Euclidean plane,"We study the problem of constructing minimum power-$p$ Euclidean $k$-Steiner trees in the plane. The problem is to find a tree of minimum cost spanning a set of given terminals where, as opposed to the minimum spanning tree problem, at most $k$ additional nodes (Steiner points) may be introduced anywhere in the plane. The cost of an edge is its length to the power of $p$ (where $p\geq 1$), and the cost of a network is the sum of all edge costs. We propose two heuristics: a ``beaded"" minimum spanning tree heuristic; and a heuristic which alternates between minimum spanning tree construction and a local fixed topology minimisation procedure for locating the Steiner points. We show that the performance ratio $\kappa$ of the beaded-MST heuristic satisfies $\sqrt{3}^{p-1}(1+2^{1-p})\leq \kappa\leq 3(2^{p-1})$. We then provide two mixed-integer nonlinear programming formulations for the problem, and extend several important geometric properties into valid inequalities. Finally, we combine the valid inequalities with warm-starting and preprocessing to obtain computational improvements for the $p=2$ case.",Special Issue - Exact and Heuristic Solutions for Optimization Problems,Published,https://seer.ufrgs.br/index.php/rita/workflow/access/80525,10.22456/2175-2745.80525,2018-02-23 00:25:36,2020-01-11 16:55:01
80557,Um modelo computacional para a simulação de sistemas de transporte urbano,"Atualmente, as dificuldades enfrentadas no deslocamento urbano são consideradas um problema extremamente importante, especialmente nas grandes cidades. O planejamento adequado do sistema de transporte urbano é essencial para minimizar o tempo e os custos de viagem, melhorar a qualidade de vida e melhorar o ambiente urbano.Esta trabalho parte da premissa de que os sistemas de simulação podem ser utilizados para estudar diferentes alternativas para melhorar o sistema de transporte, de modo que a tomada de decisão pode ser melhor justificada, podendo otimizar o deslocamento urbano. Portanto, este trabalho apresenta a proposta e o desenvolvimento de um modelo computacional para simulação de sistemas de transporte urbano. O modelo proposto visa a simular modelos mesoscópicos e microscópicos, incluindo os comportamentos dos usuários no planejamento de rotas. Uma estrutura para o desenvolvimento de aplicações de simulação é descrita, com uma implementação usando como cenário o Metropolitano de São Paulo (Metrô), considerando os dados da pesquisa Origem-Destino para teste e validação do modelo aqui proposto.",Regular Papers,Published,https://seer.ufrgs.br/index.php/rita/workflow/access/80557,10.22456/2175-2745.80557,2018-02-25 20:13:41,2018-09-12 12:41:05
80598,Use of cytomorphometry for classification of subcellular patterns in 3D images,"This paper presents a methodology for the classification of subcellular patterns by the extraction of cytomorphometric features in 3D isosurfaces. In order to validate the proposal, we used a database of 3D images of HeLa cells with nine classes. For each cell, several morphological attributes were extracted based on its isosurface. Using the Quadratic Discriminant Analysis (QDA) classifier with the hybrid attribute selector, we achieved 97.59 of accuracy and F1-score of 0.9757 when classifying the subcellular patterns.",Regular Papers,Published,https://seer.ufrgs.br/index.php/rita/workflow/access/80598,10.22456/2175-2745.80598,2018-02-26 21:20:46,2018-07-17 21:56:17
80702,Extreme Learning Machine combined with a Differential Evolution algorithm for lithology identification,"Lithology identification, obtained through the analysis of several geophysical properties, has an important role in the process of characterization of oil reservoirs. The identification can be accomplished by direct and indirect methods, but these methods are not always feasible because of the cost or imprecision of the results generated. Consequently, there is a need to automate the procedure of reservoir characterization and, in this context, computational intelligence techniques appear as an alternative to lithology identification. However, to acquire proper performance, usually some parameters should be adjusted and this can become a hard task depending on the complexity of the underlying problem. This paper aims to apply an Extreme Learning Machine (ELM) adjusted with a Differential Evolution (DE) to classify data from the South Provence Basin, using a previously published paper as a baseline reference. The paper contributions include the use of an evolutionary algorithm as a tool for search on the hyperparameters of the ELM. In addition, an  activation function recently proposed in the literature is implemented and tested. The  computational approach developed here has the potential to assist in petrographic data classification and helps to improve the process of reservoir characterization and the production development planning.",Special Issue - Exact and Heuristic Solutions for Optimization Problems,Published,https://seer.ufrgs.br/index.php/rita/workflow/access/80702,10.22456/2175-2745.80702,2018-03-01 13:12:00,2020-01-11 15:42:49
80721,Exact Algorithms for the Graph Coloring Problem,"The graph coloring problem is the problem of partitioning the vertices of a graph into the smallest possible set of independent sets. Since it is a well-known NP-Hard problem, it is of great interest of the computer science finding results over exact algorithms that solve it. The main algorithms of this kind, though, are scattered through the literature. In this paper, we group and contextualize some of these algorithms, which are based in Dynamic Programming, Branch-and-Bound and Integer Linear Programming. The algorithms for the first group are based in the work of Lawler, which searches maximal independent sets on each subset of vertices of a graph as the base of his algorithm. In the second group, the algorithms are based in the work of Brelaz, which adapted the DSATUR procedure to an exact version, and in the work of Zykov, which introduced the definition of Zykov trees. The third group contains the algorithms based in the work of Mehrotra and Trick, which uses the Column Generation method.",Special Issue - Exact and Heuristic Solutions for Optimization Problems,Published,https://seer.ufrgs.br/index.php/rita/workflow/access/80721,10.22456/2175-2745.80721,2018-03-01 17:14:53,2020-01-11 16:03:52
80912,Formal Semantics for Java-like Languages and Research Opportunities,"The objective of this paper is twofold: first, we discuss the state of art on Java-like semantics, focusing on those that provide formal specification using operational semantics (big-step or small-step), studying in detail the most cited projects and presenting some derivative works that extend the originals aggregating useful features. Also, we filter our research for those that provide some insights in type-safety proofs. Furthermore, we provide a comparison between the most used projects in order to show which functionalities are covered in such projects. Second, our effort is focused towards the research opportunities in this area, showing some important works that can be applied to the previously presented projects to study features of object-oriented languages, and pointing for some possibilities to explore in future researches.",Regular Papers,Published,https://seer.ufrgs.br/index.php/rita/workflow/access/80912,10.22456/2175-2745.80912,2018-03-08 10:41:41,2018-09-12 12:41:06
8168,Introdução à Programação de Propósito Geral em Hardware Gráfico,"A Unidade de Processamento Gráfico – do inglês “Graphics Processing Unit""(GPU)
foi desenvolvida inicialmente como um hardware destinado a aumentar a eficiência
e o poder de processamento gráfico para tarefas de renderização. Hoje, a GPU
apresenta-se como um hardware de processamento versátil e de alto poder de computação.
Tornou-se uma possibilidade real na busca por soluções para processamento
em grandes volumes de dados, seja como complemento, seja como alternativa ao uso
de CPUs multicore ou de sistemas distribuídos.
A utilização da GPU em computações de propósito geral é de especial interesse, uma
vez que para diversas aplicações, ainda não existem formulações sequenciais suficientemente
rápidas de serem computadas. Este tutorial tem como objetivo permitir
ao leitor a identificação de algoritmos e aplicações candidatas à abordagens paralelas
em GPU. Com tal finalidade, apresentamos os fundamentos e conceitos envolvidos
na programação de propósito genérico utilizando hardware gráfico sem que seja indispensável
ao leitor, o conhecimento a priori de sistemas gráficos 3D ou de sistemas
paralelos.",Tutoriais,Published,https://seer.ufrgs.br/index.php/rita/workflow/access/8168,10.22456/2175-2745.8168,2009-04-04 21:06:12,2011-03-30 01:10:53
82043,Performance Analysis of the Segment Transfer Rate of TCP-UEM,"UsingTCP(TransmissionControlProtocol)inwirelessnetworkscanaffectitsperformanceduetoits lack of ability to identify packets losses properly, causing the triggering of its congestion control mechanism. Some TCP variants were proposed to improve this control, being TCP-UEM one of them. This variant allows the evaluation of the link reliability in wireless networks in time intervals, keeping the end-to-end semantics. TCP-UEM was implemented in FreeBSD OS and its performance with relation to segment transfer rate (in Mbps) was compared to two other variants, TCP-NEWRENO and TCP-CUBIC. This paper describes TCP-UEM, discusses results of the tests and the statistical analysis that were carried out using two scenarios. For each scenario, 30 samples of 30 seconds of execution time with different loss rates were collected. The results showed that TCP-UEM presented a good performance, achieving a performance higher than the other two variants in the majority of the tests, with different loss rates.",Regular Papers,Published,https://seer.ufrgs.br/index.php/rita/workflow/access/82043,10.22456/2175-2745.82043,2018-04-17 15:26:18,2019-08-03 13:00:36
82079,Vulnerability Identification on GNU/Linux Operating Systems through Case-Based Reasoning,"Operating system security has been steadily evolving over the years. Several mechanisms, softwares and guides of best practices of configuration have been developed to contribute with the security of such systems. The process that makes an operating system safer by considering the default level obtained at the installation is known as hardening. Experience and technical knowledge are important attributes for the professional performing this process. In this context, automated rule-based tools are often used to assist professionals with little experience in vulnerability identification activities. However, the use of rules establishes a dependency on developers for the development of new rules as well as to keep them updated. Failure to update rules can significantly compromise the integrity of vulnerability identification results. In this paper, the Case-Based Reasoning (CBR) technique is used to improve tools that assist inexperienced professionals in conducting vulnerability identification activities. The purpose of using CBR is to make inexperienced professionals obtain similar results as experienced professionals. In addition, the dependence on rule developers is diminished. A prototype was developed considering the GNU/Linux system in order to carry out an experimental evaluation. This evaluation demonstrated that the application of CBR improves the performance of inexperienced professionals in terms of the number of identified vulnerabilities.",Regular Papers,Published,https://seer.ufrgs.br/index.php/rita/workflow/access/82079,10.22456/2175-2745.82079,2018-04-18 18:20:01,2019-11-30 19:37:33
82395,Haskell Type System Analysis,"Types systems of programming languages are becoming more and more sophisticated and, in some cases, they are based on concepts from Logic, Type Theory and Category Theory. Haskell is a language with a modern type system and it is often singled out as an example using such theories. This work presents a small formalization of the Haskell type system and an analysis based on the mentioned theories, including its relation with the Intuitionist Propositional Second Order Logic and its logical characteristics, if there is a category in its type system and how monads are just monoids in the category of Haskell's endofunctors.",Selected Papers - WEIT 2017,Published,https://seer.ufrgs.br/index.php/rita/workflow/access/82395,10.22456/2175-2745.82395,2018-04-29 13:44:39,2018-09-12 12:41:08
82412,Evolutionary Models applied to Multiprocessor TaskScheduling: Serial and Multipopulation Genetic Algorithm,"This work presents the development of a multipopulation genetic algorithm for the task schedulingproblem with communication costs, aiming to compare its performance with the serial genetic algorithm. For thispurpose, a set of instances was developed and different approaches for genetic operations were compared.Experiments were conducted varying the number of populations and the number of processors available forscheduling. Solution quality and execution time were analyzed, and results show that the AGMP with adjustedparameters generally produces better solutions while requiring less execution time.",Regular Papers,Published,https://seer.ufrgs.br/index.php/rita/workflow/access/82412,10.22456/2175-2745.82412,2018-04-30 01:04:13,2020-01-11 16:40:42
8260,A Journey through Virtual and Augmented Reality - Reviewing the SVR Symposia from 2004 to 2008,"This article intends to provide a panorama of the BrazilianSymposium on Virtual and Augmented Reality (SVR) based on the analysis of its last four editions (2004, 2006, 2007, and 2008). We had reviewed the 124 full papers published in these four editions of the symposium and had analyzed them according to different criteria. These criteria include research topics, technologies used, and research approaches. The goal of this document is to draw an accurate picture of the research in this area in Brazil and try to provide insights about trends, deficiencies, and opportunities that may help guiding future efforts of the Brazilian research community in virtual and augmented reality.",Regular Papers,Published,https://seer.ufrgs.br/index.php/rita/workflow/access/8260,10.22456/2175-2745.8260,2009-04-09 11:19:24,2009-04-17 17:11:41
8261,The Design of a Graphics Engine for the Development of Virtual Reality Applications,"This work presents the design and the features of a flexible realtime 3D graphics engine aimed at the development of multimedia applications and collaborative virtual environments. The engine, called EnCIMA (Engine for Collaborative andImmersive Multimedia Applications), enables a fast development process of applications by providing a high level interface, which has been implemented using the C++object-oriented programming paradigm. The main features of the proposed engine are the support to scene management, ability to load static and animated 3D models, particle system effects, network connection management to support collaboration, and collision detection. In addition, the engine supports several specialized interaction devices such as 3D mice, haptic devices, 3D motion trackers, data-gloves, and joystickswith and without force feedback. The engine also enables the developer to choose the way the scene should be rendered to, i.e. using standard display devices, stereoscopy, or even several simultaneous projection for spatially immersive devices. As part of the evaluation process, we have compared the performance of EnCIMA to a game engine and two scene graph toolkits, through the use of a testbed application. The performanceresults and the wide variety of non-conventional interaction devices supported are evidences that EnCIMA can be considered a real time virtual reality engine.",Regular Papers,Published,https://seer.ufrgs.br/index.php/rita/workflow/access/8261,10.22456/2175-2745.8261,2009-04-09 11:38:49,2009-04-17 17:11:41
8263,Designing and implementing an Spatial Augmented Reality X-Ray,"Casting digital-controlled light over real object surfaces, thus creating new textures and special effects, brings to designers and engineers an endless spectrum of possibilities and innovation for their projects. This technology, called SpatialAugmented Reality, can be considered as a kind of ""virtual material"" that can be manipulated by designers in augmented environments. In order to achieve more knowledge on the use of this technology, we have developed AR X-Ray, a spatialaugmented reality tool. Through the use of a portable projector a Virtual X-Ray is emitted over real walls, allowing visual exploration of internal details of buildings (such as pipes and ducts). This paper presents the design, implementaion and results of this project. Some details regarding solutions for technical problems are also discussed, as following: projector tracking, proper registration of synthetic information over realobjects and the development of a shader that manipulates the transparency of textures to allow the user to view what is behind objects.",Regular Papers,Published,https://seer.ufrgs.br/index.php/rita/workflow/access/8263,10.22456/2175-2745.8263,2009-04-09 11:54:43,2009-04-17 17:11:41
8265,A Conceptual Image-Based Data Glove for Computer-Human Interaction,"Data gloves are devices equipped with sensors that capture the movements of the hand of the user in order to select or manipulate objects in a virtual world. Data gloves were introduced three decades ago and since then have been used in many 3D interaction techniques. However, good data gloves are too expensive and only a few of them can perceive the full set of hand movements. In this paper we describe the design of an image-based data glove (IBDG) prototype suitable for finger sensible applications, like virtual objects manipulation and interaction approaches. The proposed device uses a camera to track visual markers at finger tips, and a software module tocompute the position of each finger tip and its joints in real-time. To evaluate our concept, we have built a prototype and tested it with 15 volunteers. We also discuss how to improve the engineering of the prototype, how to turn it into a low cost interaction device, as well as other relevant issues about this original concept.",Regular Papers,Published,https://seer.ufrgs.br/index.php/rita/workflow/access/8265,10.22456/2175-2745.8265,2009-04-09 12:09:32,2009-04-17 17:11:41
8266,A Software Framework to Create 3D Browser-Based Speech Enabled Applications,"The advances in automatic speech recognition have pushed the humancomputer interface researchers to adopt speech as one mean of input data. It is natural to humans, and complements very well other input interfaces. However, integrating an automatic speech recognizer into a complex system (such as a 3D visualization system or a Virtual Reality system) can be a difficult and time consuming task. In this paper we present our approach to the problem, a software framework requiringminimum additional coding from the application developer. The framework combines voice commands with existing interaction code, automating the task of creating a new speech grammar (to be used by the recognizer). A new listener component for theXj3D was created, which makes transparent to the user the integration between the 3D browser and the recognizer. We believe this is a desirable feature for virtual reality system developers, and also to be used as a rapid prototyping tool when experimenting with speech technology.",Regular Papers,Published,https://seer.ufrgs.br/index.php/rita/workflow/access/8266,10.22456/2175-2745.8266,2009-04-09 12:17:12,2009-04-17 17:11:41
82772,V: a language with extensible record accessors and a trait-based type system,"This article introduces the V language, a purely functional programming language with a novel approach to records.Based on a system of type traits, V attempts to solve issues commonly found when manipulating records in purely functional programming languages.",Selected Papers - WEIT 2017,Published,https://seer.ufrgs.br/index.php/rita/workflow/access/82772,10.22456/2175-2745.82772,2018-05-11 21:27:39,2018-09-12 12:41:09
83498,"Stochastic Models for Optimizing Availability, Cost and Sustainability of Data Center Power Architectures through Genetic Algorithm","In recent years, the growth of information technology has required higher reliability, accessibility, collaboration, availability, and a reduction of costs on data centers due to factors such as social network, cloud computing, and e-commerce. These systems require redundant mechanisms on the data center infrastrucutre to achieve high availability, which may increase the electric energy consumption, impacting in both the sustainability and cost. This work proposes a multi-objective optimization approach, based on Genetic Algorithms, to optimize cost, sustainability and availability of data center power infrastructures. The main goal is to maximize availability and minimize cost and exergy consumed (adopted to estimate the environmental impacts). In order to compute such metrics, this work adopts the energy flow model (EFM), reliability block diagrams (RBD) and stochastic petri nets (SPN). Two case studies are conducted to show the applicability of the proposed strategy: (i) takes into account 5 typical data center architectures that were optimized to conduct the validation process of the proposed strategy; (ii) uses the optimization strategy in two architectures classified by ANSI / TIA-942 (TIER I and II). In both case studies, significant improvements were achieved in the results, which were very close to the optimum one that was obtained by a brute force algorithm that analyzes all the possibilities and returns the optimal solution. It is worth mentioning that the time used to obtain the results using the genetic algorithm approach was significantly lower (6,763,260 times), in comparison with the strategy which combines all the possible combinations to obtain the optimal result.",Regular Papers,Published,https://seer.ufrgs.br/index.php/rita/workflow/access/83498,10.22456/2175-2745.83498,2018-06-02 00:48:23,2020-01-13 12:08:42
83581,Use of text mining techniques for unsupervised organization of digital procedural acts,"The rapid advances in technologies related to the capture and storage of data in digital format have allowed to organizations the accumulation of a volume of information extremely high, constituted a higher proportion of data in unstructured format, represented by texts. However, it is noted that the retrieval of useful information from these large repositories has been a very challenging activity. In this context, data mining is presented as a self-discovery process that acts on large databases and enables the knowledge extraction from raw text documents. Among the many sources of textual documents are electronic diaries of justice, which are intended to make public officially all the acts of the Judiciary. Despite the publication in digital form has provided improvements represented by the removal of imperfections related to divulgation at printed format, it is observed that the application of data mining methods could render more rapid analysis of its contents. In this sense, this article establishes a tool capable of automatically grouping and categorizing digital procedural acts, based on the evaluation of text mining techniques applied to groups determination activity. In addition, the strategy of defining the descriptors of the groups, that is usually conducted based on the most frequent words in the documents, was evaluated and remodeled in order to use, instead of words, the most regularly identified concepts in the texts.",Regular Papers,Published,https://seer.ufrgs.br/index.php/rita/workflow/access/83581,10.22456/2175-2745.83581,2018-06-05 05:25:51,2020-01-11 14:56:16
84330,An Analysis of a Real Mobility Trace Based on Standard Mobility Metrics,"Better understanding mobility, being it from pedestrians or any other moving object, is practical and insightful. Practical due to its applications to the fundamentals of communication, with special attention to wireless communication. Insightful because it might pinpoint the pros and cons of how we are moving, or being moved, around. There are plenty of studies focused on mobility in mobile wireless networks, including the proposals of several synthetic mobility models. Getting real mobility traces is not an easy task, but there has been some efforts to provide traces to the public through repositories. Synthetic mobility models are usually analyzed through mobility metrics, which are designed to capture mobility subtleties. This work research on the applicability of some representative mobility metrics for real traces analysis. To achieve that goal, a case study is accomplished with a dataset of mobility traces of taxi cabs in the city of Rome/Italy. The results suggest that the mobility metrics under consideration are capable of capturing mobility properties which would otherwise require more sophisticated analytical approaches.",Regular Papers,Published,https://seer.ufrgs.br/index.php/rita/workflow/access/84330,10.22456/2175-2745.84330,2018-06-28 17:51:17,2020-01-11 15:03:11
8441,SWEETS: um Sistema de Recomendação de Especialistas aplicado a uma plataforma de Gestão de Conhecimento,"As organizações, com o intuito de aumentarem o seu grau de competitividade no mercado, vêm a cada instante buscando novas formas de evoluir a produtividade e a qualidade dos produtos desenvolvidos, além da diminuição de custos – que está diretamente relacionada ao aumento do faturamento líquido. Para que tais objetivos possam ser alcançados é primordial explorar ao máximo o potencial de seus colaboradores e os possíveis relacionamentos que esses colaboradores têm uns com os outros, ou seja, encontrar e partilhar conhecimento tácito. Como o conhecimento tático está na mente das pessoas, é difícil de ser formalizado e documentado, por isso, o ideal seria identificar e recomendar a pessoa que detém  o conhecimento.  Diante disso, a presente dissertação apresenta o Sistema de Recomendação de Especialistas SWEETS e a sua implantação no ambiente a.m.i.g.o.s., uma plataforma de gestão de conhecimento baseada em conceitos voltados às redes sociais. O SWEETS foi desenvolvido em duas versões, 1.0 e 2.0.     A versão 1.0, de forma pró-ativa, aproxima pessoas com especialidades em comum, ora pelos seus conhecimentos (perfil de escrita), ora pelos seus interesses (perfil de leitura). Já a versão 2.0 do SWEETS não atua de forma pró-ativa, ou seja, é necessário que haja a requisição de um usuário especialista em determinada área, e é baseada em folksonomia para extração de uma ontologia, fundamental para identificar as especialidades das pessoas de forma mais eficaz. Esta ontologia é refletida pela co-ocorrência das tags (conceitos) em relação aos itens (instâncias) e é independente de domínio – principal contribuição dessa dissertação. A implantação do SWEETS no a.m.i.g.o.s. visa trazer benefícios como: minimizar o problema de comunicação na corporação, prover um incentivo ao conhecimento social e partilhar conhecimento; proporcionando, assim, à empresa, a utilização mais eficaz dos conhecimentos de seus colaboradores.Palavras Chave: Sistemas de Recomendação, Redes Sociais Web, folsonomia e ontologia.",Regular Papers,Published,https://seer.ufrgs.br/index.php/rita/workflow/access/8441,10.22456/2175-2745.8441,2009-04-26 18:52:36,2011-05-11 21:48:56
84814,A gene based bacterial whole genome comparison toolkit,"Most of the computational biology analysis is made comparing genomic features. The nucleotide and amino acid sequence alignments are frequently used in gene function identification and genome comparison. Despite its widespread use, there are limitations in their analysis capabilities that need to be considered but are often overlooked or unknown by many researchers. This paper presents a gene based whole genome comparison toolkit which can be used not only as an alternative and more robust way to compare a set of whole genomes, but, also, to understand the tradeoff of the use of sequence local alignment in this kind of comparison. A study case was performed considering fifteen whole genomes of the Xanthomonas genus. The results were compared with the 16S rRNA-processing protein RimM phylogeny and some thresholds for the use of sequence alignments in this kind of analysis were discussed. ",Regular Papers,Published,https://seer.ufrgs.br/index.php/rita/workflow/access/84814,10.22456/2175-2745.84814,2018-07-15 09:38:08,2020-01-11 15:56:39
85091,Analysis of the Performance of Genetic Algorithm Parallelized with OpenMP Through Execution Traces,"Run tracing allows you to identify issues affecting the performance of parallel applications. This work consists in evaluating the parallelization of a Genetic Algorithm applied to the Vehicle Routing Problem with OpenMP, where the performance obtained was not ideally expected. Being that it was possible to obtain a performance increase of 1.4 times in the architecture used, however, but still below ideal. Therefore, the general objective of this work is to investigate the causes of the low performance obtained by the Genetic Algorithm, performing an analysis from the execution traces. Our results showed that the parallelization of the Genetic Algorithm is according to the model in which it was implemented and to the set of instances of the target Vehicle Routing Problem used.",Regular Papers,Published,https://seer.ufrgs.br/index.php/rita/workflow/access/85091,10.22456/2175-2745.85091,2018-07-23 19:38:04,2020-01-11 16:12:16
8522,Uma Revisão Sobre Combinação de Agrupamentos,"Vários algoritmos de agrupamentos foram propostos na literatura. O uso de diferentes algoritmos de agrupamento,  ou até mesmo de um único algoritmo,  pode obter diferentes resultados quando aplicados em um mesmo conjunto de dados.  A combinação de resultados, obtidos de uma técnica de classificação ou de técnicas distintas, é utilizada com sucesso para melhorar a estabilidade ou desempenho dessas técnicas. Por isto, nos últimos anos houve um aumento crescente no interesse do uso de combinação de agrupamentos de dados. Neste trabalho, é feita uma revisão sobre os principais métodos de combinação de agrupamentos encontrados na literatura.  Para isso, a revisão começa com uma descrição do problema de combinação e uma análise dos objetivos comumente adotados por métodos de combinação.  Em seguida, discorre-se sobre a necessidade da diversidade nos agrupamentos a serem combinados e métodos para medi-la. Também é definido um critério para medir a informação mútua entre agrupamentos e são apresentados exemplos de seu uso. O desempenho dos métodos foi comparado por vários autores na literatura e uma análise dessas comparações é realizada neste trabalho. ",Tutoriais,Published,https://seer.ufrgs.br/index.php/rita/workflow/access/8522,10.22456/2175-2745.8522,2009-05-05 10:05:17,2010-03-31 09:30:50
8611,Combinando Modelos de Interação para Melhorar a Coordenação em Sistemas Multiagente,"A contribuição principal deste artigo é a implementação de um método híbrido de coordenação a partir da combinação de modelos de interação desenvolvidos anteriormente. Os modelos de interação são baseados no compartilhamento de recompensas para aprendizagem com múltiplos agentes, no intuito de descobrir de maneira interativa políticas de boa qualidade. A troca de recompensas entre os agentes durante a interação é uma tarefa complexa e se realizada de forma inadequada pode ocasionar atrasos no aprendizado ou até mesmo causar comportamentos inesperados, tornando a cooperação ineficiente e convergindo para uma política não-satisfatória. A partir desses conceitos, o método híbrido utiliza as particularidades de cada modelo, reduzindo possíveis conflitos entre ações com recompensas de políticas diferentes, melhorando a coordenação dos agentes em problemas de aprendizagem por reforço. Resultados experimentais mostram que o método híbrido é capaz de acelerar a convergência, conquistando rapidamente políticas ótimas mesmo em grandes espaços de estados, superando os resultados de abordagens clássicas de aprendizagem por reforço.",Regular Papers,Published,https://seer.ufrgs.br/index.php/rita/workflow/access/8611,10.22456/2175-2745.8611,2009-05-14 16:18:10,2011-05-11 21:48:56
86196,A Taxonomy of container security on computational clouds: concerns and solutions,"VirtualizationincloudcomputinghasbeenusedincombinationwithenvironmentsPlatformas a Service (PaaS) and Infrastructure as a Service (IaaS) in order to provide performance, isolation, and scalability. However, containers and virtual machines (VMs) are susceptible to the vulnerabilities present in the core of operating system as well as container solutions, which are a risk for information and service operation of all entities sharing a same host. The safety recommendation guides aims to mitigate the security in this scenario, but the selection of containerization solutions taking into account security requirements is a complex task. Thus, we propose a security taxonomy focused on containers to cloud computing in order to assist the classification and evaluation containers security mechanisms and solutions. ",Regular Papers,Published,https://seer.ufrgs.br/index.php/rita/workflow/access/86196,10.22456/2175-2745.86196,2018-08-26 20:53:25,2020-01-11 16:09:21
86380,OLSR Fuzzy Cost (OLSR-FC): an extension to OLSR protocol based on fuzzy logic and applied to avoid selfish nodes,"The mobile ad-hoc networks (MANET) are those whose nodes have mobility, energy restriction and operate simultaneously as end systems and router. One of the main problems found in MANETs is the occurrence of selfish nodes, which are those that refuse to route packets for other nodes. To address the issue of selfish nodes in MANETs and improve the flow of traffic in these networks, this paper proposes an extension to the OLSR protocol, based on Fuzzy logic, called OLSR Fuzzy Cost (OLSR -FC). Using the NS-2 simulator, the OLSR-FC proposal was compared to other extensions of OLSR protocol (e.g., OLSR-ETX, OLSR-ML e OLSR-MD) concerning the performance metrics: packet loss, end-to-end delay, Jitter, power consumption, routing overhead and throughput. The results showed that OLSR-FC obtains better performance than the evaluated extensions, avoiding selfish nodes and selecting routes whose links have little packet losses. ",Regular Papers,Published,https://seer.ufrgs.br/index.php/rita/workflow/access/86380,10.22456/2175-2745.86380,2018-09-02 19:36:56,2020-01-11 16:15:19
86439,A Model for the Diffusive Filling-In Algorithm Operating in Spike Mode,"To run cortical circuit simulations in spike mode, i.e. taking into account the neural representation of information in terms of sequences of electrical pulses (also known as spikes), the use of customized hardware, which is specific for this purpose, is recommended. Simulations using more traditional hardware can be prohibitive. In this context, theoretical predictions are important for customized hardware design. For example, theoretical predictions lead to an adequate neuron model choice. To make such theoretical predictions, the cortical circuit simulations are carried out in amplitude mode. Differently from the spike mode, in amplitude mode information is represented by sequences of scalar values that describe neural input and output spike rates. In this paper, it was proposed amplitude and spike mode simulations of a cortical algorithm, namely the diffusive filling-in algorithm, to investigate whether predictions based on the amplitude-mode results approximate well the behavior of the customized hardware (spike mode results). The diffusive filling-in algorithm was chosen because it is simple enough for spike-mode simulation in a conventional computer, but the proposed amplitude-mode prediction method is the same for more complex algorithms or circuits. We provide a highly realistic comparison between amplitude-mode and spike-mode in the diffusive filling-in case, which suggests that the amplitude mode is reliable for theoretical predictions useful for customized hardware design for cortical circuit simulation. The goal of this paper is not to bring closure to these discussions but to suggest a way of avoiding possible issues that could compromise the success of the customized device design.",Regular Papers,Published,https://seer.ufrgs.br/index.php/rita/workflow/access/86439,10.22456/2175-2745.86439,2018-09-04 19:58:09,2019-11-30 19:37:36
86478,Virtual Reality-based Training for the Motor Developmentof People With Intellectual and Multiple Disabilities,"This study investigated the potential of using a virtual reality-based motor coordination and cognitivetraining for people with intellectual and multiple disabilities, focusing on their autonomy and communityparticipation. A low-cost innovative interaction interface between the user and the virtual environment wasproposed to provide a more realistic and intuitive interaction experience. Nine people with disabilities wereselected from an institutional care for people with disabilities and they were enrolled in a four-week experiment,which consisted in going through three challenges. The results show that the patients demonstrated statisticallysignificant improvements regarding the task gave, also based on the observational analysis of the instructorand physiotherapist. Thus, the analysis indicates that the VR-based method can be effective in the motordevelopment of those patients, improving their autonomy and cognitive skills.",Regular Papers,Published,https://seer.ufrgs.br/index.php/rita/workflow/access/86478,10.22456/2175-2745.86478,2018-09-06 15:17:29,2019-11-30 19:37:38
86534,Elementary Economic Systems in Material Agent Societies,"This paper formally characterizes the elementary economic systems of material agent societies, on the bases of the notions of (individual and group) elementary economic behavior, elementary economic exchange and elementary economic process. The equilibrium of an elementary economic system is defined in terms of the equilibrium of the set of group elementary economic processes that constitute such system. A case study illustrates the proposed concepts.",Selected Papers - WESAAC 2018,Published,https://seer.ufrgs.br/index.php/rita/workflow/access/86534,10.22456/2175-2745.86534,2018-09-09 10:47:12,2020-01-11 16:35:34
87085,Data Fusion through Fuzzy-Bayesian Networks for Belief Generation in Cognitive Agents,"Situation Awareness provides a theory for agents decision making to allow perception and comprehension of his environment. However, the transformation of the sensory stimulus in beliefs to favor the BDI reasoning cycle is still an unexplored subject. Autonomous agent projects often require the use of multiple sensors to capture environmental aspects. The natural variability of the physical world and the imprecision contained in linguistic concepts used by humans mean that sensory data contain different types of uncertainty in their measurements. Thus, to obtain the Situational Awareness for Agents with physical sensors, it is necessary to define a data fusion process to perform uncertainty treatment. This paper presents a model to beliefs generation using fuzzy-bayesian inference. An example in robotics navigation and location is used to illustrate the proposal.",Selected Papers - WESAAC 2018,Published,https://seer.ufrgs.br/index.php/rita/workflow/access/87085,10.22456/2175-2745.87085,2018-09-30 22:13:18,2019-08-03 13:00:39
87511,A Strategy for Performance Evaluation and Modeling of Cloud Computing Services,"On-demand services and reduced costs made cloud computing a popular mechanism to provide scalable resources according to the user’s expectations. This paradigm is an important role in business and academic organizations, supporting applications and services deployed based on virtual machines and containers, two different technologies for virtualization. Cloud environments can support workloads generated by several numbers of users, that request the cloud environment to execute transactions and its performance should be evaluated and estimated in order to achieve clients satisfactions when cloud services are offered. This work proposes a performance evaluation strategy composed of a performance model and a methodology for evaluating the performance of services configured in virtual machines and containers in cloud infrastructures. The performance model for the evaluation of virtual machines and containers in cloud infrastructures is based on stochastic Petri nets. A case study in a real public cloud is presented to illustrate the feasibility of the performance evaluation strategy. The case study experiments were performed with virtual machines and containers supporting workloads related to social networks transactions. ",Regular Papers,Published,https://seer.ufrgs.br/index.php/rita/workflow/access/87511,10.22456/2175-2745.87511,2018-10-17 20:06:27,2020-01-11 16:50:17
88822,Evaluating the impact of maintenance policies associated to SLA contracts on the dependability of data centers electrical infrastructures,"Due to the growth of cloud computing, data center environment has grown in importance and in use. Data centers are responsible for maintaining and processing several critical-value applications. Therefore, data center infrastructures must be evaluated in order to improve the high availability and reliability demanded for such environments. This work adopts Stochastic Petri Nets (SPN) to evaluate the impact of maintenance policies on the data center dependability. The main goal is to analyze maintenance policies, associated to SLA contracts, and to propose improvements. In order to accomplish this, an optimization strategy that uses Euclidean distance is adopted to indicate the most appropriate solution assuming conflicting requirements (e.g., cost and availability). To illustrate the applicability of the proposed models and approach, this work presents case studies comparing different SLA contracts and maintenance policies (preventive and corrective) applied on data center electrical infrastructures.",Regular Papers,Published,https://seer.ufrgs.br/index.php/rita/workflow/access/88822,10.22456/2175-2745.88822,2018-12-11 16:18:19,2020-01-15 21:42:47
88911,Hybrid Neural Networks Applied to Brazilian Stock Market,"The stock market is a stochastic, dynamic environment and is in constant evolution, and its prediction represents a big challenge. Many studies presented in the state of the art are facing this challenge, by making use of Artificial Neural Networks (ANN) as a tool to make such prediction. In this paper a comparative study is made with different methods in order to predict the Brazilian stock market through the Bovespa Index. An ANN was developed and its performance was compared against a hybrid model, in which a Genetic Algorithm (GA) is proposed as an alternative to improve the performance of this ANN. The results obtained were an average accuracy of 55.04% and 55.73% respectively, demonstrating that algorithms such as a GA have the capability of improving the performance of ANN for the stock market prediciton.",Regular Papers,Published,https://seer.ufrgs.br/index.php/rita/workflow/access/88911,10.22456/2175-2745.88911,2018-12-19 09:56:14,2020-05-04 17:21:27
89063,"Biclustering and coclustering: concepts, algorithms and viability for text mining","Biclustering and coclustering are data mining tasks capable of extracting relevant information from data by applying similarity criteria simultaneously to rows and columns of data matrices. Algorithms used to accomplish these tasks simultaneously cluster objects and attributes, enabling the discovery of biclusters or coclusters. Although similar, the natures and aims of these tasks are different, and coclustering can be seen as a generalization of biclustering. An accurate study on algorithms related to biclustering and coclustering is essential to achieve effectiveness when solving real-world problems. Determining the values appropriate for the parameters of these algorithms is even more difficult when complex real-world data are analyzed. For example, when biclustering or coclustering is applied to textual data (i.e., in text mining), a representation through a vector space model is required. Such representation usually generates vector spaces with a high number of dimensions and high sparsity, which influences the performance of many algorithms. This tutorial aims to didactically present concepts related to the biclustering and coclustering tasks and how two basic algorithms address these concepts. In addition, experiments are presented in data contexts with a high number of dimensions and high sparsity, represented by both a synthetic dataset and a corpus of real-world news. In general and comparative terms, the results obtained show the algorithm used for coclustering (i.e., NBVD) as the most appropriate for the experiments’ context. Although the biclustering algorithm (i.e., Cheng and Church) was responsible for producing less relevant results in textual data than NBVD, its application in data with a high number of dimensions and high sparsity provided a suitable study environment to understand its operation.",Tutoriais,Published,https://seer.ufrgs.br/index.php/rita/workflow/access/89063,10.22456/2175-2745.89063,2018-12-18 15:35:52,2020-01-11 15:49:03
89115,PHOC Descriptor Applied for Mammography Classification,"This paper describes experiments with PHOC (Pyramid Histogram of Color) features descriptor in terms of capacity for representing features presented in breast radiograph (also known as mammography). Patches were taken from regions in digital mammographies, representing benign, cancerous, normal tissues and image’s background. The motivation is to evaluate the proposal in perspective of using it for execution in an inexpensive ordinary desktop computer in places located far from medical experts. The images were obtained from DDSM database and processed producing the feature-dataset used for training an Artificial Neural Network, the results were evaluated by analysis of the learning rate curve and ROC curves, besides these graphical analytical tools the confusion matrix and other quantitative metrics (TPR, FPR and Accuracy) were also extracted and analyzed. The average accuracy ≈ 0.8 and the other metrics extracted from results demonstrate that the proposal presents potential for further developments. At the best effort, PHOC was not found in literature for applications in mammographies such as it is proposed here.",Regular Papers,Published,https://seer.ufrgs.br/index.php/rita/workflow/access/89115,10.22456/2175-2745.89115,2018-12-20 18:43:43,2020-07-29 23:24:11
9009,Uma abordagem estrutural para calcular similaridade entre conceitos de ontologias,"  O problema da compatibilização entre ontologias ainda é um problema aberto. Para tratar esse problema, apresentamos o algoritmo implementado no sistema GNoSIS. Nossa solução faz uso tanto de técnicas sintáticas quanto semânticas numa abordagem estrutural, facilitando o mapeamento ou alinhamento entre ontologias de diferentes domínios. Esse algoritmo se utiliza de diferentes funções de similaridade e calcula o grau de similaridade entre os conceitos de forma recursiva, calculando o resultado da função de similaridade entre dois conceitos com base no grau de similaridade total entre os conceitos que possuem parentesco próximo. Uma validação da abordagem é apresentada neste artigo.",Regular Papers,Published,https://seer.ufrgs.br/index.php/rita/workflow/access/9009,10.22456/2175-2745.9009,2009-06-17 21:28:30,2011-03-30 01:10:53
90724,BeeNotified! A Notification System of Physical Quantities for Beehives Remote Monitoring,"One of the ways to reduce inappropriate management of hives and monitor bee health is to send notifications/alerts about the data collected through sensors. This study presents  BeeNotified!, a solution for sending notifications through Telegram, e-mail, and SMS. The notifications warn about the level of temperature, humidity, sound, carbon dioxide, oxygen, hive weight and delay in data gathering. From this data, researchers and beekeepers can be informed and make changes in the locations of the hives, avoiding catastrophes and possible diseases. The results obtained with the processing time in the sending of messages showed that the messages sent via SMS and Telegram have a shorter processing time compared to the sending via e-mail. In regards to sending notifications according to user preferences, all notifications were sent correctly.",Regular Papers,Published,https://seer.ufrgs.br/index.php/rita/workflow/access/90724,10.22456/2175-2745.90724,2019-03-06 18:46:41,2020-06-22 11:05:10
90822,An Online Tree-Based Approach for Mining Non-Stationary High-Speed Data Streams," This paper presents a new learning algorithm for inducing decision trees from data streams. In these domains, large amounts of data are constantly arriving over time, possibly at high speed. The proposed algorithm uses a top-down induction method for building trees, splitting leaf nodes recursively, until none of them can be expanded. The new algorithm combines two split methods in the tree induction. The first method is able to guarantee, with statistical significance, that each split chosen would be the same as that chosen using infinite examples. By doing so, it aims at ensuring that the tree induced online is close to the optimal model. However, this split method often needs too many examples to make a decision about the best split, which delays the accuracy improvement of the online predictive learning model. Therefore, the second method is used to split nodes more quickly, speeding up the tree growth. The second split method is based on the observation that larger trees are able to store more information about the training examples and to represent more complex concepts. The first split method is also used to correct splits previously suggested by the second one, when it has sufficient evidence. Finally, an additional procedure rebuilds the tree model according to the suggestions made with an adequate level of statistical significance. The proposed algorithm is empirically compared with several well-known induction algorithms for learning decision trees from data streams. In the tests it is possible to observe that the proposed algorithm is more competitive in terms of accuracy and model size using various synthetic and real world datasets.   ",Regular Papers,Published,https://seer.ufrgs.br/index.php/rita/workflow/access/90822,10.22456/2175-2745.90822,2019-03-10 22:55:24,2020-01-15 21:42:48
91414,Group Labeling Methodology Using Distance-based Data Grouping Algorithms,"Clustering algorithms are often used to form groups based on the similarity of their members. In this context, understanding a group is just as important as its composition. Identifying, or labeling groups can assist with their interpretation and, consequently, guide decision-making efforts by taking into account the features from each group. Interpreting groups can be beneficial when it is necessary to know what makes an element a part of a given group, what are the main features of a group, and what are the differences and similarities among them. This work describes a method for finding relevant features and generate labels for the elements of each group, uniquely identifying them. This way, our approach solves the problem of finding relevant definitions that can identify groups. The proposed method transforms the standard output of an unsupervised distance-based clustering algorithm into a Pertinence Degree (GP), where each element of the database receives a GP concerning each formed group. The elements with their GPs are used to formulate ranges of values for their attributes. Such ranges can identify the groups uniquely. The labels produced by this approach averaged 94.83% of correct answers for the analyzed databases, allowing a natural interpretation of the generated definitions.",Regular Papers,Published,https://seer.ufrgs.br/index.php/rita/workflow/access/91414,10.22456/2175-2745.91414,2019-03-28 15:59:32,2020-01-15 21:42:48
91522,Road Surface Classification with Images Captured From Low-cost Camera - Road Traversing Knowledge (RTK) Dataset,"The type of road pavement directly influences the way vehicles are driven. It’s common to find papers that deal with path detection but don’t take into account major changes in road surface patterns. The quality of the road surface has a direct impact on the comfort and especially on the safety of road users. In emerging countries it’s common to find unpaved roads or roads with no maintenance. Unpaved or damaged roads also impact in higher fuel costs and vehicle maintenance. This kind of analysis can be useful for both road maintenance departments as well as for autonomous vehicle navigation systems to verify potential critical points. For the experiments accomplishment upon the surface types and quality classification, we present a new dataset, collected with a low-cost camera. This dataset has examples of good and bad asphalt (with potholes and other damages) other types of pavement and also many examples of unpaved roads (with and without potholes). We also provide several frames from our dataset manually sorted in surface types for tests accuracy verification. Our road type and quality classifier was done through a simple Convolutional Neural Network with few steps and presents promising results in different datasets.",Regular Papers,Published,https://seer.ufrgs.br/index.php/rita/workflow/access/91522,10.22456/2175-2745.91522,2019-04-01 17:44:38,2019-11-30 19:37:40
91814,Models to evaluate service Provisioning over Cloud Computing Environments - A Blockchain-As-A-Service case study,"ThestrictnessoftheServiceLevelAgreements(SLAs)ismainlyduetoasetofconstraintsrelated to performance and dependability attributes, such as availability. This paper shows that system’s availability values may be improved by deploying services over a private environment, which may obtain better availability values with improved management, security, and control. However, how much a company needs to afford to keep this improved availability? As an additional activity, this paper compares the obtained availability values with the infrastructure deployment expenses and establishes a cost × benefit relationship. As for the system’s evaluation technique, we choose modeling; while for the service used to demonstrate the models’ feasibility, the blockchain-as-a-service was the selected one. This paper proposes and evaluate four different infrastructures hosting blockchains: (i) baseline; (ii) double redundant; (iii) triple redundant, and (iv) hyper-converged. The obtained results pointed out that the hyper-converged architecture had an advantage over a full triple redundant environment regarding availability and deployment cost.",Regular Papers,Published,https://seer.ufrgs.br/index.php/rita/workflow/access/91814,10.22456/2175-2745.91814,2019-04-12 07:57:39,2019-11-30 19:37:41
92117,SafeFollowing: A collaborative model for public security agents to assist people with disabilities and the elderly,"In the last survey about the Brazilian population conducted by IBGE, more than 45.6 million of Brazilians declared that they have some kind of disability. Besides that, the same survey revealed that the number of elderly people has been increasing over the years and at that time it already represented 12.1 \% of the total. In this scenario, public policies that can efficiently ensure the rights of this share of the population became even more necessary. In the same manner, with the popularization of mobile devices, opportunities to develop new solutions are arising, offering more independence and quality of life to them. Ubiquitous accessibility support solutions have been proposed, such as the MASC model, which resorts to the concept of smart assistive city; and more recently the AccompCare, which predicts the monitoring of people with disabilities and the elderly. This article proposes the SafeFollowing, a model that enables integrated and collaborative acting of the community aiming to assist people with some kind of disability or elderly people. The SafeFollowing predicts the use of police cars mapping, in order to provide a specific follow-up in adverse daily situations. The validation of the model is also presented in the article, which was performed through experiments in real test scenarios.",Regular Papers,Published,https://seer.ufrgs.br/index.php/rita/workflow/access/92117,10.22456/2175-2745.92117,2019-04-23 15:51:54,2019-11-30 19:37:42
92406,A Computational Strategy for Classification of Enem Issues Based on Item Response Theory,"The National High School Examination (ENEM) gains each year more importance, as it gradually, replacing traditional vestibular. Many simulations are done almost randomly by teachers or systems, with questions chosen without discretion. With this methodology, if a test needs to be reapplied, it is not possible to recreate it with questions that have the same difficulty as those used in the first evaluation. In this context, the present work presents the development of an ENEM Intelligent Simulation Generation System that calculates the parameters of Item Response Theory (TRI) of questions that have already been applied in ENEM and, based on them, classifies them. in groups of difficulty, thus enabling the generation of balanced tests. For this, the K-means algorithm was used to group the questions into three difficulty groups: easy, medium and difficult. To verify the functioning of the system, a simulation with 180 questions was generated along the ENEM model. It could be seen that in 37.7% of cases this happened. This hit rate was not greater because the algorithm confounded the difficulty of issues that are in close classes. However, the system has a hit rate of 92.8% in the classification of questions that are in distant groups.",Regular Papers,Published,https://seer.ufrgs.br/index.php/rita/workflow/access/92406,10.22456/2175-2745.92406,2019-04-30 14:44:44,2020-01-15 21:42:48
92486,HICOLM: High-Performance Platform of Physical Simulations by Using Low Computational Cost Methods,"For decades, computational simulation models have been used by scientists in search for new materials with technological applications in several areas of knowledge. For this, software based on several theoretical-computational models were developed in order to obtain an analysis of the physical properties at atomic levels. The objective of this work is proposing a widely functional software to analyze the physical properties of nanostructures based on carbon and condensed systems using theories of low computational cost. Therefore, a Fortran language computational program called HICOLM was developed, whose theoretical bases are based on two commonly known models (Tight-binding and Molecular Dynamics). The physical properties of condensed systems can be obtained in the thermodynamic equilibrium in several statistical ensembles, and possible to obtain an analysis of the properties of the material and its evolution in the time-dependent on its thermodynamic conditions like temperature and pressure. Moreover, from the tight-binding model, the HICOLM program is also capable of performing a physical analysis of carbon-based nanostructures from the calculation of the material band structure.",Regular Papers,Published,https://seer.ufrgs.br/index.php/rita/workflow/access/92486,10.22456/2175-2745.92486,2019-05-14 19:29:42,2019-12-23 14:44:20
93733,"Traveling Salesman Problem with Optional Bonus Collection, Pickup Time and Passengers","This study introduces a variant of the Traveling Salesman Problem, named Traveling Salesman Problem with Optional Bonus Collection, Pickup Time and Passengers (PCVP-BoTc). It is a variant that incorporates elements of the Prize Collecting Traveling Salesman Problem and Ridesharing into the PCV. The objective is to optimize the revenue of the driver, which selectively defines which delivery or collection tasks to perform along the route. The economic effect of the collection is modeled by a bonus. The model can be applied to the solution of hybrid routing systems with route tasks and solidary transport. The driver, while performing the selected tasks, can give rides to persons who share route costs with him. Passengers are protected by restrictions concerning the maximum value they agree to pay for a ride and maximum travel duration. The activity of collecting the bonus in each locality demands a specific amount of time, affects the route duration, and is interconnected with the embarkment of passengers. Two mathematical formulations are presented for the problem and validated by a computational experiment using a solver. We propose four heuristic algorithms; three of them are hybrid metaheuristics. We tested the mathematical formulation implementations for 24 instances and the heuristic algorithms for 48.",Regular Papers,Published,https://seer.ufrgs.br/index.php/rita/workflow/access/93733,10.22456/2175-2745.93733,2019-06-14 15:05:40,2020-01-15 21:42:48
94016,Performability Evaluation of Voice Services in Converged Networks,"In the last years, the transmission of voice services in converged networks has experienced a huge growth. However, there are still some questions considering the ability of these networks to deliver voice services with acceptable quality. In this paper, we applied analytical modeling and simulation to analyze the quality of voice services using a new index, called MOS a , which considers jointly the MOS index and the availability of the subjacent infrastructure. We consider the influence of different CODECs (G.711 and G.729), queuing policies (Priority Queuing and Custom Queuing), and the warm standby redundancy mechanism. Our goal is to analyze the quality of these services by taking into account overloading conditions in different  architectures/scenarios. These scenarios were constructed using the modeling mechanisms Reliability Block Diagram and Stochastic Petri Nets in addition to a discrete event simulator. Experimental results indicate that the G.711 CODEC has a higher sensitivity both in terms of data traffic volume and allocated network resources in relation to the G.729 CODEC.",Regular Papers,Published,https://seer.ufrgs.br/index.php/rita/workflow/access/94016,10.22456/2175-2745.94016,2019-06-26 11:03:17,2021-07-07 19:57:55
94082,Prize Collecting Traveling Salesman Problem with Ridesharing,"The Prize Collecting Traveling Salesman Problem with Ridesharing is a model that joins elements from the Prize Collecting Traveling Salesman and the collaborative transport. The salesman is the driver of a capacitated vehicle and uses a ridesharing system to minimize travel costs. There are a penalty and a bonus associated with each vertex of a graph, G, that represents the problem. There is also a cost associated with each edge of G. The salesman must choose a subset of vertices to be visited so that the total bonus collection is at least a given a parameter. The length of the tour plus the sum of penalties of all vertices not visited is as small as possible. There is a set of persons demanding rides. The ride request consists of a pickup and a drop off location, a maximum travel duration, and the maximum amount the person agrees to pay. The driver shares the cost associated with each arc in the tour with the passengers in the vehicle. Constraints from ride requests, as well as the capacity of the car, must be satisfied. We present a mathematical formulation for the problem investigated in this study and solve it in an optimization tool. We also present three heuristics that hybridize exact and heuristic methods. These algorithms use a decomposition strategy that other enriched vehicle routing problems can utilize.",Regular Papers,Published,https://seer.ufrgs.br/index.php/rita/workflow/access/94082,10.22456/2175-2745.94082,2019-06-28 15:53:43,2020-05-04 17:20:53
94235,WebGIS development for base flow separation and recharge estimation,"The basic flow rate is characterized by an important hydrological component being responsible for the estimation of the water recharge. Due to the difficulty of measurement, mathematical methods are used to calculate the flow separation. However, when hydrographic analysis is based on long historical series, the use of these methods becomes impracticable, making it necessary to use computational resources. A WebGIS (Web Geographical Information System) was developed for data selection and calculation of base flow separation, based on hydrological data from fluviometric stations located in the Taquari-Antas basin, located in the state of Rio Grande do Sul. A modified version of the Unified Process was used as a software development methodology. We used the MVC software architecture standard and the programming languages PHP 7.0, HTML5, JS and CSS3 for programmatic development of the constituent layers of the system. The hydrological data comes from the HIDROWEB portal, part of the National Information System on Water Resources (SNIRH), with hydrological information collected by the National Hydrometeorological Network (RHN) coordinated by the National Water Agency (ANA). The system facilitates the use of remote and distributed hydrological data, shared over the Internet, for various hydrological analyzes.",Regular Papers,Published,https://seer.ufrgs.br/index.php/rita/workflow/access/94235,10.22456/2175-2745.94235,2019-07-03 18:22:44,2020-06-18 00:06:02
94319,Water Resources Analysis: An Approach based on Agent-Based Modeling,"The paper aims to present a river basin modeling using GAMA platform for water resources analysis. Currently, several models based on multi-agent systems are used for natural resources management and they present satisfactory results for this type of scenario. GAMA is agents based and widely used in this context with several studies already published. In this study, the Sa ̃o Gonc ̧alo and Lagoa Mirim basins were considered from georeferenced data. In the modeling, regions, and rivers are agents on the system where rivers water can flow among neighbors regions.",Selected Papers - WESAAC 2019,Published,https://seer.ufrgs.br/index.php/rita/workflow/access/94319,10.22456/2175-2745.94319,2019-07-07 16:20:27,2020-04-27 22:13:16
94845,Effects of reward distribution strategies and perseverance profiles on agent-based coalitions dynamics,"In a conventional political system, leaders decide how to distribute benefits to the population and coalitions can emerge when other individuals support the candidates. This work intends to analyze how different leader strategies and individual profiles affect the way coalitions are formed and rewards are shared. Using agent-based simulation, we simulated a model in which individuals of three different perseverance profiles (patient, intermediate and impatient) eventually decide to be part of coalitions by supporting certain leaders when aiming to maximize their own earnings. Leaders can follow one of three different strategies to share rewards: altruistic, intermediate and egoistic. The results show that egoistic leaders stimulate the competition for rewards and the formation of coalitions, causing greater inequalities, while impatient individuals also promote more instability and lead to a higher concentration of rewards.",Selected Papers - WESAAC 2019,Published,https://seer.ufrgs.br/index.php/rita/workflow/access/94845,10.22456/2175-2745.94845,2019-07-25 18:34:42,2020-04-27 22:13:16
95095,Mosaik and PADE: Multiagents and Co-simulation for smart grids modeling,"This paper describes the integration process between two tools in order to perform co-simulation for representation and analysis of dynamic environments in the context of smart grids. The integrated tools are Mosaik, a software to co-simulation management, and PADE, a software to multi-agent systems development. As a study case for demonstrate the integration, a scenary was utilized composed of a low voltage electricity distribution grid with 37 load bus, 20 photo-voltaic distributed generations, randomly connected to load bus, as well as, 20 PADE agents associated to distributed generation, modeling the behavior of electricity storage systems. The simulation results show the integration happening and demonstrate how useful is to model the dynamics of distributed electric resources with multi-agent systems.",Selected Papers - WESAAC 2019,Published,https://seer.ufrgs.br/index.php/rita/workflow/access/95095,10.22456/2175-2745.95095,2019-07-31 21:00:14,2020-04-27 22:13:17
96081,Unsupervised Feature Selection Methodology for Clustering in High Dimensionality Datasets,"Feature selection is an important research area that seeks to eliminate unwanted features from datasets. Many feature selection methods are suggested in the literature, but the evaluation of the best set of features is usually performed using supervised metrics, where labels are required. In this work we propose a methodology that tries to aid data specialists to answer simple but important questions, such as: (1) do current feature selection methods give similar results? (2) is there is a consistently better method ? (3) how to select the m-best features? (4) as the methods are not parameter-free, how to choose the best parameters in the unsupervised scenario? and (5) given different options of selection, could we get better results if we fusion the results of the methods? If yes, how can we combine the results? We analyze these issues and propose a methodology that, based on some unsupervised methods, will make feature selection using strategies that turn the execution of the process fully automatic and unsupervised, in high-dimensional datasets. After, we evaluate the obtained results, when we see that they are better than those obtained by using the selection methods at standard configurations. In the end, we also list some further improvements that can be made in future works.",Regular Papers,Published,https://seer.ufrgs.br/index.php/rita/workflow/access/96081,10.22456/2175-2745.96081,2019-09-01 01:07:26,2020-04-27 22:13:13
96181,Studying the Performance of Cognitive Models in Time Series Forecasting,"Cognitive models have been paramount for modeling phenomena for which empirical data are unavailable, scarce, or only partially relevant. These approaches are based on methods dedicated to preparing experts and then to elicit their opinions about the variables that describe the phenomena under study. In time series forecasting exercises, elicitation processes seek to obtain accurate estimates, overcoming human heuristic biases, while being less time consuming. This paper aims to compare the performance of cognitive and mathematical time series predictors, regarding accuracy. The results are based on the comparison of predictors of the cognitive and mathematical models for several time series from the M3-Competition. From the results, one can see that cognitive models are, at least, as accurate as ARIMA models predictions.",Regular Papers,Published,https://seer.ufrgs.br/index.php/rita/workflow/access/96181,10.22456/2175-2745.96181,2019-09-03 13:28:33,2020-01-15 21:42:48
9644,Aplicação de redes neurais ART e análise de textura para a classificação do estado de alteração de agregados minerais,"Uma nova abordagem para identificação do estado de alteração de agregados minerais destinados à obras de construção civil é apresentada. Tal identificação é de fundamental importância para evitar insucessos e ocorrência de defeitos prematuros na realização de obras que podem ser atribuídos à qualidade do agregado utilizado quanto ao seu estado de alteração. Técnicas de processamento de imagens são empregadas para aquisição dos histogramas dos canais de cor das imagens, seguidos do cálculo da entropia dos histogramas que fornece as características principais para a classificação. Finalmente, um modelo de aquisição de conhecimento incremental e de classificação que emprega redes neurais ART (Adaptive Resonance Theory) é construído para automatizar o processo de classificação. O modelo de classificação é organizado em duas etapas. Na primeira etapa,  os agregados são classificados como alterados e não alterados, e em uma segunda etapa, o grupo deagregados alterados é classificado quanto ao grau de alteração. O modelo proposto apresenta resultados de classificação melhores quando comparados com aqueles obtidos através de outros algoritmos de classificação.",Regular Papers,Published,https://seer.ufrgs.br/index.php/rita/workflow/access/9644,10.22456/2175-2745.9644,2009-08-03 14:37:19,2011-03-30 01:09:18
97411,Arisa Nest – A Cloud-Based Platform for Development of Virtual Assistant,"The use of virtual assistants has become popularized by their adhesion by large companies. This is because they have brought benefits to a certain extent in people’s daily activities or in their tasks in organizations, with reminders, automation of repetitive tasks, proposing solutions for various situations, etc.. To meet this demand, several tools have been developed to create this type of agent. Following the same trends, this paper presents the Arisa Nest platform, under the Platform as a Service model, as a tool to create virtual assistants with resources to manage information about users, create algorithms to give more effective answers, consume web services to the interoperability with other systems and with proactivity behaviors. Finally, some cases are presented using the platform in real scenarios and tests.",Selected Papers - WESAAC 2019,Published,https://seer.ufrgs.br/index.php/rita/workflow/access/97411,10.22456/2175-2745.97411,2019-10-15 15:00:37,2020-05-04 17:22:15
97479,Reactive multi-agent system applied to self-healing in Smart Grids,"This paper presents a decentralized algorithm for application in the smart grids self-healing problem, at the distribution level. The algorithm implementation is made using a reactive multi-agent system, which models the electrical grid in terms of autonomous agents which perform the algorithm operations in a distributed and parallel way. To validate this algorithm, two distribution network test models are used: a 15 bus model and a 33 bus model — standardized by IEEE. The results are obtained by means of computational simulation and shown in this paper, to each one of the network models. The results show that the proposed approach is able to recover all the nodes of the grid, within the simulation conditions. Moreover, it is seen that the multi-agent system directs the work load exactly to the failure point, preventing the involvement of the entire grid to the self-healing process.",Selected Papers - WESAAC 2019,Published,https://seer.ufrgs.br/index.php/rita/workflow/access/97479,10.22456/2175-2745.97479,2019-10-18 10:54:29,2020-06-01 19:56:48
97835,Comparison of Classical Computer Vision vs. Convolutional Neural Networks for Weed Mapping in Aerial Images,"In this paper, we present a comparison between convolutional neural networks and classicalcomputer vision approaches, for the specific precision agriculture problem of weed mapping on sugarcane fields aerial images. A systematic literature review was conducted to find which computer vision methods are being used on this specific problem. The most cited methods were implemented, as well as four models of convolutional neural networks. All implemented approaches were tested using the same dataset, and their results were quantitatively and qualitatively analyzed. The obtained results were compared to a human expert made ground truth, for validation. The results indicate that the convolutional neural networks present better precision and generalize better than the classical models",Regular Papers,Published,https://seer.ufrgs.br/index.php/rita/workflow/access/97835,10.22456/2175-2745.97835,2019-11-01 15:25:03,2021-07-07 19:57:55
98203,Scrumie: Scrum Teaching Agent Oriented Game,"The use of agile methods has become essential in software development at the present time. Among the existing methods, Scrum is one of the major ones, and is used to manage projects in companies, even outside of the scope of software systems development. Considering the relevance of this subject and the success usually obtained in learning through educational games, Scrumie was proposed to teach the management of Scrum projects. Scrumie applies intelligence in multiagent architecture being developed with Agile Passi an agent oriented methodology. This paper contains a proposal, modeling, implementation and evaluation of the Scrumie game.",Selected Papers - WESAAC 2019,Published,https://seer.ufrgs.br/index.php/rita/workflow/access/98203,10.22456/2175-2745.98203,2019-11-13 23:47:56,2020-05-04 17:20:23
98362,Int-FLBCC: Model for Load Balancing in Cloud Computing using Fuzzy Logic Type-2 and Admissible Orders.,"Dynamic consolidation of virtual machines (VMs) is an effective way to improve resource utilization and power efficiency in cloud computing, directly affecting Quality of Service aspects. This paper presents Int-FLBCC, a new proposal with exploring a Type-2 Fuzzy Logic approach to address the uncertainties and inaccuracies in determining resource usage, aiming at energy savings with minimal performance degradation. Validation results in a simulated cloud computing environment showed improvements in energy efficiency of 8.83% with IQR_XY and 22.43% with MAD_XY. For fulfillment of Service Level Agreements (SLA), the best values achieved were 9.06% with MAD_XY and 25% of THR_Lex1.",Selected Papers - WEIT 2019,Published,https://seer.ufrgs.br/index.php/rita/workflow/access/98362,10.22456/2175-2745.98362,2019-11-20 12:38:49,2020-06-18 00:06:04
98367,"Similar Yet Different: the Structure of Social Networks of Characters in Seinfeld, Friends, How I met Your Mother, and The Big Bang Theory","Networktheoryhasbeenusedtoanalyzestructuresofnarrativesinworksoffiction.Indeed,previous works have shed light on issues related to role detection, for instance. However, few comparative works exist that deal with TV shows. Since these shows are very popular, there are several Internet forums that suggest how similar some of them are, mostly by comparing roles or importance of core characters. Is this popular intuition backed by an objective, numerical analysis using tools from network theory? The goal of this paper is to compare four situation comedies (Seinfeld, Friends, How I Met Your Mother, and The Big Bang Theory) that share a lot in common since their characters are friends living in similar, urban, environments, struggling with their daily lives, careers, and so on. Using tools for analyzing social networks, these shows were compared, showing that their structures and the roles of the core characters are fundamentally different. The only measure that proved to be similar among the four shows is entropy of their graphs, especially when computed over the degree distribution.",Regular Papers,Published,https://seer.ufrgs.br/index.php/rita/workflow/access/98367,10.22456/2175-2745.98367,2019-11-21 08:54:35,2020-04-27 22:13:15
98369,DenseNet-DC: Optimizing DenseNet Parameters Through Feature Map Generation Control,"Convolutional Neural Networks still suffer from the need for great computational power, oftenrestricting their use on various platforms. Therefore, we propose a new optimization method made for DenseNet, a convolutional neural network that has the characteristic of being completely connected. The objective of the method is to control the generation of the characteristic maps in relation to the moment the network is in, aiming to reduce the size of the network with the minimum of loss in accuracy. This control occurs reducing the number of feature maps through the addition of a new parameter called the Decrease Control or dc value, where the decrease occurs from half of the layers. In order to validate the behavior of the proposed model, experiments were performed using different image bases: MNIST, Fashion-MNIST, CIFAR-10, CIFAR-100, CALTECH-101, Cats vs Dogs and TinyImageNet. Some of the results achieved were: for the MNIST and Fashion-MNIST base, there was 43% parameter reduction. For the CIFAR-10 base achieved a 44% reduction in network parameters, while in base CIFAR-100 the parameter reduction are 43%. In the CALTECH-101 base the parameter optimization was 35%, while the Cats vs Dogs optimized 30% of model parameters. Finally, the TinyImageNet base was reduced 31% of the parameters.",Regular Papers,Published,https://seer.ufrgs.br/index.php/rita/workflow/access/98369,10.22456/2175-2745.98369,2019-11-20 11:53:13,2020-06-18 00:05:55
98483,Reasoning about Partial Correctness Assertions in Isabelle/HOL,"Hoare Logic has a long tradition in formal verification and has been continuously developed and used to verify a broad class of programs, including sequential, object-oriented and concurrent programs. The purpose of this work is to provide a detailed and accessible exposition of the several ways the user can conduct, explore and write proofs of correctness of sequential imperative programs with Hoare logic and the ISABELLE proof assistant. With the proof language Isar, it is possible to write structured, readable proofs that are suitable for human understanding and communication.",Selected Papers - WEIT 2019,Published,https://seer.ufrgs.br/index.php/rita/workflow/access/98483,10.22456/2175-2745.98483,2019-11-25 15:25:23,2020-06-21 17:51:32
98904,Experiments on Model-Based Software Energy Consumption Analysis Involving Sorting Algorithms,"Although energy has become an important aspect in software development, little support exists for creating energy-efficient programs. One reason for that is the lack of abstractions and tools to enable the analysis of relevant properties involving energy consumption. This paper presents the results of some experiments involving the gathering, modelling, and analysis of energy-related information, in particular, the costs of executing certain parts of a software. We combine some existing free and open-source tools to carry out the experiments, extending one of them to handle energy information. Our experiments consider a comparison of energy consumption of Java implementations of the Bubble Sort, Insertion Sort and Selection Sort algorithms using different data structures. We show how to combine an energy measurement tool and a model analysis tool to carry such a comparison. Based on this support and on our experiments, we believe this is a first step to allow developers to start creating more energy-efficient software.",Selected Papers - WEIT 2019,Published,https://seer.ufrgs.br/index.php/rita/workflow/access/98904,10.22456/2175-2745.98904,2019-12-10 18:18:12,2020-06-21 11:36:21
99849,Automatic identification of knowledge related to dengue cases in the state of Piauí in public databases using Filtered-Association Rules Networks,"Dengue is an endemic disease in Brazil since the 1980s and since 1996 in Piau ́ı. The number of cases increases each year, with the incidence of more severe symptoms. This research aimed to evaluate the use of an automatic knowledge identification technique in factors related to the number of dengue occurrences. We built a dataset formed by data available in the Information System for Notifiable Diseases (SINAN) and meteorological data of the municipalities of the coastal plain of Piau ́ı. The technique used was that of Filtered Association Rules Networks, which allows visual analysis of knowledge through the use of network structures and rules filtering. As a main result, we confirmed the understanding that the most significant number of cases occurs in May, as it is the moment when the rainfall indexes are decreasing, besides that socio-cultural and race factors do not interfere in the identification of the population of higher risk. This research presents the innovation of the use of a computational technique of automatic knowledge discovery that can assist in the elaboration of prevention actions by epidemiological surveillance.",Regular Papers,Published,https://seer.ufrgs.br/index.php/rita/workflow/access/99849,10.22456/2175-2745.99849,2020-01-24 12:16:21,2020-06-18 00:05:57
