DOI,Title,Author,OpenAlex ID,Abstract,Article References,Times Cited,Publication Year,Publisher,Keywords,Affiliations,Country,Document Type,Language,Open Access,Funding,Concepts,Source File,unified_topic,topic_confidence,secondary_topic
10.22456/2175-2745.10082,Geração de Testes de Desempenho e Estresse a partir de Testes Funcionais,"Ismayle S. Santos, Pedro A. Santos Neto, Rodolfo F. Resende",W2259729193,"Apesar do Teste de Software estar relacionado à garantia de qualidade, ele demanda tempo e recursos, e por isso acaba por não ser realizada em parte dos projetos executados. No contexto das empresas que sempre o realizam, percebe-se que o teste funcional cresce em utilização e que o teste de desempenho e estresse ainda é pouco executado, mesmo diante do aumento dos sistemas acessíveis via Web, em que esses testes são considerados essenciais. Neste artigo é proposto um método e sua ferramenta de apoio para a geração de testes de desempenho e estresse de sistemas Web a partir de testes funcionais, na tentativa de popularizar o teste para esses requisitos não-funcionais. Apresenta-se também um estudo experimental que concluiu que o uso do método e da ferramenta pode gerar ganhos em termo de redução de esforço para a geração desses testes.",W1559108993; W1978687257; W1992602600; W2035268221; W2041838121; W2130583432; W2139099781; W2144086695; W2163931728; W2989943115; W3010856131; W3186762111; W3186934134; W4212924738; W4255097898; W4399452770; W6679348597,0.0,2011.0,Federal University of Rio Grande do Sul,Humanities; Psychology; Philosophy,Universidade Federal de Minas Gerais; Universidade Federal do Piauí,BR,Article,PT,True,,Humanities; Psychology; Philosophy,articles-RITA-20260617-dointext.csv,0,1.0,
10.22456/2175-2745.100968,A Mechanized Proof of a Textbook Type Unification Algorithm,"André Rauber Du Bois, Rodrigo Ribeiro, Maycon Amaro",W3036964893,"Unification is the core of type inference algorithms for modern functional programming languages, like Haskell and SML. As a first step towards a formalization of a type inference algorithm for such programming languages, we present a formalization in Coq of a type unification algorithm that follows classic algorithms presented in programming language textbooks. We also report on the use of such formalization to build a correct type inference algorithm for the simply typed λ-calculus.",W95934751; W606696939; W1491324663; W1503170941; W1522873391; W1535521146; W1537343097; W1553511155; W1556536463; W1557561422; W1558175043; W1590419349; W1590842522; W1591679564; W1714698337; W1829244603; W1921642287; W1969204136; W1973876376; W1986121459; W2023035194; W2025431400; W2035324774; W2091657052; W2110685049; W2166822586; W2398885444; W2754763406; W2886069053; W2911969905; W2913582715; W2952996192; W3145594871; W3215477093; W4210285581; W4239999910; W4244488020; W4255921169; W6656791228,0.0,2020.0,Federal University of Rio Grande do Sul,Haskell; Unification; Type inference; Computer science; Functional programming; Programming language; Type (biology); Algorithm; Dependent type; Inference; Generic programming; Type theory; Lambda calculus; Artificial intelligence,Universidade Federal de Ouro Preto; Universidade Federal de Pelotas,BR,Article,EN,True,,Haskell; Unification; Type inference; Computer science; Functional programming; Programming language; Type (biology); Algorithm; Dependent type; Inference; Generic programming; Type theory; Lambda calculus; Artificial intelligence; Ecology; Biology,articles-RITA-20260617-dointext.csv,1,1.0,
10.22456/2175-2745.102061,A New Artificial Immune System Based on Continuous Learning for Pattern Recognition,"Simone F. Souza, Fernando Parra dos Anjos Lima, Fábio Roberto Chavarette",W3117651932,"This paper presents a novel approach for pattern recognition based on continuous training inspired by the biological immune system operation. The main objective of this paper is to present a method capable of continually learn, i.e., being able to address new types of patterns without the need to restart the training process (artificial immune system with incremental learning). It is a useful method for solving problems involving a permanent knowledge extraction, e.g., 3D facial expression recognition, whose quality of the solutions is strongly dependent on a continuous training process. In this context, two artificial immune algorithms are employed: (1) the negative selection algorithm, which is responsible for the pattern recognition process and (2) the clonal selection algorithm, which is responsible for the learning process. The main application of this method is in assisting in decision-making on problems related to pattern recognition process. To evaluate and validate the efficiency of this method, the system has been tested on handwritten character recognition, which is a classic problem in the literature. The results show efficiency, accuracy and robustness of the proposed methodology.",W11219134; W192749064; W1551186452; W1850881749; W1999625849; W2002011878; W2024971643; W2083168386; W2106808671; W2109845050; W2116683971; W2121680631; W2150336375; W2400267228; W3121147667; W4237164190,3.0,2020.0,Federal University of Rio Grande do Sul,Computer science; Artificial intelligence; Artificial immune system; Robustness (evolution); Machine learning; Pattern recognition (psychology); Process (computing); Immune recognition; Clonal selection; Context (archaeology); Immune system,"Instituto Federal de Educação, Ciência e Tecnologia de Mato Grosso; Universidade Estadual Paulista (Unesp); Universidade do Estado de Mato Grosso",BR,Article,EN,True,,Computer science; Artificial intelligence; Artificial immune system; Robustness (evolution); Machine learning; Pattern recognition (psychology); Process (computing); Immune recognition; Clonal selection; Context (archaeology); Immune system; Chemistry; Immunology; Paleontology; Operating system; Biochemistry; Gene; Biology,articles-RITA-20260617-dointext.csv,3,0.8,
10.22456/2175-2745.103182,Low-Latency f0 Estimation for the Finger Plucked Electric Bass Guitar Using the Absolute Difference Function,"Christhian Henrique Gomes Fonseca, Tiago Fernandes Tavares",W3115031847,"Audio-to-MIDI conversion can be used to allow digital musical control through an analog instrument. Audio-to-MIDI converters rely on fundamental frequency estimators that are usually restricted to a minimum delay of two fundamental periods. This delay is perceptible for the case of bass notes. In this dissertation, we propose a low-latency fundamental frequency estimation method that relies on specific characteristics of the electric bass guitar. By means of physical modeling and signal acquisition, we show that the assumptions of this method are based on the generalization of all electric basses. We evaluated our method in a dataset with musical notes played by diverse bassists. Results show that our method outperforms the Yin method in low-latency settings, which indicates its suitability for low-latency audio-to-MIDI conversion of the electric bass sound.",W132858152; W220935706; W954761223; W1515658959; W1525289680; W1728219059; W2028078738; W2061360790; W2138039466; W2155208345; W2294671988; W2478884216; W2622480356; W2920257298; W3031376202; W3209254240; W4285528093,0.0,2020.0,Federal University of Rio Grande do Sul,Bass (fish); MIDI; Guitar; Estimator; Computer science; Latency (audio); Speech recognition; Converters; Acoustics; Mathematics; Electrical engineering; Telecommunications; Engineering; Statistics; Physics,Universidade Estadual de Campinas (UNICAMP),BR,Article,EN,True,,Bass (fish); MIDI; Guitar; Estimator; Computer science; Latency (audio); Speech recognition; Converters; Acoustics; Mathematics; Electrical engineering; Telecommunications; Engineering; Statistics; Physics; Biology; Ecology; Operating system; Voltage,articles-RITA-20260617-dointext.csv,4,1.0,
10.22456/2175-2745.10385,TSML: A XML-based Format for Exchange of Training Samples for Pattern Recognition in Remote Sensing Images,"Marinalva Dias Soares, Luciano Vieira Dutra, Nandamudi L. Vijaykumar",W2236246952,"The availability of large and complex data sets has shifted the focus of pattern recognition towards developing techniques that can efficiently handle these types of data sets. For example, Multiple Classifier Systems claim their ability in reducing the error and complexity of classification by partitioning the data space and combining classifiers predictions. However, it is not an easy task to generate several partitions and moreover to use them in an efficient manner. Another difficult aspect is related to the exchange of training data in different formats among systems to combine classifiers of different and heterogeneous systems. This paper presents a model and structure of training samples based on XML (eXtensible Markup Language) to facilitate the partitioning and exchange among different image classification system. The main contribution is to apply the flexibility of XML that addresses interoperability and communication among heterogeneous systems in partitioning data sets as well as to facilitate interchange of such sets among image processing and pattern recognition systems.",W419168134; W1484315154; W1551957085; W1570448133; W1641780764; W1664954303; W1970285193; W1984441870; W2052438516; W2089564362; W2104469397; W2117481086; W2132549764; W2160063624; W2168809519; W2339847561; W3101436856; W3146003712; W4211019019; W4247666079; W4285719527; W4298266977; W4300543301; W4301514775,1.0,2011.0,Federal University of Rio Grande do Sul,Computer science; XML; Interoperability; Classifier (UML); Data exchange; Markup language; Data mining; XML framework; Focus (optics); Pattern recognition (psychology); Artificial intelligence; Machine learning; Database; World Wide Web,Instituto Nacional de Pesquisas Espaciais,BR,Article,EN,True,,Computer science; XML; Interoperability; Classifier (UML); Data exchange; Markup language; Data mining; XML framework; Focus (optics); Pattern recognition (psychology); Artificial intelligence; Machine learning; Database; World Wide Web; Optics; Physics,articles-RITA-20260617-dointext.csv,3,0.8,
10.22456/2175-2745.104342,Creating Digital Musical Instruments with libmosaic-sound and Mosaicode,"Luan Luiz Gonçalves, Flávio Luiz Schiavoni",W3113728755,"Music has been influenced by digital technology over the last few decades. With the computer and the Digital Musical Instruments, the musical composition could trespass the use of acoustic instruments demanding to musicians and composers a sort of computer programming skills for the development of musical applications. In order to simplify the development of musical applications several tools and musical programming languages arose bringing some facilities to lay-musicians on computer programming to use the computer to make music. This work presents the development of a Visual Programming Language (VPL) to develop DMI applications in the Mosaicode programming environment, simplifying sound design and making the creation of digital instruments more accessible to digital artists. It is also presented the implementation of libmosaic-sound library, which supported the VPL development, for the specific domain of Music Computing and DMI creation.",W151597252; W160509580; W1535383377; W1597789369; W2014596857; W2048859977; W2092187831; W2115458240; W2126353590; W2149237601; W2152742269; W2404738441; W2770281061; W2950257169; W2966093409; W3025147164; W3025875079; W4239244202; W4245109337; W6777907514,19.0,2020.0,Federal University of Rio Grande do Sul,Musical; Computer science; Computer music; Musical composition; New Interfaces for Musical Expression; Pop music automation; Digital audio; sort; Programming; Multimedia; Human–computer interaction; Programming language; Visual arts; Digital signal processing; Audio signal; Art; Computer hardware,Federal University of São João del-Rei,BR,Article,EN,True,,Musical; Computer science; Computer music; Musical composition; New Interfaces for Musical Expression; Pop music automation; Digital audio; sort; Programming; Multimedia; Human–computer interaction; Programming language; Visual arts; Digital signal processing; Audio signal; Art; Computer hardware; Information retrieval,articles-RITA-20260617-dointext.csv,4,0.5,1.0
10.22456/2175-2745.105893,Overload Control in a Token Player for a Fuzzy Workflow Management System,"Felipe Nedopetalski, Joslaine Cristina Jeske de Freitas",W3121627066,"The underlying proposal of this work is to control overload of a Token Player in a Fuzzy Workflow Management System. In order to accomplish this, possibility theory is used to measure how much the Token Player can be overloaded. The model used in this work is built using Colored Petri net and the simulation is made using CPN Tools. Finally, is possible to control overload of the Token Player in a Fuzzy Workflow Management System, nevertheless more time is spent to achieve the end of activities.",W118892424; W597016695; W1201716842; W1491743220; W1536779143; W1568573127; W1601487853; W1612581146; W2009577334; W2025469772; W2031337821; W2037146600; W2058208657; W2088842371; W2102077607; W2105854821; W2129466958; W2154023946; W2164015376; W2171745857; W2279000826; W2388220650; W2412853042; W2476146527; W2513969152; W2601883314; W2783072163; W2804845473; W2935931740; W3041019663; W3121627066; W4234204360; W6656688804; W6731747912; W7027040278; W7073606892,4.0,2021.0,Federal University of Rio Grande do Sul,Security token; Workflow; Computer science; Petri net; Workflow management system; Fuzzy logic; Control (management); Fuzzy control system; Distributed computing; Database; Computer network; Artificial intelligence,Universidade Federal de Jataí,BR,Article,EN,True,,Security token; Workflow; Computer science; Petri net; Workflow management system; Fuzzy logic; Control (management); Fuzzy control system; Distributed computing; Database; Computer network; Artificial intelligence,articles-RITA-20260617-dointext.csv,3,0.5,1.0
10.22456/2175-2745.106277,An operational support approach for Mining Unstructured Business Processes,"Zineb Lamghari, Maryam Radgui, Rajaa Saidi, Moulay Driss Rahmani",W3124744616,"The refined process mining framework contains a set of activities that use extracted information from event logs, discovered models and normative ones. Among these activities, we find those dealing with running events in a Structured Business Process (SBP) context, which are the Detect, the Predict and the Recommend activities. These three activities are nominated as an operational support system that aims at detecting deviations, predicting events and recommending actions. In this regard, operational support systems perform well on SBP while, it stills a challenging task for an Unstructured Business Process (UBP). This puts forward the difficulty of predicting events and recommending actions for UBP, because of its complex structure. In this context, simplification and structuring operations must be applied. Therefore, the intervention of other process mining activities is required for business process simplification and structuring. To this end, we present an operational support approach dealing with UBP, using the refined process mining framework activities.",W204310448; W777139125; W949909655; W1536788850; W1565132002; W1574146913; W1578876701; W1590403160; W1979021834; W1992412373; W2033696519; W2038057323; W2083135154; W2094385143; W2100115309; W2114600197; W2126083796; W2126844997; W2170917993; W2260944776; W2593991087; W2597223571; W2647359280; W2726677446; W2746780440; W2787818203; W2795103253; W2800976233; W2802358804; W2898711730; W2899487118; W2951033193; W2963218092; W2963798886; W2964300152; W2968675602; W2969679574; W3008836958; W3027172382; W3034333200; W3107118356; W4252892348; W4297687367; W6677312882; W6981839950; W7014694599; W7014822678,4.0,2021.0,Federal University of Rio Grande do Sul,Structuring; Process mining; Computer science; Process (computing); Context (archaeology); Business process; Task (project management); Process management; Set (abstract data type); Process modeling; Business process discovery; Event (particle physics); Normative; Business process management; Business process modeling; Data science; Risk analysis (engineering); Knowledge management; Data mining; Work in process; Operations management; Systems engineering; Business; Engineering,Associated Research (United States); Centre National pour la Recherche Scientifique et Technique (CNRST); Mohammed V University,MA; US,Article,EN,True,,Structuring; Process mining; Computer science; Process (computing); Context (archaeology); Business process; Task (project management); Process management; Set (abstract data type); Process modeling; Business process discovery; Event (particle physics); Normative; Business process management; Business process modeling; Data science; Risk analysis (engineering); Knowledge management; Data mining; Work in process; Operations management; Systems engineering; Business; Engineering; Epistemology; Physics; Biology; Programming language; Operating system; Paleontology; Quantum mechanics; Finance; Philosophy,articles-RITA-20260617-dointext.csv,3,0.8,
10.22456/2175-2745.106794,Cloud infrastructure for HPC investment analysis,"Maicon Ança dos Santos, Gerson Geraldo H. Cavalheiro",W3115453335,"With the consolidation of cloud computing technology, there is a growing interest in exploring it to support High Performance Computing (HPC). However, migrating such applications to public or private cloud environments brings some challenges, in particular, the cost in financing the migration process. In this paper, a literature review is presented with selected papers about analyzing cloud infrastructure investments. In particular, the selected papers analyse how investments impact applications. For discussion of related works, conditions for running HPC applications in the cloud are characterized.",W1539987097; W1953741985; W1971300800; W1983347733; W1998624030; W2027282226; W2050243183; W2119414246; W2151299342; W2154984673; W2243609156; W2275530856; W2318550784; W2322779352; W2331206060; W2515538372; W2579799105; W2589203456; W2608391592; W2739406658; W2750168540; W2766630095; W2785818495; W2791993075; W2913635021; W2945696838; W3035711112; W3115453335; W3122047047; W4232212361; W4235448192; W6700818579; W7062388768,5.0,2020.0,Federal University of Rio Grande do Sul,Cloud computing; Consolidation (business); Computer science; Supercomputer; Investment (military); Process (computing); Data science; Business; Operating system; Finance; Political science,Universidade Federal de Pelotas,BR,Article,EN,True,,Cloud computing; Consolidation (business); Computer science; Supercomputer; Investment (military); Process (computing); Data science; Business; Operating system; Finance; Political science; Law; Politics,articles-RITA-20260617-dointext.csv,3,1.0,
10.22456/2175-2745.106828,Business Process Models in the Context of Predictive Process Monitoring,Florian Spree,W3125685732,"Predictive process monitoring is a subject of growing interest in academic research. As a result, an increased number of papers on this topic have been published. Due to the high complexity in this research area a wide range of different experimental setups and methods have been applied which makes it very difficult to reliably compare research results. This paper's objective is to investigate how business process models and their characteristics are used during experimental setups and how they can contribute to academic research. First, a literature review is conducted to analyze and discuss the awareness of business process models in experimental setups. Secondly, the paper discusses identified research problems and proposes the concept of a web-based business process model metric suite and the idea of ranked metrics. Through a metric suite researchers and practitioners can automatically evaluate business process model characteristics in their future work. Further, a contextualization of metrics by introducing a ranking of characteristics can potentially indicate how the outcome of experimental setups will be. Hence, the paper's work demonstrates the importance of business process models and their characteristics in the context of predictive process monitoring and proposes the concept of a tool approach and ranking to reliably evaluate business process models characteristics.",W70378369; W115368157; W184106230; W650495921; W949909655; W1483741128; W1551356221; W1578876701; W1843425376; W1846981065; W1910838678; W1965243775; W1967734758; W1998640084; W2018671906; W2066938613; W2089758261; W2101238481; W2115223150; W2135895417; W2149444052; W2153224637; W2164463086; W2167985173; W2168894761; W2169450496; W2170489714; W2186592864; W2294509818; W2439076384; W2507389609; W2610829762; W2737745668; W2746780440; W2767387808; W2771484234; W2800976233; W2963798886; W2964300152; W3134151890; W4229646213; W4236395585; W6638786369; W6639014149; W6640094162; W6654789129; W6677191858; W6989826879; W7073751895,1.0,2021.0,Federal University of Rio Grande do Sul,Computer science; Business process management; Business process modeling; Contextualization; Process (computing); Business process; Metric (unit); Artifact-centric business process model; Business process discovery; Suite; Ranking (information retrieval); Process mining; Context (archaeology); Data science; Process modeling; Business Process Model and Notation; Data mining; Work in process; Process management; Machine learning; Engineering; Operations management,Technical University of Sofia,BG,Article,EN,True,,Computer science; Business process management; Business process modeling; Contextualization; Process (computing); Business process; Metric (unit); Artifact-centric business process model; Business process discovery; Suite; Ranking (information retrieval); Process mining; Context (archaeology); Data science; Process modeling; Business Process Model and Notation; Data mining; Work in process; Process management; Machine learning; Engineering; Operations management; Biology; Programming language; Interpretation (philosophy); Paleontology; History; Operating system; Archaeology,articles-RITA-20260617-dointext.csv,7,0.5,3.0
10.22456/2175-2745.106891,Integrating Exploitative and Explorative Thinking in Business Process Analysis: A Conceptual Model and Method,"Carina Alves, Higor Monteiro",W3125690078,"Ambidextrous BPM has gained increasing interest from researchers and practitioners in the last years. It refers to the ability to use exploitative and explorative capabilities in BPM projects. In this paper, we investigate how the integration of exploitative and explorative ideas can leverage the analysis of business processes. The key contributions of this paper are a conceptual model and a method that integrate ambidextrous thinking in a complementary way. Both artefacts were evaluated by means of an expert opinion survey. We also present a case study at an organisation that has implemented our proposed method. We believe that ambidextrous analysis of business processes enables organisations tackling current operational bottlenecks while simultaneously exploring external opportunities for designing innovation in business processes.",W19707322; W113791372; W126513118; W178016035; W182494173; W238684516; W298147291; W336199548; W612651853; W820206425; W1501112660; W1931922566; W1973134064; W2018963280; W2030439835; W2049318638; W2059898793; W2077736091; W2123394242; W2127001487; W2152670500; W2156452948; W2161676644; W2162707313; W2164284962; W2182839494; W2294820797; W2740451205; W2783048652; W2791980825; W2796531450; W2808510592; W2811271400; W2886316161; W2887785089; W2892646783; W2964926160; W2981337758; W2981616711; W3122960918; W3125991376; W3148224310; W3212978907; W4301118033; W6638786369,6.0,2021.0,Federal University of Rio Grande do Sul,Leverage (statistics); Ambidexterity; Knowledge management; Process management; Process (computing); Key (lock); Business process; Conceptual model; Computer science; Conceptual framework; Artifact-centric business process model; Business; Business process modeling; Management science; Engineering; Work in process; Marketing; Sociology; Artificial intelligence,Universidade Federal de Pernambuco; Universidade de Pernambuco,BR,Article,EN,True,,Leverage (statistics); Ambidexterity; Knowledge management; Process management; Process (computing); Key (lock); Business process; Conceptual model; Computer science; Conceptual framework; Artifact-centric business process model; Business; Business process modeling; Management science; Engineering; Work in process; Marketing; Sociology; Artificial intelligence; Social science; Database; Operating system; Computer security,articles-RITA-20260617-dointext.csv,7,0.5,1.0
10.22456/2175-2745.107021,A Model for Predicting Music Popularity on Streaming Platforms,"Carlos V.S. Araújo, Marco Cristo, Rafael Giusti",W3116857624,"The global music market moves billions of dollars every year, most of which comes from streamingplatforms. In this paper, we present a model for predicting whether or not a song will appear in Spotify’s Top 50, a ranking of the 50 most popular songs in Spotify, which is one of today’s biggest streaming services. To make this prediction, we trained different classifiers with information from audio features from songs that appeared in this ranking between November 2018 and January 2019. When tested with data from June and July 2019, an SVM classifier with RBF kernel obtained accuracy, precision, and AUC above 80%.",W50986947; W349770100; W1565050238; W1991849196; W2013126184; W2017310632; W2101234009; W2132870739; W2158698691; W2593463961; W2620760558; W2764262608; W2802274394; W2912326283; W2963232038; W2979121767; W3008031496; W3011256799; W3024306306; W3095793088; W3147310958; W3210886538; W6675354045; W6678314371,9.0,2020.0,Federal University of Rio Grande do Sul,Popularity; Streaming data; Computer science; Support vector machine; Ranking (information retrieval); Classifier (UML); Machine learning; Artificial intelligence; Data mining; Political science,Universidade Federal do Amazonas,BR,Article,EN,True,,Popularity; Streaming data; Computer science; Support vector machine; Ranking (information retrieval); Classifier (UML); Machine learning; Artificial intelligence; Data mining; Political science; Law,articles-RITA-20260617-dointext.csv,1,0.5,2.0
10.22456/2175-2745.107041,An Agent-Based Model for Simulating Irrigated Agriculture in the Samambaia Basin in Goiás,"Guido Dutra De Oliveira, Pedro Phelipe Gonçalves Porto, Conceição de Maria Albuquerque Alves, Célia Ghedini Ralha",W3196381252,"Agriculture is one of the main economic activities in Brazil. The intensive use of water for irrigated agriculture leads to water rise demand contributing to increase water stress. Agent-based models help assess this problem with promising applications entailing an organizing principle to inform us of how to view a real-world system and effectively build a model. In this work, agent-based modeling is applied to simulate water usage for irrigation in agricultural production in the Samambaia river basin in the municipality of Cristalina in the Goias state of Brazil. The use of real data enables analysis of resource availability in a scenario with high demand irrigation, allowing a greater understanding of the needs of the parties involved.",W180836830; W761179351; W1414394768; W1497360343; W1501356985; W1540492331; W1545446984; W1577025164; W1577099389; W1992870153; W2006232236; W2029294727; W2107250435; W2127470579; W2140862057; W2145408484; W2153373747; W2363930778; W2801157788; W2898201191; W2905771342; W2909465838; W2929113030; W2944411632; W2981615787; W2985688477; W3021614396; W3022804788; W3036968084; W3147472955; W4233358567,4.0,2021.0,Federal University of Rio Grande do Sul,Irrigation; Agriculture; Irrigated agriculture; Water resource management; Work (physics); Resource (disambiguation); Water resources; Agricultural engineering; Structural basin; Computer science; Production (economics); Drainage basin; Environmental science; Business; Geography; Engineering; Economics; Geology,Departamento de Ciência e Tecnologia; Laboratoire d'Informatique de Paris-Nord; Universidade de Brasília,BR; FR,Article,EN,True,,Irrigation; Agriculture; Irrigated agriculture; Water resource management; Work (physics); Resource (disambiguation); Water resources; Agricultural engineering; Structural basin; Computer science; Production (economics); Drainage basin; Environmental science; Business; Geography; Engineering; Economics; Geology; Macroeconomics; Archaeology; Ecology; Mechanical engineering; Biology; Paleontology; Computer network; Cartography,articles-RITA-20260617-dointext.csv,6,0.5,3.0
10.22456/2175-2745.107128,Hash Tables for a Digital Lexicon,"Fábio Carlos Moreno, Cinthyan Renata Sachs Camerlengo de Barbosa, Edio Roberto Manfio",W3197966021,"This paper deals with the construction of digital lexicons within the scope of Natural Language Processing. Data Structures called Hash Tables have demonstrated to generate good results for Natural Language Interface for Databases and have data dispersion, response speed and programming simplicity as main features. The storage of the desired information is done by associating a key through the hashing functions that is responsible for distributing the information in this table. The objective of this paper is to present the tool called Visual TaHs that uses a sparse table to a real lexicon (Lexicon of Herbs), improving performance results of several implemented hash functions. Such structure has achieved satisfactory results in terms of speed and storage when compared to conventional databases and can work in various media, such as desktop, Web and mobile.",W102815971; W103919191; W190065572; W784293230; W1564381193; W2051922558; W2289205268; W2532357810; W2536964670; W4230882272; W4241106950,3.0,2021.0,Federal University of Rio Grande do Sul,Computer science; Lexicon; Table (database); Hash function; Hash table; Interface (matter); Scope (computer science); Data structure; Information retrieval; Key (lock); Database; Natural language processing; Artificial intelligence; Programming language; Parallel computing,Fatec Garça; São Paulo State Technological College; Universidade Estadual de Londrina; Universidade Estadual do Norte do Paraná,BR,Article,EN,True,,Computer science; Lexicon; Table (database); Hash function; Hash table; Interface (matter); Scope (computer science); Data structure; Information retrieval; Key (lock); Database; Natural language processing; Artificial intelligence; Programming language; Parallel computing; Bubble; Maximum bubble pressure method; Computer security,articles-RITA-20260617-dointext.csv,1,1.0,
10.22456/2175-2745.107149,System for Identifying Pests and Diseases in Soybean Crop through Natural Language Processing,"Carolinne Roque e Faria, Cinthyan Renata Sachs Camerlengo de Barbosa",W4205948620,"The presence of technologies in the agronomic field has the purpose of proposing the best solutions to the challenges found in agriculture, especially to the problems that affect cultivars. One of the obstacles found is to apply the use of your own language in applications that interact with the user in Brazilian Agribusiness. Therefore, this work uses Natural Language Processing techniques for the development of an automatic and effective computer system to interact with the user and assist in the identification of pests and diseases in soybean crop, stored in a non-relational database repository to provide accurate diagnostics to simplify the work of the farmer and the agricultural stakeholders who deal with a lot of information. In order to build dialogues and provide rich consultations, from agriculture manuals, a data structure with 108 pests and diseases with their information on the soybean cultivar and through the spaCy tool, it was possible to pre-process the texts, recognize the entities and support the requirements for the development of the conversacional system.",W171093852; W1550327982; W1606292664; W1659724737; W1918405426; W1981276685; W2005543329; W2009134190; W2020150326; W2130556178; W2404978784; W2419658023; W2482594708; W2495448072; W2767909496; W2790512639; W2834475042; W2953827638; W3144619878; W4296458987; W6640065953; W6677019792,3.0,2022.0,Federal University of Rio Grande do Sul,Identification (biology); Agriculture; Computer science; Process (computing); Work (physics); Field (mathematics); Engineering; Biology; Ecology; Mathematics,Universidade Estadual de Londrina,BR,Article,EN,True,,Identification (biology); Agriculture; Computer science; Process (computing); Work (physics); Field (mathematics); Engineering; Biology; Ecology; Mathematics; Mechanical engineering; Operating system; Pure mathematics,articles-RITA-20260617-dointext.csv,1,1.0,
10.22456/2175-2745.107154,Centralized Algorithms Based on Clustering with Self-tuning of Parameters for Cooperative Target Observation,"João P. B. Andrade, José Everardo Bessa Maia, Gustavo Augusto Lima de Campos",W3196457771,"Clustering on target positions is a class of centralized algorithms used to calculate the surveillance robots' displacements in the Cooperative Target Observation (CTO) problem. This work proposes and evaluates Fuzzy C-means (FCM) and Density-Based Spatial Clustering of Applications with Noise (DBSCAN) with K-means (DBSk) based self-tuning clustering centralized algorithms for the CTO problem and compares its performances with that of K-means. Two random motion patterns are adopted for the targets: in free space or on a grid. As a contribution, the work allows identifying ranges of problem configuration parameters in which each algorithm shows the highest average performance. As a first conclusion, in the challenging situation in which the relative speed of the targets is high, and the relative sensor range of the surveillance is low, for which the existing algorithms present a substantial drop in performance, the FCM algorithm proposed outperforms the others. Finally, the DBSk algorithm adapts very well in low execution frequency, showing promising results in this challenging situation.",W1484038941; W1757342598; W1990368529; W2021576817; W2033049381; W2038642313; W2074633070; W2113076747; W2128364681; W2145211637; W2185914885; W2394554376; W2557827245; W2605078587; W2801125678; W2904427176,1.0,2021.0,Federal University of Rio Grande do Sul,Cluster analysis; DBSCAN; Computer science; Algorithm; Fuzzy clustering; Noise (video); Grid; Range (aeronautics); Fuzzy logic; Data mining; Artificial intelligence; CURE data clustering algorithm; Image (mathematics); Mathematics; Engineering,Universidade Estadual do Ceará,BR,Article,EN,True,,Cluster analysis; DBSCAN; Computer science; Algorithm; Fuzzy clustering; Noise (video); Grid; Range (aeronautics); Fuzzy logic; Data mining; Artificial intelligence; CURE data clustering algorithm; Image (mathematics); Mathematics; Engineering; Geometry; Aerospace engineering,articles-RITA-20260617-dointext.csv,3,0.8,
10.22456/2175-2745.107176,Dimensioning the relationship between availability and data center energy flow metrics,"Thiago Bezerra, Wenderson de Souza Leonardo, Gabriel Alves, Gustavo Callou",W3117165851,"The advancement of technology and the growing number of applications available to network users have increased the demand for services hosted in cloud environments. In 2020, more than 4 billion of people access these services through the Internet, a value 7% higher in comparison to the same period in 2019. To support the demand for such services, an environment that provides such conditions for applications available whenever needed has grown in importance. These environments are generally available from large data centers, which consume large amounts of electricity to provide such demand service capacity. In this context, this work proposes an integrated and dynamic strategy that demonstrates the impact of the availability on the energyconsumption of the devices that compose the data center system architecture. In order to accomplish this, colored Petri net models were proposed for quantifying the cost, environmental impact and availability of the electric energy infrastructure ofdata centers. The models presented in this work are supported by the developed prototype. Two case studies illustrate the applicability of the proposed models and strategy. Significant results were obtained, showing an increase close to 100% in the system availability, with practically the same operational cost and environmental impact.",W1546727036; W1568573127; W1571725816; W1573592400; W1971983835; W1996109622; W2003004516; W2092614923; W2101797126; W2102777779; W2142340571; W2182617531; W2520820329; W2520965862; W2584577979; W2612246451; W2769888378; W2774355428; W2785959916; W2887088954; W3038048308; W4234956481; W6634236835; W6746768939; W7036155059,1.0,2020.0,Federal University of Rio Grande do Sul,Dimensioning; Cloud computing; Computer science; Data center; Context (archaeology); Electricity; Service (business); The Internet; Work (physics); Environmental economics; Engineering; Computer network; Business; World Wide Web,Universidade Federal Rural de Pernambuco,BR,Article,EN,True,,Dimensioning; Cloud computing; Computer science; Data center; Context (archaeology); Electricity; Service (business); The Internet; Work (physics); Environmental economics; Engineering; Computer network; Business; World Wide Web; Aerospace engineering; Economics; Paleontology; Operating system; Electrical engineering; Mechanical engineering; Biology; Marketing,articles-RITA-20260617-dointext.csv,3,1.0,
10.22456/2175-2745.107202,Iracema: a Python library for audio content analysis,"Tairone Magalhães, Felippe Brandão Barros, Maurício Alves Loureiro",W3116902571,"Iracema is a Python library that aims to provide models for the extraction of meaningful informationfrom recordings of monophonic pieces of music, for purposes of research in music performance. With this objective in mind, we propose an architecture that will provide to users an abstraction level that simplifies the manipulation of different kinds of time series, as well as the extraction of segments from them. In this paper we: (1) introduce some key concepts at the core of the proposed architecture; (2) describe the current functionalities of the package; (3) give some examples of the application programming interface; and (4) give some brief examples of audio analysis using the system.",W296599067; W1541046670; W1985054298; W2008066450; W2138996920; W2140304104; W2162839354; W2484884307; W2602115807; W2788560150; W2953788158; W3005347330; W6616712674; W6680702093; W6764787368; W6773842061,6.0,2020.0,Federal University of Rio Grande do Sul,Python (programming language); Computer science; Architecture; Programming language; Abstraction; Key (lock); Operating system,,,Article,EN,True,,Python (programming language); Computer science; Architecture; Programming language; Abstraction; Key (lock); Operating system; Philosophy; Visual arts; Epistemology; Art,articles-RITA-20260617-dointext.csv,4,0.5,1.0
10.22456/2175-2745.107292,Challenges and Perspectives on Real-time Singing Voice Synthesis,"Leonardo Araujo Zoehler Brum, Edward David Moreno",W3113924913,"This paper describes the state of art of real-time singing voice synthesis and presents its concept, applications and technical aspects. A technological mapping and a literature review are made in order to indicate the latest developments in this area. We made a brief comparative analysis among the selected works. Finally, we have discussed challenges and future research problems.",W1544648547; W1999798506; W2130856238; W2142747467; W2149825536; W2340543110; W2400703789; W2408435475; W2478973616; W2509067259; W2564750657; W2582402303; W2610083487; W2734142078; W2747328679; W2970787104; W2978963121; W4232703006; W4233172959; W4293260904; W6713043798,2.0,2020.0,Federal University of Rio Grande do Sul,Singing; Computer science; State (computer science); Acoustics,Universidade Federal de Sergipe,BR,Article,EN,True,,Singing; Computer science; State (computer science); Acoustics; Algorithm; Physics,articles-RITA-20260617-dointext.csv,4,0.5,1.0
10.22456/2175-2745.107478,Optimization Inspired on Herd Immunity Applied to Non-Hierarchical Grouping of Objects,Alfredo Silveira Araújo Neto,W3197231443,"Characterized as one of the most important operations related to data analysis, one non-hierarchical grouping consists of, even without having any information about the elements to be classified, establish upon a finite collection of objects, the partitioning of the items that constitute it into subsets or groups without intersecting, so that the elements that are part of a certain group are more similar to each other than the items that belong to distinct group. In this context, this study proposes the application of a meta-heuristic inspired by herd immunity to the determination of the non-hierarchical grouping of objects, and compares the results obtained by this method with the answers provided by four other grouping strategies, described in the literature. In particular, the resulting arrangements of the classification of 33 benchmark collections, performed by the suggested algorithm, by the metaheuristic inspired by the particle swarm, by the genetic algorithm, by the K-means algorithm and by the meta-heuristic inspired by the thermal annealing process, were compared under the perspective of 10 different evaluation measures, indicating that the partitions established by the meta-heuristic inspired by the herd immunity may, in certain respects, be more favorable than the classifications obtained by the other clustering methods.",W564969684; W1976795412; W1987971958; W1990368529; W2011430131; W2034662403; W2039568841; W2051224630; W2054845601; W2057691548; W2071965987; W2096166399; W2127218421; W2130878567; W2155235751; W2319660501; W2482589566; W2499056606; W2884586244; W2972155310; W3038448533; W3082974932; W3112312893; W3120740533; W4213009331; W4244030505; W4251348903; W6721827378,2.0,2021.0,Federal University of Rio Grande do Sul,Simulated annealing; Hierarchical clustering; Computer science; Particle swarm optimization; Cluster analysis; Metaheuristic; Herd immunity; Heuristic; Benchmark (surveying); Artificial intelligence; Context (archaeology); Perspective (graphical); Machine learning; Data mining; Geography; Population; Sociology,"Centro Tecnológico de Investigación, Desarrollo e Innovación en tecnologías de la Información y las Comunicaciones (TIC)",ES,Article,EN,True,,Simulated annealing; Hierarchical clustering; Computer science; Particle swarm optimization; Cluster analysis; Metaheuristic; Herd immunity; Heuristic; Benchmark (surveying); Artificial intelligence; Context (archaeology); Perspective (graphical); Machine learning; Data mining; Geography; Population; Sociology; Demography; Archaeology; Geodesy,articles-RITA-20260617-dointext.csv,1,0.5,3.0
10.22456/2175-2745.107748,Co-creating Service-Dominant Business Artifacts with Action Design Research,Egon Lüftenegger,W3124914745,"Our project started as an innovation initiative for shaping the future of an international Dutch conglomerate in the financial services industry. This endeavor took the shape of a collaboration between academics and practitioners that evolved from unique goals for industry as fast results and real scientific results towards a collaborative approach. We formalized this collaboration by using action design research (ADR) for achieving impact within the company while generating new knowledge. The use of ADR resulted in the co-creation of artifacts that brought mutual benefits, resulting in a win-win situation for the academia and industry. On the one hand, academics were able to develop a framework and its underlying artifacts for service-dominant business design and engineering. On the other hand, the framework helped to achieve organizational change for shifting from an asset-dominant business towards a service-dominant one.",W185943961; W279724836; W432581738; W640744729; W1489021242; W1565363283; W1968928304; W1973094642; W1979021834; W2025276071; W2057790345; W2066982277; W2069693399; W2083223917; W2092346144; W2104539438; W2110710386; W2124513302; W2133328633; W2151170905; W2152604313; W2182839494; W2206777001; W2238901748; W2252891999; W2294820797; W2583730661; W2590736634; W2925459019; W2975577754; W3041230731; W3043672482; W3081413013; W3133526270; W3151685851; W4253655202; W4301118033; W6638786369; W6676365319; W6679949415; W6703916600; W6824117619; W6922543647; W6922603487; W6922619014,2.0,2021.0,Federal University of Rio Grande do Sul,Asset (computer security); Business; Service (business); Action research; Action (physics); Business model; Knowledge management; Process management; Marketing; Management; Computer science; Economics,,,Article,EN,True,,Asset (computer security); Business; Service (business); Action research; Action (physics); Business model; Knowledge management; Process management; Marketing; Management; Computer science; Economics; Quantum mechanics; Computer security; Physics,articles-RITA-20260617-dointext.csv,7,0.5,1.0
10.22456/2175-2745.107964,The Explainable Business Process (XBP) - An Exploratory Research,"Riham Alhomsi, Adriana S. Vivacqua",W3121785965,"Providing explanations to the business process, its decisions and its activities, is an important key factor for the process in order to achieve the business objectives of the business process, and to minimize and deal with the ambiguity of the business process that causes multiple interpretations, as well as to engender the appropriate trust of the users in the process. As a first step towards adding explanations to business process, we present an exploratory study to bring in the concept of explainability into business process, where we propose a conceptual framework to use the explainability with business process in a model that we called the Explainable Business Process XBP, furthermore we propose the XBP lifecycle based on the Model-based and Incremental Knowledge Engineering (MIKE) approach, in order to show in details the phase where explainability can take a place in business process lifecycle, noting that we focus on explaining the decisions and activities of the process in its as-is model without transforming it into a to-be model.",W17071624; W174805281; W1534384411; W1550261110; W1551627242; W1587329505; W1605701154; W1968000319; W1968843430; W1971771969; W1984735186; W2009367222; W2010388414; W2018822432; W2029558532; W2039933150; W2041029272; W2042761043; W2049248180; W2057491514; W2062181660; W2077877335; W2101085453; W2115567452; W2117771120; W2129042864; W2158831831; W2167985173; W2294832214; W2469533925; W2492134157; W2564209113; W2580779885; W2595890440; W2615896489; W2742426565; W2742592213; W2903808828; W2913693384; W2914711497; W2917767525; W2962772482; W2981731882; W2995523160; W3022038788; W3036646401; W3122436375; W3122500560; W3123073612; W3135346266; W4230210156; W4232621473; W4232637846; W4234632900; W4238352001; W4252680436; W4289123308; W4293369463; W4300544651; W4301118033; W6638786369; W6748883668; W6771876530; W6834078966; W6989826879,0.0,2021.0,Federal University of Rio Grande do Sul,Artifact-centric business process model; Business process modeling; Process management; Process (computing); Business process; Business process management; Business process discovery; Ambiguity; Computer science; Business rule; Business Process Model and Notation; Knowledge management; Business; Work in process; Marketing,Universidade Federal do Rio de Janeiro,BR,Article,EN,True,,Artifact-centric business process model; Business process modeling; Process management; Process (computing); Business process; Business process management; Business process discovery; Ambiguity; Computer science; Business rule; Business Process Model and Notation; Knowledge management; Business; Work in process; Marketing; Operating system; Programming language,articles-RITA-20260617-dointext.csv,7,0.5,1.0
10.22456/2175-2745.108126,Classification Based on Rules for the Study of Cotton Productivity in the State of Mato Grosso,"Alexandra Virgínia Valente da Silva, Carlos Manoel Pedro Vaz, Ednaldo José Ferreira, Rafael Galbieri",W3196914633,"The advance of cotton farming in the Brazilian savannah boosted and made possible a highly technified, efficient and profitable production, elevating the country from the condition of cotton fiber importer in the 70s to one of the main exporters so far. Despite the increasing contribution of technologies such as transgenic cultivars, machines, inputs and more efficient data management, in recent years there has been a stagnation of cotton productivity in the State of Mato Grosso (MT). Data Mining (MD) techniques offer an excellent opportunity to assess this problem. Through the rules-based classification applied to a real database (BD) of cotton production in MT, factors were identified that were affecting and consequently limiting the increase in productivity. In the pre-processing of the data, we perform the attributes, selection, transformation and identification of outliers. Numerical attributes were discretized using automatic techniques: Kononenko (KO), Better Encoding (BE) and combination: KO + BE. In modeling the rule algorithms used were PART and JRip, both implemented in the WEKA tool. Performance was assessed using statistical metrics: accuracy, recall, cost and their combination using the I_FC index (created by the authors). Results showed better performance for the PART classifier, with discretization by the KO + BE technique, followed by binary conversion. The analysis of the rules made it possible to identify the attributes that most impact productivity. This article is an excerpt from an ICMC/USP Professional Master's Dissertation in Science carried out in São Carlos-SP/BR.",W36320680; W149472151; W259338706; W1536128259; W1583700199; W1585743408; W1588159435; W1670263352; W1725430864; W2025697231; W2028271611; W2054658115; W2097994458; W2111746072; W2125055259; W2466512847; W2508288402; W2603574638; W2610997092; W2611314088; W2998574808; W3098044966; W4206701207; W4237238038; W6601469428; W6825173256,0.0,2021.0,Federal University of Rio Grande do Sul,Productivity; Discretization; Data mining; Boosting (machine learning); Computer science; Machine learning; Mathematics; Artificial intelligence; Economics,"Brazilian Agricultural Research Corporation; Brazilian Society of Computational and Applied Mathematics; Instituto Federal de Educação, Ciência e Tecnologia de Mato Grosso",BR,Article,EN,True,,Productivity; Discretization; Data mining; Boosting (machine learning); Computer science; Machine learning; Mathematics; Artificial intelligence; Economics; Macroeconomics; Mathematical analysis,articles-RITA-20260617-dointext.csv,3,0.8,
10.22456/2175-2745.110015,Using the Myers-Briggs Type Indicator (MBTI) for Modeling Multiagent Systems,"Luiz Fernando Braz, Jaime Simão Sichman",W4205358444,"The formation of high-performance teams has been a constant challenge for organizations, which despite considering human capital as one of the most important resources, it still lacks the means to allow them to have a better understanding of several factors that influence the formation of these teams. In this sense, studies also demonstrate that teamwork has a significant impact on the results presented by organizations, in which human behavior is highlighted as one of the main aspects to be considered in the building of work teams. The Myers-Briggs Type Indicator seeks to classify the behavioral preferences of individuals around eight characteristics, which grouped as dichotomies, describe different psychological types. With it, researchers have sought to expand the ability to understand the human factor, using strategies with multiagent systems that, through experiments and simulations, using computer resources, enable the development of artificial agents that simulate human actions. In this work, we present an overview of the research approaches that use MBTI to model agents, aiming at providing a better knowledge of human behavior. Additionally, we make a preliminary discussion of how these results could be explored in order to advance the studies of psychological factors' influence in organizations' work teams formation.",W103047459; W147711159; W175431096; W1481998484; W1548816034; W1559799606; W1575520492; W1755459541; W1835107362; W1849553904; W1851169118; W1977394339; W1993858167; W2009386671; W2045281037; W2049445133; W2052835773; W2056272813; W2076528061; W2121841978; W2140245554; W2141164219; W2263449829; W2466580770; W2729639734; W3012567678; W3201035599; W3217467301; W4245417057; W4251802179; W6652579571; W6679568601; W6681287048,4.0,2022.0,Federal University of Rio Grande do Sul,Teamwork; Knowledge management; Dichotomy; Computer science; Work (physics); Human resources; Psychology; Management; Engineering,Conselho Nacional de Desenvolvimento Científico e Tecnológico; Universidade de São Paulo,BR,Article,EN,True,,Teamwork; Knowledge management; Dichotomy; Computer science; Work (physics); Human resources; Psychology; Management; Engineering; Philosophy; Mechanical engineering; Epistemology; Economics,articles-RITA-20260617-dointext.csv,6,0.5,3.0
10.22456/2175-2745.110111,A Novel Approach to the Measurement of Bourdieusian Social Capital within Institutional Pages and Profiles,"Alan Keller Gomes, Kaique Matheus Rodrigues Cunha, Guilherme Augusto da Silva Ferreira",W4205943324,"We present in this paper a novel approach for measuring Bourdieusian Social Capital (BSC) within Institutional Pages and Profiles. We analyse Facebook's Institutional Pages and Twitter's Institutional Profiles. Supported by Pierre Bourdie's theory, we search for directions to identify and capture data related to sociability practices, i. e. actions performed such as Like, Comment and Share. The system of symbolic exchanges and mutual recognition treated by Pierre Bourdieu is represented and extracted automatically from these data in the form of generalized sequential patterns. In this format, the social interactions captured from each page are represented as sequences of actions. Next, we also use such data to measure the frequency of occurrence of each sequence. From such frequencies, we compute the effective mobilization capacity. Finally, the volume of BSC is computed based on the capacity of effective mobilization, the number of social interactions captured and the number of followers on each page. The results are aligned with Bourdieu's theory. The approach can be generalized to institutional pages or profiles in Online Social Networks.",W66788205; W1495859460; W1528074835; W1573199505; W1585941832; W1606015852; W1987235421; W1992565995; W1992685726; W1998789259; W2027801078; W2038790402; W2048176588; W2052146492; W2063261918; W2099556653; W2105277971; W2118129996; W2119130151; W2158454296; W2162510130; W2317130090; W2489223509; W2594964067; W2691948591; W2735188133; W2798419710; W2921284504; W2979364986; W3123534837; W3177684360; W3202709979; W3204022918; W4243684872,0.0,2022.0,Federal University of Rio Grande do Sul,Social capital; Measure (data warehouse); Sociology; Capital (architecture); Social theory; Sequence (biology); Computer science; Data science; Social science; Data mining; Geography; Archaeology,Instituto Federal de Goiás,BR,Article,EN,True,,Social capital; Measure (data warehouse); Sociology; Capital (architecture); Social theory; Sequence (biology); Computer science; Data science; Social science; Data mining; Geography; Archaeology; Biology; Genetics,articles-RITA-20260617-dointext.csv,1,0.5,3.0
10.22456/2175-2745.11066,Implantação de Medição no Processo de Desenvolvimento de Software – Relato de Experiência e Lições Aprendidas,"Luciana Maria Azevedo Nascimento, Talita Vieira Ribeiro, Carla Reis, Rodrigo Quites Reis, Adailton Magalhães Lima",W2285561559,"Medição é reconhecida como um processo importante de apoio ao gerenciamento do desenvolvimento de software, porém sua implantação efetiva enfrenta desafios relacionados ao esforço e conhecimento necessários para gerar informações úteis para tomada de decisão. O desafio é ainda maior quando se trata de organizações imaturas ou sem experiência com medições. Como forma de contribuição para as iniciativas de implantação de medição nesse contexto, este artigo relata a experiência, estratégias e resultados de implantação de medição em um projeto de desenvolvimento de software visando prover informações à gerência para análise e tomadas de ações.",W1895087; W177261742; W630875085; W1494946506; W1593984301; W1647409919; W2138890446; W2159215392; W2163956676; W2283312222; W3208087879; W4399452770,0.0,2011.0,Federal University of Rio Grande do Sul,Computer science; Philosophy,Universidade Federal do Pará,BR,Article,PT,True,,Computer science; Philosophy,articles-RITA-20260617-dointext.csv,0,1.0,
10.22456/2175-2745.110818,An Adaptive Trust Model Based on Fuzzy Logic,"Jeferson José Baqueta, Mariela Morveli-Espinoza, Gustavo Lugo, César Augusto Tacla",W4206355584,"In cooperative environments is common that agents delegate tasks to each other to achieve their goals since an agent may not have the capabilities or resources to achieve its objectives alone. However, to select good partners, the agent needs to deal with information about the abilities, experience, and goals of their partners. In this situation, the lack or inaccuracy of information may affect the agent's judgment about a given partner; and hence, increases the risk to rely on an untrustworthy agent. Therefore, in this work, we present a trust model that combines different pieces of information, such as social image, reputation, and references to produce more precise information about the characteristics and abilities of agents. An important aspect of our trust model is that it can be easily configured to deal with different evaluation criteria. For instance, as presented in our experiments, the agents are able to select their partners by availability instead of the expertise level. Besides, the model allows the agents to decide when their own opinions about a partner are more relevant than the opinions received from third parties, and vice-versa. Such flexibility can be explored in dynamic scenarios, where the environment and the behavior of the agents might change constantly.",W622503240; W1555058580; W1555990437; W1558153660; W1582839706; W1597644057; W1927140977; W1978888005; W2040128811; W2048382412; W2069969558; W2074584482; W2108605997; W2121226869; W2127025275; W2128071980; W2139738037; W2145215098; W2145877517; W2151408086; W2164570477; W2280152046; W2752386597; W2892246464; W2963567876; W2976817660; W3000904849; W3217467301; W6674155647; W6677777971; W6679568601; W6773026388,1.0,2022.0,Federal University of Rio Grande do Sul,Delegate; Reputation; Computer science; Flexibility (engineering); Fuzzy logic; Affect (linguistics); Risk analysis (engineering); Knowledge management; Human–computer interaction; Artificial intelligence; Business; Psychology,Universidade Tecnológica Federal do Paraná,BR,Article,EN,True,,Delegate; Reputation; Computer science; Flexibility (engineering); Fuzzy logic; Affect (linguistics); Risk analysis (engineering); Knowledge management; Human–computer interaction; Artificial intelligence; Business; Psychology; Social science; Mathematics; Sociology; Communication; Programming language; Statistics,articles-RITA-20260617-dointext.csv,6,0.5,3.0
10.22456/2175-2745.110830,A Conceptual Model for Situating Purposes in Artificial Institutions,"Rafhael R. Cunha, Jomi Fred Hübner, Maiquel de Brito",W4206333453,"{In multi-agent systems, artificial institutions connect institutional concepts, belonging to the institutional reality, to the concrete elements that compose the system. The institutional reality is composed of a set of institutional concepts, called Status-Functions. Current works on artificial institutions focus on identifying the status-functions and connecting them to the concrete elements. However, the functions associated with the status-functions are implicit. As a consequence, the agents cannot reason about the functions provided by the elements that carry the status-functions and, thus, cannot exploit these functions to satisfy their goals. Considering this problem, this paper proposes a model to express the functions -- or the purposes -- associated with the status-functions. Examples illustrate the application of the model in a practical scenario, showing how the agents can use purposes to reason about the satisfaction of their goals in institutional contexts.",W46271963; W101437217; W162596627; W180119731; W1492713212; W1493390207; W1497120980; W1507157329; W1516385419; W1551549980; W1596103970; W1604019353; W1607886930; W1625904081; W1706376592; W1787555264; W1819146950; W1890315360; W1895744757; W1957543082; W2047460046; W2060352300; W2065132085; W2104204030; W2109380713; W2117142173; W2151331907; W2155810445; W2162108075; W2162850115; W2168691483; W2249689939; W2277732384; W2407139969; W2613892639; W2766424833; W2945864840; W4210822710; W4289743197; W4299696893; W4308337416; W6636073733; W6636488436; W6675113458; W6980599332; W7011676852; W7021056703,3.0,2022.0,Federal University of Rio Grande do Sul,Exploit; Set (abstract data type); Computer science; Management science; Focus (optics); Knowledge management; Engineering; Computer security; Programming language,Universidade Federal de Santa Catarina,BR,Article,EN,True,,Exploit; Set (abstract data type); Computer science; Management science; Focus (optics); Knowledge management; Engineering; Computer security; Programming language; Optics; Physics,articles-RITA-20260617-dointext.csv,1,0.8,
10.22456/2175-2745.110837,Integrating Embedded Multiagent Systems with Urban Simulation Tools and IoT Applications,"Lucas Fernando Souza de Castro, Fabian César Pereira Brandão Manoel, Vinicius Souza de Jesus, Carlos Eduardo Pantoja, André Pinz Borges, Gleifer Vaz Alves",W4206807245,"The smart city systems development connected to the Internet of Things (IoT) has been the goal of several works in the multi-agent system field. Nevertheless, just a few projects demonstrate how to deploy and make the connection among the employed systems. This paper proposes an approach towards the integration of a MAS through the JaCaMo framework plus an Urban Simulation Tool (SUMO), IoT applications (Node-RED, InfluxDB, and Grafana), and an IoT platform (Konker). The integration presented in this paper applies in a Smart Parking scenario with real features, where is shown the integration and the connection through all layers, from agent level to artifacts, including real environment and simulation, as well as IoT applications. In future works, we intend to establish a methodology that shows how to properly integrate these different applications regardless of the scenario and the used tools.",W1453698542; W1497120980; W1534678091; W1583936024; W1991609163; W2026942921; W2053279442; W2561801065; W2899088607; W2968439448; W4210523982; W4248957601; W4253207633; W6648367431,11.0,2022.0,Federal University of Rio Grande do Sul,Internet of Things; Computer science; Field (mathematics); Node (physics); Distributed computing; Smart city; Multi-agent system; Systems engineering; Embedded system; Artificial intelligence; Engineering,Federal Center for Technological Education Celso Suckow da Fonseca; Universidade Estadual de Campinas (UNICAMP); Universidade Federal do Paraná; Universidade Tecnológica Federal do Paraná,BR,Article,EN,True,,Internet of Things; Computer science; Field (mathematics); Node (physics); Distributed computing; Smart city; Multi-agent system; Systems engineering; Embedded system; Artificial intelligence; Engineering; Mathematics; Pure mathematics; Structural engineering,articles-RITA-20260617-dointext.csv,6,0.5,1.0
10.22456/2175-2745.111817,Towards Causal Effect Estimation of Emotional Labeling of Watched Videos,"Eanes Torres Pereira, Geovane Do Nascimento Silva",W4280492705,"Emotions play a crucial role in human life, they are measured using many approaches. There are also many methodologies for emotion elicitation. Emotion elicitation through video watching is one important approach used to create emotion datasets. However, the causation link between video content and elicited emotions was not well explained by scientific research. In this article, we present an approach for computing the causal effect of video content on elicited emotion. The Do-Calculus theory was employed for computing causal inference, and a SCM (Structured Causal Model) was proposed considering the following variables: EEG signal, age, gender, video content, like/dislike, and emotional quadrant. To evaluate the approach, EEG data were collected from volunteers watching a sample of videos from the LIRIS-ACCEDE dataset. A total of 48 causal effects was statistically evaluated in order to check the causal impact of age, gender, and video content on liking and emotion. The results show that the approach can be generalized for any dataset that contains the variables of the proposed SCM. Furthermore, the proposed approach can be applied to any other similar dataset if an appropriate SCM is provided.",W1686810756; W1740503615; W1800852440; W1947251450; W2002055708; W2044807399; W2053148876; W2053611776; W2060972220; W2081420711; W2122098299; W2129184455; W2151617679; W2164598857; W2170883741; W2295361853; W2466989778; W2486285194; W2509947150; W2580887161; W2594911616; W2620621036; W2732290163; W2767073209; W2790404832; W2793512971; W2800950587; W2808862089; W2882866310; W2888877531; W2900696345; W2903746889; W2913709404; W2952076522; W2962905870; W3011304975; W3145915828; W3163547718; W4244714853; W6679194864; W6722336247,2.0,2022.0,Federal University of Rio Grande do Sul,Causal inference; Causal model; Causality (physics); Causation; Computer science; Inference; Psychology; Cognitive psychology; Artificial intelligence; Statistics; Mathematics,Universidade Federal de Campina Grande,BR,Article,EN,True,,Causal inference; Causal model; Causality (physics); Causation; Computer science; Inference; Psychology; Cognitive psychology; Artificial intelligence; Statistics; Mathematics; Political science; Physics; Law; Quantum mechanics,articles-RITA-20260617-dointext.csv,3,0.8,
10.22456/2175-2745.111993,Ab Initio Protein Structure Prediction Using Evolutionary Approach: A Survey,"Lucas Siqueira, Sandra M. Venske",W3197391558,"Protein Structure Prediction (PSP) problem is to determine the three-dimensional structure of a protein only from its primary structure. Misfolding of a protein causes human diseases. Thus, the knowledge of the structure and functionality of proteins, combined with the prediction of their structure is a complex problem and a challenge for the area of computational biology. The metaheuristic optimization algorithms are naturally applicable to support in solving NP-hard problems.These algorithms are bio-inspired, since they were designed based on procedures found in nature, such as the successful evolutionary behavior of natural systems. In this paper, we present a survey on methods to approach the \textit{ab initio} protein structure prediction based on evolutionary computing algorithms, considering both single and multi-objective optimization. An overview of the works is presented, with some details about which characteristics of the problem are considered, as well as specific points of the algorithms used. A comparison between the approaches is presented and some directions of the research field are pointed out.",W160792699; W178407265; W657798510; W785937070; W1497256448; W1544477856; W1584905179; W1608863447; W1753313258; W1845345803; W1975364506; W1991944734; W1993885071; W2007201984; W2016859395; W2017319953; W2024060531; W2025525377; W2041189078; W2051381895; W2064758270; W2065967225; W2069457154; W2072090246; W2089277894; W2091945803; W2110483430; W2113401317; W2117347266; W2122199548; W2126729622; W2134816084; W2150016316; W2161151688; W2166843422; W2185858667; W2258785380; W2285111759; W2294585778; W2413334978; W2590345751; W2614573232; W2622769796; W2786777764; W2790598736; W2791167534; W2793790561; W2804835344; W2888825797; W2890824192; W2913065212; W2913188636; W2947641030; W2994861827; W4230506867; W4238231887; W4299796063; W4306248553; W6606611024,12.0,2021.0,Federal University of Rio Grande do Sul,Protein structure prediction; Metaheuristic; Computer science; Field (mathematics); Evolutionary algorithm; Ab initio; Artificial intelligence; Protein structure; Machine learning; Mathematics; Biology; Chemistry,Universidade Estadual do Centro-Oeste,BR,Article,EN,True,,Protein structure prediction; Metaheuristic; Computer science; Field (mathematics); Evolutionary algorithm; Ab initio; Artificial intelligence; Protein structure; Machine learning; Mathematics; Biology; Chemistry; Pure mathematics; Biochemistry; Organic chemistry,articles-RITA-20260617-dointext.csv,1,1.0,
10.22456/2175-2745.112006,The Notification Oriented Paradigm Language to Digital Hardware as an Intuitive High-level Synthesis Tool,"Ricardo Kerschbaumer, André Augusto Kaviatkovski, Gabriel Rodrigues Garcia, Carlos R. Erig Lima, Jean Marcelo Simão",W3198777185,"The parallelism allowed by FPGAs has attracted attention for knowing applications that need processing power. However, the need for specific and very technical development language has not stimulate its broad use. As an alternative, there are High-level Synthesis Languages (HSL), which allow less complicated FPGA use. However, they do not tend to take full advantage of the FPGA technology. Therefore, another alternative was developed, based on the Notification Oriented Paradigm (NOP), called NOP for Digital Hardware (NOP-DH). NOP allows development in high level with its rule-oriented language called NOPL. Its entity decoupling, parallelism, and redundancy avoidance are useful for best performance. In turn, the NOP-DH brings NOP for the FPGA context with the benefits observed in software but enhanced by hardware nature. This paper reviews the NOPL for NOP-DH (NOPL-DH) that aims high level programming for FPGA. The paper proposes the NOPL-DH test by independent developers, by developing a monitoring device for a box transporting bidirectional conveyer. As a result, NOPL-DH allowed high-level development under the NOP-DH structure in an FPGA, without the need for technical knowledge and, still, maintaining and exploring the NOP properties in FPGA",W1968010087; W1982643252; W2023458041; W2038509324; W2048101908; W2094649353; W2141427018; W2243126880; W2254046527; W2765301342; W2768489383; W2768618078; W2795076414; W2807184035; W2888322280; W3008040282; W3180950153; W6798461554; W6815397524,0.0,2021.0,Federal University of Rio Grande do Sul,NOP; Computer science; Field-programmable gate array; Embedded system; Context (archaeology); Software; Computer hardware; Computer architecture; Programming language,Instituto Federal Catarinense; Universidade Tecnológica Federal do Paraná,BR,Article,EN,True,,NOP; Computer science; Field-programmable gate array; Embedded system; Context (archaeology); Software; Computer hardware; Computer architecture; Programming language; Paleontology; Biology; Chemistry; Receptor; Biochemistry,articles-RITA-20260617-dointext.csv,3,0.8,
10.22456/2175-2745.11221,Identificação da Autoria de Manuscritos com Base em Atributos Genéticos e Genéricos da Escrita,"Regiane Kowalek Hanusiak, Edson Justino, Luiz S. Oliveira, Robert Sabourin",W1770641687,"A grafoscopia é uma área da ciência forense dedicada, entre outros fins, à análise e identificação da autoria de manuscritos, sejam eles contemporâneos ou antigos. Por se tratar de uma área onde predomina a subjetividade no uso da técnica pericial ou grafometria, a mesma tem se tornado campo de interesse da computação, na busca de soluções para a padronização e auxílio de tais procedimentos. Neste contexto, este artigo apresenta um método para análise e identificação da autoria de manuscritos, tendo como base os atributos genéticos e genéricos da escrita, componentes fundamentais para a identificação da autoria de manuscritos. O método proposto faz uso de uma abordagem global, na extração dos atributos grafoscópicos e de verificação.",W1606323814; W2014802492; W2044465660; W2064012597; W2074812954; W2087987373; W2119123874; W2121375797; W2128681081; W2139212933; W2148603752; W2153961073; W2531436580; W4245291498; W6636513611,1.0,2011.0,Federal University of Rio Grande do Sul,Philosophy; Humanities,Pontifícia Universidade Católica do Paraná; Universidade Federal do Paraná; École de Technologie Supérieure,BR; CA,Article,PT,True,,Philosophy; Humanities,articles-RITA-20260617-dointext.csv,0,1.0,
10.22456/2175-2745.112813,A Review of Testbeds on SCADA Systems with Malware Analysis,"Otávio Augusto Maciel Camargo, Júlio César Duarte, Anderson Fernandes Pereira dos Santos, César Augusto Borges de Andrade",W4280495731,"Supervisory control and data acquisition (SCADA) systems are among the major types of Industrial Control Systems (ICS) and are responsible for monitoring and controlling essential infrastructures such as power generation, water treatment, and transportation. Very common and with high added-value, these systems have malware as one of their main threats, and due to their characteristics, it is practically impossible to test the security of a system without compromising it, requiring simulated test platforms to verify their cyber resilience. This review will discuss the most recent studies on ICS testbeds with a focus on cybersecurity and malware impact analysis.",W1629811776; W1968647112; W1972141404; W1980323860; W1982070413; W1988086936; W2007172917; W2009558692; W2014130931; W2029351139; W2043356179; W2066220442; W2117115042; W2119954997; W2131060714; W2132280055; W2134884691; W2149329990; W2192611800; W2520494781; W2521705161; W2590544588; W2606842786; W2609196176; W2619874920; W2727477768; W2732916693; W2751661638; W2784097977; W2794538885; W2802074198; W2894211014; W2902302694; W2954389172; W3200022502; W4239223658; W4248762366; W4250463209; W4256497308; W6636760202; W6652662546; W6740449585; W6743870243,2.0,2022.0,Federal University of Rio Grande do Sul,SCADA; Malware; Computer science; Resilience (materials science); Computer security; Industrial control system; Focus (optics); Control (management); Embedded system; Engineering; Artificial intelligence,Military Institute of Engineering; Universidade de Brasília,BR,Article,EN,True,,SCADA; Malware; Computer science; Resilience (materials science); Computer security; Industrial control system; Focus (optics); Control (management); Embedded system; Engineering; Artificial intelligence; Optics; Physics; Thermodynamics; Electrical engineering,articles-RITA-20260617-dointext.csv,1,0.8,
10.22456/2175-2745.11296,Ambiente Virtual Interativo com Colisão e Deformação de Objetos para Treinamento Médico,"Marcello Kera, Hélio Pedrini, Fátima L. S. Nunes",W2278225548,"O treinamento de procedimentos médicos pode ser beneficiado com o uso de ambientes virtuais interativos que simulam com realismo as ações do usuário. A simulação deve emitir respostas rápidas relativas ao encontro de objetos, deformação, restrição de movimento ou mesmo produzir forças e vibrações. Este trabalho descreve uma metodologia para criação de um ambiente virtual para treinamento médico. Classes e métodos são projetados e implementados no ambiente por meio da linguagem de programação Java. Métodos de colisão e deformação de objetos são utilizados para incorporar realismo à cena, sendo itens complexos e dependentes das informações de interação monitoradas no ambiente virtual. Os objetos modelados são representados por malhas poligonais. A detecção de colisão entre objetos é baseada na subdivisão hierárquica do espaço com octrees e detecção de faces. A técnica de deformação massa-mola é utilizada para simular a alteração na forma dos objetos que se colidem. Experimentos são realizados para demonstrar as funcionalidades do protótipo.",W1503820821; W1537561328; W1724077781; W1967930428; W1971025342; W1987418060; W1999250663; W2002665784; W2009510279; W2025691702; W2055354539; W2071182165; W2107034366; W2123703543; W2126539456; W2144022194; W2149906774; W2157908694; W2165558283; W2168507359; W2409510171; W2424869853; W2540149843; W3043368415; W3053169748; W4200501717; W4210521336; W4244064761; W4361787485; W6631906336,5.0,2011.0,Federal University of Rio Grande do Sul,Computer science,Universidade Estadual de Campinas (UNICAMP); Universidade Federal do Paraná; Universidade de São Paulo,BR,Article,PT,True,,Computer science,articles-RITA-20260617-dointext.csv,0,0.5,3.0
10.22456/2175-2745.11384,QOC*: utilizando Design Rationale como ferramenta para gerenciar conhecimento em projetos de software,"Marcos Camponogara, Milene Selbach Silveira",W1885564230,"Durante o processo de desenvolvimento de um sistema de software, uma grande quantidade de conhecimento é utilizada e produzida como resultado das opções analisadas e das decisões tomadas ao longo do desenvolvimento do projeto. Este conhecimento é valioso, pois reflete as razões que estão por trás das decisões, o que facilita o entendimento dos rumos do projeto e proporciona uma visão global do mesmo. Desta forma, existe a necessidade de se encontrar alternativas para organizar e manter este tipo de conhecimento e então torná-lo um recurso que possa facilitar a continuidade de projetos de software ou então a manutenção de sistemas desenvolvidos. Neste sentido, este artigo apresenta uma pesquisa baseada em Gestão do Conhecimento e Design Rationale, que propõe uma maneira de representar e manter as razões que motivaram a tomada de determinadas decisões em projetos de software, considerando, para isso, uma representação baseada no questionamento e na discussão a respeito das melhores opções para atender questões que surgem durante o desenvolvimento de um projeto.",W24463332; W1495419098; W1520920886; W1552243442; W1589671796; W1997724970; W1997771746; W2009578745; W2017309401; W2018521444; W2060903226; W2115053229; W2120346478; W2162651210; W2168689739; W2178887942; W2750641468; W2751690145; W3185406853; W4233066603; W4388132097; W4388147587; W6629779538; W6714012318; W7027877732,0.0,2010.0,Federal University of Rio Grande do Sul,Humanities; Philosophy,Pontifícia Universidade Católica do Rio Grande do Sul,BR,Article,PT,True,,Humanities; Philosophy,articles-RITA-20260617-dointext.csv,0,1.0,
10.22456/2175-2745.11467,Uso da ferramenta PreText para mineração de textos extraídos do NCBI para estudo epistemológico da Informática em Saúde,"Eliane Colepícolo, Edson Takashi Matsubara, Alex Esteves Jaccoud Falcão, Ivan Torres Pisa",W1513300640,"Este artigo apresenta a utilização da ferramenta PreText como técnica auxiliar a uma pesquisa sobre epistemologia da Informática em Saúde (IS), que visa inferir se a IS se caracteriza como ciência, tecnologia, tecnociência ou arte. O PreText tem por objetivo realizar pré-processamento de textos, transformando-os em um formato estruturado, usando a abordagem bag-of-words, e foi aplicado aos metadados de437.289 resumos de artigos científicos extraídos da base PubMed Central. Os resultados do processamento foram exportados para uma base de dados e relacionados a um coleção de termos de um tesauro especializado em IS construído pelos autores, denominado EpistemIS, e aos metadados dos artigos para geração de estatísticas. Taisrelações possibilitaram compreender a epistemologia da IS, inferindo que esta é uma tecnociência interdisciplinar que atua nos domínios das Ciências da Vida, Ciências da Saúde e Cuidado em Saúde.",W75593468; W148728216; W1505620647; W1549026077; W1605480990; W2245729582; W2909234488; W3107201224; W3209621059; W4244370459; W4402700860,1.0,2010.0,Federal University of Rio Grande do Sul,Pretext; Humanities; Philosophy; Political science,Universidade Federal de São Paulo,BR,Article,PT,True,,Pretext; Humanities; Philosophy; Political science; Politics; Law,articles-RITA-20260617-dointext.csv,0,0.5,7.0
10.22456/2175-2745.11468,ALUPAS: Avaliação de desempenho e consumo de energia de softwares para sistemas embarcados,"Bruno Nogueira, Paulo Marcos Cardoso Maciel, Gustavo Callou, Ermeson Andrade, Eduardo Tavares",W2253199495,"Com a proliferação de equipamentos portáteis operados por baterias, o projeto de sistemas embarcados de baixo consumo de energia tem despertado muito interesse nos últimos anos. Para atender aos requisitos de baixo consumo de energia,é essencial, ainda nas fases iniciais de desenvolvimento, dispor de mecanismos que auxiliem de forma rápida e exata a análise de possíveis alternativas de projeto. Este trabalho apresenta ALUPAS, um simulador estocástico baseado nas Redes de PetriColoridas (CPN) para estimar o desempenho e consumo de energia de softwares para sistemas embarcados. Resultados experimentais mostram uma exatidão, em média, de 94% utilizando o simulador proposto em comparação aos valores reais medidos no hardware.",W139065849; W1533639513; W1534850333; W2092437286; W2102727118; W2122948231; W2138625816; W2140481308; W2166726564; W2571119887; W3140903683; W4231658190; W4285719527; W6673514514,0.0,2010.0,Federal University of Rio Grande do Sul,Physics; Humanities; Philosophy,Universidade Federal de Pernambuco,BR,Article,PT,True,,Physics; Humanities; Philosophy,articles-RITA-20260617-dointext.csv,0,1.0,
10.22456/2175-2745.11469,Avaliação Pró-ativa da Deterioração de Sistemas de Informação por meio de Medidas de Gestão,"André Luiz Pimentel Queiroz, Nicolas Anquetil, Káthia Marçal De Oliveira",W4239571677,"Questões relacionadas à modernização de sistemas de informação têm recebido maior atenção e relevância. Muitos métodos têm sido propostos para apoiar uma organização na escolha da melhor alternativa para modernização de um sistema. Entretanto, esses métodos não fornecem informações necessárias para a identificação precoce da deterioração das aplicações, sendo utilizados quando já se decidiu por realizar alguma ação para modernização da aplicação, como uma forma reativa de lidar com o problema. Este artigo apresenta uma abordagem baseada em medição com o objetivo de monitorar continuamente a deterioração de um sistema, permitindo ao gestor realizar ações de ajuste o mais cedo possível. Aplicações práticas em diferentes sistemas de uma grande empresa mostram a viabilidade de coleta das medidas e indicam os sistemas em deterioração.",W1892476167; W1972720640; W1984449853; W2018024368; W2068117451; W2072267206; W2117774526; W2139746555; W2151191515; W2154854629; W2159682002; W2171737466; W3134208756; W3152036610; W6631113584; W6646530923; W6654734571; W6685248846; W6697187496; W7075674198,0.0,2010.0,Federal University of Rio Grande do Sul,Humanities; Political science; Philosophy; Physics,Universidade Católica de Brasília,BR,Article,PT,True,,Humanities; Political science; Philosophy; Physics,articles-RITA-20260617-dointext.csv,0,0.5,8.0
10.22456/2175-2745.11471,High Performance Computing: CUDA as a Supporting Technology for Next Generation Augmented Reality Applications,"Thiago Farias, João Marcelo N. X. Teixeira, Pedro José Silva Leite, Gabriel F. Almeida, Mozart William Santos Almeida, Verônica Teichrieb, Judith Kelner",W1800049369,"The main purpose of this survey is presenting the potential ofGPGPU technology for real time markerless augmented reality related processing. CUDA is a GPGPU technology developed by NVIDIA that allows programmers to use the C programming language to code algorithms for execution on the GPU. Applications that require mathematically intensive computation of large amounts of data are ideal targets for GPU computing. In this survey, CUDA architecture will be depicted, together with an optimized programming model for obtaining better results using the parallel approach. A case study, mainly related to tracking algorithms, will also be shown in order to demonstrate the performance improvement in comparison to sequential approaches.",W176729393; W1813030236; W2111308925; W2130103520; W2149003305; W6681927388,3.0,2010.0,Federal University of Rio Grande do Sul,CUDA; Computer science; General-purpose computing on graphics processing units; Parallel computing; Augmented reality; Computation; Computer architecture; Code (set theory); Programming paradigm; Architecture; Computer graphics (images); Graphics; Programming language; Artificial intelligence,,,Article,EN,True,,CUDA; Computer science; General-purpose computing on graphics processing units; Parallel computing; Augmented reality; Computation; Computer architecture; Code (set theory); Programming paradigm; Architecture; Computer graphics (images); Graphics; Programming language; Artificial intelligence; Visual arts; Set (abstract data type); Art,articles-RITA-20260617-dointext.csv,4,0.5,3.0
10.22456/2175-2745.11473,"Efeitos Visuais, uma Abordagem a Partir do Processamento Digital de Imagens","João Victor Boechat Gomide, Arnaldo de Albuquerque Araújo",W1752625010,"Esse artigo introduz os conceitos mais importantes de imagemdigital e discute como eles são utilizados para se realizar efeitos visuais, e, ao mesmo tempo, fornece um painel das diversas técnicas de computação gráfica e de processamento de imagem para o cinema e o vídeo. A produção de efeitos visuais usa intensivamente a modelagem geométrica, a visualização computacional, o processamento digital de imagens e, mais recentemente, a visão computacional. O texto está dividido em cinco seções. Após a introdução, é abordada a evolução das diversas técnicas com trucagem óptica. Em seguida, é apresentada a imagem digital, tanto na sua transformação, quando capturada em película , como nos formatos originalmente digitais, os conceitos de compressão e de descrição da imagem e os resultados possíveis com os diversos formatos. Na quarta seção são discutidas algumas técnicas de efeitos visuais digitais, como a correção de cor, o rastreamento de imagem e a captura de movimentos, assim como os hardwares e softwares disponíveis e os conceitos utilizadosneles. São apresentados também efeitos visuais realizados na TV Globo por um dos autores, em cada etapa de sua produção. Na última seção são discutidas as perspectivas de pesquisa acadêmica e em produções de menor porte.",W586920271; W1602495066; W1987084933; W1992989752; W2033819227; W2119350939; W3021282624; W4237938455; W6636224706; W6658838613,4.0,2010.0,Federal University of Rio Grande do Sul,Humanities; Art; Physics,Universidade Fundação Mineira de Educação e Cultura,BR,Article,PT,True,,Humanities; Art; Physics,articles-RITA-20260617-dointext.csv,0,0.5,3.0
10.22456/2175-2745.11477,Tutorial: Introdução à Visão Computacional usando OpenCV,"Maurício Marengoni, Stringhini Stringhini",W1945577929,"Este tutorial apresenta conceitos introdutórios de processamento de imagens (filtros) e de visão computacional (segmentação, classificação, reconhecimento de padrão e rastreamento). Estes conceitos serão introduzidos utilizando a biblioteca OpenCV, que é distribuída gratuitamente e possui documentação farta na internet, com exemplos e aplicações práticas. Será mostrado como obter e como instalar a ferramenta para diversos tipos de plataformas e linguagens de desenvolvimento. Os conceitos de processamento de imagens e visão computacional serão discutidos não apenas no aspecto teórico, mas também serão apresentados exemplos de implementação para que os leitores possam entender e utilizar os exemplos apresentados neste tutorial.",W1508960934; W1513463179; W1533162639; W2031261233; W2105934661; W2161406034; W4237938455; W4250533120,21.0,2010.0,Federal University of Rio Grande do Sul,Humanities; Computer science; Philosophy,Universidade Presbiteriana Mackenzie,BR,Article,PT,True,,Humanities; Computer science; Philosophy,articles-RITA-20260617-dointext.csv,0,1.0,
10.22456/2175-2745.116017,Evaluating the Causal Effect of Multimedia and Affective Temperament in Felt Emotion and Liking,"Rafaela De Amorim Barbosa Silva, Eanes Torres Pereira",W4280533539,"In this paper, we propose an approach to evaluate the causal effect of videos on subjects who watched movies from the LIRIS-ACCEDE dataset and from whom the following information was collected: affective temperaments, gender, and electroencephalography (EEG) signals. The affective temperament was obtained by analyzing their answers to the AFECT questionnaire. Evidence was collected from specialized literature to design a Structural Causal Model to be subjected to Do-Calculus Causal Inference. Video concepts were extracted to characterize the major video content after k-means clustering. Information from 15 volunteers was analyzed and the effects of video content, affective temperament, and gender on emotion response and liking were computed. Higher Order Crossings (HOC) were extracted from EEG signals and the features were clustered and used as intermediate evidence of affective influence. This research provides answers for the following questions about the specific watched videos: (i) How does gender affect the felt emotion and liking? (ii) How does the affective temperament of a person affect felt emotion and liking? and (iii) How does the content of a video affect felt emotion and liking? The main contribution of this paper is in the proposed methodology which can be applied to any similar dataset to investigate the causal relationships of video content and affective temperament on the emotion of the audience.",W135311339; W1996337452; W2044807399; W2053148876; W2053611776; W2081420711; W2114427007; W2151617679; W2165857685; W2170883741; W2173163709; W2466989778; W2523923895; W2594911616; W2625929003; W2803458449; W2806230875; W2808862089; W2882866310; W2948579453; W4237675983,0.0,2022.0,Federal University of Rio Grande do Sul,Temperament; Affect (linguistics); Psychology; Causal inference; Electroencephalography; Content (measure theory); Cognitive psychology; Developmental psychology; Social psychology; Personality; Communication,Universidade Federal de Campina Grande,BR,Article,EN,True,,Temperament; Affect (linguistics); Psychology; Causal inference; Electroencephalography; Content (measure theory); Cognitive psychology; Developmental psychology; Social psychology; Personality; Communication; Mathematics; Economics; Econometrics; Psychiatry; Mathematical analysis,articles-RITA-20260617-dointext.csv,3,0.8,
10.22456/2175-2745.11607,Análise do Controle Motor com Interações usando Dispositivos Convencionais e Realidade Aumentada,"Marcelo Da Silva Hounsell, Débora Cristine Xavier, Tânia Brusque Crocetta, Alexandro Andrade",W2284930459,"Este trabalho apresenta um software para auxílio ao diagnóstico dos problemas do controle motor fino em humanos, denominado MOSKA (MOtor SKill Analyser), usando técnicas de interação com dispositivos convencionais (baseadas em dispositivos como mouse, mesa digitalizadora - tablet) e, Realidade Aumentada (RA) (baseada em dispositivos de baixo custo como webcam). Ambas as técnicas de interação, com RA e sem RA, foram implementadas com o objetivo de capturar métricas, já validadas em pesquisas anteriores, relativas ao tempo de duração e precisão de desenhos produzidos pelos pacientes. O desenvolvimento levou a um sistema que dispõe de métricas novas e mais significantes, um sistema de Bando de Dados e permitiu efetuar uma comparação as técnicas de interação para este tipo de diagnóstico. As implementações foram feitas em Java e, para RA, foi usada a biblioteca jARToolKit por ser popular, livre e de código aberto mas que implica no uso de marcadores, o que levou a identificar algumas limitações deste tipo de RA. Apesar de certo entusiasmo por ser uma tecnologia mais moderna, descobriu-se que certas técnicas específicas de RA não são apropriadas para aplicações que necessitem de precisão e coordenação visual-motora como a análise do controle motor fino",W1963648925; W2102557366; W2125500436; W2146737178; W2150334199,3.0,2011.0,Federal University of Rio Grande do Sul,Humanities; Physics; Philosophy,Universidade do Estado de Santa Catarina,BR,Article,PT,True,,Humanities; Physics; Philosophy,articles-RITA-20260617-dointext.csv,0,0.5,3.0
10.22456/2175-2745.11631,Variation Detection applied in User Signature Verification,"Rodrigo Fernandes de Mello, Matheus Lorenzo dos Santos, Marcelo Keese Albertini",W2259607186,"Behavior studies have been conducted by scientists and philosophers who approach subjects such as star and planet trajectories, society organizations, living beings evolution and human language. With the advent of computer, new challenges have been observed in order to explore and understand the behavior variations of interactions with systems. Motivated by those challenges, this work proposes a new approach to automatically cluster, detect and identify behavior patterns. In order to validate this approach, we have modeled the knowledge embedded in interactions of handwriting signatures. The generated knowledge models were, afterwards, employed to verify signatures. Obtained results were compared to other related approaches presented in SVC2004, the First International Signature Verification Competition.",W36866769; W147833049; W1523635924; W1561262336; W1882088395; W1990281071; W1991770581; W1995713768; W1995875735; W2000063474; W2011675256; W2024486844; W2047828443; W2048916794; W2064235697; W2081142165; W2091921805; W2102552198; W2102882759; W2106090956; W2116843162; W2118388410; W2153074717; W2162161511; W2488961719,1.0,2011.0,Federal University of Rio Grande do Sul,Variation (astronomy); Signature (topology); Computer science; Handwriting; Artificial intelligence; Competition (biology); Data science; Human–computer interaction; Machine learning; Astrophysics,Universidade de São Paulo,BR,Article,ES,True,,Variation (astronomy); Signature (topology); Computer science; Handwriting; Artificial intelligence; Competition (biology); Data science; Human–computer interaction; Machine learning; Astrophysics; Biology; Mathematics; Ecology; Physics; Geometry,articles-RITA-20260617-dointext.csv,1,1.0,
10.22456/2175-2745.116606,Contributions on Computer Music from the SBCM 2019,"Tiago Fernandes Tavares, Flávio Luiz Schiavoni",W3180161806,"The Brazilian Symposia on Computer Music are events that foster a rich environment for exciting interdisciplinary discussion. In its 17th edition, in 2019, the event was held in São João Del Rei, MG. This special issue presents 5 selected papers from the conference's technical program covering different research fields like sound synthesis, music information retrieval, sound systems, and digital musical instruments.",W3024039681; W3024306306; W3024479806; W3024558475; W3024719663; W3025357527; W3025607341; W3025682863; W3025875079; W3025944793; W3026027280; W3113728755; W3113924913; W3116857624,0.0,2021.0,Federal University of Rio Grande do Sul,Sound (geography); Event (particle physics); Computer music; Musical; Digital audio; Computer science; Visual arts; Library science; Telecommunications; Art; Acoustics; Audio signal,Albert Einstein College of Medicine; Federal University of São João del-Rei; Universidade Estadual de Campinas (UNICAMP),BR; US,Article,EN,True,,Sound (geography); Event (particle physics); Computer music; Musical; Digital audio; Computer science; Visual arts; Library science; Telecommunications; Art; Acoustics; Audio signal; Quantum mechanics; Physics; Speech coding,articles-RITA-20260617-dointext.csv,4,0.5,1.0
10.22456/2175-2745.11662,Aprendizado e Controle de Robôs Móveis Autônomos Utilizando Atenção Visual,"Milton Roberto Heinen, Paulo Martins Engel",W2272589412,"Este artigo descreve um modelo de aprendizado por reforço capaz de aprender tarefas de controle complexas utilizando ações e estados contínuos. Este modelo, que é baseado no ator-crítico contínuo, utiliza redes de funções de base radial normalizadas para aprender o valor dos estados e das ações, sendo capaz de configurar a estrutura destas redes de forma automática durante o aprendizado. Além disso, um mecanismo de atenção visual seletiva é utilizado para perceber o ambiente e os estados. Para a validação do modelo proposto, foi utilizada uma tarefa relativamente complexa para os algoritmos de aprendizado por reforço: conduzir uma bola até o gol em um ambiente de futebol de robôs simulado. Os experimentos realizados demonstram que o modelo proposto é capaz realizar a tarefa em questão com bastante sucesso utilizando somente informações visuais.",W41554520; W1516695739; W1556357081; W1569512666; W1572655503; W1585546346; W1842680244; W2016042859; W2100644648; W2105078254; W2107815819; W2113501460; W2114882146; W2128272608; W2128919627; W2143984116; W2150785194; W2151103935; W2152166054; W2154642048; W2165680188; W2540374040; W2622546537; W2766736793; W3041202696; W4210554327; W4214717370; W4253431473; W6638686887,4.0,2011.0,Federal University of Rio Grande do Sul,Humanities; Philosophy; Artificial intelligence; Physics; Computer science,Universidade Federal do Rio Grande do Sul,BR,Article,PT,True,,Humanities; Philosophy; Artificial intelligence; Physics; Computer science,articles-RITA-20260617-dointext.csv,0,1.0,
10.22456/2175-2745.11695,Estratégias de Atualização de Políticas para a Coordenação de Agentes Baseados em Enxames,"Richardson Ribeiro, Fabrício Enembreck",W2287287657,"Neste artigo é analisada a influência dos parâmetros de aprendizagem de algoritmos de enxames e propostas estratégias de atualização de políticas geradas por recompensas (feromônios) para ambientes dinâmicos. Nós verificamos que quando os parâmetros de algoritmos baseados em recompensas são ajustados inadequadamente pode ocorrer atrasos no aprendizado e convergência para uma solução não-satisfatória. Além disso, esse problema é agravado em ambientes dinâmicos, pois o ajuste dos parâmetros de tais algoritmos não é suficiente para garantir convergência. Para solucionar tal problema, nós desenvolvemos estratégias que modificam valores de feromônio, melhorando a coordenação entre os agentes e permitindo convergência mesmo quando o ambiente é alterado dinamicamente. Para isso, um framework capaz de demonstrar de maneira iterativa a influência dos parâmetros e das estratégias foi desenvolvido. Resultados experimentais mostram que é possível acelerar a convergência para uma política global consistente, superando os resultados de abordagens clássicas de algoritmos baseados em enxames.",W1492640216; W1519085183; W1735161956; W1791215375; W2079747430; W2100528458; W2107631366; W2145790759; W2147912281; W2152576222; W2155401690; W2463604212; W4362203700; W6629566668; W6637514564; W6656816128; W6679513844; W6681603819; W6681741380; W6703967216,1.0,2011.0,Federal University of Rio Grande do Sul,Physics; Humanities; Philosophy,Pontifícia Universidade Católica do Paraná,BR,Article,PT,True,,Physics; Humanities; Philosophy,articles-RITA-20260617-dointext.csv,0,1.0,
10.22456/2175-2745.117481,Exploring Supervised Techniques for Automated Recognition of Intention Classes from Portuguese Free Texts on Agriculture,"Daniel Felix de Brito, Jarbas Lopes Cardoso Júnior, Júlio Cesar dos Reis, Guilherme Ruppert, Rodrigo Bonacin",W4280641766,"Technical and scientific knowledge is vast and complex, particularly in interdisciplinary fields such as sustainable agriculture, which is available in several interrelated, geographically dispersed and interdisciplinary online textual information sources. In this context, it is essential to support people with computational mechanisms that allow them to retrieve and interpret information in an appropriate way, as communication in these software systems is typically asynchronous and textual. User’s intention recognition and analysis in textual documents results in benefits for better information retrieval. However, intentions are expressed implicitly in texts in natural language and the specificities of the domain and cultural aspects of language make it difficult to process and analyze the text by computer systems. This requires the study of methods for the automatic recognition of intention classes in text. In this article, we conduct extensive experimental analyses on techniques based on language models and machine learning to detect instances of intention classes in texts about sustainable agriculture written in Portuguese. In our methodology, we perform a morphological analysis of the sentences and evaluate four Word Embeddings techniques (Word2Vec, Wang2Vec, FastText and Glove) combined with four machine learning techniques (Support Vector Machine, Artificial Neural Network, Random Forest and Transfer Learning). The results obtained by applying the techniques proposed in a database with textual information on sustainable agriculture indicate promising possibilities in the recognition of intentions in free texts in Portuguese language on sustainable agriculture.",W35388109; W105479253; W261252443; W606124316; W777401746; W1486968598; W1506120176; W1517955056; W1555478090; W1560138630; W1614298861; W1748857799; W1797580880; W1995124433; W2006161319; W2018897455; W2026623367; W2028811486; W2079597242; W2087896354; W2097219834; W2114929019; W2122962569; W2135557329; W2146338426; W2148143831; W2153579005; W2165070931; W2215376118; W2253429366; W2258759058; W2262335740; W2296194829; W2395579298; W2400750967; W2489487449; W2493342586; W2493916176; W2531638282; W2548181018; W2578315649; W2602204575; W2743758799; W2767645833; W2783348159; W2794557536; W2794559801; W2796681025; W2806250232; W2883529044; W2894943046; W2895750630; W2896457183; W2900411615; W2907023433; W2913474085; W2917128112; W2954934137; W2962825174; W2963685181; W2970294103; W3010661144; W3089109478; W3154236075; W3155280322; W4212863985; W4212995409; W4231853294; W4231859362; W4237711877; W4255614916; W4293713156; W4294170691; W4295224294; W4298857951; W6600561556; W6907498794; W7065862395,0.0,2022.0,Federal University of Rio Grande do Sul,Computer science; Word2vec; Artificial intelligence; Natural language processing; Process (computing); Context (archaeology); Domain (mathematical analysis); Machine learning; Data science,Centro de Tecnologia da Informação Renato Archer; Universidade Estadual de Campinas (UNICAMP),BR,Article,EN,True,,Computer science; Word2vec; Artificial intelligence; Natural language processing; Process (computing); Context (archaeology); Domain (mathematical analysis); Machine learning; Data science; Operating system; Paleontology; Embedding; Mathematics; Biology; Mathematical analysis,articles-RITA-20260617-dointext.csv,1,0.5,3.0
10.22456/2175-2745.118372,Building Contrastive Summaries of Subjective Text Via Opinion Ranking,"Raphael Rocha da Silva, Thiago Alexandre Salgueiro Pardo",W4280611038,"This article investigates methods to automatically compare entities from opinionated text to help users to obtain important information from a large amount of data, a task known as “contrastive opinion summarization”. The task aims at generating contrastive summaries that highlight differences between entities given opinionated text (written about each entity individually) where opinions have been previously identified. These summaries are made by selecting sentences from the input data. The core of the problem is to find out how to choose these more relevant sentences in an appropriate manner. The proposed method uses a heuristic that makesdecisions according to the opinions found in the input text and to traits that a summary is expected to present. The evaluation is made by measuring three characteristics that contrastive summaries are expected to have: representativity (presence of opinions that are frequent in the input), contrastivity (presence of opinions that highlight differences between entities) and diversity (presence of different opinions to avoid redundancy). The novel method is compared to methods previously published and performs significantly better than them according to the measures used. The main contributions of this work are: a comparative analysis of methods of contrastive opinion summarization, the proposal of a systematic way to evaluate summaries, the development of a new method that performs better than others previously known and the creation of a dataset for the task.",W95681701; W140325011; W1485124666; W1544455437; W2021579266; W2038451776; W2092167320; W2102267996; W2157470625; W2199164494; W2278629362; W2293771131; W2586561586; W2601748485; W2801455852; W2888110896; W2894262494; W2912042784; W2913709485; W2913808287; W3151369355; W3196685998; W4200274155; W4200490345; W4385414156,1.0,2022.0,Federal University of Rio Grande do Sul,Computer science; Automatic summarization; Natural language processing; Information retrieval; Redundancy (engineering); Task (project management); Ranking (information retrieval); Artificial intelligence; Contrastive analysis; Sentiment analysis; Linguistics,Universidade de São Paulo,BR,Article,EN,True,,Computer science; Automatic summarization; Natural language processing; Information retrieval; Redundancy (engineering); Task (project management); Ranking (information retrieval); Artificial intelligence; Contrastive analysis; Sentiment analysis; Linguistics; Philosophy; Management; Economics; Operating system,articles-RITA-20260617-dointext.csv,1,0.5,3.0
10.22456/2175-2745.119164,SSM: A Semantic Metasearch Platform for Scientific Data retrieval,"Gustavo Caetano Borges, Júlio Cesar dos Reis, Cláudia Bauzer Medeiros",W4206540501,"Scientific research in all fields has advanced in complexity and in the amount of data generated. The heterogeneity of data repositories, data meaning and their metadata standards makes this problem even more significant. In spite of several proposals to find and retrieve research data from public repositories, there is still need for more comprehensive retrieval solutions. In this article, we specify and develop a mechanism to search for scientific data that takes advantage of metadata records and semantic methods. We present the conception of our architecture and how we have implemented it in a use case in the agriculture domain.",W182256368; W2302501749; W2982102044; W3033692615; W3100723217; W3134658203; W3204333746; W4205295483; W4381594492; W6779588463; W6785219531; W6791257604,2.0,2022.0,Federal University of Rio Grande do Sul,Metadata; Computer science; Information retrieval; Semantic search; Domain (mathematical analysis); Meaning (existential); Metasearch engine; World Wide Web; Data science; Semantic Web; Search engine; Web search query,Universidade Estadual de Campinas (UNICAMP),BR,Article,EN,True,,Metadata; Computer science; Information retrieval; Semantic search; Domain (mathematical analysis); Meaning (existential); Metasearch engine; World Wide Web; Data science; Semantic Web; Search engine; Web search query; Mathematics; Mathematical analysis; Psychotherapist; Psychology,articles-RITA-20260617-dointext.csv,1,1.0,
10.22456/2175-2745.119196,Stochastic Models for Planning VLE Moodle Environments based on Containers and Virtual Machines,"Cleyton Ferreira Gonçalves, Ermeson Andrade, Júlio Mendonça, Gustavo Callou",W4280586704,"Moodle Virtual Learning Environments (VLEs) represent tools of a pedagogical dimension where the teacher uses various resources to stimulate student learning. Content presented in hypertext, audio or vídeo formats can be adopted as a means to facilitate the learning. These platforms tend to produce high processing rates on servers, large volumes of data on the network and, consequently, degrade performance, increase energy consumption and costs. However, to provide eficiente sharing of computing resources and at the same time minimize financial costs, these VLE platforms typically run on virtualized infrastructures such as Virtual Machines (VM) or containers, which have advantages and disadvantages. Stochastic models, such as stochastic Petri nets (SPNs), can be used in the modeling and evaluation of such environments. Therefore, this work aims to use analytical modeling through SPNs to assess the performance, energy consumption and cost of environments based on containers and VMs. Metrics such as throughput, response time, energy consumption and cost are collected and analyzed. The results revealed that, for example, a cluster with 10 replicas, occupied at their maximum capacity, can generate a 46.54% reduction in energy consumption if containers are used. Additionally, we validate the accuracy of the analytical models by comparing their results with the results obtained in a real infrastructure.",W159719520; W652596388; W1507386955; W1986755980; W1996109622; W2123610695; W2500972901; W2577302916; W2607102504; W2608869639; W2752628313; W2765403648; W2885758977; W2891113010; W2898774164; W2900408237; W2900690355; W2905695383; W2918082017; W2947444836; W2969393125; W3019456119; W3024575953; W3036777455; W4214817024; W4230372634; W4233867432; W4235705121; W4236428812; W4241342883; W6646781758,3.0,2022.0,Federal University of Rio Grande do Sul,Computer science; Energy consumption; Virtual machine; Server; Throughput; Distributed computing; Real-time computing; Operating system; Wireless; Engineering,"Instituto Federal de Educação, Ciência e Tecnologia de Alagoas; Universidade Federal Rural de Pernambuco",BR,Article,EN,True,,Computer science; Energy consumption; Virtual machine; Server; Throughput; Distributed computing; Real-time computing; Operating system; Wireless; Engineering; Electrical engineering,articles-RITA-20260617-dointext.csv,3,1.0,
10.22456/2175-2745.119207,Efficient Breast Cancer Classification Using Histopathological Images and a Simple VGG,"Marcelo Luis Rodrigues Filho, Omar Andrés Carmona Cortes",W4206795645,"Breast cancer is the second most deadly disease worldwide. This severe condition led to 627,000 people dying in 2018. Thus, early detection is critical for improving the patients' lifetime or even curing them. In this context, we can appeal to Medicine 4.0, which exploits machine learning capabilities to obtain a faster and more efficient diagnosis. Therefore, this work aims to apply a simpler convolutional neural network, called VGG-7, for classifying breast cancer in histopathological images. Results have shown that VGG-7 overcomes the performance of VGG-16 and VGG-19, showing an accuracy of 98%, a precision of 99%, a recall of 98%, and an F1 score of 98%.",W1533861849; W1686810756; W2101234009; W2112796928; W2119040723; W2139427956; W2324923563; W2344480160; W2530010084; W2554892747; W2557738935; W2772723798; W2884585870; W2899061025; W2914762504; W2939354476; W2963733622; W2999243731; W3010871530; W3011012878; W3037130531; W3048817311; W3099183222; W3109319544; W3114338853; W3119779909; W4212813292; W4232828552; W6675354045; W6743729990; W6753412334; W6833262898,8.0,2022.0,Federal University of Rio Grande do Sul,Convolutional neural network; Breast cancer; Artificial intelligence; Context (archaeology); Computer science; Exploit; Diagnostic accuracy; F1 score; Artificial neural network; Pattern recognition (psychology); Machine learning; Cancer; Medicine; Radiology; Internal medicine,Instituto Federal do Maranhão,BR,Article,EN,True,,Convolutional neural network; Breast cancer; Artificial intelligence; Context (archaeology); Computer science; Exploit; Diagnostic accuracy; F1 score; Artificial neural network; Pattern recognition (psychology); Machine learning; Cancer; Medicine; Radiology; Internal medicine; Computer security; Biology; Paleontology,articles-RITA-20260617-dointext.csv,1,0.5,2.0
10.22456/2175-2745.120399,Application of Profile Prediction for Proactive Scheduling,"Allan Matheus Marques Dos Santos, Raquel Coelho Gomes Pinto, Júlio César Duarte, Bruno Schulze",W4313364211,"Today, cloud environments are widely used as execution platforms for most applications. In these environments, virtualized applications often share computing resources. Although this increases hardware utilization, resources competition can cause performance degradation, and knowing which applications can run on the same host without causing too much interference is key to a better scheduling and performance. Therefore, it is important to predict the resource consumption profile of applications in their subsequent iterations. This work evaluates the use of machine learning techniques to predict the increase or decrease in computational resources consumption. The prediction models are evaluated through experiments using real and benchmark applications. Finally, we conclude that some models offer significantly better performance when compared to the current trend of resource usage. These models averaged up to 94% on the F1 metric for this task.",W349770100; W1169931158; W1498436455; W2099787804; W2101234009; W2112577589; W2169631286; W2334760274; W2490420619; W2570019159; W2591728639; W2744237937; W2880593079; W2891813281; W3009651759; W3120421331; W4236236547; W6610028639; W6642553800; W6664387049; W6675354045; W6775205311,2.0,2022.0,Federal University of Rio Grande do Sul,Computer science; Scheduling (production processes); Cloud computing; Benchmark (surveying); Distributed computing; Task (project management); Predictive modelling; Metric (unit); Machine learning; Operating system; Engineering; Systems engineering,Military Institute of Engineering; Netherlands Aerospace Centre,BR; NL,Article,EN,True,,Computer science; Scheduling (production processes); Cloud computing; Benchmark (surveying); Distributed computing; Task (project management); Predictive modelling; Metric (unit); Machine learning; Operating system; Engineering; Systems engineering; Operations management; Geodesy; Geography,articles-RITA-20260617-dointext.csv,3,1.0,
10.22456/2175-2745.12104,Estimação de Probabilidade de Perda de Dados em Redes Através de Modelagem Multifractal de Tráfego e Teoria de Muitas Fontes,"Flávio Henrique Teles Vieira, Scheila Guedes Garcez",W2198434394,"Neste artigo, propomos uma abordagem para estimação da probabilidade de perda de bytes em enlaces de redes de computadores considerando propriedades multifractais dos fluxos de tráfego. Mais especificamente, deduzimos uma expressão matemática para o cálculo da probabilidade de perda para servidores com buffer finito alimentados com fluxos multifractais de tráfego. A abordagem proposta se baseia na teoria das muitas fontes e na modelagem multifractal de tráfego baseada em cascatas multiplicativas. Por fim, avaliamos a proposta de estimação de probabilidade de perda através de simulações computacionais utilizando séries de tráfego real, verificando assim sua eficiência como ferramenta relacionada à provisão de qualidade de serviço em redes de computadores.",W151876515; W1488452483; W1499963479; W1580779223; W1978061253; W2024150704; W2037945753; W2049218712; W2059746193; W2060562186; W2060824643; W2061637728; W2066782797; W2080254038; W2097530712; W2098293598; W2104045250; W2105818147; W2111764355; W2112882259; W2112943055; W2114050573; W2119635640; W2119960958; W2122114728; W2126516062; W2129025098; W2131858726; W2138543759; W2139386233; W2144888506; W2148275477; W2159048618; W2168437027; W2487202993; W2544146587; W3122874542; W3163606262; W4241426049; W4285719527; W6644898510; W6665568129; W6759226367; W7027600379,1.0,2011.0,Federal University of Rio Grande do Sul,Humanities; Physics; Philosophy,Hospital de Clínicas da Unicamp; Universidade Federal de Goiás,BR,Article,PT,True,,Humanities; Physics; Philosophy,articles-RITA-20260617-dointext.csv,0,1.0,
10.22456/2175-2745.12119,Desenvolvimento e Avaliação de um Protocolo Eletrônico para Atendimento e Monitoramento do Paciente com Doença Celíaca,"Josceli Maria Tenório, Frederico Molina Cohrs, Vera Lúcia Sdepanian, Ivan Torres Pisa, Heimar de Fátima Marín",W1878909947,"Este estudo objetiva desenvolver um protocolo eletrônico com informações estruturadas e específicas para o atendimento e acompanhamento do paciente com doença celíaca, disponível na web, e avaliá-lo em termos de usabilidade. A estruturação dos dados clínicos foi feita por análise de formulários para consulta, prontuários e um protocolo clínico. Um protocolo para o atendimento durante a consulta para fins de diagnóstico clínico foi esquematizado e o sistema computacional web foi modelado e construído para suportar a implementação deste protocolo. Para a avaliação da usabilidade do sistema web, foi utilizado o questionário System Usability Scale (SUS). O SUS-score resultou em um valor médio de 83,5±10,0, o que indica que o sistema web foi considerado de fácil uso e de acordo com a satisfação do usuário. O sistema web implementou adequadamente o protocolo. A utilização do protocolo eletrônico mostrou-se válida para o atendimento e monitoramento do paciente com doença celíaca, pois manteve a especificidade dos dados clínicos e a rotina dos profissionais envolvidos.",W19399978; W172711948; W283833663; W1968214225; W1975400911; W1991426267; W1997866278; W2050029952; W2050111936; W2050182310; W2065057152; W2072549989; W2077434826; W2126637723; W2169542311; W2336568044; W3144659511; W6649787211,68.0,2011.0,Federal University of Rio Grande do Sul,Physics; Medicine,Fundação de Apoio à Universidade Federal de São Paulo; Universidade Federal de São Paulo,BR,Article,PT,True,,Physics; Medicine,articles-RITA-20260617-dointext.csv,0,0.5,3.0
10.22456/2175-2745.121388,Optimal Control and Adaptive Learning for Stabilization of a Quadrotor-type Unmanned Aerial Vehicle via Approximate Dynamic Programming,"Joelson Miller Bezerra De Souza, Patrícia Helena Moraes Rêgo, Guilherme Bonfim De Sousa, Janes Valdo Rodrigues Lima",W4313307064,"The development of an optimal controller for stabilization of a quadrotor system using an adaptive critic structure based on policy iteration schemes is proposed in this paper. This approach is inserted in the context of Approximate Dynamic Programming and it is used to solve optimal decision problems on-line, without requiring complete knowledge of the system dynamics model to be controlled. The main feature of the adaptive critic design method that allows for on-line implementation is that it solves the Bellman optimality equation in a forward-in-time fashion, whereas traditional dynamic programming requires a backward-in-time procedure. This feedback control design technique is able to tune the controller parameters on-line in the presence of variations in plant dynamics and external disturbances using data measured along the system trajectories. Computational simulation results based on a quadrotor model demonstrate the effectiveness of the proposed control scheme.",W188783744; W1513689897; W1517236425; W1528823839; W1626155273; W1976956127; W2012279256; W2098432798; W2125964040; W2134145897; W2145952809; W2152161277; W2165726932; W2299661663; W2316339969; W2423777910; W2545612814; W2554387121; W2565363628; W2587025643; W2604485348; W2611343735; W2683298768; W2761646724; W2803214760; W2811148441; W2914661805; W2941117672; W2952695732; W2961703895; W2962890638; W2979053968; W2985707469; W2996988642; W3008596241; W3031526098; W3034673792; W3040023559; W3045347666; W3045997904; W3087155329; W3097127953; W3114263192; W3120778962; W3126321819; W3142418137; W3144071296; W3153389486; W3154307668; W3212456989; W4200042436; W4206689801; W4206946356; W4213313210; W4230278603; W4236442470; W4242843434; W4285132195; W4288097047; W4362578307; W6736575497; W6750181461; W6758726340; W6769919355; W6794069365; W7071912702,0.0,2022.0,Federal University of Rio Grande do Sul,Dynamic programming; Control theory (sociology); Context (archaeology); Controller (irrigation); Computer science; Optimal control; System dynamics; Scheme (mathematics); Adaptive control; Feature (linguistics); Line (geometry); Control engineering; Control (management); Mathematical optimization; Mathematics; Engineering; Artificial intelligence; Algorithm,Universidade Estadual do Maranhão,BR,Article,EN,True,,Dynamic programming; Control theory (sociology); Context (archaeology); Controller (irrigation); Computer science; Optimal control; System dynamics; Scheme (mathematics); Adaptive control; Feature (linguistics); Line (geometry); Control engineering; Control (management); Mathematical optimization; Mathematics; Engineering; Artificial intelligence; Algorithm; Agronomy; Paleontology; Mathematical analysis; Philosophy; Biology; Geometry; Linguistics,articles-RITA-20260617-dointext.csv,5,0.5,1.0
10.22456/2175-2745.121425,SEGBEE: Mobile Application for Honey Segmentation in Apiary Boards,"Daniel W. S. Rocha, Eduardo Cardoso Melo, Bruno Alberto Soares Oliveira",W4313307033,"Beekeeping is one of the most important activities for humans. Since ancient times, honey has been used in the treatment of several diseases and is an extremely powerful antioxidant. The process of visual analysis of the apiary requires trained specialists who try to obtain relevant information to make a decision about what to do with the honeycomb. Since the process is performed manually, given the complexity of the task, opportunities arise for the application of automated systems that can assist the beekeeper's decision making. Thus, this paper presents the development of the application \textit{SegBee}, a computational tool that performs the segmentation in the apiary plates, where there is the presence of honey, in an accessible, fast and practical way. To do this, the OpenCV library was used for the digital image processing part, and the Kivy library was used to develop the interface of the mobile application. The tests performed showed that the images were adequately segmented by \textit{SegBee}, indicating where the honey is located on each analyzed plate. A visual comparison was made between results obtained by \textit{SegBee} and another commercial application, demonstrating the effectiveness of the developed tool. The proposed solution contributes to the improvement of the beekeeping professionals' work, once the application is simple to use and fast to process, being able to help in the honey identification task in apiaries plates.",W635106865; W2913060245; W2923244869; W2941584439; W2947624481; W2970919392; W2990662626; W3005477201; W3011461834; W3012106938; W3096178934; W3123456185; W3173974279; W4231743084; W4232623044; W4289115720; W4313307033,1.0,2022.0,Federal University of Rio Grande do Sul,Apiary; Beekeeping; Segmentation; Computer science; Task (project management); Process (computing); Artificial intelligence; Engineering; Biology; Systems engineering; Ecology,"Instituto Federal de Educação, Ciência e Tecnologia de Minas Gerais; Universidade Federal de Minas Gerais",BR,Article,EN,True,,Apiary; Beekeeping; Segmentation; Computer science; Task (project management); Process (computing); Artificial intelligence; Engineering; Biology; Systems engineering; Ecology; Operating system,articles-RITA-20260617-dointext.csv,3,0.8,
10.22456/2175-2745.122929,"Multi-Objective, Multi-Armed Bandits: Algorithms for Repeated Games and Application to Route Choice","Candy A. Huanca-Anquise, Ana L. C. Bazzan, Anderson Rocha Tavares",W4318769376,"Multi-objective decision-making in multi-agent scenarios poses multiple challenges. Dealing with multiple objectives and non-stationarity caused by simultaneous learning are only two of them, which have been addressed separately. In this work, reinforcement learning algorithms that tackle both issues together are proposed and applied to a route choice problem, where drivers must select an action in a single-state formulation, while aiming to minimize both their travel time and toll. Hence, we deal with repeated games, now with a multi-objective approach. Advantages, limitations and differences of these algorithms are discussed. Our results show that the proposed algorithms for action selection using reinforcement learning deal with non-stationarity and multiple objectives, while providing alternative solutions to those of centralized methods.",W157259654; W184664762; W1538558539; W2006294405; W2029955117; W2056550212; W2063549568; W2095602422; W2098143601; W2104602264; W2184652140; W2186820913; W2556366151; W2620929994; W2759684794; W2896280943; W2971634072; W2973893660; W3132923784; W3139398491; W3204573448; W4239570446; W4244562947; W4253227427; W4287266177; W6664564385,3.0,2023.0,Federal University of Rio Grande do Sul,Reinforcement learning; Computer science; Action selection; Selection (genetic algorithm); Action (physics); Toll; State (computer science); Mathematical optimization; Machine learning; Artificial intelligence; Algorithm; Mathematics,Universidade Federal do Rio Grande do Sul,BR,Article,EN,True,,Reinforcement learning; Computer science; Action selection; Selection (genetic algorithm); Action (physics); Toll; State (computer science); Mathematical optimization; Machine learning; Artificial intelligence; Algorithm; Mathematics; Quantum mechanics; Neuroscience; Genetics; Physics; Perception; Biology,articles-RITA-20260617-dointext.csv,5,0.5,1.0
10.22456/2175-2745.12327,Snake-3D na Modelagem Tridimensional e Medição do Comprimento de Arcos Elétricos,"Gilmário Barbosa dos Santos, Clésio Luis Tozzi, Maria Cristina Tavares",W1775482922,"Nesse trabalho é descrita a aplicação inédita de um contorno ativo tridimensional (snake-3D) na avaliação do comprimento de arcos elétricos artificialmente gerados em torres de alta tensão e capturados através um par de câmeras calibradas. Asnake-3D é representada espacialmente por uma B-spline que evolui sob as restrições de forças externas ao contorno ativo e internas a este. As forças externas são obtidas a partir dos pares de imagens que capturam a evolução do arco elétrico, enquanto que as forças internas são intrínsecas ao contorno ativo e determinadas pela tensão entre pontos de controle adjacentes. Em relação às outras abordagens para recuperaçãoda geometria 3D de arcos elétricos, o modelo aqui proposto é independente da determinação de pontos homólogos e de um posicionamento específico de câmeras além de propiciar o rastreio do arco elétrico levando em consideração a dependênciatemporal entre pares consecutivos de quadros em dois vídeos. Para fins de avaliação foram realizados experimentos sobre imagens sintéticas obtidas a partir da simulação de um sistema de aquisição de imagens, bem como experimentos com imagens de arcos elétricos reais produzidos no CEPEL. Os resultados obtidos foram considerados aceitáveis, demonstrando o potencial da abordagem apresentada.",W1509659402; W1555614281; W1632821558; W1674977753; W1900121947; W2081098757; W2105360395; W2110317923; W2143695955; W2150750431; W2153312997; W2154038175; W2154063776; W3000631439; W4232225412; W6639665393; W6814354019,0.0,2011.0,Federal University of Rio Grande do Sul,Physics; Humanities; Art,Hospital de Clínicas da Unicamp; Universidade Estadual de Campinas (UNICAMP); Universidade do Estado de Santa Catarina,BR,Article,PT,True,,Physics; Humanities; Art,articles-RITA-20260617-dointext.csv,0,0.5,3.0
10.22456/2175-2745.12361,Editorial: 20 anos da Revista de Informática Teórica e Aplicada,"Luís C. Lamb, José Palazzo Moreira de Oliveira, Lisandro Zambenedetti Granville",W1678956582,"Este número da Revista de Informática Teórica e Aplicada (RITA) tem significado especial. Trata-se do primeiro número publicado no ano em que a revista completa 20 anos. Durante duas décadas, muitos trabalharam para construir a história da RITA.Os artigos deste número ilustram que os objetivos iniciais da RITA foram atingidos: publicamos trabalhos em um amplo espectro da Ciência da Computação, permitindo que pesquisadores de diversas áreas de pesquisa do Brasil e exterior divulguem seus resultados junto à sociedade.",,0.0,2010.0,Federal University of Rio Grande do Sul,Humanities; Art,Universidade Federal do Rio Grande do Sul,BR,Editorial,ES,True,,Humanities; Art,articles-RITA-20260617-dointext.csv,0,0.5,7.0
10.22456/2175-2745.12362,Prefácio à Seção Especial dos Tutoriais do SIBGRAPI'08,"Siome Goldenstein, Anselmo Montenegro",W1010237616,"Sejam bem-vindos à seção especial dos tutoriais do SIBGRAPI 2008!Os participantes do SIBGRAPI de 2008 tiveram a oportunidade de presenciar um conjunto excepcional de tutoriais que cobriram uma vasta gama de assuntos de interesse da comunidade. Tivemos dois tutoriais introdutórios: o primeiro sobre o uso do OpenCV, uma biblioteca já estabelecida para desenvolvimento de aplicações em visão computacional, e o segundo sobre o uso de processamento de imagens para a elaboração de efeitos especiais. Nossos tutoriais avançados foram também bem diversos. O primeiro tratou sobre o uso de CUDA, uma nova linguagem desenvolvida pela NVIDIA para o uso das placas gráficas de última geração em problemas de computação geral, em aplicações de realidade aumentada.Nosso segundo tutorial avançado lidou com o ajuste de superfícies utilizando pseudo-variedades parametrizadas. Desde a conferência, os autores deste tutorial publicaram o material em outras conferências e revistas, e acharam melhor disponibilizar o material do tutorial juntamente com estas publicações no portal do projeto, localizado em http://w3.impa.br/~lvelho/ppm09/.Desejamos então que todos aproveitem o material dos três tutoriais publicados aqui nesta seção.",,0.0,2010.0,Federal University of Rio Grande do Sul,Computer science; Humanities; Philosophy; Physics,Universidade Estadual de Campinas (UNICAMP),BR,Article,PT,True,,Computer science; Humanities; Philosophy; Physics,articles-RITA-20260617-dointext.csv,0,0.5,3.0
10.22456/2175-2745.124564,Neural Classification of Rotor Faults in Three-Phase Induction Motors using Electric Current Signals in the Frequency Domain,"Rodrigo Henrique Cunha Palácios, Ivan Nunes da Silva, Wagner Fontes Godoy",W4318768084,"Three-phase induction motors are widely used in different applications in the industry due to their robustness, low cost, and reliability. Untimely identification and correct diagnosis of incipient faults reduce cost and improve the maintenance management of these machines. This paper explores a new method for robust classification of rotor failures in three-phase induction motors (MITs) connected directly to the electrical network, operating in a steady-state, under unbalanced voltages and load conditions. Through an innovative methodology, an analysis of the electrical current signals from 1 hp and 2 hp motors in the frequency domain was performed. Such analysis was applied in constructing input matrices for a Multilayer Perceptron Neural Network (MLPNN) to detect faults. Furthermore, this methodology proved to be robust because the samples of the failing and healthy motors include voltage unbalance conditions in the electrical supply and a significant variation in the load applied to the motor shaft. Such load variation was used for the detection of failures of 1, 2, and 4 broken bars consecutively on the rotor and in the condition of 2 broken bars and 2 other broken bars diametrically opposite. The results were promising and were obtained using 847 real samples from an experimental bench used to construct the neural model and its respective validation.",W1569512666; W1974225813; W1980511849; W2036442109; W2045410198; W2052662968; W2064807744; W2064861692; W2072378835; W2074737208; W2094032962; W2151153384; W2158197866; W2166651299; W2174164007; W2191482051; W2303512166; W2314531542; W2340355184; W2343580727; W2441344483; W2548855597; W2564188435; W2598573225; W2609141964; W2794004484; W2805113141; W2946429519; W2979499097; W3006777144,0.0,2023.0,Federal University of Rio Grande do Sul,Induction motor; Robustness (evolution); Frequency domain; Artificial neural network; Control theory (sociology); Multilayer perceptron; Engineering; Three-phase; Rotor (electric); Voltage; Electric motor; Condition monitoring; Computer science; Control engineering; Artificial intelligence; Electrical engineering,Universidade Tecnológica Federal do Paraná; Universidade de São Paulo,BR,Article,EN,True,,Induction motor; Robustness (evolution); Frequency domain; Artificial neural network; Control theory (sociology); Multilayer perceptron; Engineering; Three-phase; Rotor (electric); Voltage; Electric motor; Condition monitoring; Computer science; Control engineering; Artificial intelligence; Electrical engineering; Computer vision; Gene; Control (management); Chemistry; Biochemistry,articles-RITA-20260617-dointext.csv,3,0.8,
10.22456/2175-2745.12509,Quantools: A MDA transformation approach,"Paulo Lumertz, Ana Paula Terra Bacelo, Toacy Oliveira",W2277041201,"Model driven architecture (MDA) represents a challenge for the companies to increase the benefits of code generation, creating systems by using common libraries and standards. This paper presents the Quantools that is a result of a 5-year project, introducing the benefits of MDA in a Brazilian software development company. Quantools is based on the concept of cartridges that specify the transformation rules and constraints for a particular domain. The tool may be integrated to the modeling activities of the system to check the correctness of models according to the standards previously defined. The Quantools and its Cartridges execute transformations to generate the source code in a particular domain.",W1526993786,0.0,2010.0,Federal University of Rio Grande do Sul,Correctness; Computer science; Transformation (genetics); Software engineering; Domain (mathematical analysis); Code (set theory); Model transformation; Code generation; Systems engineering; Programming language; Engineering; Artificial intelligence; Computer security; Mathematics; Key (lock); Set (abstract data type),Pontifícia Universidade Católica do Rio Grande do Sul; University of Waterloo,BR; CA,Article,EN,True,,Correctness; Computer science; Transformation (genetics); Software engineering; Domain (mathematical analysis); Code (set theory); Model transformation; Code generation; Systems engineering; Programming language; Engineering; Artificial intelligence; Computer security; Mathematics; Key (lock); Set (abstract data type); Chemistry; Mathematical analysis; Consistency (knowledge bases); Biochemistry; Gene,articles-RITA-20260617-dointext.csv,1,1.0,
10.22456/2175-2745.125288,Optimization Inspired by the Organization of Interiors Applied to Cluster Analysis,,,,,,,,,,,,,,,,articles-RITA-20260617-dointext.csv,8,0.8,
10.22456/2175-2745.125396,Comparative Analysis of Blockchain-Based Platforms for Managing Electronic Health Records in the Public Healthcare System of Brazil,Carlo Kleber da Silva Rodrigues,W4313364278,"This article comparatively analyzes two platforms based on Blockchain, aiming at the management of electronic health records in the public healthcare system of Brazil. The difference between the platforms primarily lies in the deployed consensus algorithm. Efficiency, availability, integrity, and confidentiality requirements are evaluated through analytical models and theoretical discussions. Among the obtained results, we highlight the following: (i) the platform with a voting-based consensus algorithm yields a more efficient system, but is more prone to service unavailability, than that of the platform deploying an intensive-compute consensus algorithm; (ii) integrity and confidentiality requirements may be satisfactorily met regardless of the consensus type. As the main contribution, this article provides valuable experimental results and theoretical subsidies, which together complement previous research and help to lay the groundwork for the fruitful development of real projects. Finally, conclusions and future work conclude this article.",W2514994441; W2515224813; W2522448907; W2536325433; W2784795089; W2791935104; W2807965149; W2808185912; W2809092276; W2809143401; W2810381494; W2878975049; W2889429201; W2892932356; W2916008479; W2947817234; W2990181228; W3003235457; W3015328028; W3026902052; W3039840332; W3044178983; W3123076006; W3126049368; W3137258111; W3158037960; W3168278752; W3184318466; W3203926818; W3204607214; W3213180447; W4205287597; W4212774332; W4220916237; W4230638559; W4234927625; W4248175462; W6748076403; W6752822031,1.0,2022.0,Federal University of Rio Grande do Sul,Unavailability; Confidentiality; Blockchain; Computer science; Health care; Computer security; Voting; Subsidy; Service (business); Risk analysis (engineering); Business; Engineering; Political science; Law; Reliability engineering,Universidade Federal da Paraíba,BR,Article,EN,True,,Unavailability; Confidentiality; Blockchain; Computer science; Health care; Computer security; Voting; Subsidy; Service (business); Risk analysis (engineering); Business; Engineering; Political science; Law; Reliability engineering; Politics; Marketing,articles-RITA-20260617-dointext.csv,3,0.8,
10.22456/2175-2745.125567,Performance Assessment of a Wireless Mesh Network for Post-harvest Food Quality Traceability of Fruit Products: A Case Study,"Tiago Costa, Luís Santos, João M. L. P. Caldeira, Vasco N. G. J. Soares, Pedro Dinis Gaspar",W4318769305,"This paper presents the performance evaluation of a wireless sensor mesh network, for monitoring temperature and humidity in horticultural products when transported in truck galleys. For this purpose a software solution was proposed using ESP8266 devices powered by batteries. The mesh network was managed by the painlessMesh library. The proposed solution aims to minimize the energy consumption of the sensor nodes. The validation of the solution was performed in an area simulating a galley of a truck, where five sensor nodes and a root node were distributed. The tests were developed considering four different models involving variations in messages delivery confirmation, number of attempts until successful delivery and duty cycle duration of the nodes. The performance evaluation of the solution aimed to determine, connectivity rate, sending rate after connection and delivery rates of the first and second attempts. The results obtained show that the message delivery confirmation does not bring added value to the solution, contributing only to increase energy consumption. The use of synchronous duty cycles also showed worse results than the asynchronous use. These results allow the creation of a knowledge base for the use of this solution in a real context.",W21080000; W1988599847; W2048794687; W2096837997; W2150825860; W2211212845; W2522350920; W2557999406; W2732029836; W2793075460; W2935947414; W4206072098; W4210942801; W4224231519; W4225274282; W4234060213; W4247559672; W4281606572; W4281983829; W4298169611; W6741151763,0.0,2023.0,Federal University of Rio Grande do Sul,Wireless mesh network; Wireless sensor network; Traceability; Context (archaeology); Computer science; Energy consumption; Mesh networking; Node (physics); Truck; Asynchronous communication; Computer network; Wireless network; Real-time computing; Wireless; Engineering; Telecommunications; Automotive engineering; Electrical engineering,Polytechnic Institute of Castelo Branco; University of Beira Interior,PT,Article,EN,True,,Wireless mesh network; Wireless sensor network; Traceability; Context (archaeology); Computer science; Energy consumption; Mesh networking; Node (physics); Truck; Asynchronous communication; Computer network; Wireless network; Real-time computing; Wireless; Engineering; Telecommunications; Automotive engineering; Electrical engineering; Biology; Software engineering; Structural engineering; Paleontology,articles-RITA-20260617-dointext.csv,3,1.0,
10.22456/2175-2745.12569,HiME: Hierarchical i* Modeling Editor,"Lidia López, Xavier Franch, Jordi Marco",W1670435096,"In this paper, we present HiME, a tool for editing i* models. Thedistinguishing characteristic of HiME is its ability to deal with inheritance. It includes specific operations for declaring an actor as heir of another and then stating the relationships between the intentional elements of both actors.",W73493444; W640788787; W1524500851; W2103123591; W4252722366,9.0,2010.0,Federal University of Rio Grande do Sul,Inheritance (genetic algorithm); Computer science; Biology; Genetics,Universitat Politècnica de Catalunya,ES,Article,ES,True,,Inheritance (genetic algorithm); Computer science; Biology; Genetics; Gene,articles-RITA-20260617-dointext.csv,1,1.0,
10.22456/2175-2745.12570,An Ontology-Based Framework for Heterogeneous Data Sources Integration,"Vânia Maria Ponte Vidal, João C. Pinheiro, Eveline R. Sacramento, José Antônio Fernandes de Macêdo, Bernadette Farias Lóscio",W834592562,"Ontologies have been extensively used to model domain-specific knowledge. The main reason for this success is due to their capability to be at the “semantic” level, away from data structures and implementation strategies. In addition, ontology formalisms have allowed certain kinds of reasoning to be automated within a reasonable time complexity. Due to ontology data independence and automated reasoning, ontologies are well suited for integrating heterogeneous databases, enabling interoperability among isparate systems, and specifying interfaces to independent, knowledge-based services.",W122713538; W1587623176; W1731399716; W4214559822,2.0,2010.0,Federal University of Rio Grande do Sul,Computer science; Ontology; Interoperability; Rotation formalisms in three dimensions; Ontology-based data integration; Upper ontology; Semantic interoperability; Process ontology; Domain (mathematical analysis); Semantic heterogeneity; Open Biomedical Ontologies; Data integration; Software engineering; Information retrieval; Data science; Ontology alignment; Database; Domain knowledge; World Wide Web,Framework; Instituto Federal do Maranhão; Universidade Federal do Ceará,BR; GB,Article,ES,True,,Computer science; Ontology; Interoperability; Rotation formalisms in three dimensions; Ontology-based data integration; Upper ontology; Semantic interoperability; Process ontology; Domain (mathematical analysis); Semantic heterogeneity; Open Biomedical Ontologies; Data integration; Software engineering; Information retrieval; Data science; Ontology alignment; Database; Domain knowledge; World Wide Web; Epistemology; Philosophy; Mathematical analysis; Mathematics; Geometry,articles-RITA-20260617-dointext.csv,1,1.0,
10.22456/2175-2745.12571,A Temporal-Rule Based Verification System for Business Collaboration Reliability,"Haiyang Sun, Jian Yang, Weiliang Zhao",W1695347104,"Based on the temporal rules defined for the business processe participating in a business collaboration, we present an implementation for a system called TiCoBTS to verify the reliability of the business collaboration.",W2099934787; W2114269468; W2115801872; W2126268179; W2128076342; W4233483461,0.0,2010.0,Federal University of Rio Grande do Sul,Business rule; Reliability (semiconductor); Computer science; Artifact-centric business process model; Business process; Business process modeling; Business system planning; Process management; Business; Marketing,,,Article,EN,True,,Business rule; Reliability (semiconductor); Computer science; Artifact-centric business process model; Business process; Business process modeling; Business system planning; Process management; Business; Marketing; Power (physics); Quantum mechanics; Physics; Work in process,articles-RITA-20260617-dointext.csv,7,0.5,1.0
10.22456/2175-2745.12572,Semantic Web and Knowledge Management in User Data Privacy,"Douglas da Silva, Mírian Bruckschen, Paulo Bridi, Roger Granada, Alexandre Agustini, Renata Vieira, Caio Northfleet, Prasad Rao, Tomas Sander",W2269455597,This paper discusses knowledge representation for privacy and accountability issues.,W1881860748; W2000933114; W2023075424; W2153047972; W2624907881,0.0,2010.0,Federal University of Rio Grande do Sul,Computer science; Semantic Web; World Wide Web; Internet privacy; Data management; Information privacy; Database,,,Article,ES,True,,Computer science; Semantic Web; World Wide Web; Internet privacy; Data management; Information privacy; Database,articles-RITA-20260617-dointext.csv,1,0.8,
10.22456/2175-2745.12573,MatchMaking – A Tool to Match OWL Schemas,"Raphael do Vale Amaral Gomes, Luiz André P. Paes Leme, Marco A. Casanova",W2770854687,"This paper describes a software tool that implements an instancebased schema matching technique for OWL dialects. The technique is based on a matching algorithm that depends on the definition of similarity functions that evaluate the semantic proximity of elements from two different schemas. The tool is engineered to accommodate different similarity functions and variations of the matching algorithm, thereby facilitating experimentation with alternative setups.",W57175063; W67643442; W97236795; W1987478798; W2139567169; W2612011719; W4285719527; W6602304320; W6647434042; W6680845037; W6790619479,2.0,2010.0,Federal University of Rio Grande do Sul,Schema matching; Computer science; Matching (statistics); Schema (genetic algorithms); Similarity (geometry); Software; Semantic similarity; Data mining; Information retrieval; Artificial intelligence; Programming language; Data integration; Mathematics,Pontifícia Universidade Católica do Rio de Janeiro,BR,Article,ES,True,,Schema matching; Computer science; Matching (statistics); Schema (genetic algorithms); Similarity (geometry); Software; Semantic similarity; Data mining; Information retrieval; Artificial intelligence; Programming language; Data integration; Mathematics; Statistics; Image (mathematics),articles-RITA-20260617-dointext.csv,1,1.0,
10.22456/2175-2745.12576,Web Information Extraction by Semantic Tagging,"Mirel Coşulschi, Roberto De Virgilio, Tommaso Di Noia, Roberto Mirizzi",W2243401985,"An important aspect of research for Web information extraction relates to the inference of complex reasoning and correlation based on distributed information available in many different Web data sources. By defining the semantics of information and services available on the Web, the World Wide Web becomes a vast store of information that can be easily processed by computer applications.",W1515435652; W1793395628; W2122843979,1.0,2010.0,Federal University of Rio Grande do Sul,Computer science; Web intelligence; Semantic Web; Social Semantic Web; Data Web; Semantic Web Stack; Web modeling; Information extraction; Information retrieval; World Wide Web; Web standards; Semantics (computer science); Web service; Programming language,,,Article,ES,True,,Computer science; Web intelligence; Semantic Web; Social Semantic Web; Data Web; Semantic Web Stack; Web modeling; Information extraction; Information retrieval; World Wide Web; Web standards; Semantics (computer science); Web service; Programming language,articles-RITA-20260617-dointext.csv,1,1.0,
10.22456/2175-2745.12577,SAMSTARplus: An Automatic Tool for Generating Multi- Dimensional Schemas from an Entity-Relationship Diagram,"Jinho Kim, Donghoo Kim, Suan Lee, Yang‐Sae Moon, Il-Yeol Song, Ritu Khare, Yuan An",W2241270218,"This paper presents a tool that automatically generates multidimensional schemas for data warehouses from OLTP entity-relationship diagrams (ERDs). Based on user’s input parameters, it generates star schemas, snowflake schemas, or a fact constellation schema by taking advantage of only structural information of input ERDs. Hence, SAMSTARplus can help users reduce efforts for designing data warehouses and aids decision making.",W56165858; W1581554944; W2072764742; W2090300806; W2163009032; W2170235279,2.0,2010.0,Federal University of Rio Grande do Sul,Computer science; Online transaction processing; Star schema; Data warehouse; Schema (genetic algorithms); Online analytical processing; Entity–relationship model; Data mining; Information retrieval; Diagram; Database transaction; Database; Transaction processing; Database schema; Relational database; Database design,Drexel University; Kangwon National University,KR; US,Article,EN,True,,Computer science; Online transaction processing; Star schema; Data warehouse; Schema (genetic algorithms); Online analytical processing; Entity–relationship model; Data mining; Information retrieval; Diagram; Database transaction; Database; Transaction processing; Database schema; Relational database; Database design,articles-RITA-20260617-dointext.csv,1,1.0,
10.22456/2175-2745.12578,An Approach for Reducing the Gap between BPMN Models and Implementation Artifacts,"Bruno Leonardo Barros Silva, Robson Wagner Albuquerque de Medeiros, Julio Cesar Damasceno, Fernando Lins, Nelson Souto Rosa, Paulo Romero Martins Maciel, Bryan Stephenson, Hamid R. Motahari Nezhad, Jun Li, Caio Northfleet, André Ricardo Da Silva Souza",W2260944776,"The need for using high-level modeling tools (e.g. BPMN) isincreasing considerably. The proliferation of the service oriented architectures (SOA) is also apparent. In this context, there is a gap between the developed model and its execution. This work introduces the MoSC Translator which translates models produced in BPMN into executable WS-BPEL processes.",W1517964282,1.0,2010.0,Federal University of Rio Grande do Sul,Business Process Model and Notation; Executable; Business Process Execution Language; Computer science; Context (archaeology); Software engineering; XPDL; Service (business); Business process; Business process modeling; Programming language; Service-oriented architecture; Workflow; Database; Web service; Work in process; Engineering,Universidade Federal de Pernambuco,BR,Article,EN,True,,Business Process Model and Notation; Executable; Business Process Execution Language; Computer science; Context (archaeology); Software engineering; XPDL; Service (business); Business process; Business process modeling; Programming language; Service-oriented architecture; Workflow; Database; Web service; Work in process; Engineering; Workflow engine; Paleontology; Economy; Operations management; Economics; Biology,articles-RITA-20260617-dointext.csv,1,1.0,
10.22456/2175-2745.12579,A Frame-Based System for Automatic Classification of Semi- Structured Data,"Bernardo Pereira Nunes, Marco A. Casanova",W2246758693,"The problem of data classification goes back to the definition oftaxonomies covering knowledge areas. With the advent of the Web, the amount of data available increased several orders of magnitude, making manual data classification impossible. This work presents a tool to automatically classify semi-structured data, represented by frames, without any previous knowledge about structured classes. The tool uses a variation of the K-Medoid algorithm and organizes a set of frames into classes, structured as a strict hierarchy.",W28520329; W1493454437; W1987971958; W2052417512; W2059799772; W2127218421; W2140190241; W2175268987; W2612166593; W4230553559; W4256591541; W4285719527; W6625430410; W6665057727; W6678067405,3.0,2010.0,Federal University of Rio Grande do Sul,Computer science; Hierarchy; Frame (networking); Medoid; Data mining; Semi-structured data; Set (abstract data type); Data set; Frame work; Artificial intelligence; Information retrieval; Cluster analysis; Relational database; Engineering,Pontifícia Universidade Católica do Rio de Janeiro,BR,Article,EN,True,,Computer science; Hierarchy; Frame (networking); Medoid; Data mining; Semi-structured data; Set (abstract data type); Data set; Frame work; Artificial intelligence; Information retrieval; Cluster analysis; Relational database; Engineering; Market economy; Telecommunications; Economics; Architectural engineering; Programming language,articles-RITA-20260617-dointext.csv,1,0.8,
10.22456/2175-2745.12580,Dealing with Uncertainty in Lexical Annotation,"Sonia Bergamaschi, Laura Po, Serena Sorrentino, Alberto Corni",W2202986424,"We present ALA, a tool for the automatic lexical annotation (i.e.annotation w.r.t. a thesaurus/lexical resource) of structured and semi-structured data sources and the discovery of probabilistic lexical relationships in a data integration environment. ALA performs automatic lexical annotation through the use of probabilistic annotations, i.e. an annotation is associated to a probability value. By performing probabilistic lexical annotation, we discover probabilistic inter-sources lexical relationships among schema elements. ALA extends the lexical annotation module of the MOMIS data integration system. However, it may be applied in general in the context of schema mapping discovery, ontology merging and data integration system and it is particularly suitable for performing “on-the-fly” data integration or probabilistic ontology matching.",W2033200726; W2034684123; W2117078075; W2153508518; W2157177828; W2166843810; W2490605817; W2797148637; W4296979607; W6682435157; W6683039288,2.0,2010.0,Federal University of Rio Grande do Sul,Annotation; Computer science; Schema matching; Probabilistic logic; Natural language processing; Schema (genetic algorithms); Information retrieval; Ontology; Data integration; Artificial intelligence; Data mining,,,Article,ES,True,,Annotation; Computer science; Schema matching; Probabilistic logic; Natural language processing; Schema (genetic algorithms); Information retrieval; Ontology; Data integration; Artificial intelligence; Data mining; Philosophy; Epistemology,articles-RITA-20260617-dointext.csv,1,1.0,
10.22456/2175-2745.12581,Towards Generating Richer Code by Binding Security Abstractions to BPMN Task Types,"Julio Cesar Damasceno, Hamid R. Motahari Nezhad, Jun Li, Caio Northfleet, Bryan Stephenson, André Ricardo Da Silva Souza, Robson Wagner Albuquerque de Medeiros, Bruno Leonardo Barros Silva, Fernando Lins, Nelson Souto Rosa, Paulo Maciel",W2767262950,This paper presents an approach for binding security requirements to different BPMN task types to create secure executable business processes.,W1517964282,0.0,2010.0,Federal University of Rio Grande do Sul,Executable; Computer science; Business Process Model and Notation; Task (project management); Programming language; Code (set theory); Software engineering; Business process; Business process modeling; Engineering; Systems engineering,Universidade Federal de Pernambuco,BR,Article,EN,True,,Executable; Computer science; Business Process Model and Notation; Task (project management); Programming language; Code (set theory); Software engineering; Business process; Business process modeling; Engineering; Systems engineering; Set (abstract data type); Chemical engineering; Compatibility (geochemistry),articles-RITA-20260617-dointext.csv,7,0.5,1.0
10.22456/2175-2745.12582,An Eclipse-based Tool for Model Driven Web Applications with Personalization Support,"Irene Garrigós, Octavio Glorio, Paul R. Hernandez, Alejandro Maté",W1891083957,"Web engineering methods provide a systematic approach to develop complex and high quality Web applications. Many of these methods provide, in some way, personalization support. However, none of the existing Web methodologies provide a tool which allow the modeling, automatic generation and deployment of personalized Web applications in a complete way. In this line, they also do not exist tools which allow the designer modifying the personalization strategies at runtime, avoiding to regenerate Web applications from scratch.",W135662205; W152427338; W1510755223; W1524500851; W1525512162; W1552424533; W2023761159; W2403643589,0.0,2010.0,Federal University of Rio Grande do Sul,Computer science; Personalization; Web modeling; Web application; Eclipse; Adaptive hypermedia; Web engineering; World Wide Web; Software deployment; Software engineering; Hypermedia; Web service; Web intelligence,,,Article,EN,True,,Computer science; Personalization; Web modeling; Web application; Eclipse; Adaptive hypermedia; Web engineering; World Wide Web; Software deployment; Software engineering; Hypermedia; Web service; Web intelligence; Astronomy; Physics,articles-RITA-20260617-dointext.csv,1,1.0,
10.22456/2175-2745.125825,Chatbot Optimization using Sentiment Analysis and Timeline Navigation,"Wagner da Silva Maciel Sodré, Júlio César Duarte",W4318765500,"A chatbot or conversational agent is a software that can interact or ``chat'' with a human user using a natural language, like English, for instance. Since the first chatbot developed, many have been created but most of their problems still persist, like providing the right answer to the user and user acceptance itself. Considering such facts, in this work, we present a chatbot-building framework that considers the use of sentiment analysis and tree timelines to provide a better chatbot answer. For instance, as presented in our experiments, the user can be addressed to a human attendant when its sentiment is very negative, or even try another branch of the tree timeline, as an alternative answer, whenever the user sentiment is less negative.",W153104621; W1523296404; W1574174742; W2048049618; W2082468228; W2123442489; W2126854223; W2169818249; W2293714037; W2487652696; W2526389601; W2600565200; W2622863697; W2728951081; W2787787644; W2793761508; W2908285010; W2914605737; W2945699119; W2947017203; W2953320089; W3000206684; W3089673203; W3101540747; W4206083821; W4212890273; W4213009331; W4233851795; W4236521339; W4290742115; W4299438355; W6679170325; W6749979511; W6762336498,9.0,2023.0,Federal University of Rio Grande do Sul,Timeline; Chatbot; Computer science; Sentiment analysis; World Wide Web; Natural language; Human–computer interaction; User story; Data science; Software; Artificial intelligence; Software development; Programming language,Military Institute of Engineering,BR,Article,EN,True,,Timeline; Chatbot; Computer science; Sentiment analysis; World Wide Web; Natural language; Human–computer interaction; User story; Data science; Software; Artificial intelligence; Software development; Programming language; Archaeology; History,articles-RITA-20260617-dointext.csv,1,1.0,
10.22456/2175-2745.12583,Conceptual Modeling: the Linguistic Approach,"Lucia Castro, Fernanda Araujo Araujo, Giancarlo Guizzardi",W2257919641,"After more than thirty years of its first introduction, conceptual modeling remains an important research field, which has been recently addressed by the literature on semantic interoperability in its various forms (model integration, service interoperability, knowledge harmonization, taxonomy alignment), domain engineering and the creation of conceptual models through Natural Language Processing (NLP), to name a few. In the database conceptual design, the designer must learn the language used in the Universe of Discourse (UoD) to be modeled, along with its underlying concepts, and then represent such concepts in a modeling language. Thus, the conceptual modeling process can be seen as a translation. For the resulting model to be both detailed and unambiguous, the designer must represent the UoD in a generative language which constructs can convey the same concepts represented in the respective natural language. For the whole process to be effective, we argue that the adoption of modeling languages and methodologies that are based on well-founded ontological theories is required. We propose the use of a linguistic approach for conceptual modeling from natural language texts, and illustrate how it may be applied using the well-founded modeling language OntoUML.",W47852404; W2028705450; W2035535858; W2108234081; W4234862675,0.0,2010.0,Federal University of Rio Grande do Sul,Computer science; Modeling language; Natural language processing; Conceptual model; Natural language; Interoperability; Generative grammar; Artificial intelligence; Process (computing); Linguistics; Programming language; World Wide Web; Database; Software,,,Article,ES,True,,Computer science; Modeling language; Natural language processing; Conceptual model; Natural language; Interoperability; Generative grammar; Artificial intelligence; Process (computing); Linguistics; Programming language; World Wide Web; Database; Software; Philosophy,articles-RITA-20260617-dointext.csv,1,0.5,3.0
10.22456/2175-2745.12584,UMLtoSBVR: An SBVR-based tool to validate UML conceptual schemas,"Raquel Pau, Jordi Cabot, Ruth Raventós",W2267983864,"The UMLtoSBVR tool facilitates the interaction between designers and business people in order to refine and validate the information modeled in a UML conceptual schema (CS) to make sure that the CS is correct before starting the implementation phase. To this end, the tool is able to paraphrase the CS, i.e. to describe the CS elements using natural language expressions that can be understood by the business people lacking of the technical background to directly understand the UML notation. As an intermediate step, the tool transforms the UML CS into a SBVR (Semantics of Business Vocabulary and Business Rules) specification. The SBVR standard facilitates the expression of the CS in different natural language styles (as Structured English or Rule Speak).",W1537202; W146458024; W1987260736,2.0,2010.0,Federal University of Rio Grande do Sul,Semantics of Business Vocabulary and Business Rules; Computer science; Unified Modeling Language; Programming language; Business rule; Structured English; Applications of UML; Software engineering; Natural language processing; Artificial intelligence; Natural language; Business process; Software; Engineering,Universitat Oberta de Catalunya; Universitat Politècnica de Catalunya,ES,Article,ES,True,,Semantics of Business Vocabulary and Business Rules; Computer science; Unified Modeling Language; Programming language; Business rule; Structured English; Applications of UML; Software engineering; Natural language processing; Artificial intelligence; Natural language; Business process; Software; Engineering; Comprehension approach; Language transfer; Compatibility (geochemistry); Chemical engineering,articles-RITA-20260617-dointext.csv,1,1.0,
10.22456/2175-2745.12585,The Animated Database Courseware (ADbC) and the Database Design Module,"Mário Guimarães, Meg Murray",W1899564832,"There is a need to extend the breadth and depth of database curricula and to find ways to incorporate newer technologies One way to address this challenge is through supplementary instructional materials However, very few supporting materials exist that aid in the teaching of teach database concepts This was the motivation for constructing the Animated Database Courseware (ADbC) that is funded by NSF Grant #0717707. ADbC has four main modules: database design, SQL, database transactions and database security. The software has a low learning curve. It has been made freely available and is located on the Internet at http://adbc.kennesaw.edu. This demonstration focuses on the Database Design Module.",W1984216984; W2069745625; W2087399150; W2150930945; W4245927651,0.0,2010.0,Federal University of Rio Grande do Sul,Database; Computer science; Database design; Information retrieval,Kennesaw State University; Universidade Federal do Rio Grande do Sul,BR; US,Article,ES,True,,Database; Computer science; Database design; Information retrieval,articles-RITA-20260617-dointext.csv,1,1.0,
10.22456/2175-2745.12586,Aumento de Resolução Temporal de Sequências de Imagens do Trato Vocal por meio de Registro das Imagens,"Ana Martins, Nelson D. A. Mascarenhas, Cláudio Alberto Torres Suazo",W1942979896,"O imageamento por ressonância magnética tem sido bastanteutilizado no estudo da produção da fala. Sequências de imagens do trato vocal adquiridas durante a emissão de palavras e fonemas permitem a identificação dinâmica das formas assumidas por este tubo acústico. Entretanto, é importante ressaltar que as resoluções espacial e temporal necessárias para a identificação do movimento dos articuladores da fala variam de acordo com a velocidade e localidade desse movimento, e tal informação não é conhecida a priori. Abordagens existentes procuram aprimorar a resolução das sequências de imagens melhorando o processo de aquisição ou utilizando meios de aquisição mais potentes, o que pode ser financeiramente inviável. O método proposto neste artigo procura melhorar a resolução temporal por meio de um método de registro não-rígido proposto na literatura. O movimento identificado pelo registro permite o aumento de resolução temporal por meio de uma técnica de interpolação por compensação de movimento. O movimento presente em toda a sequência é considerado na geração de cada imagem intermediária. Dessa forma, o movimento dos articuladores da fala nessas imagens é coerente com o movimento presente em toda a sequência. Os resultados indicam a eficiência do método proposto.",W1579634341; W1874027545; W1966648662; W2032069772; W2096619076; W2113576511; W2152620868; W2159414674; W2161886027; W2166344791; W2167163859; W4236288244; W4242237682; W4254656619,1.0,2010.0,Federal University of Rio Grande do Sul,Physics,Universidade Federal de São Carlos,BR,Article,PT,True,,Physics,articles-RITA-20260617-dointext.csv,0,0.5,3.0
10.22456/2175-2745.12587,Eliminação de Ruído Impulsivo Usando um Filtro Mediano Seletivo e Difusão Isotrópica,"Marcos Proença de Almeida, Maurílio Boaventura",W2240828366,"Neste trabalho apresenta-se um algoritmo combinando-se uma modificação do filtro mediano padrão, com base no detector de ruído impulsivo proposto por Chen, Yang e Cao, com um processo de difusão isotrópica para remoção de ruído sal e pimenta. Para eliminar ruído impulsivo em imagens coloridas, a ideia é aplicar o algoritmo separadamente em cada canal de cor. Os experimentos realizados indicam que o método proposto apresenta-se como um filtro robusto para restauração de imagens com grandes densidades de ruído.",W42203131; W183335773; W2011016717; W2045021643; W2049459521; W2062544098; W2139736062; W2169467627; W3023411394; W6684190923,0.0,2010.0,Federal University of Rio Grande do Sul,Humanities; Physics; Art,"Detector Technology (United States); Fundação de Apoio ao Desenvolvimento do Ensino, Ciência e Tecnologia do Estado de Mato Grosso do Sul; Universidade Federal da Grande Dourados",BR; US,Article,PT,True,,Humanities; Physics; Art,articles-RITA-20260617-dointext.csv,0,1.0,
10.22456/2175-2745.12588,HSM: A New Color Space used in the Processing of Color Images,"Osvaldo Severino, Adilson Gonzaga",W2205730386,"Inspired on the techniques used by painters to overlap layers of various hues of paint to create oil paintings, and also on observations of the the arrangement of Short-(S), Middle-(M), and Long-(L) wavelength-sensitive cones of the human retina for the interpretation of the colors, this paper proposes the use of the new color space called HSM to the processing of color images. To demonstrate the applicability of the HSM color space in the processing of color images, this paper proposes the pixelbased segmentation of a digital image of “human skin” or “non-skin”, the sketch of the face image and the pixel-based segmentation of the trumpet flowers tree (ype). The performance of the HSM color space in the pixel-based segmentation is compared with the HSV, YCbCr and TSL color spaces while the sketch of the face image is also compared with HSV, YCbCr and TSL colors spaces and the edge detectors of the Sobel, Prewitt, Roberts, Canny and Laplacian of Gaussian methods. The results demonstrate the potential of the proposed color space.",W568941339; W1533162639; W1639795441; W1660390307; W2078088780; W2093190734; W2118628418; W2122216839; W2130660124; W2130972944; W2145252498; W2157318590; W2801464996; W4245134515; W4256374187; W6636918849,4.0,2010.0,Federal University of Rio Grande do Sul,Artificial intelligence; Computer vision; Color space; HSL and HSV; Computer science; Color histogram; Color image; YCbCr; Color balance; Hue; Image processing; Image (mathematics),Universidad San Pedro,PE,Article,ES,True,,Artificial intelligence; Computer vision; Color space; HSL and HSV; Computer science; Color histogram; Color image; YCbCr; Color balance; Hue; Image processing; Image (mathematics); Virology; Biology; Virus,articles-RITA-20260617-dointext.csv,2,0.5,3.0
10.22456/2175-2745.12590,An Approach Based on Maintainability Criteria for Building Aspect-Oriented Software Design Model,"Rodrigo Pereira dos Santos, Heitor Costa, Cláudia Werner, André Fonseca Amâncio, Paulo Afonso Parreira Júnior, Antônio Resende, Fábio Fagundes Silveira",W2264732431,"Software modeling is an important activity for maintenance since it can facilitate the software comprehension as well as the understanding of its activities towards evolution, correction and adaptation. In this sense, maintainability and its subcharacteristics as presented in the ISO/IEC 9126 standard should be incorporated 0to the artifacts produced in the modeling activity aiming at designing software with characteristics that render its maintenance less costly. Especially in non-trivial software, such as those that are aspect-oriented, the research on maintenance process considering it during the software development is remarkable. These categories of software aim at maintainability and reusability since they provide the separation of concerns. Thus, seeking to reduce the transition effort to the artifacts generated during the Aspect-Oriented Software Development among the different abstraction levels, this paper presents a proposal of maintainability criteria for building aspect-oriented software design models based on the Maintainability Criteria for Implementation Models, on the aSideML language modeling conventions and on the ISO/IEC 9126 standard,",W1511496623; W1514005814; W1567899797; W1968283236; W1974284377; W2041293402; W2111362660; W2123063826; W2143238865; W2161527051; W2182465292; W4246432544; W4285719527; W6605397230; W6681814770,0.0,2010.0,Federal University of Rio Grande do Sul,Maintainability; Reusability; Software engineering; Software construction; Software development; Computer science; Verification and validation; Software; Adaptation (eye); Software maintenance; Systems engineering; Software development process; Personal software process; Reliability engineering; Engineering; Programming language,Instituto do Sono; Universidade Federal de Lavras; Universidade Federal de Minas Gerais; Universidade Federal de São Carlos; Universidade Federal de São Paulo; Universidade Federal do Rio de Janeiro,BR,Article,EN,True,,Maintainability; Reusability; Software engineering; Software construction; Software development; Computer science; Verification and validation; Software; Adaptation (eye); Software maintenance; Systems engineering; Software development process; Personal software process; Reliability engineering; Engineering; Programming language; Optics; Operations management; Physics,articles-RITA-20260617-dointext.csv,1,1.0,
10.22456/2175-2745.126016,COVID-19 Detection Using Forced Cough Sounds and Medical Information,"Lucas Augusto Müller de Souza, Heder S. Bernardino, Jairo Francisco de Souza, Alex Borges Vieira",W4318764144,"The World Health Organization (WHO) has declared the novel coronavirus (COVID-19) outbreak a global pandemic in March 2020. Through a lot of cooperation and the effort of scientists, several vaccines have been created. However, there is no guarantee that the virus will shortly disappear, even if a large part of the population is vaccinated. Therefore, non-invasive methods, with low cost and real-time results, are important to detect infected individuals and enable earlier adequate treatment, in addition to preventing the spread of the virus. An alternative is using forced cough sounds and medical information to distinguish a healthy person from those infected with COVID-19 via artificial intelligence. An additional challenge is the unbalancing of these data, as there are more samples of healthy individuals than contaminated ones. We propose here a Deep Neural Network model to classify people as healthy or sick concerning COVID-19. We used here a model composed by an Convolutional Neural Network and two other Neural Networks with two full-connected layers, each one trained with different data from the same individual. To evaluate the performance of the proposed method, we combined two datasets from the literature: COUGHVID and Coswara. That dataset contains clinical information regarding previous respiratory conditions, symptoms (fever or muscle pain), and a cough record. The results show that our model is simpler (with fewer parameters) than those from the literature and generalizes better the prediction of infected individuals. The proposal presents an average Area Under the ROC Curve (AUC) equal to 0.885 with a confidence interval (0.881 - 0.888), while the literature reports 0.771 with (0.752 - 0.783).",W2149259880; W2155653793; W2191779130; W2616543068; W2791133433; W2898803217; W2898866157; W3028563376; W3035378948; W3039223631; W3088067841; W3091468319; W3103371726; W4231980041; W4254751698; W4287588084; W4298324696,1.0,2023.0,Federal University of Rio Grande do Sul,Coronavirus disease 2019 (COVID-19); Artificial neural network; Pandemic; Computer science; Convolutional neural network; Artificial intelligence; Population; Outbreak; Medicine; Severe acute respiratory syndrome coronavirus 2 (SARS-CoV-2); Machine learning; Virology; Pathology; Environmental health,Universidade Federal de Juiz de Fora,BR,Article,EN,True,,Coronavirus disease 2019 (COVID-19); Artificial neural network; Pandemic; Computer science; Convolutional neural network; Artificial intelligence; Population; Outbreak; Medicine; Severe acute respiratory syndrome coronavirus 2 (SARS-CoV-2); Machine learning; Virology; Pathology; Environmental health; Infectious disease (medical specialty); Disease,articles-RITA-20260617-dointext.csv,1,0.5,3.0
10.22456/2175-2745.126309,Autism Spectrum Disorder Diagnosis Assistance using Machine Learning,"Arthur Alexandre Artoni, Cinthyan Renata Sachs Camerlengo de Barbosa, Marcelo Morandini",W4313362992,"Autism Spectrum Disorder (ASD) is a common but complex disorder to diagnose since there are no imaging or blood tests that can detect ASD. Several techniques can be used, such as diagnostic scales that contain specific questionnaires formulated by specialists that serve as a guide in the diagnostic process. In this paper, Machine Learning (ML) was applied on three public databases containing AQ-10 test results for adults, adolescents, and children; as well as other characteristics that could influence the diagnosis of ASD. Experiments were carried out on the databases to list which attributes would be truly relevant for the diagnosis of ASD using ML, which could be of great value for medical students or residents, and for physicians who are not specialists in ASD. The experiments have shown that it is possible to reduce the number of attributes to only 5 while maintaining an Accuracy above 0.9. In the other Database to maintain the same level of Accuracy, the fewer attribute numbers were 7. The Support Vector Machine stood out from the others algorithms used in this paper, obtaining superior results in all scenarios.",W1601795611; W1680392829; W1973668307; W1997899395; W2013830730; W2026473386; W2035250453; W2073792037; W2092444470; W2100254283; W2100429511; W2103185075; W2125055259; W2140190241; W2142334564; W2155431098; W2159890470; W2184652140; W2255119171; W2345646625; W2549975402; W2762503377; W2809960885; W2919080818; W2944431009; W2958041009; W2970276290; W2972996185; W2983091501; W2988828954; W2998216295; W3009139123; W3015969491; W3043700085; W3090284159; W3094069611; W3101653779; W3112374245; W3157946230; W4206070770; W4239510810; W4243122187; W4248016194; W4256361765; W4313362992; W6630092459; W6692313753; W6795030868,2.0,2022.0,Federal University of Rio Grande do Sul,Autism spectrum disorder; Autism; Machine learning; Artificial intelligence; Test (biology); Support vector machine; Computer science; Diagnostic accuracy; Process (computing); Psychology; Psychiatry; Medicine,Universidade Estadual de Londrina; Universidade de São Paulo,BR,Article,EN,True,,Autism spectrum disorder; Autism; Machine learning; Artificial intelligence; Test (biology); Support vector machine; Computer science; Diagnostic accuracy; Process (computing); Psychology; Psychiatry; Medicine; Operating system; Radiology; Paleontology; Biology,articles-RITA-20260617-dointext.csv,1,0.5,3.0
10.22456/2175-2745.12631,Editorial,José Palazzo Moreira de Oliveira,W4249325696,"Este número da Revista de Informática Teórica e Aplicada (RITA) tem significado especial. Ele constitui-se em um marco importante nesta caminhada que empreendemos há 20 anos. Durante este período, muitos pesquisadores trabalharam para construir a história da RITA como foi relatado no primeiro número deste ano. A RITA surgiu a partir de uma idéia germinada no Programa de Pós-Graduação em Computação da UFRGS iniciado um projeto de grande valor acadêmico: produzir um periódico científico nacional de alta qualidade e regularidade. A partir de 2004, incrementamos os esforços para aumentar a visibilidade da RITA. Nestas duas décadas a tecnologia e a cultura de acesso às Revistas mudaram; a Biblioteca Digital da CAPES abriu uma nova perspectiva de acesso digital sendo que os estudantes e pesquisadores em Ciência da Computação desenvolveram uma nova cultura de acesso a estes recursos.A partir de 2010 publicaremos três números de forma exclusivamente digital, tendo em vista a tendência mundial que indica que os periódicos eletrônicos são os mais acessados e lidos pela comunidade acadêmica. Conforme o registro de acesso às nossas páginas, tivemos 25.288 acessos na versão eletrônica no ano de 2009. No entanto, grande parte do trabalho administrativo era orientado para as tarefas de edição física da Revista",,0.0,2010.0,Federal University of Rio Grande do Sul,Humanities; Art,Universidade Federal do Rio Grande do Sul,BR,Editorial,ES,True,,Humanities; Art,articles-RITA-20260617-dointext.csv,0,0.5,3.0
10.22456/2175-2745.12643,Avaliação do Desempenho da Utilização de Threads em user level em Linux,"Renato Ramos da Silva, Roberto Sadao Yokoyama",W2130762280,"A utilização de threads em sistemas computacionais é um recurso importante para possibilitar a execução simultânea de diversas trechos de código em um processo. A forma como o suporte a threads é implementado nesses sistemas tem umimpacto direto no desempenho. Neste trabalho, é apresentada uma avaliação do desempenho da utilização de threads user level em Linux com as bibliotecas GNU Pth [2], Protothreads [1] e PM2 Marcel [7]. A avaliação de desempenho foi conduzida por meio da técnica de coleta de dados com monitores, e foi avaliado o tempo de resposta de funções de gerenciamento e sincronização de threads para cada biblioteca e em operações CPU bound, I/O bound e simultâneas (CPU bound e I/O bound).",W1537080063; W1576624296; W1581820117; W1591051730; W1618014503; W4210348154,2.0,2011.0,Federal University of Rio Grande do Sul,Computer science; Operating system; Physics; Parallel computing,Brazilian Society of Computational and Applied Mathematics; Consejo Superior de Investigaciones Científicas; Institute of Mathematical Sciences; Universidade de São Paulo,BR; ES,Article,PT,True,,Computer science; Operating system; Physics; Parallel computing,articles-RITA-20260617-dointext.csv,0,1.0,
10.22456/2175-2745.126544,Provision and Collection of Safety Evidence: A Systematic Literature Review,,,,,,,,,,,,,,,,articles-RITA-20260617-dointext.csv,8,0.8,
10.22456/2175-2745.12669,Modelo Estatístico para a Determinação do Número Ótimo de Iterações do Filtro de Difusão Anisotrópica Aplicado à Redução de Ruído de Imagens de Ressonância Magnética do Cérebro,"Yuri Saito, Ricardo J. Ferrari, Jefferson William Teixeira, Paulo Mazzoncini de Azevedo‐Marques, André Ponce Leon Ferreira Carvalho, Antônio Carlos dos Santos",W2260254890,"Apesar do grande sucesso dos filtros de difusão anisotrópica na redução de ruídos de imagens médicas, uma limitação dessa abordagem iterativa é a determinação automática do número correto de iterações do algoritmo, visto que um número grande de iterações pode causar um borramento excessivo das bordas entre as estruturas anatômicas, enquanto um número pequeno pode não ser suficiente para remover completamente o ruído da imagem. Portanto, este trabalho propõe um modelo estatístico para a determinação automática do número ótimo de iterações do filtro de difusão anisotrópica aplicado à redução de ruído de imagens médicas. O modelo é determinado ""off-line"" por meio da maximização do índice de similaridade estrutural, o qual é usado neste trabalho como uma função objetivo para avaliar quantitativamente a qualidade das imagens resultantes após cada iteração do filtro. Após a determinação dos parâmetros do modelo, o número ótimo de iterações do algoritmo necessário para remover o ruído da imagem e, ao mesmo tempo preservar as bordas entre as estruturas anatômicas, é facilmente obtido. Resultados aplicados à imagens 3D de ressonância magnética do cérebro são apresentados para ilustrar a eficácia do método proposto.",W147717608; W1549033379; W1891518620; W2001002651; W2008419427; W2035246484; W2093127199; W2132140814; W2133059825; W2133665775; W2134495751; W2135036909; W2137676365; W2144423900; W2150134853; W2153168413; W2165170333; W2168808180; W4246736197; W6650420857; W6680072358; W6680096826,0.0,2011.0,Federal University of Rio Grande do Sul,Humanities; Physics; Philosophy,Universidade Federal de Uberlândia; Universidade de São Paulo,BR,Article,PT,True,,Humanities; Physics; Philosophy,articles-RITA-20260617-dointext.csv,0,0.5,3.0
10.22456/2175-2745.127207,Livestock Monitoring Prototype Implementation and Validation,"Vitor M. T. Aleluia, Vasco N. G. J. Soares, João M. L. P. Caldeira, Pedro Dinis Gaspar",W4318832668,"This paper presents the proposal, implementation and validation of a low cost fault-tolerant functional prototype for livestock monitoring. This prototype uses IoT devices, ESP8266 and ESP32, creating a mesh network, managed by the painlessMesh library, with WiFi and LoRa technologies. It allows, for instance, the collection of vital signs from animals. In comparison with the traditional method of livestock examination, this cost-efficient approach reduces manual labor and saves working time. It also improves animal health, increases profits and decreases the environmental footprint.",W2096837997; W2107826343; W2597831797; W2901111720; W2945240029; W2990441739; W3016793619; W3104443272; W3110896144; W3127992551; W3134925067; W4220783466; W4237671265; W6884904268,6.0,2023.0,Federal University of Rio Grande do Sul,Livestock; Computer science; Footprint; Carbon footprint; Greenhouse gas,Polytechnic Institute of Castelo Branco; University of Beira Interior,PT,Article,EN,True,,Livestock; Computer science; Footprint; Carbon footprint; Greenhouse gas; Paleontology; Biology; Ecology,articles-RITA-20260617-dointext.csv,3,1.0,
10.22456/2175-2745.128836,Catboost Algorithm Application in Legal Texts and UN 2030 Agenda,"Lucas José Gonçalves Freitas, Pamella Sada Dias Edokawa, Thaís Carvalho Valadares Rodrigues, Ariane Hayana Thomé de Farias, Euler Rodrigues de Alencar",W4405061647,"This article evaluates the application of the Catboost algorithm for automatic classification of legal texts in The United Nations (UN) 2030 Agenda for Sustainable Development Goals (SDGs). The task consists of labeling texts from initial petitions and rulings based on identifying topics related to the objectives of the 2030 Agenda, which include sustainable development, quality education, gender equality, preservation of the environment, among other topics of interest to UN member countries. This work aims to help Judicial System employees in case management task, an activity that is manual and repetitive. Since the Catboost algorithm allows joining textual, numerical and categorical features in the same classification model. The proposed approach adds to the classification algorithm traditional metadata about legal processes, such as the Supreme Court Class and Field of Law. The main contributions of this work are: analysis of metadata in machine learning flows and evaluation of the Catboost algorithm for textual classification in legal contexts.",,2.0,2023.0,Federal University of Rio Grande do Sul,Metadata; Categorical variable; Task (project management); Computer science; Artificial intelligence; Algorithm; Sustainable development; Work (physics); Machine learning; Law; World Wide Web; Engineering; Political science; Management; Economics,Bio-Bras; Federal Supreme Court of Switzerland; Ministério da Justiça; Universidade de Brasília,BR; CH; PT,Article,EN,True,,Metadata; Categorical variable; Task (project management); Computer science; Artificial intelligence; Algorithm; Sustainable development; Work (physics); Machine learning; Law; World Wide Web; Engineering; Political science; Management; Economics; Mechanical engineering,articles-RITA-20260617-dointext.csv,1,0.5,3.0
10.22456/2175-2745.12923,Inteligência Swarm e Equilíbrio de Verhulst Aplicados à Alocação de Potência em Redes Ópticas CDMA Particionadas,"Moanir Stábile Filho, Taufik Abrão, Lucas Dias Hiera Sampaio",W2226844807,"A utilização da técnica de acesso múltiplo por divisão de códigos (CDMA) em redes puramente ópticas foi proposta levando-se em consideração sua ampla largura de banda óptica. O CDMA óptico é uma técnica que permite a múltiplos usuários compartilharem simultaneamente o mesmo canal de fibra de modo assíncrono sem \textit{delay} e sem a necessidade de gerenciamento de recursos (\textit{scheduling}). No entanto, os níveis de interferência de múltiplo acesso (MAI) são significativos nesses sistemas devido à natureza da detecção de potência incoerente. A redução desse efeito de interferência é crucial na melhoria de desempenho dos sistemas CDMA ópticos. Neste sentido, propõe-se a utilização de mecanismos de alocação de recursos, particularmente de potência, que garantam a cada usuário um desempenho mínimo aceitável em termos de taxa de erro de bit (BER). No estratégia de controle de potência centralizado é necessário que um nó central tenha informações sobre o ganho de todos os links. Por sua vez, no controle de potência particionado (rede de acesso e rede de \textit{broadcast}) verifica-se que os sinais ópticos após o acoplador estrela não contribuem na determinação da MAI e por conseguinte não afetam o balanço de potência associado a cada laser. Neste trabalho, analisa-se o problema do controle de potência para redes ópticas CDMA particionadas (p-OCDMA), sob dois pontos de vista distintos: a) modelo matemático de crescimento populacional de Verhulst, discutido em [1]; b) abordagem heurística denominada inteligência \emph{swarm} (PSO -- \textit{particle swarm optimization}). Extensivas simulações e resultados numéricos indicaram que tanto o modelo de Verhulst quanto o PSO são adequados para resolver o problema do controle de potência em redes p-OCDMA, sob o ponto de vista da otimização uni-objetivo, com resultados de convergência satisfatórios para uma variedade de cenários de operação para o sistema p-OCDMA. Finalmente, uma análise de complexidade em termos de número de operações, é realizada no sentido de obter uma quadro comparativo mais realista para as duas metodologias de otimização, indicando claramente a superioridade da abordagem analítica-iterativa da abordagem de Verhulst.",W154646596; W653825260; W1536656161; W1984380216; W2014701644; W2027603242; W2100596807; W2110269662; W2113139002; W2114993737; W2116053243; W2121587600; W2136803226; W2154011914; W2161993469; W2792232378; W3184139474; W6678058831; W7042637262,0.0,2011.0,Federal University of Rio Grande do Sul,Physics; Humanities; Mathematics; Computer science; Philosophy,Universidade Estadual de Londrina,BR,Article,PT,True,,Physics; Humanities; Mathematics; Computer science; Philosophy,articles-RITA-20260617-dointext.csv,0,0.5,3.0
10.22456/2175-2745.12943,Integração de evidências em redes credais e a regra de Jeffrey,"José Carlos Ferreira da Rocha, Alaine Margarete Guimarães, Cassio P. de Campos",W2243700129,As redes credais provêm um esquema para a representação de modelosprobabilísticos imprecisos. Os algoritmos de inferência usualmente empregados emredes credais computam o intervalo da probabilidade posterior de um evento de inter-esse dadas evidências do tipo específica - evidências que descrevem o estado atual deum conjunto de variáveis. Estes algoritmos não realizam raciocínio evidencial no casoem que as evidências devem ser processadas segundo a regra de condicionamento pro-posta por R.C. Jeffrey. Considerando isto este artigo descreve um procedimento paraintegrar evidências com a regra de Jeffrey quando da realização de inferências emredes credais.,W173859986; W179935495; W196450571; W1495119384; W1496450597; W1517116962; W1527244075; W1534313658; W1570493609; W1965548659; W1983362322; W1985704268; W1991884749; W1992865352; W2012564089; W2063190731; W2073268792; W2122410182; W2156618111; W2159080219; W2160209952; W2618718379; W2913772900; W3021463719; W3021909058; W4240968184; W4285719527,0.0,2011.0,Federal University of Rio Grande do Sul,Humanities; Philosophy; Political science; Psychology,,,Article,PT,True,,Humanities; Philosophy; Political science; Psychology,articles-RITA-20260617-dointext.csv,0,0.5,5.0
10.22456/2175-2745.129783,The Use of Technology in the Diagnosis and Treatment of Epilepsy: Trends and Open Issues,"J. da Rocha Fernandes, Pedro Dinis Gaspar, Eva Menino, João M. L. P. Caldeira, Vasco N. G. J. Soares",W4405062356,"Epilepsy is one of the most common neurological diseases in the world, affecting millions of people. The impact of this disease goes beyond seizures. It has repercussions on the individual’s health and quality of life (i.e., neurological, psychological, and physical consequences) and social inclusion. This article presents a review of the literature and discusses the technological and scientific advances in the diagnosis and treatment of epilepsy. It begins by introducing the related concepts, then analyzes the different technological approaches, exposing their strengths and limitations, and concludes by identifying challenges and open problems for future research.",,0.0,2023.0,Federal University of Rio Grande do Sul,Epilepsy; Quality of life (healthcare); Inclusion (mineral); Disease; Quality (philosophy); Medicine; Psychiatry; Psychology; Psychotherapist; Social psychology; Epistemology,Instituto Politécnico de Leiria; Polytechnic Institute of Castelo Branco; University of Beira Interior,PT,Article,EN,True,,Epilepsy; Quality of life (healthcare); Inclusion (mineral); Disease; Quality (philosophy); Medicine; Psychiatry; Psychology; Psychotherapist; Social psychology; Epistemology; Pathology; Philosophy,articles-RITA-20260617-dointext.csv,1,0.8,
10.22456/2175-2745.129787,"Road Pavement Damage Detection using Computer Vision Techniques: Approaches, Challenges and Opportunities","Miguel Gonçalves, Tomás Marques, Pedro Dinis Gaspar, Vasco N. G. J. Soares, João M. L. P. Caldeira",W4405062010,"The work presented in this paper is the result of a preliminary research aimed at using computer vision techniques for road pavement damage detection in the context of a smart city. It first introduces the related concepts. Then, it surveys the state of the art and existing solutions, presenting their main features, strengths and limitations. The most promising solutions are identified. Finally, it discusses open challenges and research directions in this area.",,3.0,2023.0,Federal University of Rio Grande do Sul,Context (archaeology); Computer science; Work (physics); Open research; State (computer science); Transport engineering; Data science; Construction engineering; Engineering; World Wide Web; Geography,Polytechnic Institute of Castelo Branco; University of Beira Interior,PT,Article,EN,True,,Context (archaeology); Computer science; Work (physics); Open research; State (computer science); Transport engineering; Data science; Construction engineering; Engineering; World Wide Web; Geography; Archaeology; Algorithm; Mechanical engineering,articles-RITA-20260617-dointext.csv,1,0.8,
10.22456/2175-2745.129990,Evaluation of the Relationship Between the Age of the Patient and the Mandibular Trabecular Bone Structure Through Dental Cone Beam Tomographic Images by Means of a Convolutional Neural Network,"Matheus Raffael Simon, Adair Santa Catarina, Adriane Yaeko Togashi",W4405061791,"Osteoporosis is a systemic condition that affects bone mineral density in individuals, affecting mainly women and is diagnosed by DXA examination. The research used 137 cone beam tomography scans, from which 1389 mandibles samples from female patients and 633 from male patients were selected for CNN training, which is composed of 3 dense layers with 100 neurons each and Relu activation function, update of weights by the Adam algorithm, using MaxPooling in each convolution; the dense layer uses 100 neurons, with the activation function. The neural network training accuracy was 98% for males and 94% for females, with area under the ROC curve (AUC) equal to 0.94 and 0.81 for the respective genders. The accuracy obtained in validating the CNN was 98% for males and 89% for females. In the supervised test, using 5 cuts from 10 exams of the test set of each sex; approximately 100% accuracy was obtained for both sexes. Thus, it is concluded that the proposed model is capable of classifying the samples in the proposed age groups and proved to be robust and solid in the tests.",,0.0,2023.0,Federal University of Rio Grande do Sul,Osteoporosis; Convolutional neural network; Convolution (computer science); Trabecular bone; Receiver operating characteristic; Cone (formal languages); Medicine; Cone beam ct; Orthodontics; Artificial intelligence; Cone beam computed tomography; Test set; Mathematics; Artificial neural network; Dentistry; Nuclear medicine; Computer science; Statistics; Computed tomography; Radiology; Algorithm; Pathology,Universidade Estadual do Paraná,BR,Article,EN,True,,Osteoporosis; Convolutional neural network; Convolution (computer science); Trabecular bone; Receiver operating characteristic; Cone (formal languages); Medicine; Cone beam ct; Orthodontics; Artificial intelligence; Cone beam computed tomography; Test set; Mathematics; Artificial neural network; Dentistry; Nuclear medicine; Computer science; Statistics; Computed tomography; Radiology; Algorithm; Pathology,articles-RITA-20260617-dointext.csv,1,0.5,3.0
10.22456/2175-2745.130465,Predictive Maintenance based on Log Analysis: A Systematic Review,"Luís Barata, Sérgio Sequeira, Eurico Lopes",W4405060917,"In today’s industries, the Maintenance process of machines and assets implies a significant part of the total operating cost. Many efforts have been made to reduce this cost by optimizing the process and evolving methods that allow information collection on equipment status, avoiding redundant interventions, and predicting the exact moment to perform a maintenance intervention. Using “intelligent” systems that collect data from the operation and remote management systems allows us to gather all the data and apply some methodologies capable of identifying expected behaviors based on past operations. We present a survey of technologies, techniques, and methodologies to give the knowledge background to develop a framework to minimize the occurrence of failures and optimize the process of Predictive Maintenance (PdM) based on the analysis of Log files collected from the various industrial equipment. Generally, these logs contain many records, and many of these records do not directly contribute to evaluating the operation’s machine status. Most of the studies included in this survey use machine learning techniques and focus a significant part of their research on data preprocessing, uniformization and clarification.",,2.0,2024.0,Federal University of Rio Grande do Sul,Computer science; Predictive maintenance; Process (computing); Data pre-processing; Reliability engineering; Preprocessor; Data collection; Risk analysis (engineering); Data science; Data mining; Artificial intelligence; Engineering,Polytechnic Institute of Castelo Branco,PT,Review,EN,True,,Computer science; Predictive maintenance; Process (computing); Data pre-processing; Reliability engineering; Preprocessor; Data collection; Risk analysis (engineering); Data science; Data mining; Artificial intelligence; Engineering; Medicine; Statistics; Mathematics; Operating system,articles-RITA-20260617-dointext.csv,1,0.5,3.0
10.22456/2175-2745.130579,Automated Lung Region Segmentation in Pediatric Chest Radiography,"Afonso U. Fonseca, Juliana Paula Félix, Gabriel da Silva Vieira, Deborah Fernandes, Fabrízzio Soares",W4405062416,"In chest radiographs, the automatic identification of regions, structures, or objects that compose it can help the professional in the area to perform their reading and analysis more assertively, promoting the improvement and efficiency of the diagnosis. In the present work, we propose a method to segment the lung fields in pediatric chest radiographs (PCXR). Based on digital image processing operations and rules, the proposal is evaluated on a PCXR images dataset. The results are satisfactory for the different classes of images analyzed, indicating that the proposed method can be helpful in the preprocessing stages of more complex flows.",,0.0,2024.0,Federal University of Rio Grande do Sul,Preprocessor; Radiography; Segmentation; Computer science; Identification (biology); Radiology; Artificial intelligence; Data pre-processing; Lung; Computer vision; Medicine; Pattern recognition (psychology); Internal medicine,Instituto Federal Goiano; Universidade Federal de Goiás,BR,Article,EN,True,,Preprocessor; Radiography; Segmentation; Computer science; Identification (biology); Radiology; Artificial intelligence; Data pre-processing; Lung; Computer vision; Medicine; Pattern recognition (psychology); Internal medicine; Botany; Biology,articles-RITA-20260617-dointext.csv,1,0.5,2.0
10.22456/2175-2745.130630,Power Allocation in Orthogonal Frequency Division Multiplexing-based Wireless Networks Using Reinforcement Learning,,,,,,,,,,,,,,,,articles-RITA-20260617-dointext.csv,8,0.8,
10.22456/2175-2745.130645,Image Classification Using Convolutional Neural Networks for Automatic Correction of Multiprova Answer Sheets,"Darlan Castro, Helton Maia, Rex A. C. Medeiros, André Bessa",W4405061214,"During the COVID-19 pandemic, the Federal University of Rio Grande do Norte (UFRN) adopted the emergency remote regime for its academic activities. In this scenario, the Multiprova software played a key role in facilitating the teaching-learning process at the institution. With the resumption of face-to-face classes, the need to improve the evaluation of tests arose. One of the solutions implemented was the automatic correction of answer cards filled in by hand by students. The main focus of this project is to optimize the proof correction procedure in the Multiprova software by applying handwritten character recognition techniques through convolutional neural networks. Answer-card images, obtained directly from the students, were thoroughly analyzed to develop a neural classifier employing convolutional neural networks. The results obtained revealed remarkable accuracy, surpassing 98%. This implementation has provided significant advances in performance and reliability in correcting tests, strengthening the effectiveness of the software.",,0.0,2024.0,Federal University of Rio Grande do Sul,Convolutional neural network; Computer science; Software; Classifier (UML); Facial recognition system; Artificial intelligence; Machine learning; Process (computing); Key (lock); Feature extraction; Programming language; Computer security,Universidade Federal do Rio Grande do Norte,BR,Article,EN,True,,Convolutional neural network; Computer science; Software; Classifier (UML); Facial recognition system; Artificial intelligence; Machine learning; Process (computing); Key (lock); Feature extraction; Programming language; Computer security,articles-RITA-20260617-dointext.csv,1,0.5,3.0
10.22456/2175-2745.130662,Use of wearable chemical sensors in IoT: a systematic literature review,"Carlos Eduardo do Egito Araújo, Lívia F. Sgobbi, Renato F. Bulcão-Neto, Iwens G. Sene, Sérgio T. Carvalho",W4405061732,"Health applications received more attention with the use of the Internet of Things - IoT, due to the use of sensors for remote monitoring, not only in hospital environments but also in domestic environments and in meditative and routine activities. Wearable chemical sensors have been proposed in the health area for the continuous monitoring of the individual's well-being, however, the challenges related to the convergence of these two areas still require a lot of research for the solutions to be effectively applied. This article aims to present the results of a systematic literature review (SLR) carried out to highlight applications that employ the use of wearable chemical sensors in IoT contexts. The results presented several challenges and open questions of a promising research field involving IoT and wearable chemical sensors. The review was performed on the same basis used to make the original SLR, in which the period from December 2021 to February 2023 was adopted as an interval. As a result, in addition to the 15 (fifteen) studies found in the previous SLR, 7 (seven) new articles were classified as relevant, totaling 22 (twenty-two) studies. Regarding the previous.",,0.0,2024.0,Federal University of Rio Grande do Sul,Wearable computer; Internet of Things; Computer science; Systematic review; Wearable technology; Chemical sensor; Field (mathematics); Data science; World Wide Web; MEDLINE; Embedded system,Universidade Federal de Goiás,BR,Review,EN,True,,Wearable computer; Internet of Things; Computer science; Systematic review; Wearable technology; Chemical sensor; Field (mathematics); Data science; World Wide Web; MEDLINE; Embedded system; Electrode; Law; Chemistry; Political science; Mathematics; Physical chemistry; Pure mathematics,articles-RITA-20260617-dointext.csv,3,1.0,
10.22456/2175-2745.130669,Machine Learning Algorithms for Peripheral Blood Cell Classification - A Hemovision Project Experience,"Mariana Dourado X. S. Santos, William Laus Bertemes, Iaan Mesquita de Souza, Mateus Henrique B. Andrades, Vinícius Sebba Patto",W4405061929,"This research explores the use of machine learning algorithms to classify nucleated peripheral blood cells. The ResNet18 convolutional neural network was used to pre-process the images and replace the dense layers; and for the output, the Support Vector Machine (SVM) classifier was chosen. Images from different datasets were used for training and testing the model. Thus, the developed model achieved an accuracy and F1-Score of 99.96%. In face of the obtained results, it was found that machine learning algorithms can be satisfactorily integrated into educational and diagnostic support processes.",,0.0,2023.0,Federal University of Rio Grande do Sul,Support vector machine; Machine learning; Artificial intelligence; Computer science; Convolutional neural network; Classifier (UML); Algorithm; Peripheral blood; Artificial neural network; Online machine learning; Relevance vector machine; Pattern recognition (psychology); Medicine,Universidade Federal de Goiás,BR,Article,EN,True,,Support vector machine; Machine learning; Artificial intelligence; Computer science; Convolutional neural network; Classifier (UML); Algorithm; Peripheral blood; Artificial neural network; Online machine learning; Relevance vector machine; Pattern recognition (psychology); Medicine; Internal medicine,articles-RITA-20260617-dointext.csv,1,0.5,2.0
10.22456/2175-2745.133375,Predicting Startup Success Using Tree-Based Machine Learning Algorithms,"Saifur Rohman Cholil, Rahmat Gernowo, Catur Edi Widodo, Adi Wibowo, Budi Warsito, Alauddin Maulana Hirzan",W4405062912,"Startups are an important element in today’s digital economy. Increased interest in startups as a source of innovation and economic growth has prompted many studies to identify factors that can influence startup success. One of the challenges in predicting startup success is the diversity and complexity of the data. This research aims to identify the tree-based algorithm that achieves the highest accuracy in predicting startup success. The study employs tree-based methods using a single estimator (decision tree), ensemble bagging (bagging, random forest, and Extra Trees), and ensemble boosting (AdaBoost, gradient boosting, LGBM, and XGBoost). Model testing is conducted using evaluation matrices such as accuracy, classification model formation and confusion matrix. The results demonstrate that eXtreme Gradient Boosting (XGBoost) is the most effective prediction method for startup success rate when compared to other tree-based algorithms, achieving a high accuracy of 88.1%. The use of tree-based algorithms can provide useful insights for startup entrepreneurs in improving business strategies and decision-making. The key factors that have the most influence on startup success can be identified through the analysis of model test results, which is useful for startup entrepreneurs and investors in improving business performance.",,5.0,2024.0,Federal University of Rio Grande do Sul,Boosting (machine learning); AdaBoost; Decision tree; Machine learning; Computer science; Gradient boosting; Random forest; Confusion matrix; Ensemble learning; Artificial intelligence; Tree (set theory); Algorithm; Data mining; Mathematics; Support vector machine,Diponegoro University; Universitas Semarang,ID,Article,EN,True,,Boosting (machine learning); AdaBoost; Decision tree; Machine learning; Computer science; Gradient boosting; Random forest; Confusion matrix; Ensemble learning; Artificial intelligence; Tree (set theory); Algorithm; Data mining; Mathematics; Support vector machine; Mathematical analysis,articles-RITA-20260617-dointext.csv,1,0.5,3.0
10.22456/2175-2745.133785,Machine learning in medicine using JavaScript: building web apps using TensorFlow.js for interpreting biomedical datasets,Jorge Guerra Pires,W4405062810,"Contributions to medicine may come from different areas, and most of these areas are filled with researchers eager to contribute. In this paper, we aim to contribute through the intersection of machine learning and web development. We employed TensorFlow.js, a JavaScript-based library, to model biomedical datasets using neural networks obtained from Kaggle. The principal aim of this study is to present the capabilities of TensorFlow.js and promote its utility in the development of sophisticated machine learning models customized for web-based applications. We modeled three datasets: diabetes detection, surgery complications, and heart failure. While Python and R currently dominate, JavaScript and its derivatives are rapidly gaining ground, offering comparable performance and additional features associated with JavaScript. Kaggle, the public platform from which we downloaded our datasets, provides an extensive collection of biomedical datasets. Therefore, readers can easily test our discussed methods by using the provided codes with minor adjustments on any case of their interest. The results demonstrate an accuracy of 92% for diabetes detection, almost 100% for surgery complications, and 80% for heart failure. The possibilities are vast, and we believe that this is an excellent option for researchers focusing on web applications, particularly in the field of medicine.",W5988966; W1569512666; W1780283616; W1984817899; W2062245945; W2470052311; W2503819978; W2505333190; W2507000770; W2782332756; W2788633781; W2971036239; W2978195003; W2981946841; W3130580979; W3166787879; W3191857354; W3215367316; W4282554091; W4298184150; W4389347491,1.0,2024.0,Federal University of Rio Grande do Sul,JavaScript; Computer science; Machine learning; Artificial intelligence; Python (programming language); Web application; World Wide Web; Programming language,Allscripts (United States); Universidad San Jorge; Universidad de Especialidades,ES; MX; US,Article,EN,True,,JavaScript; Computer science; Machine learning; Artificial intelligence; Python (programming language); Web application; World Wide Web; Programming language,articles-RITA-20260617-dointext.csv,1,0.5,3.0
10.22456/2175-2745.134925,A Random Generation of Haskell Programs Applied to Optimization Testing in Compilers,,,,,,,,,,,,,,,,articles-RITA-20260617-dointext.csv,8,0.8,
10.22456/2175-2745.135436,"Detection and Pose Adjustment in Physical Exercises using Computer Vision Techniques: Approaches, Challenges and Opportunities","Joao J.G.M. Gonçalves, João Palhares, Vasco N. G. J. Soares, Paulo A. C. S. Neves",W4405060662,"In the fast-paced rhythm of modern life, the regular practice of physical exercise emerges as a source of vitality and well-being. However, it is not always feasible to practice on a gym and/or pay a personal trainer to assure a correct pose on calisthenic exercises. This article aims to investigate technological and scientific advancements in the field of computer vision to enhance exercise detection and execution, with the goal of creating a system that can be used autonomously by users. To achieve this, an introduction to the fundamental concepts inherent to the subject is provided, followed by an analysis of different technological approaches, identifying their strengths and weaknesses. Finally, the various challenges and limitations of these technologies are discussed, which remain open to be solved and explored in future research endeavors.",,1.0,2024.0,Federal University of Rio Grande do Sul,Trainer; Computer science; Field (mathematics); Strengths and weaknesses; Human–computer interaction; Management science; Data science; Psychology; Engineering,Polytechnic Institute of Castelo Branco,PT,Article,EN,True,,Trainer; Computer science; Field (mathematics); Strengths and weaknesses; Human–computer interaction; Management science; Data science; Psychology; Engineering; Programming language; Pure mathematics; Mathematics; Social psychology,articles-RITA-20260617-dointext.csv,1,0.8,
10.22456/2175-2745.135781,Performance Evaluation and Operational Availability of a Textile Manufacturing 4.0 Using Stochastic Petri Nets,"Edson Moura Silva, Danilo Araújo, Ermeson Andrade",W4405064704,"The Brazilian clothing industry is the 7th largest globally, generating an annual revenue of USD 10 billion. However, Brazil is only 54th in industrial innovation investments. The constraint on industrial innovation investments represents a challenge for the implementation of Industry 4.0, especially in local garment manufacturing hubs. It is crucial to assess the impact of Industry 4.0 in these hubs in order to highlight its benefits. The study proposes the development of an approach based on Stochastic Petri Nets to model production processes in the textile industry, applied to a company in the garment manufacturing hub of the Agreste region of Pernambuco. The results demonstrate that this approach has the potential to assist garment administrators in optimizing production processes and making more informed decisions. Additionally, the approach allows administrators to maintain resources balanced, efficient, and available in accordance with the production goals of the modern market.",,1.0,2024.0,Federal University of Rio Grande do Sul,Production (economics); Textile industry; Order (exchange); Constraint (computer-aided design); Clothing; Revenue; Textile; Petri net; Business; Industrial organization; Manufacturing; Resource (disambiguation); Clothing industry; Computer science; Manufacturing engineering; Operations research; Operations management; Engineering; Marketing; Economics; Finance,Universidade Federal Rural de Pernambuco,BR,Article,EN,True,,Production (economics); Textile industry; Order (exchange); Constraint (computer-aided design); Clothing; Revenue; Textile; Petri net; Business; Industrial organization; Manufacturing; Resource (disambiguation); Clothing industry; Computer science; Manufacturing engineering; Operations research; Operations management; Engineering; Marketing; Economics; Finance; Algorithm; Computer network; Macroeconomics; Mechanical engineering; History; Archaeology,articles-RITA-20260617-dointext.csv,0,0.5,3.0
10.22456/2175-2745.136072,Prediction of Stock Prices Using Ensemble Models,"Claudio Silva, Ricardo Menezes Salgado",W4405061949,"The financial market encompasses a set of institutions, products, and services aimed at meeting the financial needs of individuals, companies, and governments. Its primary objective is to direct financial resources from investors to projects requiring funding. This is achieved through the issuance and trading of securities such as stocks, debt securities, among others. In this paper, the goal was to develop a machine learning application specifically for the Brazilian financial market, focusing on predicting the market value of eight companies that are representative of the financial sector on the stock exchange. The prediction is based on the closing price history and uses data from the last three years, with the inputs corresponding to the last 60 days immediately preceding the forecast date. For this task, three machine learning models were selected: Long Short-Term Memory (LSTM), Multilayer Perceptron (MLP), and Convolutional Neural Network (CNN). Each of these was fine-tuned using five different optimizers, resulting in a total of 15 models. Subsequently, all 15 models were combined into an Ensemble. After applying data transformations, the models achieved a satisfactory level of error for the analysis. Among the transformations used, the logarithmic transformation stood out as the one that resulted in the most well-adjusted models compared to the others. In second place, the Yeo-Johnson transformation showed slightly higher error but performed better on series with high variation. Additionally, the convolutional models and Ensemble were the most effective.",,0.0,2024.0,Federal University of Rio Grande do Sul,Computer science; Stock exchange; Multilayer perceptron; Artificial intelligence; Machine learning; Debt; Financial market; Stock market; Convolutional neural network; Artificial neural network; Finance; Econometrics; Business; Economics,Universidade Federal de Alfenas,BR,Article,EN,True,,Computer science; Stock exchange; Multilayer perceptron; Artificial intelligence; Machine learning; Debt; Financial market; Stock market; Convolutional neural network; Artificial neural network; Finance; Econometrics; Business; Economics; Paleontology; Biology; Horse,articles-RITA-20260617-dointext.csv,1,0.5,3.0
10.22456/2175-2745.136309,Framework for Security Risk Assessment (FSRA) and Fuzzy Risk Inference System (FRIS) based on Standard ISO/IEC 27002:2022,"Diógenes Antonio Marques José, Douglas Schmitz Dupski, Kembolle Amilkar",W4405061728,"Information security is a critical aspect for organizations, and a problem in this regard consists ofknowing the level of vulnerability in which organizations. Therefore, this article aims to present a CybersecurityFramework (FSRA) based on the ISO/IEC 27002:2022 standard. In addition, a Fuzzy Risk Inference System(FRIS) is presented, which uses FSRA controls - Security Practices (SP), Software (S), and People (P) asinput, a total of 93 sub-items. A FRIS output is the Security Risk (SR) in which the organization is due tonon-compliance or partial compliance with FSRA controls. Thus, if each control is fully met, its entry value in theFRIS will be 100%. Otherwise, it will be proportional. Therefore, when the FRIS returns the SR, whose outputvalues can be Low (13% to 39.99%), Medium (40% to 59.99%), or High (60% to 100%), the security analyst canmeasure the risk security, in which the organization is located, according to ISO/IEC 27002:2022 and from thatknow where to act and how to act.",,0.0,2024.0,Federal University of Rio Grande do Sul,Computer security; Security controls; Risk analysis (engineering); Information security; Fuzzy logic; Fuzzy inference system; Computer science; Vulnerability (computing); Control (management); Fuzzy control system; Business; Artificial intelligence; Adaptive neuro fuzzy inference system,Governo do Estado de Mato Grosso; Ministério Público; Universidade do Estado de Mato Grosso,BR,Article,EN,True,,Computer security; Security controls; Risk analysis (engineering); Information security; Fuzzy logic; Fuzzy inference system; Computer science; Vulnerability (computing); Control (management); Fuzzy control system; Business; Artificial intelligence; Adaptive neuro fuzzy inference system,articles-RITA-20260617-dointext.csv,0,0.5,1.0
10.22456/2175-2745.136568,Energy Consumption and Performance Evaluation of Multi-Model NoSQL DBMSs,"Fúlvio Falcão, João Moura, Gabriel San Martin Silva, Carlos Araújo, Érica Sousa, Eduardo Tavares",W4405060770,"New applications have required data storage using multiple data models, which are usually known as polyglot persistence applications. Their implementation is often complex, as the system must simultaneously manage and store data in multiple database management systems (DBMS). Over the years, multi-model DBMSs have been conceived, which commonly integrate multiple NoSQL data models into a single system. To demonstrate their feasibility, some researches have evaluated multi-model NoSQL DBMSs in the context of performance, but energy consumption is usually not taken into account. Indeed, energy consumption is an issue that should not be neglected due to the respective cost and environmental sustainability. This paper presents a performance and energy consumption evaluation of multi-model and single-model NoSQL DBMSs, more specifically, ArangoDB (multi-model), OrientDB (multi-model), MongoDB (document) and Redis (key-value). The experiments are based on Yahoo! Cloud Serving Benchmark (YCSB), and results demonstrate energy consumption may vary significantly between the evaluated DBMSs for different commands (e.g., read) and workloads. The proposed evaluation contributes to the state of the art, as storage system designers have additional insights regarding the behavior of multi-model NoSQL DBMSs for distinct workloads and energy usage.",,2.0,2024.0,Federal University of Rio Grande do Sul,NoSQL; Computer science; Energy consumption; Database; Benchmark (surveying); Context (archaeology); Distributed computing; Scalability,Universidade Federal Rural de Pernambuco; Universidade Federal de Pernambuco,BR,Article,EN,True,,NoSQL; Computer science; Energy consumption; Database; Benchmark (surveying); Context (archaeology); Distributed computing; Scalability; Ecology; Paleontology; Geography; Biology; Geodesy,articles-RITA-20260617-dointext.csv,3,1.0,
10.22456/2175-2745.137324,Modeling and Analysis of a Telesurgery Environment Considering a 5G Network,"Vamberto Rocha, Jean Araújo, Bruno Nogueira, Ermeson Andrade",W4405064169,"Over the past few years, surgeries performed by robots have increased considerably. For telesurgery (or remote surgery) to be performed satisfactorily, synchrony between the robot and the communication link is essential. However, no studies analytically evaluate these remote surgery environments when such surgeries are performed between two hospitals. The main objective of this work is to model a telesurgery environment, allowing metrics such as availability and reliability to be obtained.The results presented in this paper can help the maintenance team (or medical team) to better plan the infrastructure used in telesurgery and, consequently, avoid failures that could endanger the lives of patients. The results revealed that the shortest downtime occurs when performing surgery in the same hospital, with a system inoperable for 10,6 hours annually. For telesurgery between two hospitals connected by 5G, the reliability index was 98.8891%, with a 99,99% probability of message delivery in just 0,8 seconds.",,1.0,2024.0,Federal University of Rio Grande do Sul,Downtime; Reliability (semiconductor); Robot; Computer science; Plan (archaeology); Telemedicine; Simulation; Computer network; Reliability engineering; Engineering; Artificial intelligence; Health care; Operating system,Universidade Federal Rural de Pernambuco; Universidade Federal de Alagoas; Universidade Federal de Pernambuco; Universidade Federal do Agreste de Pernambuco,BR,Article,EN,True,,Downtime; Reliability (semiconductor); Robot; Computer science; Plan (archaeology); Telemedicine; Simulation; Computer network; Reliability engineering; Engineering; Artificial intelligence; Health care; Operating system; Economics; Quantum mechanics; Physics; History; Power (physics); Economic growth; Archaeology,articles-RITA-20260617-dointext.csv,3,0.8,
10.22456/2175-2745.13764,Tutorial sobre Fuzzy-c-Means e Fuzzy Learning Vector Quantization: Abordagens Híbridas para Tarefas de Agrupamento e Classificação,"Sarajane Marques Peres, Thiago Rocha, Helton Hideraldo Bíscaro, Renata C. B. Madeo, Clodis Boscarioli",W2288108008,"Neste tutorial é apresentada uma discussão sobre o algoritmo Fuzzy-c-Means e sobre as Redes Neurais Fuzzy, considerando a proposta de inserção de princípios da Teoria de Conjuntos Fuzzynas abordagens de agrupamento e classificação clássicas: algoritmo c-Means e o modelo neural Learning Vector Quantization. A motivação para a construção de um modelo híbrido, dessa categoria, é conferir às abordagens clássicas a capacidade de lidar adequadamente com aspectos de incerteza e imprecisão, comumente encontrados em problemas reais.",W11319819; W64881889; W194030838; W1480643874; W1501162218; W1573254933; W1587235402; W1608292140; W1609536578; W1793466594; W1898259180; W1972927861; W1976737965; W1995341919; W2004559293; W2006628538; W2007042673; W2007394562; W2009163533; W2049039378; W2064532515; W2071219123; W2097564701; W2100234623; W2107018368; W2107378068; W2110177054; W2113076747; W2122471363; W2122953611; W2124776405; W2126625980; W2127218421; W2128151805; W2134815257; W2136623146; W2146434190; W2153233077; W2159111290; W2165012164; W2167428023; W2399636617; W2483347049; W2912565176; W3125522338; W4200416755; W4205471131; W4229725055; W4233698733; W4244613213; W4247219141; W4253667136; W4294576732; W6600757819; W6602755153; W6790492800; W6811836054,10.0,2012.0,Federal University of Rio Grande do Sul,Fuzzy logic; Computer science; Mathematics; Humanities; Algorithm; Artificial intelligence; Philosophy,Departamento de Ciência e Tecnologia; Universidade Estadual do Oeste do Paraná; Universidade de São Paulo,BR,Article,PT,True,,Fuzzy logic; Computer science; Mathematics; Humanities; Algorithm; Artificial intelligence; Philosophy,articles-RITA-20260617-dointext.csv,0,1.0,
10.22456/2175-2745.139289,Rough Sets and Multilayer Perceptron in Tandem for Processing the Aleatory Uncertainty in COVID-19 Cases,"Kalyl Henings, Vinícius Hansen, Gilmário Barbosa dos Santos",W4405061218,"It is common sense that challenging clinical cases can occur in the practice of medicine. These clinical cases can lead to undesirable situations of diagnostic uncertainty, making it important to identify these difficult cases and lead them to a discussion by experts for appropriate characterization. In remote/isolated regions, it is crucial to have a computational system that can support the health personnel in identifying these challenging cases. Events such as the COVID-19 pandemic have demonstrated the need for this type of system to assist in screening medical exams. Although the chest X-ray examination is a valuable diagnostic tool for COVID-19 cases, some conditions can be so challenging that doctors can be faced with uncertainty in diagnosis. This article proposes a system that combines machine learning via Multilayer Perceptron neural network in conjunction with the detection of uncertainty via Rough Sets in modeling a system that incorporates uncertainty to produce a classification of cases as positive for the disease, negative for the disease, or diagnostically uncertain. This system would serve as support for the rapid and efficient triage of cases, particularly those classified as “uncertain,” for a medical committee of specialists in a video conference, for example. Experiments were carried out and the trained model achieved 87.61% overall accuracy and a hit rate consistent across all classes.",,0.0,2024.0,Federal University of Rio Grande do Sul,Computer science; Triage; Artificial intelligence; Coronavirus disease 2019 (COVID-19); Multilayer perceptron; Perceptron; Machine learning; Artificial neural network; Medical diagnosis; Data mining; Risk analysis (engineering); Disease; Medicine; Medical emergency; Pathology; Infectious disease (medical specialty),Universidade do Estado de Santa Catarina,BR,Article,EN,True,,Computer science; Triage; Artificial intelligence; Coronavirus disease 2019 (COVID-19); Multilayer perceptron; Perceptron; Machine learning; Artificial neural network; Medical diagnosis; Data mining; Risk analysis (engineering); Disease; Medicine; Medical emergency; Pathology; Infectious disease (medical specialty),articles-RITA-20260617-dointext.csv,1,0.5,3.0
10.22456/2175-2745.139523,Comparative Study of Predictive Models Based on Moving Averages Applied in Binary Options in the Financial Market,"Luccas R. Hoff, Rafael Alceste Berri, Eduardo Nunes Borges, André Riker, Bruno L. Dalmazo",W4405061015,"The technological market has been through significant advances in the last few years, and its application in different markets and business lines was driven by the COVID-19 pandemic. In this context, given the global economic crisis that was generated, some ways of earning money online were popularized, including the Binary Options market, which promises high gains but represents a volatile and risky financial niche. The aim is to evaluate the efficiency and assertiveness of these models applied in operations, in addition to analyzing the risks and possible returns. The aim is to provide a more in-depth understanding of the effectiveness of these models, considering the volatile and unpredictable characteristics of the Binary Options financial market. To achieve the proposed objective, different statistical models based on moving averages will be used to compare individual results and between possible combinations of the best classified. This study is expected to contribute to the understanding of the effectiveness of predictive models based on moving averages applied in Binary Options. The results obtained may offer valuable insights for investors and traders interested in this kind of negotiation, helping them to make informed decisions. Furthermore, this work is expected to stimulate the development of more accurate and efficient investment strategies, increasing the probability of success in financial markets. Finally, this study is expected to advance knowledge in the field of financial market forecasting, highlighting the importance of moving averages as a powerful predictive tool in Binary Options.",,0.0,2024.0,Federal University of Rio Grande do Sul,Context (archaeology); Financial market; Negotiation; Binary number; Prediction market; Financial crisis; Investment (military); Investment decisions; Finance; Economics; Computer science; Behavioral economics; Mathematics,Universidade Federal do Pará; Universidade Federal do Rio Grande,BR,Article,EN,True,,Context (archaeology); Financial market; Negotiation; Binary number; Prediction market; Financial crisis; Investment (military); Investment decisions; Finance; Economics; Computer science; Behavioral economics; Mathematics; Macroeconomics; Biology; Paleontology; Politics; Political science; Arithmetic; Law,articles-RITA-20260617-dointext.csv,3,0.8,
10.22456/2175-2745.139902,UnbIAs - Google Translate Gender Bias Mitigation and Addition of Genderless Translation,"Vanessa Schenkel, Blanda Mello, Sandro José Rigo, Gabriel de Oliveira Ramos",W4405062864,"Machine Learning, increasingly present in everyday life, is subject to bias. These biases not only reflect social inequalities but also reinforce them. The present study seeks to mitigate gender bias in Google Translate, the most used translation system in the world. For this, we created a translation model with high gender accuracy and performed a linguistic analysis with the spaCy tool and entity identification with roBERTa. The Constrained Beam Search technique is used to maintain the sentence structure of the business model, but with the replacement for the correct genre indicated by the created model. The final sentence is the result of an alignment done with the SimAlign tool. In addition, the present study also produces an algorithm so that sentences without gender indication in English present translations with inflection for feminine, masculine, and neutral gender. Our approach yields a BLEU score of 48.39. In relation to Google Translate, the model increased gender accuracy from 68.75 to 70.09, enhanced in 15.7% the score that measures the difference in accuracy between male and female entities, and improved stereotyped translations in 43%.",,0.0,2024.0,Federal University of Rio Grande do Sul,Sentence; Gender bias; Computer science; Natural language processing; Artificial intelligence; Identification (biology); Subject (documents); Translation (biology); Machine translation; Gender inequality; Linguistics; Psychology; Inequality; Social psychology; Mathematics; World Wide Web,Universidade do Vale do Rio dos Sinos,BR,Article,EN,True,,Sentence; Gender bias; Computer science; Natural language processing; Artificial intelligence; Identification (biology); Subject (documents); Translation (biology); Machine translation; Gender inequality; Linguistics; Psychology; Inequality; Social psychology; Mathematics; World Wide Web; Philosophy; Biochemistry; Botany; Gene; Biology; Chemistry; Mathematical analysis; Messenger RNA,articles-RITA-20260617-dointext.csv,1,0.5,3.0
10.22456/2175-2745.140067,Supervised Learning Algorithms Evaluation on Sweet Potato Data for Production Indices Considering Human Consumption,"Mardem Arantes de Castro, Ranulfo Mascari Neto, Joaquim Quinteiro Uchôa, Jesimar da Silva Arantes, Orlando Gonçalves Brito, Valter Carvalho de Andrade Júnior, Jeferson Carlos de Oliveira Silva, Renato Ramos da Silva",W4405064709,"The sweet potato holds significant importance as a root crop cultivated globally, serving purposes in both human and animal nutrition, ethanol fuel production, and ornamental cultivation. Several genetic experiments have been undertaken to identify superior root varieties. Within this study, a refined statistical methodology has been devised to mitigate environmental factors and promote equitable comparisons among diverse varieties. Through the integration of supplementary environmental data into the experimental framework, a deeper understanding of each variety can be attained. This research signifies an inaugural endeavor towards scrutinizing post-harvest sweet potato data, aiming to unveil novel insights.",,0.0,2024.0,Federal University of Rio Grande do Sul,Production (economics); Variety (cybernetics); Crop production; Agricultural engineering; Environmental research; Machine learning; Consumption (sociology); Biotechnology; Computer science; Agriculture; Engineering; Artificial intelligence; Biology; Geography; Environmental planning; Economics; Social science; Ecology,Universidade Federal de Lavras,BR,Article,EN,True,,Production (economics); Variety (cybernetics); Crop production; Agricultural engineering; Environmental research; Machine learning; Consumption (sociology); Biotechnology; Computer science; Agriculture; Engineering; Artificial intelligence; Biology; Geography; Environmental planning; Economics; Social science; Ecology; Macroeconomics; Sociology,articles-RITA-20260617-dointext.csv,4,0.8,
10.22456/2175-2745.140149,Analysis of Forensic Tools for Recovery of Formatted Data: a case study with Microsoft Word files,"Rubens Karman Paula da Silva, Islan Amorim Bezerra, Sidney Marlon Lopes de Lima, Sérgio Fernandes",W4405062564,"Deleting or formatting files to hide a crime can be considered a frustrating action, given the ease of using forensic software that implements data carving techniques. This research aims to evaluate the accuracy of forensic data carving software when subjected to recovering formatted Microsoft Word files. The software chosen is widely used in the field and has been featured in scientific papers: Foremost, Scalpel, Recurva, PhotoRec, Autopsy and Magic Rescue. The metrics analyzed were: software execution time, number and size of files recovered, number of false positives and true positives generated in three test scenarios. Validation took place by comparing the resulting files with the originals using a hash algorithm. To structure the test scenarios, a dataset was built with 16,000 copies of files of various lengths. In each scenario, the number of files and the requirements that the software was subjected to varied, with only doc or docx files being recovered. Of the software analyzed, Recuva, Autopsy and PhotoRec had the highest percentages of true positives (>90%) in all the scenarios evaluated. As for false positives, Recuva performed better than the others, with approximately 1%.",,0.0,2024.0,Federal University of Rio Grande do Sul,Computer science; False positive paradox; Software; Word processing; Information retrieval; Data mining; Natural language processing; Artificial intelligence; Programming language,Universidade Federal de Pernambuco; Universidade de Pernambuco,BR,Article,EN,True,,Computer science; False positive paradox; Software; Word processing; Information retrieval; Data mining; Natural language processing; Artificial intelligence; Programming language,articles-RITA-20260617-dointext.csv,3,0.8,
10.22456/2175-2745.140214,Systematic Literature Review on the Application of Controllers Based on Cellular Automata in Robotic Tasks,"Naya Letícia Batista Souza, Danielli Araújo Lima",W4405060560,"In recent years, robotics has garnered significant attention from researchers, driven by the desire to develop robots capable of undertaking challenging or laborious tasks traditionally performed by humans. Cellular automata (CA) has emerged as an intriguing solution in this realm, albeit with relatively limited exploration in robotics. Nonetheless, its evolution over time is evident through increasing research interest, propelled by its status as an important artificial intelligence technique. CA operates as an evolutionary system where cells, initially in a defined state, adhere to predefined rules governing interactions with their surroundings. Widely applicable, CA finds utility in simulating natural phenomena, robotic control, and modeling various systems across physical, biological, and sociological domains. This article presents a systematic review of literature on the application of CA in robotics, drawing insights from data generated through the StArt software. Our review, spanning a decade, aimed to identify relevant studies within the extant literature. Following rigorous evaluation, 31 articles were selected, covering themes such as path planning, surveillance, navigation, garbage collection, and foraging. However, our assessment uncovered a notable scarcity of research output in this domain, with only a limited number of authors contributing globally, many of whom are still in early stages of inquiry. Notably, a significant proportion of the selected works originated from Brazilian researchers, underscoring their pioneering contributions to advancing the field.",,2.0,2024.0,Federal University of Rio Grande do Sul,Artificial intelligence; Robotics; Field (mathematics); Computer science; Data science; Realm; Cellular automaton; Extant taxon; Robot; Management science; Scarcity; Human–computer interaction; Cognitive science; Engineering; Psychology; Political science; Biology,"Instituto Federal de Educação, Ciência e Tecnologia do Triângulo Mineiro",BR,Review,EN,True,,Artificial intelligence; Robotics; Field (mathematics); Computer science; Data science; Realm; Cellular automaton; Extant taxon; Robot; Management science; Scarcity; Human–computer interaction; Cognitive science; Engineering; Psychology; Political science; Biology; Mathematics; Economics; Evolutionary biology; Microeconomics; Pure mathematics; Law,articles-RITA-20260617-dointext.csv,5,0.5,3.0
10.22456/2175-2745.140570,Ontology for Healthcare AI Privacy in Brazil,"Tiago Andres Vaz, José Miguel Dora, Luís C. Lamb, Suzi Alves Camey",W4405064614,"This article details the creation of a novel domain ontology at the intersection of epidemiology, medicine, statistics, and computer science. It outlines a systematic approach to handling structured data anonymously in preparation for its use in Artificial Intelligence (AI) applications in healthcare. The development followed 7 steps, including defining scope, selecting knowledge, reviewing important terms, constructing classes that describe designs used in epidemiological studies, machine learning paradigms, types of data and attributes, risks that anonymized data may be exposed to, privacy attacks, techniques to mitigate re-identification, privacy models, and metrics for measuring the effects of anonymization. It concludes with a practical implementation of this ontology in hospital settings to develop and validate AI systems.",,1.0,2024.0,Federal University of Rio Grande do Sul,Ontology; Computer science; Scope (computer science); Intersection (aeronautics); Data science; Identification (biology); Domain (mathematical analysis); Health care; Information privacy; Computer security; Engineering,Hospital de Clínicas de Porto Alegre; Universidade Federal do Rio Grande do Sul,BR,Article,EN,True,,Ontology; Computer science; Scope (computer science); Intersection (aeronautics); Data science; Identification (biology); Domain (mathematical analysis); Health care; Information privacy; Computer security; Engineering; Philosophy; Aerospace engineering; Botany; Economics; Epistemology; Economic growth; Programming language; Mathematical analysis; Biology; Mathematics,articles-RITA-20260617-dointext.csv,1,0.8,
10.22456/2175-2745.140750,Parameterized Model for Multimedia-Content Placement of the Streaming Service on 5G Cellular Networks,"Rodrigo A. C. da Silva, Carlo Kleber da Silva Rodrigues, Vladimir Rocha",W4411483761,"In the context of streaming services on 5G cellular networks of CRAN architecture with MEC servers, this article proposes a parametrized linear-programming model for efficient multimedia-content placement. The model resolution is obtained using one of these two alternatives: (i) transmission-time prioritization and (ii) data-traffic prioritization. To demonstrate the model's applicability, several streaming scenarios are evaluated, each involving different object-request patterns, server-storage capacities, and access concentrations (i.e., object's popularity). Three performance metrics are assessed in the experiments: average delay, network traffic, and hit rate. The overall results show that: (i) the first alternative should be considered when the object's popularity follows a non-uniform distribution; and (ii) the second alternative is recommended when the object's popularity tends to be evenly distributed. As its main contribution, this research thus offers relevant subsidies for streaming projects in 5G cellular networks.",,0.0,2025.0,Federal University of Rio Grande do Sul,Computer science; Server; Popularity; Context (archaeology); Computer network; Cellular network; Object (grammar); Parameterized complexity; Service (business); Distributed computing; Multimedia; Artificial intelligence,Universidade Federal do ABC,BR,Article,EN,True,,Computer science; Server; Popularity; Context (archaeology); Computer network; Cellular network; Object (grammar); Parameterized complexity; Service (business); Distributed computing; Multimedia; Artificial intelligence; Economy; Economics; Social psychology; Algorithm; Paleontology; Biology; Psychology,articles-RITA-20260617-dointext.csv,3,0.5,2.0
10.22456/2175-2745.141585,Machine Learning Applied to Biological Sequence Comparison: an Alignment-free Approach,"Thaizy Aparecida Vicentini, Luiz Carlos Bertucci Barbosa",W4411483744,"Biological sequence comparison is traditionally performed using algorithms that fall into the category of alignment approaches. These algorithms, however, have some limitations that can be overcome by alignment-free sequence comparison methods. Most of these alternative methods are based on word statistics or word comparison, after the biological sequences have been transformed into a set of subsequences of size k, called k-mer. For polypeptide sequences, feature extraction can also be done from the physicochemical qualities of the amino acids that compose them. Recently, many authors have used k-mer occurrences or k-mer frequencies, as well as physicochemical characteristics of amino acids, to train machine learning models. In this context, this work aimed to provide a comprehensive and initial guide to the use of the alignment-free approach, combined with machine learning algorithms, for the comparison of biological sequences. This article discusses the basic concepts and procedures of the alignment-free approach and machine learning, as well as provides a brief systematic review of recent literature to provide examples in the field. In addition, this guide is accompanied by 3 interactive online tutorials.",,1.0,2025.0,Federal University of Rio Grande do Sul,Computer science; Artificial intelligence; Sequence (biology); Set (abstract data type); Context (archaeology); Machine learning; Field (mathematics); Multiple sequence alignment; Word (group theory); Feature (linguistics); Algorithm; Sequence alignment; Mathematics; Peptide sequence; Biology; Programming language,Universidade Federal de Itajubá,BR,Article,EN,True,,Computer science; Artificial intelligence; Sequence (biology); Set (abstract data type); Context (archaeology); Machine learning; Field (mathematics); Multiple sequence alignment; Word (group theory); Feature (linguistics); Algorithm; Sequence alignment; Mathematics; Peptide sequence; Biology; Programming language; Philosophy; Genetics; Paleontology; Linguistics; Geometry; Pure mathematics; Gene; Biochemistry,articles-RITA-20260617-dointext.csv,1,0.5,3.0
10.22456/2175-2745.141618,Symmetric Peer-to-Peer Applications,Francisco Sant’Anna,W4411483748,"In real-time networked applications, such as shared documents, users can interact remotely and yet share the exact same experience as if they were in a single machine. In this work, we propose a middleware for symmetric peer-to-peer applications in which decentralized instances can trigger asynchronous events and yet conform to identical behavior. Peers are allowed to join and leave the network at any time. Application developers must adhere to a restricted API, which is deterministic, stateless, and only supports pre-allocated memory. The middleware is responsible for synchronizing the events in a global shared timeline across the network. Also, based on memory snapshots and deterministic simulation, a ""time machine"" can rollback conflicting peers to resynchronize their state. We show that the middleware can handle applications with over 20 peers in a heterogeneous topology under high churn. For instance, in a simulation scenario of 25 events per minute with a network latency of 50ms, the peers need to roll back and resynchronize only 3% of the time.",,0.0,2025.0,Federal University of Rio Grande do Sul,Computer science; Timeline; Asynchronous communication; Synchronizing; Distributed computing; Stateless protocol; Peer-to-peer; Middleware (distributed applications); Latency (audio); Shared memory; Network topology; Rollback; Computer network; Parallel computing,Universidade do Estado do Rio de Janeiro,BR,Article,EN,True,,Computer science; Timeline; Asynchronous communication; Synchronizing; Distributed computing; Stateless protocol; Peer-to-peer; Middleware (distributed applications); Latency (audio); Shared memory; Network topology; Rollback; Computer network; Parallel computing; Transmission (telecommunications); Telecommunications; History; Archaeology; Programming language; Database transaction; Network packet,articles-RITA-20260617-dointext.csv,3,1.0,
10.22456/2175-2745.142111,A Bibliometric Study on the Applications of Neural Networks in Metal Surface Defect Inspection,"Sandro Bessa de Lima, Marcos dos Santos, Júlio César Duarte",W4411483757,"The transformation industries are tasked with the process of converting vast amounts of chemical compounds into metal sheets. By applying artificial intelligence to detect anomalies and enhance the scope of visual inspection on metal surfaces, these industries have significantly advanced their digital transformation. In this research, we explore and highlight extensively used neural network architectures, since, despite the existing literature, recent bibliometric studies on this important topic remain scarce. Keeping this in mind, this work presents an analysis of a quantitative approach based on bibliometric metrics to evaluate the application of neural network architectures aimed at inspecting defects on metal alloy surfaces, using data from the Scopus and Web of Science databases as references. It primarily focuses on identifying aspects related to the research in this field, such as the distribution of scientific publications, the most relevant sources, the interaction dynamics among these sources, the most prominent subjects in recent research (trend topics), and the application of machine learning techniques to the detection of metal surfaces' failures. Finally, our results show a lack of relevant public datasets of adequate size, as well as structured methods to apply the combined neural network architectures and techniques of machine learning in real-world applications within the scope of this research.",,1.0,2025.0,Federal University of Rio Grande do Sul,Scope (computer science); Computer science; Scopus; Artificial neural network; Field (mathematics); Data science; Artificial intelligence; Process (computing); Visualization; Bibliometrics; Web of science; Machine learning; Data mining,Military Institute of Engineering,BR,Article,EN,True,,Scope (computer science); Computer science; Scopus; Artificial neural network; Field (mathematics); Data science; Artificial intelligence; Process (computing); Visualization; Bibliometrics; Web of science; Machine learning; Data mining; Operating system; Mathematics; Political science; Programming language; Pure mathematics; MEDLINE; Law,articles-RITA-20260617-dointext.csv,3,0.8,
10.22456/2175-2745.142129,On the Use of Spectral Data from Smartphone Accelerometer Signals and Constituent Material for the Identification of Damaged Walls,"Tales Humberto de Aquino Boratto, Douglas Lima Fonseca, Heder S. Bernardino, Alex Borges Vieira, Alexandre Cury, Leonardo Goliatt",W4411483638,"Monitoring the integrity of civil structures is crucial for ensuring their safety and longevity. Assessing the structural condition of walls is particularly important due to their role in stability and load distribution in buildings. Smartphones can be used to collect dynamic data from the walls of modern buildings. This strategy is an easier and cheaper way to obtain information concerning the wall's structural condition compared to other costly instrumentation plans using deflectomers, accelerometers, etc. Such a type of data was explored in the literature with good results. However, despite the quality of the models obtained, other features can be included to improve the results. For instance, spectral information may characterize the frequency content of a signal. Moreover, the material used to build the structure affects the signals collected. Thus, we propose the use of three machine learning models (Decision Tree, Random Forest, and K-Nearest Neighbors (KNN)) to identify damage in walls from vibration signals using their spectral data and the wall's constituent material in addition to those already used in the literature. The proposed improvements increased accuracy by about 23%, leading to an average accuracy of 97.78% with KNN when combining statistical and spectral features.",,0.0,2025.0,Federal University of Rio Grande do Sul,Accelerometer; Computer science; Decision tree; Identification (biology); Vibration; Stability (learning theory); Instrumentation (computer programming); Quality (philosophy); SIGNAL (programming language); Tree (set theory); Data mining; Pattern recognition (psychology); Artificial intelligence; Machine learning; Acoustics; Mathematics,Universidade Federal de Juiz de Fora,BR,Article,EN,True,,Accelerometer; Computer science; Decision tree; Identification (biology); Vibration; Stability (learning theory); Instrumentation (computer programming); Quality (philosophy); SIGNAL (programming language); Tree (set theory); Data mining; Pattern recognition (psychology); Artificial intelligence; Machine learning; Acoustics; Mathematics; Mathematical analysis; Operating system; Epistemology; Programming language; Philosophy; Physics; Biology; Botany,articles-RITA-20260617-dointext.csv,3,0.8,
10.22456/2175-2745.142648,Comparison of AI Models for Data Extraction in Glucometers,"Genivaldo Braynner Teixeira do Carmo, Julyanne Maria Dos Santos Correia, Ronaldo Rodrigues da Silva Filho, Pablo Azevedo Sampaio, Robson Wagner Albuquerque de Medeiros",W4415968812,"Diabetes is a chronic condition that requires continuous monitoring of blood glucose levels, making glucose meters essential tools for managing patients’ health. This study compares three Artificial Intelligence models — Gemini, GPT-4o, and Llava 1.5 — to identify which one extracts glucose, date, and time data from these devices’ images with greater accuracy and efficiency. Through prompt engineering techniques, the aim is to optimize the extraction process, making it more reliable and automated, contributing to more precise and accessible glucose monitoring.",,0.0,2025.0,Federal University of Rio Grande do Sul,Extraction (chemistry); Data extraction; Pattern recognition (psychology); Feature extraction; Data modeling,Universidade Federal Rural de Pernambuco,BR,Article,EN,True,,Computer science; Artificial intelligence; Extraction (chemistry); Data mining; Data extraction; Pattern recognition (psychology); Machine learning; Feature extraction; Data modeling; Automation,articles-RITA-20260617-dointext.csv,1,0.5,2.0
10.22456/2175-2745.142954,"Optimizing Mikrotik-Based Network Security using Address List, Firewall Filter Rules, and Raw Firewall","Febrian Wahyu Christanto, Putri Cholillah, Alauddin Maulana Hirzan",W4415968828,"The rise of hacking access rights in computer networks has made it easy for cybercriminals to steal personal data. Based on Surfshark data during January 2020 - January 2024 explain that Indonesia became the country with the 8th most breached accounts in the world with an estimated 94.22 million breached digital accounts. Until now cyber sequrity in Indonesia is still weak in average. To minimize the occurrence of router hacking and cyber sequirty this research will implement network security optimization using the address list method, firewall filter rules, and firewall raw on Mikrotik Routers with conduct several tests. Security tests using Denial of Service (DoS) and Brute Force attack techniques carried out results evident that the use of firewall filter rules is effective to preventing Brute Force attacks that try to get the router device password with the CPU Load value dropping from 95% to 5%. However it is less effective to prevent DoS attacks with 800,000 attack packets because the CPU Load value only drops from 95% to 72%. This is still far from normal conditions. Security optimization using the raw firewall method proved more effective in preventing DoS attacks with the CPU Load value successfully dropping to 43%. So to secure the network from DoS attacks it is not enough just to use the built-in features of the Mikrotik router but also requires the support of other additional devices to increase its effectiveness in reducing the CPU load to a normal number below 10%.",,0.0,2025.0,Federal University of Rio Grande do Sul,Firewall (physics); Denial-of-service attack; Router; Network security; Application firewall; Network packet; Context-based access control,Universitas Semarang,ID,Article,EN,True,,Firewall (physics); Denial-of-service attack; Router; Computer network; Computer science; Computer security; Network security; Application firewall; Network packet; Context-based access control; Password; Hacker; Networking hardware; Network Access Protection; Engineering; Intrusion detection system; Operating system; Internet security,articles-RITA-20260617-dointext.csv,3,0.8,
10.22456/2175-2745.143066,Composite Material Defect Segmentation Using Deep Learning Models and Infrared Thermography,"Iago Garcia Vargas, Henrique Fernandes",W4407773057,"For non-destructive assessment, the segmentation of infrared thermographic images of carbon fiber composites is a critical task in material characterization and quality assessment. This study focuses on applying image processing techniques, particularly adaptive thresholding, alongside neural network models such as U-Net and DeepLabv3 for infrared image segmentation tasks. An experimental analysis was conducted on these networks to compare their performance in segmenting artificial defects from infrared images of a carbon-fibre reinforced polymer sample. The performance of these models was evaluated based on the F1-Score and Intersection over Union (IoU) metrics. The findings reveal that DeepLabv3 demonstrates superior results and efficiency in segmenting patterns of infrared images, achieving an F1-Score of 0.94 and an IoU of 0.74, showcasing its potential for advanced material analysis and quality control.",,1.0,2025.0,Federal University of Rio Grande do Sul,Thermography; Infrared; Segmentation; Materials science; Composite number; Artificial intelligence; Deep learning; Composite material; Computer science; Computer vision; Optics; Physics,Universidade Federal de Uberlândia,BR,Article,EN,True,,Thermography; Infrared; Segmentation; Materials science; Composite number; Artificial intelligence; Deep learning; Composite material; Computer science; Computer vision; Optics; Physics,articles-RITA-20260617-dointext.csv,2,0.8,
10.22456/2175-2745.143123,A Speech Emotion Recognition Approach Using Discrete Wavelet Transform and Deep Learning Techniques in a Brazilian Portuguese Corpus,"Rafael Greca Vieira, Alessandra Alaniz Macedo",W4415968844,"The study of emotion encompasses the human mind's cognitive processes and psychological states. With the rapid advancement and declining costs of technology, researchers have become increasingly focused on capturing voice, gestures, facial expressions, and other expressions of emotion. In this study, we combine a Deep Learning model with the Wavelet Transform technique for the task of Speech Emotion Recognition, which aims to detect and identify emotions in informal and spontaneous speech, part of a Brazilian-Portuguese corpus, achieving a macro F1-score of 0.566 and a ROC-AUC score of 0.7217 on the CORAA database, while surpassing the results achieved in another work presented at the International Conference on Computational Processing of Portuguese Language 2022, which uses the same architecture together with transfer learning techniques, by up to 11% macro F1. Our methodology integrates a deep learning model with advanced signal processing techniques. Specifically, we leverage a pre-trained large-scale neural network architecture tailored for audio analysis, incorporating Discrete Wavelet Transform and Mel Spectrogram features to enhance the model’s performance. Additionally, we apply the SpecAugment technique for effective data augmentation. Our approach is positioned as the second-best overall and the top-performing method among those that do not utilize open-set techniques, such as using other datasets or using transfer learning techniques during the model training, while being one of the few works that excelled the proposed baselines when compared with the works presented at the event.",,0.0,2025.0,Federal University of Rio Grande do Sul,Deep learning; Transfer of learning; Leverage (statistics); Spectrogram; Artificial neural network; Multi-task learning; Brazilian Portuguese; Speech processing; Wavelet transform,Hospital Universitário da Universidade de São Paulo,BR,Article,EN,True,,Computer science; Artificial intelligence; Deep learning; Transfer of learning; Leverage (statistics); Spectrogram; Speech recognition; Artificial neural network; Multi-task learning; Brazilian Portuguese; Machine learning; Speech processing; Natural language processing; Wavelet transform; Wavelet; Task analysis; Task (project management); Autoencoder; Macro; Pattern recognition (psychology); Emotion recognition; Emotion classification; Feature learning; Signal processing; Architecture; Deep neural networks; Discrete wavelet transform; Embedding; Facial expression; Autoregressive model,articles-RITA-20260617-dointext.csv,1,0.5,3.0
10.22456/2175-2745.143318,Deep Semantic Segmentation Applied to Honey Bee Comb Cells,"Gustavo Vasconcelos, André Roberto Ortoncelli, Fabiana Martins Costa, Marlon Marcon",W4407773201,"Machine learning is increasingly prevalent in various fields, including beekeeping, where it has been applied to honeycomb analysis through Semantic Segmentation of images. This study evaluates different neural network architectures and encoders using the Intersection over Union (IoU) method to segment Apis mellifera honeycombs. A comparative analysis of semantic segmentation techniques was conducted, revealing advancements in the field with the SegNet architecture combined with the MobileNet encoder for feature extraction. We present a new dataset of 10 comb cell images, which we combine with the images from the DeepBee dataset in our experiments. Our results surpass the state-of-the-art results for comb cell segmentation in the DeepBee dataset.",,3.0,2025.0,Federal University of Rio Grande do Sul,Artificial intelligence; Honey bee; Segmentation; Computer science; Biology; Natural language processing; Zoology,Universidade Tecnológica Federal do Paraná,BR,Article,EN,True,,Artificial intelligence; Honey bee; Segmentation; Computer science; Biology; Natural language processing; Zoology,articles-RITA-20260617-dointext.csv,2,0.8,
10.22456/2175-2745.143329,Deep Learning-Based Instance Segmentation for Enhanced Navigation of Agricultural Vehicles,"Renato de Avila Lopes, Marcus de Carvalho, Edson C. Kitani, Francisco de Assis Zampirolli, Leopoldo Rideki Yoshioka, Luiz A. Celiberto, Ugo Ibusuki",W4407773205,"This paper presents the development of a computer vision application based on the YOLOv8 network, designed to assist the navigation of autonomous vehicles on rural roads, particularly those found in sugarcane fields. The application employs instance segmentation to differentiate between navigable and non-navigable areas and detect obstacles such as pedestrians, vehicles, and other potential hazards. This information is used to generate an occupancy map that helps the navigation planner identify the safest and most efficient routes. The system was trained on a dataset containing 1.018 images, and the results demonstrate that instance segmentation significantly enhances the precision and safety of autonomous navigation in complex rural environments. The proposed approach is compatible with the ROS2 framework, using its structure for data integration and enabling real-time decision making.",,1.0,2025.0,Federal University of Rio Grande do Sul,Artificial intelligence; Segmentation; Deep learning; Computer science; Computer vision; Machine learning,Hospital Universitário da Universidade de São Paulo; São Paulo State Technological College; Universidade Federal do ABC,BR,Article,EN,True,,Artificial intelligence; Segmentation; Deep learning; Computer science; Computer vision; Machine learning,articles-RITA-20260617-dointext.csv,2,0.5,3.0
10.22456/2175-2745.143357,Transfer Learning and Handcrafted Features Ensembles for Ultrasound Breast Cancer Image Classification,"Vanessa Kaplum Foleis, Bianca Aparecida Andrade, Henrique Bergamo Shigihara, Dimas Augusto Mendes Lemes, José Guilherme Picolo, Bernardo Feijó Junqueira, Guilherme Ribeiro Sales, Valentino Corso, Cides S. Bezerra",W4407773095,"Breast cancer is the most commonly diagnosed cancer in women. Its diagnosis via ultrasound imaging largely depends on the technical skill of the radiologist. This study developed a binary classification system for breast lesions, combining transfer learning models and handcrafted features in ultrasound images. Pre-trained CNNs like InceptionV3, EfficientNetB4, ResNet50, and VGG16 were used, along with SVM-classified handcrafted features. Models were individually analyzed and combined using late-fusion ensembles. ResNet50 achieved an F1-score of 81.97%. The best late-fusion ensemble model reached an F1-score of 83.90%. In the cross-dataset evaluation, the top late-fusion ensemble model in the development dataset scored an F1-score of 88.70% and 78.20% in the test BUSI and BUID datasets, respectively. These results emphasize the robust potential of a late-fusion ensemble that combines CNN transfer learning and handcrafted features to classify breast lesions in ultrasound images.",,7.0,2025.0,Federal University of Rio Grande do Sul,Transfer of learning; Computer science; Artificial intelligence; Breast cancer; Ultrasound; Image (mathematics); Machine learning; Pattern recognition (psychology); Radiology; Cancer; Medicine; Internal medicine,Centre for Research and Development in Telecommunications (Brazil); Pontifícia Universidade Católica de Campinas,BR,Article,EN,True,,Transfer of learning; Computer science; Artificial intelligence; Breast cancer; Ultrasound; Image (mathematics); Machine learning; Pattern recognition (psychology); Radiology; Cancer; Medicine; Internal medicine,articles-RITA-20260617-dointext.csv,1,0.5,2.0
10.22456/2175-2745.143392,New Approach for Soil Carbon and Nitrogen Assessment through Image Analysis: A Case Study with Oxisols and Inceptisols,"Juliano Tiago Rinaldi, Dalcimar Casanova, Larissa Macedo dos Santos, Marcelo Teixeira, Heitor Silvério Lopes",W4407772985,"This paper presents a new method for predicting carbon and nitrogen content in Oxisols and Inceptisols soils using image analysis. The dataset comprises 40 Oxisols images and 51 Inceptisols images collected in southern Brazil. The images were segmented to isolate the soil area, resulting in the extraction of 12,744 windows. A pre-trained EfficientNetV2-S model was fine-tuned for regression, adding five layers at the end. The model was evaluated using RMSE and R² metrics. Two experiments were conducted: one predicting carbon and nitrogen content for each window and another predicting the median values of the windows for each soil sample. The results show that the median-based prediction significantly improved model performance, achieving an R² of 0.7425 for carbon and 0.7774 for nitrogen. This method offers a faster, non-destructive alternative to laboratory analysis for estimating soil carbon and nitrogen content, contributing to sustainable agricultural practices.",,0.0,2025.0,Federal University of Rio Grande do Sul,Oxisol; Inceptisol; Soil carbon; Carbon fibers; Soil science; Environmental science; Mathematics; Soil water; Algorithm,Universidade Tecnológica Federal do Paraná,BR,Article,EN,True,,Oxisol; Inceptisol; Soil carbon; Carbon fibers; Soil science; Environmental science; Mathematics; Soil water; Algorithm; Composite number,articles-RITA-20260617-dointext.csv,2,1.0,
10.22456/2175-2745.143437,Mini-map Alignment Approach using Landmark Observation Information Intrinsic to the Feature-based Visual SLAM Pipeline,"Felipe Pires Saraiva, Gustavo Teodoro Laureano, Thiago Henrique De Oliveira",W4407772839,"This work proposes a map alignment approach based on a simple modification of the Iterative Closest Point algorithm to use point confidences based on metrics usually available in feature-based visual SLAM pipelines. In the context of a hierarchical map composed of mini-maps, aligning these mini-maps is an important task to allow metric information to be related between them. This research enumerates three possible SLAM metrics that could be used for representing landmark confidence, and investigate the potential of using these metrics to improve the ICP algorithm. The experiments show evidence that the usage of the confidence metrics might help to improve the convergence of ICP with only a small modification to the data association step.",,0.0,2025.0,Federal University of Rio Grande do Sul,Landmark; Pipeline (software); Artificial intelligence; Computer vision; Feature (linguistics); Computer science; Pattern recognition (psychology),Universidade Federal de Goiás,BR,Article,EN,True,,Landmark; Pipeline (software); Artificial intelligence; Computer vision; Feature (linguistics); Computer science; Pattern recognition (psychology); Linguistics; Programming language; Philosophy,articles-RITA-20260617-dointext.csv,2,1.0,
10.22456/2175-2745.143443,Case Study of Deep Learning Methods for Depth Estimation in Indoor Ground Robotics,"Fábio Leandro Vizzotto, Márcio das Chagas Moura, Vinicius da Silva Souza, Cides Semprebom Bezerra, Guilherme Ribeiro Sales, Valentino Corso, Luiz Eduardo Pita Mercês Almeida, D. Abreu",W4407772840,"Depth estimation is the computer vision task that assigns a distance between the camera and each pixel in an image. This paper focuses on monocular metric depth estimation in videos, which infers a distance in metric units using a single RGB camera. Considering its applications, robotics systems and environmental mapping arise as practical areas that can make extensive usage of these techniques. As a case study for indoor robotics, the ICL ground robot dataset obtained by video footage in graphic simulation was used for experiments. A comparison was made considering the results and requirements of data acquisition needed for different deep learning models, presenting self-supervised and supervised methods available in literature and being the first work to present a depth estimation benchmark for the chosen dataset.",,0.0,2025.0,Federal University of Rio Grande do Sul,Artificial intelligence; Robotics; Deep learning; Estimation; Computer science; Machine learning; Geology; Computer vision; Engineering; Robot; Systems engineering,Centre for Research and Development in Telecommunications (Brazil); Pontifícia Universidade Católica de Campinas,BR,Article,EN,True,,Artificial intelligence; Robotics; Deep learning; Estimation; Computer science; Machine learning; Geology; Computer vision; Engineering; Robot; Systems engineering,articles-RITA-20260617-dointext.csv,2,0.5,3.0
10.22456/2175-2745.143458,Rust Detection in Coffee Leaves Using Otsu's Method and Mathematical Morphology,"René Ernesto García Rivas, Renata S. Melo, Saide Manuel Saide, André Ricardo Backes, Henrique Fernandes",W4407773151,"Coffee leaf rust is a major threat to global coffee production, causing significant yield and quality losses. Traditional detection methods rely on manual inspection, which is labor-intensive, time-consuming, and susceptible to human error. This study presents an automated system for detecting coffee leaf rust using image processing techniques, combining Otsu's thresholding method with mathematical morphology to accurately identify rust-affected areas in digital images. The methodology addresses challenges such as variability in image quality, noise, and segmentation accuracy. Using a dataset of manually annotated images, the system's performance was evaluated with the Dice coefficient, demonstrating its effectiveness. Finally, we compare the results with a method that uses genetic algorithms to achieve the same goal, obtaining good results despite using a much simpler process.",,1.0,2025.0,Federal University of Rio Grande do Sul,Mathematical morphology; Morphology (biology); Rust (programming language); Artificial intelligence; Botany; Mathematics; Biology; Computer science; Image processing; Zoology; Image (mathematics),Universidade Federal de São Carlos; Universidade Federal de Uberlândia,BR,Article,EN,True,,Mathematical morphology; Morphology (biology); Rust (programming language); Artificial intelligence; Botany; Mathematics; Biology; Computer science; Image processing; Zoology; Image (mathematics); Programming language,articles-RITA-20260617-dointext.csv,2,0.8,
10.22456/2175-2745.143463,Identifying Malignant Skin Diseases Through Deep Learning,"Gabriel Sávio de Lima Mota, Matheus Vieira da Silva, João Fernando Mari, André Ricardo Backes",W4407773000,"Early and accurate identification of malignant skin diseases is critical to improving treatment outcomes and patient prognosis. Current diagnostic methods heavily rely on visual assessments by medical professionals, followed by biopsies for confirmation. These approaches can be subjective and require significant expertise, while access to specialized care remains limited, particularly in developing regions. Recent advancements in artificial intelligence, specifically deep learning, present an opportunity to improve dermatological diagnostics. This paper explores the application of two deep learning models, ResNet and Vision Transformer (ViT), for the automated detection of malignant skin conditions. Both models were trained on the PAD-UFES-20 dataset, which comprises clinical skin lesion images captured via smartphones. Our findings suggest that these models can offer real-time diagnostic support at reduced costs, with accuracy levels comparable to or exceeding human performance, with the best experiment achieving the F1 score of 79.89% and an accuracy of 80.63%.",,3.0,2025.0,Federal University of Rio Grande do Sul,Dermatology; Medicine; Artificial intelligence; Computer science,Universidade Federal de São Carlos; Universidade Federal de Uberlândia; Universidade Federal de Viçosa,BR,Article,EN,True,,Dermatology; Medicine; Artificial intelligence; Computer science,articles-RITA-20260617-dointext.csv,1,0.5,2.0
10.22456/2175-2745.143478,Medical Image Classification with Privacy: Centralized and Federated Learning Comparison,"Lara Cristina Evaristo Rodrigues, Gleidson Barbosa, Rodrigo Moreira, Larissa Ferreira Rodrigues Moreira, André Ricardo Backes",W4407772957,"The use of different techniques in image-based medical diagnostic computing has positively impacted the healthcare industry. Diseases such as colon and lung cancer can be detected using image classification strategies. In this context, Federated Learning (FL) has emerged as an enabling approach to disease detection with security and privacy when handling sensitive patient data. This study aimed to compare the centralized and FL classifications of histopathological images of lung and colon cancer. We compared the performance of FL with that of centralized learning, and the results indicated that FL outperformed centralized approaches in scenarios with heterogeneous datasets. These findings highlight the potential of FL as an alternative to medical image classification, particularly in privacy-sensitive applications.",,2.0,2025.0,Federal University of Rio Grande do Sul,Computer science; Information privacy; Federated learning; Image (mathematics); Internet privacy; Information retrieval; Artificial intelligence,Universidade Federal de São Carlos; Universidade Federal de Uberlândia; Universidade Federal de Viçosa,BR,Article,EN,True,,Computer science; Information privacy; Federated learning; Image (mathematics); Internet privacy; Information retrieval; Artificial intelligence,articles-RITA-20260617-dointext.csv,1,0.5,2.0
10.22456/2175-2745.143480,Federated Learning in Breast Cancer Diagnosis,"Gleidson Barbosa, Leonardo Gabriel Ferreira Rodrigues, Larissa Ferreira Rodrigues Moreira, André Ricardo Backes",W4407773126,"Breast cancer, which accounts for 29.7% of cancer cases among women and has a mortality rate of approximately 16.5%, it is the most common cancer in Brazil. To enhance early detection and minimize the occurrence of advanced cases, pathologists are increasingly utilizing deep learning techniques to analyze histopathological images. This study investigates and compares the performance of two convolutional neural networks, AlexNet and ResNet50, in federated and centralized training settings. By employing the BreakHis dataset, the research explores the effectiveness of federated learning in securely distributing model training across multiple clients and contrasts it with traditional centralized training approaches. This study investigates whether federated learning can achieve performance close to that of centralized approaches while ensuring privacy for breast cancer histopathology image classification. It is hypothesized that federated learning can provide comparable results to centralized approaches while ensuring the confidentiality of patient data. Our results confirm that federated learning performs similarly to centralized learning with the added benefits of maintaining privacy and supporting collaboration among multiple clients. The findings aim to advance the state of the art in breast cancer detection, addressing both the challenges of privacy and data distribution and the impact of different training methodologies on model performance.",,3.0,2025.0,Federal University of Rio Grande do Sul,Cancer; Breast cancer; Medicine; Computer science; Oncology; Internal medicine,Universidade Federal de São Carlos; Universidade Federal de Uberlândia,BR,Article,EN,True,,Cancer; Breast cancer; Medicine; Computer science; Oncology; Internal medicine,articles-RITA-20260617-dointext.csv,3,0.8,
10.22456/2175-2745.143486,Digital Fencing for Farms: Enhancing Object Detection through Multi-Dataset Integration,"Juliana Quintiliano de Oliveira Ferreira, Lucas Silva, Thiago L. Gomes, Michel M. Silva",W4407773216,"Security in farm areas is a critical concern due to the risks posed by wild animal invasions, farm animals straying, and unauthorized human entry. Conventional object detection models, often trained on urban or context-specific datasets, frequently underperform in farm settings. To address this, our study investigates the integration of multi-datasets to enhance object detection for digital fences, thereby improving farm security. We propose a method to effectively utilize multi-datasets, even when they do not have the same classes, ensuring comprehensive coverage of all required categories. The proposed SmartClass methodology achieved more robust and adaptable detection approaches, suitable for agricultural environments, with considerable increases in recall, mAP50, and mAP50-95 metrics compared to models trained without the methodology. The code and data are available at github.com/MaVILab-UFV/Digital-Fencing-WVC-2024.",,0.0,2025.0,Federal University of Rio Grande do Sul,Fencing; Computer science; Object (grammar); Object based; Artificial intelligence; Computer vision; Operating system,Universidade Federal de Viçosa,BR,Article,EN,True,,Fencing; Computer science; Object (grammar); Object based; Artificial intelligence; Computer vision; Operating system,articles-RITA-20260617-dointext.csv,2,1.0,
10.22456/2175-2745.143487,Automatic Identification of Relevant Moments in Security Force Videos Using Multimodal Analysis,"Luísa Ferreira, Michel M. Silva",W4407772858,"Due to the increasing requirement for police officers to wear body cameras, there is an increased need for algorithms that can automatically detect relevant moments in footage. This paper presents an automated system that uses audio and video inputs to highlight key events in recordings, reducing the need for operators to watch entire videos. Our method detects firearms and crowd gatherings with object detection, identifies people raising their hands with pose estimation. We also detect sound patterns such as sirens, gunshots, and shouts and use Automatic Speech Recognition to transcribe conversations and identify keywords for relevant events. Our system, evaluated with videos from YouTube channels such as PMTVSP, PoliceActivity, and Code Blue Cam, effectively identifies significant moments in security footage where agents are engaged in activities beyond routine patrol, thus avoiding the need for a human to watch the entire video to point out relevant moments.",,0.0,2025.0,Federal University of Rio Grande do Sul,Identification (biology); Computer science; Artificial intelligence; Pattern recognition (psychology),Universidade Federal de Viçosa,BR,Article,EN,True,,Identification (biology); Computer science; Artificial intelligence; Pattern recognition (psychology); Botany; Biology,articles-RITA-20260617-dointext.csv,2,0.5,3.0
10.22456/2175-2745.143490,Evaluating Deep Learning Models for Effective Weed Classification in Agricultural Images,"Bianca Panacho Ferreira, Pedro Henrique Campos Moreira, Leandro Henrique Furtado Pinto Silva, João Fernando Mari",W4407772897,"Effective weed management is crucial for maximizing agricultural productivity and minimizing crop losses. Traditional methods for weed detection and classification often suffer from errors and delays, particularly in the absence of specialists. Deep learning technologies offer a promising alternative for automating these tasks, potentially enhancing both accuracy and efficiency. This study compares three advanced deep learning architectures, ResNet-50, EfficientNet V2, and Vision Transformers (ViT), for classifying weed species using the DeepWeeds dataset. We explore the effects of data augmentation on model performance, evaluating each model based on accuracy, precision, recall, and F1 score. Our results demonstrate that data augmentation significantly improves model performance. EfficientNet V2 achieved the highest performance across all metrics, with a peak accuracy of 0.9703. This research provides valuable insights into selecting effective architectures and training strategies for more accurate weed detection in agricultural applications.",,6.0,2025.0,Federal University of Rio Grande do Sul,Weed; Artificial intelligence; Agriculture; Computer science; Deep learning; Biology; Agronomy; Ecology,Universidade Federal de Viçosa,BR,Article,EN,True,,Weed; Artificial intelligence; Agriculture; Computer science; Deep learning; Biology; Agronomy; Ecology,articles-RITA-20260617-dointext.csv,2,1.0,
10.22456/2175-2745.143494,Aedes aegypti Egg Counting with Neural Networks for Object Detection,"Micheli Nayara de Oliveira Vicente, João Vitor de Andrade Porto, Gabriel Toshio Hirokawa Higa, Higor Henrique Picoli Nucci, Asser Botelho Santana, Karla Rejane de Andrade Porto, Antônia Railda Roel, Hemerson Pistori",W4407772836,"Aedes aegypti is still one of the main concerns when it comes to disease vectors. Among the many ways to deal with it, there are important protocols that make use of egg numbers in ovitraps to calculate indices, such as LIRAa and Breteau Index, which can provide information on predictable outbursts and epidemics. Also, there are many research lines that require egg numbers, specially when mass production of mosquitoes is needed. Egg counting is a laborious and error-prone task that can be automated via computer vision-based techniques, specially deep learning-based counting with object detection. In this work, we propose a new dataset comprising field and laboratory eggs, along with test results of three neural networks applied to the task: Faster R-CNN, Side-Aware Boundary Localization and FoveaBox. With FoveaBox, we achieve a median mean absolute error of 6.854. Finally, we also discuss the main difficulties and possibilities for future research.",,1.0,2025.0,Federal University of Rio Grande do Sul,Aedes aegypti; Artificial intelligence; Artificial neural network; Computer science; Object (grammar); Computer vision; Zoology; Biology; Ecology; Larva,MRE Soluções (Brazil); Universidade Católica Dom Bosco; Universidade Federal de Mato Grosso do Sul,BR,Article,EN,True,,Aedes aegypti; Artificial intelligence; Artificial neural network; Computer science; Object (grammar); Computer vision; Zoology; Biology; Ecology; Larva,articles-RITA-20260617-dointext.csv,2,0.5,3.0
10.22456/2175-2745.143495,Castor Beans Identification in Sugarcane Plantations Using Active Learning,"Juan Sales, Mário de Araújo Carvalho, José Marcato, Wesley Nunes Gonçalves",W4407773166,"Castor beans have multiple applications but can become weeds in several crops. Manual identification is unfeasible in large plantations. Machine learning models can make identification efficient but require a lot of labeled data. Many images of a plantation would be similar and wouldn't improve the model's performance. Active learning (AL) allows labeling only relevant data, often surpassing the performance of models trained on entire datasets. In this work, we detect castor beans, with an AL method that uses self-supervised pretext tasks to separate data for labeling. Models based on pretext tasks presented a decrease in recall relative to the model trained in the whole dataset, which has 93%. We also trained a pseudo-task that separates data with a reasonable concentration of castor bean images. The pseudo-task classifier obtained a 92% recall, being trained in less than 1% of the dataset.",,0.0,2025.0,Federal University of Rio Grande do Sul,Identification (biology); Agroforestry; Castor beans; Agronomy; Biology; Botany; Ricinus,Universidade Federal de Mato Grosso do Sul,BR,Article,EN,True,,Identification (biology); Agroforestry; Castor beans; Agronomy; Biology; Botany; Ricinus,articles-RITA-20260617-dointext.csv,2,1.0,
10.22456/2175-2745.143502,Analyzing Bee Behavior Through Video Tracking Using Computer Vision Techniques,"I. Lima, André Roberto Ortoncelli, Michele Potrich, Marlon Marcon",W4407773186,"Bees are responsible for a large part of the pollination of plant species and act as bioindicators in evaluating phytosanitary products. Research on bee behavior and mortality can be carried out in laboratories with a controlled environment. Still, even so, behavioral assessment, when performed visually by an expert, becomes time-consuming and susceptible to failures, which justifies the creation of automated systems for this purpose. This article presents a tool based on Computer Vision to support this activity. The YOLO/Darknet architecture was used to detect bees in videos, and experiments were carried out with eight pre-trained models, obtaining adequate results of insect detection, which were used to develop an interface that provides graphs and reports: heat maps, walking maps, the percentage of the area explored, the time spent moving, and the speed at which individuals move. Experts can interpret the information produced by the proposed tool to understand bee behavior.",,0.0,2025.0,Federal University of Rio Grande do Sul,Computer vision; Artificial intelligence; Computer science; Computer graphics (images); Tracking (education); Video tracking; Video processing; Psychology,Universidade Tecnológica Federal do Paraná,BR,Article,EN,True,,Computer vision; Artificial intelligence; Computer science; Computer graphics (images); Tracking (education); Video tracking; Video processing; Psychology; Pedagogy,articles-RITA-20260617-dointext.csv,3,0.8,
10.22456/2175-2745.143508,Data Augmentation and Convolutional Network Architecture Influence on Distributed Learning,"Verena Jansen, Emanuel Teixeira Martins, Yasmin Souza Lima, Flávio de Oliveira Silva, Rodrigo Moreira, Larissa Ferreira Rodrigues Moreira",W4407773148,"Convolutional Neural Networks (CNNs) have proven to be highly effective in solving a broad spectrum of computer vision tasks, such as classification, identification, and segmentation. These methods can be deployed in both centralized and distributed environments, depending on the computational demands of the task. While much of the literature has focused on the explainability of CNNs, which is essential for building trust and confidence in their predictions, there remains a gap in understanding their impact on computational resources, particularly in distributed training contexts. In this study, we analyze how CNN architectures primarily influence model accuracy and investigate additional factors that affect computational efficiency in distributed systems. Our findings contribute valuable insights for optimizing the deployment of CNNs in resource-intensive scenarios, paving the way for further exploration of variables critical to distributed learning.",,0.0,2025.0,Federal University of Rio Grande do Sul,Computer science; Architecture; Convolutional neural network; Network architecture; Computer architecture; Artificial intelligence; Distributed computing; Computer network,Universidade Federal de Uberlândia; Universidade Federal de Viçosa,BR,Article,EN,True,,Computer science; Architecture; Convolutional neural network; Network architecture; Computer architecture; Artificial intelligence; Distributed computing; Computer network; Art; Visual arts,articles-RITA-20260617-dointext.csv,2,0.5,3.0
10.22456/2175-2745.143513,Portal to Other Dimensions: use of Computer Vision to create art work from day life images,"Luísa Ferreira, Ana Clara Fraga Osias, Lucas Vieira dos Santos, Michel M. Silva",W4407772881,"This work aims to combine classic and contemporary paintings with the external world by altering the interior of a door into another style in real-time photos and/or videos, creating a portal effect to provide an interactive experience with artworks. To achieve this, various techniques from Artificial Intelligence and Computer Vision were employed, primarily focusing on convolutional neural networks (CNNs) with supervised training. Models proposed for semantic segmentation problems were used for door detection and style transfer to stylize the input image. Finally, we conclude with an analysis of the results for each network individually and in combination, ensuring that the metrics and approaches were satisfactory. With our results, we were able to offer an accessible and interactive way to bring art into the daily lives of many people.",,0.0,2025.0,Federal University of Rio Grande do Sul,Work (physics); Computer science; Computer vision; Computer graphics (images); Artificial intelligence; Visual arts; Human–computer interaction; Art; Engineering; Mechanical engineering,Universidade Federal de Viçosa,BR,Article,EN,True,,Work (physics); Computer science; Computer vision; Computer graphics (images); Artificial intelligence; Visual arts; Human–computer interaction; Art; Engineering; Mechanical engineering,articles-RITA-20260617-dointext.csv,2,1.0,
10.22456/2175-2745.143514,Construction of Rolled Digital for Newborns Using Image Registration,"Wesley Augusto Catuzzo de Bona, Jefferson Tales Oliva, Luiz Fernando Puttow Southier, Fábio Favarim, Marcelo Teixeira, Dalcimar Casanova",W4407773040,"This work aimed to reconstruct rolled fingerprint images from multiple flat fingerprints using image registration and composition techniques. The methodology involved selecting high-quality frames through a quality network, the application of preprocessing with remapping, cropping the area of interest, and adjusting colors. In addition to image registration steps, like key point identification, feature matching, and image distortion. Results indicated that while classical image registration had limitations, the composition technique significantly increased the number of features extracted, enhancing fingerprint identification. It was demonstrated that the composition method effectively captures important fingerprint details, offering a potential improvement in newborn biometric identification.",,1.0,2025.0,Federal University of Rio Grande do Sul,Computer vision; Artificial intelligence; Image registration; Computer science; Image (mathematics); Computer graphics (images),Universidade Tecnológica Federal do Paraná,BR,Article,EN,True,,Computer vision; Artificial intelligence; Image registration; Computer science; Image (mathematics); Computer graphics (images),articles-RITA-20260617-dointext.csv,2,0.8,
10.22456/2175-2745.143516,Deep Learning-Based Segmentation of Nanomaterial Images Acquired via Scanning Electron Microscopy,"Ivânia Maria Lucinda De Donato, Juliana do Nascimento Lunz, Fernanda Davi Marques, Bráulio S. Archanjo, Francisco J. P. Lopes, Gilson A. Giraldi",W4407773165,"This work investigates the application of deep learning techniques to analyze nanomaterial images acquired by scanning electron microscopy (SEM). The main objective is to improve the segmentation of zinc oxide (ZnO) nanoparticles and graphene oxide (GO) nanosheets. For this purpose, we developed a dedicated database for the supervised training of deep neural networks, using the U-Net architecture. Given the high spatial resolution of the original images, we investigated two approaches for image subdivision during the training and testing stages. Due to the high cost of acquiring and annotating SEM images of nanomaterials, we applied transfer learning through fine-tuning, adapting the network previously trained on ZnO images to segment GO images. The results were promising, with accuracies and recalls exceeding 95% for both ZnO and GO images.",,1.0,2025.0,Federal University of Rio Grande do Sul,Scanning electron microscope; Segmentation; Nanomaterials; Artificial intelligence; Materials science; Microscopy; Electron microscope; Computer vision; Nanotechnology; Computer science; Optics; Physics; Composite material,"Instituto Nacional de Metrologia, Qualidade e Tecnologia; Laboratório Nacional de Computação Científica; Universidade Federal do Rio de Janeiro",BR,Article,EN,True,,Scanning electron microscope; Segmentation; Nanomaterials; Artificial intelligence; Materials science; Microscopy; Electron microscope; Computer vision; Nanotechnology; Computer science; Optics; Physics; Composite material,articles-RITA-20260617-dointext.csv,2,0.8,
10.22456/2175-2745.143520,Classification of Agricultural Pests Through Digital Images Using Deep Learning,"Pedro Costa, Thiago Matheus De Oliveira Costa, Larissa Ferreira Rodrigues Moreira, Leandro Henrique Furtado Pinto Silva, João Fernando Mari",W4407772887,"In the agricultural sector, pest detection is vital, and given the susceptibility of human analysis to errors, deep learning solutions such as Convolutional Neural Networks (CNNs) provide a promising alternative. Classifying insect pests is challenging due to the high variability among species across different regions and their various life stages. In this study, we evaluate several deep learning models and training strategies for automatic pest image classification. We analyze four CNN architectures—AlexNet, ResNet-50, EfficientNet, and Vision Transformer (ViT). Following a hyperparameter optimization step, the models were fine-tuned, and we examined the impact of four data augmentation strategies on classification performance using the Agricultural Pests dataset. ViT demonstrated superior performance, achieving an accuracy of 0.9574 without data augmentation. Although ViT did not benefit from data augmentation, these techniques proved essential for enhancing the performance of AlexNet, ResNet-50, and EfficientNet. Our findings underscore the potential of deep learning methods for pest classification, offering valuable tools to help professionals maintain crop quality and value.",,3.0,2025.0,Federal University of Rio Grande do Sul,Agriculture; Artificial intelligence; Computer science; Deep learning; Computer vision; Agricultural engineering; Geography; Engineering; Archaeology,Universidade Federal de Viçosa,BR,Article,EN,True,,Agriculture; Artificial intelligence; Computer science; Deep learning; Computer vision; Agricultural engineering; Geography; Engineering; Archaeology,articles-RITA-20260617-dointext.csv,2,0.5,3.0
10.22456/2175-2745.143521,Exploiting Data Augmentation Strategies to Improve the Classification of Spinal Disorders in X-Ray Images,"João Flávio Martins Pereira, João Fernando Mari, Leandro Henrique Furtado Pinto Silva",W4407773175,"Spinal disorders affect a significant portion of the population and are a growing concern for healthcare authorities due to their potentially debilitating consequences. In this context, computer vision techniques offer a promising path for rapid diagnosis, but they often require large datasets to train robust and reliable models. However, public datasets that can support the training of such models are scarce. To address this, we explored the application of advanced data augmentation strategies, namely CutMix, CutOut, and MixUp, combined with standard augmentation techniques to improve the performance of deep learning models in classifying X-ray images into three categories: (i) healthy, (ii) scoliosis, and (iii) spondylolisthesis. We applied these techniques by training the ResNet-50, Vision Transformer (ViT), and Swin Transformer V2 architectures, evaluating their effectiveness for this task. Our experiments revealed that the combination of ViT architecture and CutMix augmentation achieved the highest accuracy, with a performance of 0.9882.",,1.0,2025.0,Federal University of Rio Grande do Sul,Computer science; Artificial intelligence; Medicine,Universidade Federal de Viçosa,BR,Article,EN,True,,Computer science; Artificial intelligence; Medicine,articles-RITA-20260617-dointext.csv,1,0.5,2.0
10.22456/2175-2745.143522,Automatic Detection and Counting of Tuta Absoluta Insect in Trap Images,"Gabriel Santos De Souza, Camila Corrêa Vargas, Jean Carlo Hamerski",W4407772972,"The integration of artificial intelligence (AI) into agriculture offers solutions to challenges such as pest control. AI can improve productivity and sustainability through precision agriculture. This paper presents an automatic system for identifying and counting Tuta absoluta pests in trap images, integrated into a monitoring platform. The platform uses a biological defensive system for sustained pest control. The solution employs ImageAI deep learning algorithms to detect and classify pests, using YOLOv3 and TinyYOLOv3 models. We provide assessments of the performance and resource consumption of the evaluated models. YOLOv3 achieved a detection precision of 95.28% in images with 10-50 insects, decreasing to 87.51% for around 100 insects. Despite YOLOv3 demonstrating higher precision in the detection of the number of insects, the Tiny YOLOv3 model was shown to be 4.5 times faster in the training process and occupies almost 8 times less storage space.",,2.0,2025.0,Federal University of Rio Grande do Sul,Tuta absoluta; Trap (plumbing); Computer science; Environmental science; Biology; Larva; Botany,"Instituto Federal de Educação, Ciência e Tecnologia do Rio Grande do Sul; The Navigator (Portugal)",BR; PT,Article,EN,True,,Tuta absoluta; Trap (plumbing); Computer science; Environmental science; Biology; Larva; Botany; Gelechiidae; Environmental engineering,articles-RITA-20260617-dointext.csv,2,0.5,3.0
10.22456/2175-2745.143523,Fusion of Satellite and Drone Images for Identifying Water Bodies,"Ariane Paula Barros, Elizângela Jussara dos Santos, Fernanda Kristen da Silva Pedro, Dimas Augusto Mendes Lemes, José Picolo, Guilherme Ribeiro Sales, Valentino Corso, Cides Semprebom Bezerra",W4407773168,"Mapping areas with water bodies is crucial for monitoring water systems and resource management, as well as for guiding urban expansion and land-use planning, thus contributing to sustainable resource management, flood prevention, and the conservation of aquatic ecosystems. While satellite images offer broad territorial coverage, drones provide high spatial resolution of the Earth's surface. In this research, the Pulse Coupled Neural Network (PCNN) [1] image fusion method and the GDAL Pansharpening method, the latter being available in QGIS, were compared to determine which is more effective in merging images to highlight water surface areas in a case study, combining the spectral coverage of satellites with the precision of drones. The implemented PCNN model was able to overcome QGIS Pansharpening method, which is based on Brovey algorithm, obtaining better metrics. This study of drone and satellite image fusion has shown to be a promising approach to overcome the limitations of these technologies when used individually.",,1.0,2025.0,Federal University of Rio Grande do Sul,Drone; Satellite; Fusion; Remote sensing; Computer vision; Computer science; Artificial intelligence; Environmental science; Geography; Engineering; Aerospace engineering; Biology,Centre for Research and Development in Telecommunications (Brazil); Pontifícia Universidade Católica de Campinas,BR,Article,EN,True,,Drone; Satellite; Fusion; Remote sensing; Computer vision; Computer science; Artificial intelligence; Environmental science; Geography; Engineering; Aerospace engineering; Biology; Philosophy; Genetics; Linguistics,articles-RITA-20260617-dointext.csv,2,0.5,3.0
10.22456/2175-2745.143526,Artificial Intelligence for Gas Leak Detection with Thermal Cameras and Metal Oxide Semiconductor Sensors,"Edmilson Sanches, Fábio Augusto, Paulo Márcio da Silveira, Bernardo Feijó Junqueira, Dimas Augusto Mendes Lemes, J.L. Picolo, Guilherme Ribeiro Sales, Valentino Corso, Cides S. Bezerra",W4407773021,"Early detection of gas leaks is crucial for safety and efficiency in oil platforms and refineries. The presence of various hazardous gases, often imperceptible to human senses, poses significant risks. AI-powered solutions can effectively monitor for gas leaks, improving safety and ensuring efficient operations. In this work we proposed a modular architecture effectively combines tabular data from gas sensors and spatial information from thermal images using a variety of backbones, including MobileNet. By employing dense layers and an optimized training strategy, we achieved state-of-the-art performance, with 100% accuracy, demonstrating the effectiveness of our approach for gas leakage detection.",,1.0,2025.0,Federal University of Rio Grande do Sul,Leak detection; Leak; Semiconductor; Oxide; Gas leak; Materials science; Artificial intelligence; Computer science; Optoelectronics; Engineering; Chemistry; Metallurgy,Centre for Research and Development in Telecommunications (Brazil); Pontifícia Universidade Católica de Campinas,BR,Article,EN,True,,Leak detection; Leak; Semiconductor; Oxide; Gas leak; Materials science; Artificial intelligence; Computer science; Optoelectronics; Engineering; Chemistry; Metallurgy; Environmental engineering; Organic chemistry,articles-RITA-20260617-dointext.csv,2,1.0,
10.22456/2175-2745.143528,Big Data in Healthcare: Possibilities and Challenges - A Systematic Literature Review,"Luís Barata, João Louro, João Afonso",W4411483742,"In today's world, the extensive use of Big Data emerges as a fundamental component in various sectors, and healthcare is no exception. This article explores the importance of using this data for the continuous improvement of patient care, providing them with a better quality of life. However, for this to happen, several challenges must be overcome, especially in data processing and analysis, and in this sector, it is crucial that their accuracy and integrity are not compromised, as they are related to life and death. In this study, we present a survey of technologies, possibilities, and challenges that arise in this field through a systematic review of various articles with cutting-edge approaches to the subject. Consequently, the advantages of using Big Data in healthcare will be highlighted, as well as the critical need to overcome the inherent challenges to achieve efficient and ethical implementation.",,0.0,2025.0,Federal University of Rio Grande do Sul,Big data; Health care; Data science; Computer science; Field (mathematics); Systematic review; Risk analysis (engineering); Quality (philosophy); Data quality; Business; MEDLINE; Political science; Data mining; Marketing,Polytechnic Institute of Castelo Branco,PT,Review,EN,True,,Big data; Health care; Data science; Computer science; Field (mathematics); Systematic review; Risk analysis (engineering); Quality (philosophy); Data quality; Business; MEDLINE; Political science; Data mining; Marketing; Metric (unit); Mathematics; Philosophy; Epistemology; Pure mathematics; Law,articles-RITA-20260617-dointext.csv,1,0.5,3.0
10.22456/2175-2745.143530,How Misleading Can The Analysis of Human Eye Movements Be? Experiments on Dominante Eye and Cognitive Visual Perception,"Alisson Moriyasu Pinto, João Vitor Macedo Romera, Carlos Eduardo Thomaz",W4407773027,"Research on the human dominant eye has existed for over 100 years, yet no consistent methodology uses dominant eye data to analyze eye movements in eye-tracking studies. This is concerning, as eye-tracking technology is increasingly important for understanding human visual perception, especially in healthcare decision-making. The aim of this project is to develop an approach for analyzing the dominant eye using Tobii TX300 eye-tracking equipment. The specific objectives are: (1) to create a fast, non-invasive test to determine the dominant eye; (2) to develop a signal acquisition system with various stimuli and pattern recognition; and (3) to analyze results based on dominant eye outcomes. Initial results show divergence between the eyes, but the mean of fixation points from both eyes provides the most accurate mathematical metric with the lowest quadratic errors compared to theoretical fixation points.",,0.0,2025.0,Federal University of Rio Grande do Sul,Eye movement; Gaze-contingency paradigm; Human eye; Perception; Cognition; Cognitive psychology; Psychology; Eye tracking; Visual perception; Optometry; Computer science; Computer vision; Neuroscience; Medicine,Centro Universitário FEI,BR,Article,EN,True,,Eye movement; Gaze-contingency paradigm; Human eye; Perception; Cognition; Cognitive psychology; Psychology; Eye tracking; Visual perception; Optometry; Computer science; Computer vision; Neuroscience; Medicine,articles-RITA-20260617-dointext.csv,2,1.0,
10.22456/2175-2745.143534,Sheep Behavioral Analysis with Optical Flow,"Pedro Henrique Neves da Silva, Rodrigo Gonçalves Mateus, Diego André Sant’Ana, Sebastião Lucas Neves de Melo, Hemerson Pistori",W4407772876,"Determining behavioral deviations in sheep is challenging through visual observation alone, as sheep are generally stoic animals and may not easily show signs of pain or discomfort. This study aimed to evaluate and classify activity changes in sheep using optical flow algorithms as an alternative approach. Video recordings of 32 sheep housed in 8 pens were analyzed over 4 days, with each day consisting of 4 one-hour video segments. These segments were manually observed at 5-minute intervals to document the time spent laying, standing, and walking. Simultaneously, the same video segments were analyzed using optical flow algorithms to track movement patterns. The calculated optical flow measures, including mean, variance, skewness, and kurtosis, were then correlated with the observed behaviors. These measures demonstrated their potential as effective tools for monitoring behavioral activity changes in sheep, providing an objective method to track behavior and detect deviations that might indicate discomfort, stress, or health issues.",,1.0,2025.0,Federal University of Rio Grande do Sul,Behavioral analysis; Flow (mathematics); Psychology; Environmental science; Mechanics; Physics; Cognitive psychology,Universidade Católica Dom Bosco; Universidade Federal de Mato Grosso do Sul,BR,Article,EN,True,,Behavioral analysis; Flow (mathematics); Psychology; Environmental science; Mechanics; Physics; Cognitive psychology,articles-RITA-20260617-dointext.csv,2,0.5,3.0
10.22456/2175-2745.143537,Leveraging Optimal Methods for Diverse Skin Types Classification in Images for Reduced Bias,"Luiz Augusto Vieira Manoel, Moacir Antonelli Ponti",W4407772868,"This paper addresses the bias in automatic skin tone classification, highlighting how technologies can mirror societal issues such as inadequate representation of diverse skin tones. The objective is to evaluate methods that ensure balanced performance across skin types despite a scarcity of annotated databases with ethnic-racial details. Using the Fitzpatrick Skin Type classification system, we assess various skin color labeling algorithms, selecting optimal approaches for each type based on f-score. Results show that a single method biases results towards certain skin tones, whereas combining methods enhances accuracy across diverse types. We leverage the LFW and Fitzpatrick17k databases and apply image processing techniques like gamma transformation, CLAHE, histogram equalization, and non-linear order statistics filters. By tailoring processes to specific skin tone ranges, our auto-labeling approach better mirrors manual labeling, aiming for more equitable technology.",,0.0,2025.0,Federal University of Rio Grande do Sul,Artificial intelligence; Computer science; Pattern recognition (psychology); Machine learning,Hospital Universitário da Universidade de São Paulo,BR,Article,EN,True,,Artificial intelligence; Computer science; Pattern recognition (psychology); Machine learning,articles-RITA-20260617-dointext.csv,1,0.5,3.0
10.22456/2175-2745.143539,Renal Cancer Classification in Tomographic Images Using Convolutional Neural Networks to Assist Early Diagnosis,"Vinícius Meireles Pereira Santos, Ana Cláudia Patrocínio, William Chaves de Souza Carvalho, Pedro Moisés de Sousa",W4407772918,"Renal cancer is one of the 13 most frequent types of cancer in Brazil, primarily affecting individuals between 50 and 70 years of age, with around 12,000 cases and 4,000 deaths recorded in 2020. Early detection is crucial to prevent the progression of the disease, which can lead to kidney transplants, dialysis, or death. However, the lack of symptoms and screening tests make diagnosis difficult. This research proposes the use of Convolutional Neural Networks (CNNs) for the detection of renal cancer in CT images, classifying them as cancerous or normal. It is expected that the application of the obtained results can assist in early diagnosis, supporting healthcare professionals in providing faster and more accurate treatments and contributing to improving the patients' quality of life.",,2.0,2025.0,Federal University of Rio Grande do Sul,Convolutional neural network; Computer science; Artificial intelligence; Cancer; Medicine; Computed tomographic; Pattern recognition (psychology); Radiology; Internal medicine; Computed tomography,Universidade Federal de Uberlândia; Universidade Federal de Viçosa,BR,Article,EN,True,,Convolutional neural network; Computer science; Artificial intelligence; Cancer; Medicine; Computed tomographic; Pattern recognition (psychology); Radiology; Internal medicine; Computed tomography,articles-RITA-20260617-dointext.csv,1,0.5,2.0
10.22456/2175-2745.143541,Bulldogs Nose Detection using Deep Learning,"Joyce Katiuccia Medeiros Ramos Carvalho, Pedro Henrique Neves da Silva, Sandra Adriana Uhry, Gustavo Da Silva Andrade, Gisele Braziliano de Andrade, Hemerson Pistori, Newton Loebens",W4407772910,"An animal nose identification system could allow efficient monitoring of pets, and it can be used in applications such as identifying animal breeds or possible diseases and/or injuries. For that, a bulldog image dataset was build from French bulldogs. To carry out the validation through cross-validation, 10 folds (K-folds) were created. Afterward, five convolutional neural networks (CNN) were trained with our dataset to identify the nose: Faster R-CNN (Region-based CNN), SABL (Side-Aware Boundary Localization), RetinaNet (ResNet50+FPN), VFNet (VarifocalNet), and ATSS (Adaptive Training Sample Selection). Faster R-CNN, SABL, RetinaNet, VFNet and ATSS were used for training in the first phase, while ATSS, Faster R-CNN, ATSS and SABL in the second. The results showed that the ATSS network obtained the highest values of mAP and Accuracy in the first phase. Moreover, SABL network achieved the highest values of mAP50, mAP75, Recall, F-Score and Accuracy at the end of the second phase.",,0.0,2025.0,Federal University of Rio Grande do Sul,Artificial intelligence; Nose; Computer science; Deep learning; Geology; Computer vision; Pattern recognition (psychology); Paleontology,Universidade Católica Dom Bosco; Universidade Federal de Mato Grosso do Sul; Universidade Federal do Pampa,BR,Article,EN,True,,Artificial intelligence; Nose; Computer science; Deep learning; Geology; Computer vision; Pattern recognition (psychology); Paleontology,articles-RITA-20260617-dointext.csv,2,0.5,3.0
10.22456/2175-2745.143544,A Novel Brazilian Dataset for Automatic Detection of Psyllid Attacksin Guava,"Iago Magalhães de Mesquita, Larissa Ferreira Rodrigues Moreira, Rhuan da Silva Nunes, Ialis Cavalcante de Paula",W4407773025,"Guava, a fruit native to America, plays a crucial role in the Brazilian economy, with production reaching 564,000 tons by 2022. It is widely used in culinary dishes and herbal remedies, and is exported to numerous countries. However, guava is also susceptible to pests and diseases. Among these, Psyllid Triozoda Limbata is particularly problematic, attacking young leaves and leading to reduced fruit yields and impaired plant development. To address this issue and assist producers in detecting pest infestations, this study introduces a novel dataset comprising images from Brazil. By leveraging Artificial Intelligence and Computer Vision techniques, this dataset provides a foundation for developing pest detection systems. We evaluated various object detection architectures including different versions of YOLO and Vision Transformer (ViT). The experiments indicated that YOLO V5 achieved promising results, with a precision of 93.14%. Moreover, the availability of this dataset opens new opportunities for enhancing pest management strategies, improving crop protection, and increasing the overall productivity in the guava industry.",,1.0,2025.0,Federal University of Rio Grande do Sul,Biology; Horticulture; Geography; Computer science,Universidade Federal de Viçosa; Universidade Federal do Ceará,BR,Article,EN,True,,Biology; Horticulture; Geography; Computer science,articles-RITA-20260617-dointext.csv,2,0.5,3.0
10.22456/2175-2745.143545,Preprocessing and Optimizer impact on Image-Based Autoimmune Disease Diagnosis,"João Vítor Souto de Lima, Rafael Marinho e Silva, Rodrigo Moreira, Larissa Ferreira Rodrigues Moreira",W4407772904,"The precise diagnosis of autoimmune diseases is challenging due to overlapping symptoms. Despite significant advancements in techniques based on Convolutional Neural Networks (CNNs), research opportunities remain in evaluating the impact of external factors on CNN performance. This study investigates CNN behavior by focusing on two factors: image preprocessing and optimizer choice. We assessed the effects of contrast stretching and histogram equalization on HEp-2 images and compared the Adam and SGD optimizers. Using a factorial experimental design, we trained and validated CNN models on a dataset from the International Conference on Pattern Recognition (ICPR-2014) competition, categorized into six classes of HEp-2 cells. This study contributes to understanding how different factors influence CNN models in medical image processing.",,0.0,2025.0,Federal University of Rio Grande do Sul,Preprocessor; Autoimmune disease; Computer science; Disease; Medicine; Artificial intelligence; Internal medicine,Centro Universitário de Patos de Minas; Universidade Federal de Viçosa,BR,Article,EN,True,,Preprocessor; Autoimmune disease; Computer science; Disease; Medicine; Artificial intelligence; Internal medicine,articles-RITA-20260617-dointext.csv,1,0.5,2.0
10.22456/2175-2745.143546,Segmentation of Skin Lesions and their Attributes in Dermatoscopic Images Based on Convolutional Neural Networks,"A. Rodrigues, Roberta B. Oliveira",W4407773129,"Segmentation of skin lesions in dermoscopic images is a crucial step in diagnosing skin cancer, and Convolutional Neural Networks (CNNs) have emerged as powerful tools to address this challenge. This paper evaluated the effectiveness of two CNN models, TernausNet-16 and Mask R-CNN, in segmenting skin lesions and five of their attributes in the dermatoscopic images from the ISIC 2018 Challenge dataset. Jaccard Similarity Index (JSI) and Dice Similarity Coefficient (DSC) have been used as evaluation metrics. The results revealed that Mask R-CNN significantly outperformed TernausNet-16. The best model achieved 82.57% JSI and 84.76% DSC for lesion segmentation, and 42.86% JSI and 51.60% DSC for attribute segmentation when addressing attribute imbalance. Despite the longer training time, the results highlighted the potential of Mask R-CNN for improving the effectiveness of melanoma segmentation.",,2.0,2025.0,Federal University of Rio Grande do Sul,Convolutional neural network; Segmentation; Artificial intelligence; Pattern recognition (psychology); Dermatoscopy; Computer science; Medicine,Universidade de Brasília,BR,Article,EN,True,,Convolutional neural network; Segmentation; Artificial intelligence; Pattern recognition (psychology); Dermatoscopy; Computer science; Medicine; Melanoma; Cancer research,articles-RITA-20260617-dointext.csv,1,0.5,2.0
10.22456/2175-2745.143548,Classification of Cells Infected by Malaria with Vision Transformers Models,"Eduardo David Campopiano, Iago Fonseca Marinho Pereira, Thomas William, D. Abreu, Guilherme Ribeiro Sales, Valentino Corso, Cides S. Bezerra",W4407773141,"This project develops a system for malaria classification using the Vision Transformer architecture on cellular tissue microscopy images. The implementation aims to assist in medical diagnosis by providing efficient and accurate information, with the potential to contribute to the control of endemic diseases. The system utilizes models from the vit-pytorch library, including the Vision Transformer, Patch Merger, and Vision Transformer for Small Datasets. The Vision Transformer for Small Datasets achieved the highest accuracy of 98.97 for an image size of [150,150].",,0.0,2025.0,Federal University of Rio Grande do Sul,Malaria; Transformer; Artificial intelligence; Computer science; Virology; Computational biology; Biology; Immunology; Engineering; Electrical engineering,Centre for Research and Development in Telecommunications (Brazil); Pontifícia Universidade Católica de Campinas,BR,Article,EN,True,,Malaria; Transformer; Artificial intelligence; Computer science; Virology; Computational biology; Biology; Immunology; Engineering; Electrical engineering; Voltage,articles-RITA-20260617-dointext.csv,1,0.5,2.0
10.22456/2175-2745.143633,Safer Stack: Safe Dump of Off-Highways Trucks in Slope Crest Windrows,"Lorrainy Rembiski Delfino, Marina Cunha Galvão de França, Jaquelini Kumm, Marcus Ventura, Gabriel Flausino de Souza, Allan Lorenzoni Canal, Yargo Alves Sampaio, Fabiana Zambroni Neves",W4407772911,"During operation, the dump truck sometimes needs to operate close to a slope crest windrow. This article aims to present the experimentation of a system, called Safer Stack, to assist the dump truck operator when reversing in front of a slope crest windrow, with the purpose of informing him the safe distance to perform the dump and generating alerts when there is a risk. The system includes computer vision, through image recognition, and distance measurement, through a LiDAR. The information will be used in a graphical interface, with visual alerts and audible alarms for the dump truck operator. Based on the tests carried out, it was confirmed that the combination of technologies in a final solution, since it presented 98% accuracy in the trained scenarios, has the potential to generate highly efficient results and make the operation safer.",,0.0,2025.0,Federal University of Rio Grande do Sul,Truck; SAFER; Environmental science; Stack (abstract data type); Crest; Automotive engineering; Engineering; Computer science,Digital Science (United States),US,Article,EN,True,,Truck; SAFER; Environmental science; Stack (abstract data type); Crest; Automotive engineering; Engineering; Computer science; Quantum mechanics; Programming language; Physics; Computer security,articles-RITA-20260617-dointext.csv,2,1.0,
10.22456/2175-2745.143684,YOLO and CNN for Cat Detection and Recognition,"Dayllon Vinícius Xavier Lemos, Humberto J. Longo, Márcia R. Cappelle, Mariana Dourado X. S. Santos, Sanderson Oliveira de Macedo, Ronaldo Martins da Costa",W4407773140,"This paper proposes a processing architecture for recognizing domestic felines in videos and images based on facial features. Some photos of the cats to be identified in the videos and images need to be collected in advance. A key aspect of this study is avoiding the need to retrain the model whenever the set of cats to be identified changes. The architecture involves five processing stages: video processing, YOLOv8 for cat detection, InceptionV3 for feature extraction, KNN for database searching, and voting process to improve classification. Transfer learning and fine-tuning techniques are employed to improve performance. The proposed method achieves high accuracy, offering a scalable and non-invasive solution for cat recognition, which can contribute to urban management, cat loss prevention, and medical insurance control for domestic cats, among other applications.",,0.0,2025.0,Federal University of Rio Grande do Sul,Artificial intelligence; Computer science; Pattern recognition (psychology),Instituto Federal de Goiás; Universidade Federal de Goiás,BR,Article,EN,True,,Artificial intelligence; Computer science; Pattern recognition (psychology),articles-RITA-20260617-dointext.csv,2,1.0,
10.22456/2175-2745.143785,Application of Denoising Diffusion Probabilistic Methods in Fetal MRI,"Ana Cláudia Souza Vidal de Negreiros, Gilson A. Giraldi, Heron Werner",W4407772889,"Magnetic resonance imaging (MRI) is a common type of medical image acquisition that can also be used to diagnose early diseases. In this sense, fetal MRI is a non-invasive method to generate high-quality fetal volumes and to perform important clinical analysis. However, image denoising is necessary in many situations to ensure accurate evaluations. Thus, approaches such as Denoising Diffusion Probabilistic Methods (DDPM) have emerged and reached great results in this kind of task. In this work, we applied two DDPM-based approaches (an original and an improved one) besides two self-supervised deep models in a fetal MRI dataset. The results showed that, for the used fetal MRI dataset, the improved DDPM, named I-DDPM outperformed the counterparts considering two evaluation metrics for image quality, the Peak Signal-to-Noise Ratio (PSNR) and Root Mean Squared Error (RMSE).",,1.0,2025.0,Federal University of Rio Grande do Sul,Probabilistic logic; Noise reduction; Diffusion; Diffusion MRI; Computer science; Artificial intelligence; Medicine; Radiology; Magnetic resonance imaging; Physics,Laboratório Nacional de Computação Científica; Pontifícia Universidade Católica do Rio de Janeiro; Universidade Federal Rural do Semi-Árido,BR,Article,EN,True,,Probabilistic logic; Noise reduction; Diffusion; Diffusion MRI; Computer science; Artificial intelligence; Medicine; Radiology; Magnetic resonance imaging; Physics; Thermodynamics,articles-RITA-20260617-dointext.csv,1,0.5,2.0
10.22456/2175-2745.143959,Notification Oriented Paradigm based on Internet Protocol (NOP-IP) to Distributed Computing,"Marcos Talau, Christian Carlos Souza Mendes, Paulo Cézar Stadzisz, Jean Marcelo Simão",W4415968867,"The Notification Oriented Paradigm (NOP) is a new paradigm for developing, organizing, and executing software and even systems, which emerges from intelligent manufacturing area. NOP is composed of minimal entities for carrying out each logical-causal processing and each factual-executional processing (e.g., each variable changing or arithmetical processing). Those entities collaborate through precise notifications, being created/connected from high-level programming data. Such notification-oriented collaboration allows NOP to be naturally efficient with decoupled computational entities, thereby allowing systems with proper performance (e.g., low latency and high throughput) and parallel/distributed processing (e.g., parallel or distribution scalability). Actually, NOP has shown to be valuable and applicable in different areas, from artificial intelligence to hardware development. Nowadays, the NOP is under development by its research group, which includes support for IP-based communication in its stable C++ framework implementations, namely the NOP Frameworks based on C++. In this paper, a scheme, called NOP based on Internet Protocol (NOPIP), is reported. NOPIP is an IP communication layer for NOP implementation. It was the first to provide communication capability to that NOP Framework set, taking into account two sorts of NOP entities. These entities are the Attributes and Premises, respectively concerned with factual and logical processing in NOP applications. In order to verify the functionality of the proposed NOPIP solution was applied to the NOP Framework C++ 2.0. Four applications have been developed concerning redundant and sentient-like computing, thereby allowing the demonstration of the NOPIP feasibility. Moreover, a performance comparison of using Attribute and Premise values through the network is made. It was verified that notifications of Attribute values via network were more efficient than the notifications of Premise values, thereby reducing, on average, 13.64% the execution time of the server and 88.62% of the client.",,0.0,2025.0,Federal University of Rio Grande do Sul,NOP; Protocol (science); The Internet; Premise; Communications protocol; Layer (electronics),Universidade Tecnológica Federal do Paraná,BR,Article,EN,True,,NOP; Computer science; Distributed computing; Protocol (science); The Internet; Premise; Computer network; Communications protocol; Layer (electronics); Embedded system; Software; SOAP; Multi-agent system; Telecommunications network; Application layer,articles-RITA-20260617-dointext.csv,3,1.0,
10.22456/2175-2745.144479,Do Deep Learning Models Generalize Facial Emotion Recognition in Different Age Groups?,"Neusa Liberato Evangelista, Thiago Lopes Trugillo da Silveira",W7126410185,"The prevalence of images of adults in facial emotion recognition (FER) databases is an evident bias in emotion classification. Although there are sets of FER images exclusively of children or adults aged 60 and over, the capture scenario is generally controlled and has staged emotions. Many studies in this area focus on increasing task performance by using a single data collection for training and testing; however, due to the diversity of individuals portrayed and photographs collected, this strategy generally fails when applied to new images or in real-world circumstances. In this paper, we assess the generalization potential of deep learning models that have been pre-trained in general-purpose databases such as ImageNet and refined using the databases CK+, DEFSS, FACES (60+), MUG, and NIMH-ChEFS with cross-databases in tests. Through this study, which assesses six different datasets involving three distinct age groups through cross-database evaluation using a clear experimental protocol, we were able to verify that models fine-tuned with data sets composed exclusively of children's images have accuracy above 80%, reaching 88% when used to predict images of children; models fine-tuned with images of young adults are more accurate in classifying young adults than children or adults aged 60 and over, and the dataset of adults aged 60 and over in FACES dataset demonstrated accuracy above 80% in predicting images from other datasets and 96% in predicting images within its own test set.",,0.0,2026.0,Federal University of Rio Grande do Sul,Generalization; Deep learning; Task (project management); Emotion recognition; Focus (optics); Pattern recognition (psychology); Training set; Facial recognition system,Coordenação de Aperfeicoamento de Pessoal de Nível Superior; Universidade Federal do Rio Grande do Sul,BR,Article,EN,True,,Artificial intelligence; Generalization; Deep learning; Task (project management); Computer science; Emotion recognition; Focus (optics); Pattern recognition (psychology); Machine learning; Training set; Facial recognition system; Face (sociological concept); Psychology; Task analysis; Test (biology); Age groups; Test data; Data modeling; Young adult; Transfer of learning; Image (mathematics),articles-RITA-20260617-dointext.csv,1,0.5,3.0
10.22456/2175-2745.145569,Exploring Topic Modeling in Short Texts from Social Media,"Ian Macedo Maiwald Santos, Luciana de Oliveira Rech, Ricardo Moraes",W7126371118,"Many texts are broadly disseminated on online social media platforms each day. Topic modeling is a Natural Language Processing and Unsupervised Learning technique used in this scenario. It identifies the topics in a collection of texts — that is, the most relevant groups of words in the context of all the texts are analyzed. The characteristics of the texts are a relevant factor for identifying topics. Unlike traditional sources, texts published on social media are usually short, because even when a character limit per publication (e.g., Twitter/X) is not imposed, users tend to be objective in the texts they write. This work evaluates the performance of four categories of topic modeling algorithms: traditional, Dirichlet Multinomial Mixture (DMM)-based, self-aggregation-based, and global co-occurrence-based. Real texts generated by social media users were used for the evaluation. Model performance was evaluated using quality metrics accepted in the literature. Finally, the results were analyzed such that the performance of each algorithm was weighted down, and to clarify whether there would be any detriment to the results of topic modeling using traditional algorithms on short texts.",,0.0,2026.0,Federal University of Rio Grande do Sul,Topic model; Social media; Latent Dirichlet allocation; Context (archaeology); Quality (philosophy); Multinomial distribution; Language model; Natural language,Universidade Federal de Santa Catarina,BR,Article,EN,True,,Topic model; Computer science; Social media; Latent Dirichlet allocation; Context (archaeology); Natural language processing; Artificial intelligence; Quality (philosophy); Multinomial distribution; Language model; Natural language; Information retrieval; Linguistics; Data science; World Wide Web; Context model; Character (mathematics); Computational linguistics; Computational sociology; Natural (archaeology); Point (geometry); Data modeling; Limit (mathematics); Natural language understanding,articles-RITA-20260617-dointext.csv,1,0.5,3.0
10.22456/2175-2745.145580,Transformers or Not,"Pedro Luiz Henriques Benedetti, Marcelo Ricardo Stemmer",W7126463551,"A Printed Circuit Board (PCB) is a fundamental component in the manufacturing process of electronic devices. When talking about the process of fabrication of these devices, the quality control stage represents, in general, the biggest cost in production. This stage is usually realized by humans, which are prone to fail, as well as being slower and less consistent when compared to computers. This study presents the utlization of six distincts Artificial Intelligence archtiectures trained for PCB defect detection. The results of the experiments highlighted key differences in training time, accuracy, and computational complexity across various models. YOGA-s achieved a good balance with the second-best mAP 50 accuracy (83.2%) and a moderate training time of 50 minutes. YOLOv11n, despite its shorter training time (40 minutes), outperformed YOGA-s in mAP 50-95 (42.7%). DETR demonstrated the highest accuracy (92.4% mAP 50), but at the cost of significantly longer training times and higher complexity. LW-DETR, while efficient, showed limited performance improvements as its scale increased. YOLOv11n emerged as the most cost-effective option for PCB inspection tasks.",,0.0,2026.0,Federal University of Rio Grande do Sul,Transformer; Printed circuit board; Manufacturing process; Process (computing); Process control; Quality (philosophy),Universidade Federal de Santa Catarina,BR,Article,EN,True,,Transformer; Printed circuit board; Reliability engineering; Engineering; Manufacturing process; Computer science; Process (computing); Process control; Quality (philosophy); Key (lock); Training set; Artificial intelligence; Fabrication; Component (thermodynamics); Voltage; Training (meteorology),articles-RITA-20260617-dointext.csv,3,0.8,
10.22456/2175-2745.145795,NOPL - Improvements in the Language and its Compiler for the Notification Oriented Paradigm,"Fernando Schütz, Adriano F. Ronszcka, João Alberto Fabro, Jean Marcelo Simão",W4415968861,"The Notification Oriented Paradigm (NOP) is a new model for computer programming. NOP uses evolutions of Declarative Paradigm (DP) concepts, such as reactive notifying entities called Fact-Base Elements (FBEs) and Rules, enabling a new approach regarding the factual and logic-causal processing or inference. Each entity notifies other related entities only when there is a change on its states, suppressing temporal and structural redundancy on generated code. Thus, the NOP approach tends to be more efficient and decoupled when compared to Imperative Paradigm (IP) and usual DP. To validate the features of NOP, a language and a compiler composition system was built, allowing the demonstration of the paradigm concepts, as well as the generation of efficient applications. Moreover, that compilation system performs a translation of high-level NOP Language code into a notification-oriented code. This notification code is generated by the compiler in target languages such as C and C++. This generated code can then be itself compiled, allowing NOP to be executed on any architectures that have a part of the G++ compiler. This paper first presents de NOP Language and its Compiler, elaborate with such system, and then introduces the generator of Static C++ target code to improve the performance of execution of the generated code. Experiments confirm that, by using the proposed Static Compiler for NOP, the execution time of NOP generated code is reduced by 53% in relation to a previous version NOP Compiler code generator.",,0.0,2025.0,Federal University of Rio Grande do Sul,Compiler; NOP; Code generation; Redundancy (engineering); Code (set theory); Optimizing compiler; Dead code; Generator (circuit theory); Dead code elimination,Universidade Tecnológica Federal do Paraná,BR,Article,EN,True,,Computer science; Compiler; Programming language; NOP; Code generation; Redundancy (engineering); Code (set theory); Optimizing compiler; Dead code; Generator (circuit theory); Dead code elimination; Declarative programming; Unreachable code; Source code; Component (thermodynamics); Intermediate language; Relation (database); Compile time; Register allocation; Runtime system; Execution model; Data structure; Language construct; Exception handling; Just-in-time compilation; Interpreter,articles-RITA-20260617-dointext.csv,1,0.5,3.0
10.22456/2175-2745.145838,Hybrid Convolutional Neural Network on Fault Detection in Electroluminescence Images of Photovoltaic Cells,"Alan Marques da Rocha, Marcelo Marques Simões de Souza, Carlos Alexandre Rolim Fernandes",W4415968862,"The expansion of installed capacity in photovoltaic generation systems demands automated methods for fault detection in its constituent cells. This paper proposes a hybrid convolutional neural network model for fault detection in electroluminescence images of photovoltaic panels. The model leverages the convolutional neural networks ResNet50 and VGG16 for feature extraction and the support vector machine classifier to detect faulty cells. Adjusting the model's settings using a genetic algorithm achieved accuracy rates of 98.2% and 99.7% in tests with two public datasets. The challenges that this dataset's heterogeneity imposed on training the model were addressed by data augmentation and contrast enhancement techniques. These results support hybrid convolutional neural networks as a promising solution for automatically detecting defects in photovoltaic cells, which is important for keeping energy conversion efficiency high and extending the lifespan of photovoltaic systems.",,0.0,2025.0,Federal University of Rio Grande do Sul,Photovoltaic system; Convolutional neural network; Fault detection and isolation; Feature extraction; Support vector machine; Artificial neural network; Classifier (UML),Universidade Federal do Ceará,BR,Article,EN,True,,Photovoltaic system; Convolutional neural network; Fault detection and isolation; Computer science; Artificial intelligence; Feature extraction; Support vector machine; Artificial neural network; Classifier (UML); Pattern recognition (psychology); Electroluminescence; Feature (linguistics); Fault (geology); Electronic engineering; Hybrid system; Solar energy; Condition monitoring; Deep learning,articles-RITA-20260617-dointext.csv,2,1.0,
10.22456/2175-2745.146658,An Ontology of Tobacco Production: Enriching Large Language Model-based Decision Support,"Luis Felipe Medeiro Alves, José Maria Parente de Oliveira, Rodrigo Bonacin, Ferrucio de Franco Rosa",W4415968860,"Tobacco (Nicotiana tabacum) production plays a crucial role in the agricultural economy of several regions around the world, especially in developing countries, such as Brazil. However, the lack of well-defined terminology and semantic models harms the development of decision support systems. Conceptualizing the tobacco production domain is challenging due to its ambiguous terminology and the complexity involved in considering environmental, soil, disease, and pest management factors. We present an Ontology of Tobacco Production (OnTop), designed to assist tobacco production in optimizing crop management practices and placing environmental factors within a formal framework. To the best of available knowledge, this study is the first to formalize the tobacco production lifecycle integrated with soil and climate data. It includes symbolic and description logic for reasoning and automation. This paper presents the proposal for the core set (main classes) and the application of OnTop to enrich a Large Language Model (LLM) to provide an ontology-based decision support prompt. OnTop allows actionable recommendations based on environmental, agronomic, and productivity data. The main contributions of this paper are: i) a domain ontology that formalizes knowledge on data-driven tobacco production; and ii) a queryable framework (enriched LLM), which allows experts to obtain complex agronomic answers. OnTop offers an extensible framework for decision making in tobacco farming and paves the way for further innovations in ontologies and LLM-based decision support systems for the agricultural domain.",,0.0,2025.0,Federal University of Rio Grande do Sul,Ontology; Terminology; Decision support system; Production (economics); Agricultural productivity; Domain (mathematical analysis); Knowledge representation and reasoning; Domain knowledge,Archer (Norway); Hospital Universitário da Universidade de São Paulo; Instituto Tecnológico de Aeronáutica,BR; NO,Article,EN,True,,Ontology; Computer science; Terminology; Decision support system; Knowledge management; Production (economics); Agricultural productivity; Domain (mathematical analysis); Knowledge representation and reasoning; Domain knowledge; Data science; Knowledge-based systems; Risk analysis (engineering); Cultivation of tobacco; Description logic; Intelligent decision support system; Productivity; Web Ontology Language; Set (abstract data type); Profitability index; Process management; Decision model; Management science; Ontology language; Software engineering; Semantics (computer science),articles-RITA-20260617-dointext.csv,1,0.5,3.0
10.22456/2175-2745.146689,Hybrid Machine Learning Model for Cache Performance Prediction and Design Space Exploration,"Hetal V. Dave, Nirali A. Kotak, Jay B. Teraiya",W4415968884,"This work proposes a hybrid machine-learning model to predict a level 1 data (L1D) cache miss rate value of diversified applications with different cache configurations and application characteristics. The proposed model quickly predicts a miss rate of the L1D cache. Moreover, the proposed model can simultaneously predict the miss rate value of a new(unseen) application for twenty-eight cache configurations as precisely as possible without extra simulations. Thus, it quickly provides a miss rate value faster than a simulator. Additionally, we could perform an application’s cache design space exploration by getting predicted miss rate values from the proposed model, like the simulator. The proposed model’s mean absolute and root mean squared errors are 0.6% and 1.1% by ten-fold cross-validation. Speed up was achieved 12x to 148x compared to the architectural simulator for a miss rate of twenty-eight cache configurations.",,1.0,2025.0,Federal University of Rio Grande do Sul,Cache; Cache algorithms; Cache-oblivious algorithm; Cache coloring; Smart Cache; Cache invalidation; Design space exploration; Mean squared error,Gujarat Technological University; LDS Business College; National Forensic Sciences University,IN; US,Article,EN,True,,Cache; Computer science; Cache algorithms; Cache-oblivious algorithm; Cache coloring; Smart Cache; Cache invalidation; Design space exploration; Mean squared error; CPU cache; Parallel computing; Value (mathematics); Machine learning; Artificial intelligence; Space (punctuation); Data modeling; Real-time computing; Word error rate; Algorithm; Cache pollution; Speedup; Data mining; Space exploration; Work (physics),articles-RITA-20260617-dointext.csv,3,1.0,
10.22456/2175-2745.146905,Machine Learning and Explainable Artificial Intelligence in Carbon Nanotubes Predictions,"Moacir Guedes Oliveira, Carolina Paula Almeida, Sandra M. Venske",W7126405765,"Nanotechnology is an area that can be applied in all fields of science and nanomaterials, such as Carbon Nanotubes (CNT), have been the subject of studies in order to reduce costs, time for experiments and development. CNTs have diverse applications because they are highly rigid, have high strength, and have low density. Because of this, the evaluation of the properties of carbon nanotubes and identification of their coordinates are important fields of research for science. Many real problems predictions, including those on carbon nanotubes, are Multi-Target Regression (MTR) tasks, where multiple continuous target variables are predicted. Machine learning techniques are well suited to address these types of problem. However, the literature reports approaches composed of complex models, which are manually configured and do not present any level of explainability. The goal of this work is to use an Automated Machine Learning (AutoML) technique, for which 10 classic machine learning algorithms are available. The proposal, named OurAlg, uses ensemble learning and AutoML to choose an ensemble of algorithms and their hyperparameters to handle MTR problems. Three CNT data sets were used in the experiments, with 3 and 4 targets, to predict the coordinates and properties of the carbon nanotubes. We also tested our approach on a set of 18 real-world data sets, with different numbers of targets, to evaluate its performance. In addition, an explainable artificial intelligence method was applied to CNT problems. Statistical tests were used and the OurAlg algorithm was compared favorably with classical algorithms and also with the literature.",,0.0,2026.0,Federal University of Rio Grande do Sul,Hyperparameter; Carbon nanotube; Ensemble learning; Set (abstract data type); Field (mathematics); Identification (biology); Data set; Big data,Universidade Estadual do Centro-Oeste,BR,Article,EN,True,,Artificial intelligence; Machine learning; Hyperparameter; Computer science; Carbon nanotube; Ensemble learning; Set (abstract data type); Field (mathematics); Identification (biology); Data set; Big data; Experimental data; Statistical classification; Supervised learning; Artificial neural network; Point (geometry); Statistical learning; Algorithm; Data point; Group method of data handling,articles-RITA-20260617-dointext.csv,3,0.8,
10.22456/2175-2745.146990,Cognitive Modeling and its Applications in Industry:,"Sérgio Santos Silva, Lynn Rosalina Gama Alves",W7126372344,"Cognitive Computing (CC), as a promising technological paradigm, brings computational systems closer to human reasoning in order to solve complex problems across sectors that demand efficiency, reliability, and innovation. This article presents an analysis of CC modeling processes applied to the industrial sector, through a Systematic Review (SR) of studies published between 2019 and 2024. The results, organized around three guiding questions, enabled the comparison of six selected studies, highlighting their practical applications, advantages, and limitations. The conclusions demonstrate the potential of CC in industrial applications and its integration with emerging technologies. The study also identifies challenges and research gaps, and provides recommendations for future practices and investigations.",,0.0,2026.0,Federal University of Rio Grande do Sul,Order (exchange); Cognitive computing; Cognition; Industry 4.0; Socio-cognitive; Computational model,Mathematics Research Center; Serviço Nacional de Aprendizagem Industrial; Universidade Federal da Bahia; Universidade SENAI CIMATEC,BR; MX,Article,EN,True,,Computer science; Management science; Order (exchange); Cognitive computing; Cognition; Data science; Risk analysis (engineering); Industry 4.0; Knowledge management; Systems engineering; Artificial intelligence; Socio-cognitive; Computational model; Cognitive systems; Complex system; Engineering; Cognitive model; Process management,articles-RITA-20260617-dointext.csv,3,0.8,
10.22456/2175-2745.147347,Synergizing CNNs and ViTs,"Sonia Bouzidi, Ghazala Hcini, Imen Jdey, Fadoua Drira",W7126422000,"The rapid expansion of online fashion retail has led to a massive increase in product images, making accurate clothing classification a crucial task. Misclassification not only disrupts customer satisfaction but also contributes to higher return rates and operational inefficiencies. Effective apparel classification enhances search results, improves personalized recommendations, and optimizes inventory management. In response to these challenges, deep learning models have gained attention for visual recognition tasks. This review focuses on the capabilities of convolutional neural networks (CNNs), vision transformers (ViTs), and hybrid models combining both, with an emphasis on the Fashion MNIST benchmark. CNNs are widely used for extracting local spatial features, while ViTs excel at capturing global dependencies through self-attention mechanisms. Recent works have proposed hybrid architectures to leverage the strengths of both models, combining fine-grained feature extraction with broader contextual understanding. This paper offers a comprehensive survey of these hybrid approaches, evaluating their performance in terms of accuracy, scalability, and adaptability. Additionally, we highlight the importance of explainability in fashion classification models and discuss how hybrid solutions enhance model interpretability. Comparative findings suggest that hybrid models outperform individual architectures, making them highly effective for real-world fashion applications demanding both transparency and robust performance.",,0.0,2026.0,Federal University of Rio Grande do Sul,Leverage (statistics); MNIST database; Convolutional neural network; Feature extraction; Deep learning; Transformer; Fast fashion; Transparency (behavior),Institut National des Sciences Appliquées de Lyon; University of Sfax,FR; TN,Article,EN,True,,Computer science; Artificial intelligence; Leverage (statistics); MNIST database; Machine learning; Convolutional neural network; Feature extraction; Deep learning; Transformer; Fast fashion; Transparency (behavior); Feature learning; Artificial neural network; Hybrid neural network; Clothing; Feature (linguistics); Deep neural networks; Pattern recognition (psychology); Data mining; Bottleneck; Big data; Hybrid system; Preprocessor,articles-RITA-20260617-dointext.csv,2,0.5,3.0
10.22456/2175-2745.147966,Evaluating Contactless Fingerprint Segmentation for Interoperable Biometric Identification Systems,"Euclides Napoleão Arcoverde Neto, Thiago Lopes Trugillo da Silveira",W7126399623,"Fingerprint recognition is a popular and cost-effective biometric technology. Most existing systems require specialized hardware to capture fingerprints, but contactless fingerprint capture can be performed using smartphone images. This method reduces costs and enhances hygiene and usability. A new image processing workflow is needed to facilitate contactless fingerprint capture, with segmentation a critical step. This study explores the feasibility of using smartphone images for this purpose. It evaluates four deep learning models - SSD MobileNetV2, SSD MobileNetV2 FPN Lite, Mask R-CNN, and U-Net - using the ISPFDv2 dataset. Results show that Mask R-CNN performed best in segmenting fingertip regions, while SSD MobileNetV2 had the highest recognition accuracy against traditional fingerprint databases. These findings demonstrate the potential of deep learning for effective contactless fingerprint recognition using smartphones.",,0.0,2026.0,Federal University of Rio Grande do Sul,Biometrics; Fingerprint (computing); Segmentation; Workflow; Fingerprint recognition; Pattern recognition (psychology); Deep learning; Identification (biology),Coordenação de Aperfeicoamento de Pessoal de Nível Superior; Universidade Federal de Santa Maria,BR,Article,EN,True,,Artificial intelligence; Computer science; Biometrics; Fingerprint (computing); Computer vision; Segmentation; Workflow; Fingerprint recognition; Pattern recognition (psychology); Deep learning; Identification (biology); Image segmentation; Interoperability; Fingerprint Verification Competition; Feature extraction; Automation; Image processing; Feature (linguistics); Robustness (evolution),articles-RITA-20260617-dointext.csv,2,0.8,
10.22456/2175-2745.149849,Analyzing Code Commits Addressing Vulnerabilities in the Android Project,"Marcelino Weigmar Duarte BARROS, Gustavo Torres, Rodrigo Andrade",W7126385335,"Software vulnerabilities are a significant concern, posing high costs and risks to developers and users. While previous work has focused on automated detection and vulnerability datasets, a deeper understanding of the human element in the fixing process is needed. Our research aims to characterize how developers address software vulnerabilities in the Android project. We conducted an empirical study using vulnerability-fixing commits from the Big-Vul dataset to analyze fix complexity, developer experience, and the delay in public disclosure. Our findings indicate that vulnerability fixes are typically small, affecting fewer lines of code and files compared to regular commits. Furthermore, our results suggest that the authors of these fixes are predominantly experienced in the codebase, though contributions from inexperienced developers also occur. Finally, we observe a considerable delay between a vulnerability fix being published and its corresponding CVE being publicly updated. These conclusions contribute to a better understanding of vulnerability remediation and can assist developers in assigning responsibilities and estimating fix times.",,0.0,2026.0,Federal University of Rio Grande do Sul,Android (operating system); Vulnerability (computing); Secure coding; Software; Security bug; Vulnerability assessment; Vulnerability management; Process (computing); Empirical research,Universidade Federal de Pernambuco; Universidade Federal do Agreste de Pernambuco,BR,Article,EN,True,,Android (operating system); Vulnerability (computing); Computer science; Computer security; Secure coding; Software; Security bug; Vulnerability assessment; Vulnerability management; Process (computing); Empirical research; Source lines of code; Code (set theory); Internet privacy; Software bug; Software engineering; Code review; Data breach; Risk analysis (engineering); Work (physics); World Wide Web; Software development; Software security assurance; Software maintenance; Android application; Source code; Static analysis,articles-RITA-20260617-dointext.csv,1,0.5,3.0
10.22456/2175-2745.150105,A Systematic Literature Review of Autonomous Line-Following Robots using Reinforcement Learning,"Matheus Amorim Pereira, Hianna Araujo dos Reis Soares, S ́ ́érgio R. Barros dos Santos, Ricardo Pires",W7126435274,"Mobile robots have gained importance due to its capability to perform autonomous tasks. Line-following robots are mobile robots which have become a growing topic of research, as they serve as a platform for understanding complex concepts, such as control, which makes them suitable for the application of Artificial Intelligence (AI). There are competitions around the world focused on this kind of robots. Accurate mathematical modeling of line-following robots and the environment in which they will be used can be difficult. Reinforcement learning is an AI technique that deals precisely with creating model-free algorithms, which are suitable for this application. This review article aimed to look for articles on line-following robots using reinforcement learning in order to analyze the state of the art of this branch of artificial intelligence in robotics.",,0.0,2026.0,Federal University of Rio Grande do Sul,Robot; Reinforcement learning; Mobile robot; Robotics; Component (thermodynamics); Order (exchange); Robot learning,Federal Institute of São Paulo,BR,Review,EN,True,,Robot; Reinforcement learning; Artificial intelligence; Computer science; Mobile robot; Robotics; Component (thermodynamics); Engineering; Human–computer interaction; Order (exchange); Robot learning; State (computer science); Autonomous robot; Control (management); Applications of artificial intelligence; Systematic review; Reinforcement; Social robot,articles-RITA-20260617-dointext.csv,5,0.5,1.0
10.22456/2175-2745.150232,Improving the Resilience of Smart City Systems During Network Outage,"Leidmar Magnus Festa, Daniel Fernando Pigatto, Luiz Celso Gomes-Jr",W7126385914,"This work presents an architecture that allows Information Systems to function even in moments of network disconnection, using a Healthcare Unit (HCU, from the Portuguese Unidade Municipal de Saúde - UMS) as a use case. The architecture uses a blockchain as a distributed database and one of its nodes (proxy node) is physically located inside an HCU, connected to its Local Area Network (LAN). During moments of disconnection between the LAN and the Internet, the proxy node continues handling query requests made by authenticated users on the LAN, functioning as a fog layer. It is also possible to generate new data and, with the help of a reliable oracle, write it to a local database. In these disconnection periods, the architecture explores the blockchain node's behavior and an oracle's functionality to record newly generated data. This approach makes it possible to guarantee the authenticity of the queried data. It is also possible to aggregate enough information about the new generated data to guarantee its integrity. Moreover, this information ensures the traceability and auditability of this data. An architecture prototype was implemented and used for execution tests. The test results show that the proposed architecture can maintain the information system working properly during a network outage. Therefore, the architecture increases the system resilience, being its application suitable for a smart city scenario, where data availability is desired.",,0.0,2026.0,Federal University of Rio Grande do Sul,Architecture; Disconnection; Resilience (materials science); Node (physics); Multitier architecture; Network architecture; Data architecture; Smart city; Information system,Universidade Tecnológica Federal do Paraná,BR,Article,EN,True,,Computer science; Architecture; Disconnection; Resilience (materials science); Node (physics); Multitier architecture; Computer network; Network architecture; Data architecture; Smart city; Information system; Systems architecture; Traceability; Distributed database; Distributed computing; Architecture framework; Transaction processing; Function (biology); Reference architecture; Database; Local area network; Centralized database; Computer security; Conceptual architecture; Default gateway; Database transaction; Server; Data integrity; Information-centric networking; Space-based architecture; Work (physics),articles-RITA-20260617-dointext.csv,3,1.0,
10.22456/2175-2745.150620,Combining Complex Networks and Multi-level Local Binary Patterns for Texture Analysis,André Ricardo Backes,W7135023347,"This study presents a novel approach to texture analysis that combines Complex Network Texture Descriptors (CNTD) with the Local Binary Pattern (LBP) technique. By generating ""pattern images"" through the application of LBP to the original texture image, the method introduces new sources of information that are further explored via CNTD method. We employed Particle Swarm Optimization (PSO) to investigate various combinations of these LBP patterns and descriptors and compared our results across three benchmark datasets. The proposed approach achieved accuracy rates of 99.54%, 99.88%, and 97.86% on the Vistex, Brodatz, and USPTex databases, respectively. These results highlight the effectiveness of the hybrid strategy in producing a highly discriminative feature vector for robust texture classification.",,0.0,2026.0,Federal University of Rio Grande do Sul,Local binary patterns; Discriminative model; Pattern recognition (psychology); Benchmark (surveying); Texture (cosmology); Feature (linguistics); Particle swarm optimization; Binary number,Universidade Federal de São Carlos,BR,Article,EN,True,,Local binary patterns; Discriminative model; Pattern recognition (psychology); Artificial intelligence; Benchmark (surveying); Texture (cosmology); Feature (linguistics); Computer science; Particle swarm optimization; Binary number; Feature extraction; Artificial neural network; Image texture; Support vector machine; Robustness (evolution); Histogram; Feature vector; Data mining; Complex network; Texture filtering; Computer vision; Mathematics,articles-RITA-20260617-dointext.csv,2,0.8,
10.22456/2175-2745.150621,PSO-based Client Selection to Improve Medical Image Classification in Federated Learning,"Lara Cristina Evaristo Rodrigues, Larissa Ferreira Rodrigues Moreira, Rodrigo Moreira, André Ricardo Backes",W7135073952,"Federated Learning (FL) offers an effective approach to enable collaborative model training across decentralized medical institutions while preserving patient privacy. However, FL faces challenges related to data heterogeneity and inefficient client participation issues. In this study, we introduce a novel client selection strategy based on Particle Swarm Optimization (PSO) to improve medical image classification in federated settings. Our method dynamically selects informative clients by evaluating their contributions to the global model, which reduces communication overhead and supports faster convergence. We performed experiments using three publicly available medical imaging datasets, Biglycan, ALL-IDB, and LC25000, focusing on binary classification tasks. The results show that the PSO-based approach improves performance over random client selection across all evaluated scenarios, with gains in accuracy, recall, precision, and F1-Score, even when selecting fewer clients. These findings indicate that incorporating PSO into FL frameworks helps address challenges related to data heterogeneity and communication efficiency while maintaining classification performance and privacy preservation.",,0.0,2026.0,Federal University of Rio Grande do Sul,Federated learning; Selection (genetic algorithm); Overhead (engineering); Particle swarm optimization; Feature selection; Training set; Binary classification; Image (mathematics),Universidade Federal de São Carlos; Universidade Federal de Uberlândia; Universidade Federal de Viçosa,BR,Article,EN,True,,Computer science; Federated learning; Selection (genetic algorithm); Overhead (engineering); Particle swarm optimization; Feature selection; Artificial intelligence; Machine learning; Data mining; Training set; Binary classification; Image (mathematics); Contextual image classification; Binary number; Server; Model selection; Information privacy; Data modeling; Big data; Supervised learning; Statistical classification; Selection algorithm,articles-RITA-20260617-dointext.csv,3,0.8,
10.22456/2175-2745.150622,Ensemble of Handcrafted and Learned Features using a Lightweight CNN for Colorectal Cancer Classification,"Larissa Ferreira Rodrigues Moreira, André Ricardo Backes",W7135090917,"Colorectal cancer (CRC) is one of the highest incident cancers in the world. The late-stage diagnosis plays a pivotal role in the mortality rate, making CRC the second leading cause of cancer-related deaths. Its diagnosis is based on the analysis of histological images acquired from a biopsy, a time-consuming and prone to errors task. Over the years, many deep learning and computer vision approaches have been proposed to automatize such a task, reducing the need for human specialists. To contribute to this area of research, we proposed an ensemble that combines a Lightweight CNN and handcrafted color texture features commonly used in literature. We investigated how different texture methods impact the performance of the ensemble in an important multi-class problem composed of eight types of tissues. Our ensemble obtained 99.63% accuracy, surpassing state of the art methods and deeper CNNs, and 99.63% F1 score, showing a good balance between precision and recall.",,0.0,2026.0,Federal University of Rio Grande do Sul,Ensemble learning; Pattern recognition (psychology); Texture (cosmology); Deep learning; Colorectal cancer; Key (lock),Universidade Federal de São Carlos; Universidade Federal de Viçosa,BR,Article,EN,True,,Artificial intelligence; Computer science; Ensemble learning; Pattern recognition (psychology); Texture (cosmology); Deep learning; Colorectal cancer; Key (lock); Machine learning; Computer vision; Ensemble forecasting; Feature extraction; Image (mathematics); Convolutional neural network; Cancer; Contextual image classification,articles-RITA-20260617-dointext.csv,1,0.5,2.0
10.22456/2175-2745.150636,Federated Learning on Non-IID Environmental Images for Enhanced Wildfire Surveillance,"Elisa Ribeiro Gonçalves, Emanuel Teixeira Martins, Rodrigo Moreira, Larissa Ferreira Rodrigues Moreira",W7135094272,"Wildfires pose serious threats to ecosystems and human safety, requiring accurate monitoring systems. This study proposes a Federated Learning (FL) approach with Convolutional Neural Networks (CNNs) for wildfire detection using two heterogeneous image datasets, keeping the data locally on each client. The federated setup simulates non-Independent and identically distributed (IID) conditions, where each client trains locally and updates are aggregated its weights to a remote server. To ensure effective performance, hyperparameter optimization for each architecture was conducted using the Tree of Parzen Estimators (TPE), allowing efficient exploration of the best training configurations. Results demonstrate that FL can handle data heterogeneity while preserving privacy, with deeper CNN architectures achieving superior performance. The findings highlight the feasibility of FL for wildfire surveillance and the ability of optimized CNNs to generalize effectively across diverse environmental conditions, supporting collaborative model training without sharing raw data.",,0.0,2026.0,Federal University of Rio Grande do Sul,Convolutional neural network; Hyperparameter; Federated learning; Raw data; Independent and identically distributed random variables; Tree (set theory); Train; Estimator; Architecture,Universidade Federal de Viçosa,BR,Article,EN,True,,Computer science; Convolutional neural network; Artificial intelligence; Machine learning; Hyperparameter; Federated learning; Raw data; Independent and identically distributed random variables; Tree (set theory); Train; Data mining; Estimator; Architecture; Search engine indexing; Hyperspectral imaging; Data sharing; Deep learning; Training (meteorology); Artificial neural network; Training set; Random forest; Spatial analysis; Remote sensing; Data modeling; Systems architecture; Pruning; Interoperability; Object detection; Geotagging; Real-time computing; Aerial image,articles-RITA-20260617-dointext.csv,3,0.8,
10.22456/2175-2745.150723,Graph-Based Nearest Centroid for Image Classification,Alexandre L. M. Levada,W7135087666,"Image classification is a fundamental task for pattern recognition and computer vision. Many different classifiers have been proposed to overcome the limitations of supervised learning in practical problems. Despite all the efforts, due to the curse of the dimensionality, classifying high-dimensional data still pose a challenge to reasearchers and practitioners from several fields of science. In this paper, we propose a graph-based nearest centroid classifier (Graph-NCC), method for supervised classification that builds a discrete approximation to the data manifold and employs shortest paths to approximate the geodesic distances between sample points. An analysis of the complexity reveals that Graph-NCC is log-linear in the number of samples and linear in the number of edges, showing that the method is quite efficient in comparison to modern supervised classification techniques. We performed computational experiments with real image datasets to demonstrate the effectiveness of Graph-NCC. The obtained results show that the proposed Graph-NCC algorithm is capable of improving the balanced accuracy in comparison to the regular nearest neighbor classifier (NCC). In some cases, the proposed method also overperforms classical machine learning methods, as support vector machines (SVM), k-nearest neighbors classifier (k-NN) and XGBoost.",,0.0,2026.0,Federal University of Rio Grande do Sul,Pattern recognition (psychology); Centroid; Classifier (UML); Linear classifier; Contextual image classification; k-nearest neighbors algorithm; Support vector machine; Geodesic; Statistical classification,Universidade Federal de São Carlos,BR,Article,EN,True,,Pattern recognition (psychology); Artificial intelligence; Centroid; Classifier (UML); Linear classifier; Contextual image classification; k-nearest neighbors algorithm; Computer science; Support vector machine; Geodesic; Statistical classification; Mathematics; Supervised learning; Nonlinear dimensionality reduction; Machine learning; Cluster analysis; Structured support vector machine; Large margin nearest neighbor; Computational complexity theory; Image (mathematics); One-class classification; Feature extraction; Image processing; Data point; Quadratic classifier,articles-RITA-20260617-dointext.csv,3,0.8,
10.22456/2175-2745.150751,Efficient Pothole Segmentation Using Quantization and Pruning for ADAS,"William D’Abruzzo Martins, Fernando Santos Osório, Diego Renan Bruno",W7135091075,"Real-time semantic segmentation is critical for Advanced Driver-Assistance Systems (ADAS), but deploying deep learning models on resource-constrained hardware remains a challenge. This work presents an efficient pipeline for pothole segmentation using the lightweight PP-LiteSeg model, evaluating and comparing two key optimization techniques: post-training quantization and network pruning. Results demonstrate that 8-bit integer (INT8) quantization is highly effective, achieving a 3.54x speedup in GPU compute time with only a minimal, well-controlled loss in segmentation accuracy. While network pruning also reduces model size and latency, it comes at a more pronounced cost to performance. In conclusion, while quantization offers a superior trade-off between speed and accuracy, network pruning remains a valuable strategy for applications where memory compression is the primary objective.",,0.0,2026.0,Federal University of Rio Grande do Sul,Quantization (signal processing); Segmentation; Speedup; Pruning; Pipeline (software); Pothole (geology); Deep learning; Vector quantization,Hospital Universitário da Universidade de São Paulo; Universidade Estadual Paulista (Unesp),BR,Article,EN,True,,Quantization (signal processing); Segmentation; Computer science; Speedup; Artificial intelligence; Pruning; Pipeline (software); Pothole (geology); Deep learning; Vector quantization; Linde–Buzo–Gray algorithm; Key (lock); Image segmentation; Pattern recognition (psychology); Data compression; Algorithm; Scale-space segmentation; Machine learning; Data compression ratio; Maxima and minima; Computer vision; Integer (computer science),articles-RITA-20260617-dointext.csv,2,1.0,
10.22456/2175-2745.150755,Cross-Validation Deep Learning for Breast Cancer Detection Using DMR-IR Infrared Images,"Renata dos Santos Melo, Henrique Fernandes, André Ricardo Backes",W7135083116,"Breast cancer detection is a global health priority. While traditional methods have limitations, infrared thermography offers a promising, non-invasive alternative by detecting subtle thermal changes that can indicate tumors. This paper assessed five pre-trained Convolutional Neural Networks (CNNs) for breast cancer detection using DMR-IR thermal images, employing a 5-fold cross-validation. Among the tested models, ResNet50 achieved the best overall performance, with the highest average accuracy (92.79%), precision (95.00%), specificity (98.67%), sensitivity (72.00%), and F1-score (79.43%). The model was trained using raw thermal images from three anatomical views (frontal, lateral 90°, and lateral 45°), totaling five images per patient, an approach still uncommon in the literature. These results highlight ResNet50's strong potential for reliable and clinically applicable breast cancer detection using thermography.",,0.0,2026.0,Federal University of Rio Grande do Sul,Thermography; Breast cancer; Convolutional neural network; Deep learning; Cancer detection; Pattern recognition (psychology); Sensitivity (control systems); Thermal infrared,Universidade Federal de São Carlos; Universidade Federal de Uberlândia,BR,Article,EN,True,,Thermography; Breast cancer; Artificial intelligence; Convolutional neural network; Deep learning; Cancer detection; Pattern recognition (psychology); Computer vision; Sensitivity (control systems); Computer science; Thermal infrared; Cancer; Artificial neural network; Infrared; Medicine; Mammography; Radiology; Medical imaging; Feature extraction; Object detection; Breast cancer screening,articles-RITA-20260617-dointext.csv,1,0.5,2.0
10.22456/2175-2745.150810,Classifying Synthetic Facial Images:,"Fernanda Goyo Tamanaka, Lucas F. Buzuti, CARLOS EDUARDO THOMAZ",W7135045753,"Through artificial intelligence (AI) techniques, synthetic content is generated, which is an increasingly critical issue for digital security. This paper aims to classify real and synthetic facial images using a state-of-the-art AI model to analyze, both quantitatively and qualitatively, its performance and the most discriminating features across the various data transformations used for this purpose in current literature. In this scenario, the study utilized three public benchmark datasets: two for generating fake images (Stable Diffusion and StyleGAN2) and one for real images (FFHQ), employing the Xception architecture with the Grad-CAM++ viewer. Overall, the results indicate that the central region of the image is the most discriminative one, whereas random cropping produced the worst performance. Future work aims to explore other explainable Artificial Intelligence (XAI) methods, as well as other training and validation protocols, such as cross-testing between synthetic databases.",,0.0,2026.0,Federal University of Rio Grande do Sul,Discriminative model; Benchmark (surveying); Synthetic data; Pattern recognition (psychology); Digital image; Image (mathematics); RGB color model; Feature extraction,Thermo Fisher Scientific (Japan),JP,Article,EN,True,,Artificial intelligence; Discriminative model; Computer science; Benchmark (surveying); Synthetic data; Pattern recognition (psychology); Machine learning; Digital image; Computer vision; Image (mathematics); RGB color model; Feature extraction; Image synthesis; Face (sociological concept); Training set; Margin (machine learning); Contextual image classification; Image processing; Representation (politics); Active appearance model,articles-RITA-20260617-dointext.csv,2,0.8,
10.22456/2175-2745.150824,Impact of Wavelet Pre-processing on Deep Learning Architectures for Renal Cancer Diagnosis,"Vinícius Meireles Pereira Santos, Ana Cláudia Patrocínio, Pedro Moisés de Sousa",W7135051622,"Renal cancer is a lethal neoplasm where early detection is critical yet challenging. To define an optimal diagnostic pipeline, this study conducts a comparative analysis on a public tomography dataset (CT KIDNEY DATASET), evaluating the impact of a wavelet filter. Six deep learning architectures were tested, spanning classic (VGG16), modern (ResNet50), efficient (MobileNetV2), and attention-based (Vision Transformer - ViT) paradigms. Our results reveal a complex, architecture-dependent impact: wavelet pre-processing enables a ResNet50 to achieve a test accuracy of 100.00%. However, we demonstrate that a more efficient architecture, MobileNetV2, reaches the same state-of-the-art performance without this pre-processing step. These findings highlight that the optimal diagnostic pipeline is a balance between architectural efficiency and pre-processing complexity, positioning MobileNetV2 as the most pragmatic and effective solution.",,0.0,2026.0,Federal University of Rio Grande do Sul,Wavelet; Deep learning; Pipeline (software); Test set; Cancer; Pattern recognition (psychology); Kidney cancer,Universidade Federal de Uberlândia; Universidade Federal de Viçosa,BR,Article,EN,True,,Artificial intelligence; Wavelet; Deep learning; Computer science; Pipeline (software); Test set; Cancer; Machine learning; Pattern recognition (psychology); Kidney cancer; Diagnostic accuracy; Wavelet transform; Medical diagnosis; Set (abstract data type); Computed tomography; Medicine; Transformer; Data mining,articles-RITA-20260617-dointext.csv,1,0.5,2.0
10.22456/2175-2745.150833,Automated Analysis of Packaging Seal Failures Using Computer Vision Techniques,"Ana Clara Fraga Osias, Ian Otoni, Thiago L. Gomes, Michel M. Silva",W7135089582,"This work presents a computer vision–based method for the automated detection of sealing failures in carton packaging. In the juice industry, manual inspection of package flaps is destructive, time-consuming, and prone to human error, while defective sealing can lead to product leakage and economic losses. To address these challenges, we propose a two-stage approach: first, images of package flaps are preprocessed to accurately detect and align the flaps and detect the adhesive region; second, the adhesive region is segmented and classified into four categories: Aluminum, Background, Cardboard, and Cardboard-Aluminum using convolutional neural networks applied to image patches. Regions where aluminum appears in the same position on both flaps are identified as sealing failures. Experimental evaluation demonstrates that the method reliably detects defects, reducing reliance on manual inspection and providing an effective solution for automated quality control in industrial production.",,0.0,2026.0,Federal University of Rio Grande do Sul,Seal (emblem); Convolutional neural network; Leakage (economics); Carton; Visual inspection; Machine vision; Position (finance),Universidade Federal de Viçosa,BR,Article,EN,True,,Artificial intelligence; Computer vision; Seal (emblem); Convolutional neural network; Computer science; Leakage (economics); Carton; Visual inspection; Machine vision; Engineering; Position (finance); Automation; Computer-aided; Image processing; Quality (philosophy); Image segmentation; Artificial neural network; Engineering drawing; Product (mathematics); Feature extraction,articles-RITA-20260617-dointext.csv,2,0.5,3.0
10.22456/2175-2745.150894,SARS-CoV-2 Detection in Genosensor Images via Deep Learning and Data Augmentation,"Ana Beatriz S. Zerati, Luan B. Guerra, Osvaldo N. Oliveira Jr, Lucas C. Ribas",W7135069745,"This work addresses the challenge of classifying genosensor images obtained by scanning electron microscopy (SEM) for SARS-CoV-2 diagnosis. Due to the specialized nature of the data, image datasets are inherently small, which limits the effectiveness of deep learning models. To overcome this limitation, we investigated the impact of seven data augmentation strategies - Flipping, Shift, Random Erasing, AugMix, AutoAugment, RandAugment and TrivialAugment - on the performance of four Convolutional Neural Networks (CNNs): ResNet50, ResNet101, DenseNet121, and ConvNeXt-Tiny. Our analyses demonstrated that data augmentation is crucial for the success of the task, achieving a remarkable accuracy of 97.85%, surpassing both traditional feature extraction methods and previously tested deep learning approaches. Furthermore, our findings indicate that the choice of augmentation technique is critical, with aggressive methods proving detrimental for highly specialized microscopy data.",,1.0,2026.0,Federal University of Rio Grande do Sul,Deep learning; Convolutional neural network; Pattern recognition (psychology); Feature extraction; Artificial neural network; Feature (linguistics); Training set,Hospital Universitário da Universidade de São Paulo; Universidade Estadual Paulista (Unesp),BR,Article,EN,True,,Artificial intelligence; Deep learning; Convolutional neural network; Computer science; Pattern recognition (psychology); Feature extraction; Artificial neural network; Feature (linguistics); Training set; Deep neural networks; Machine learning; Computer vision; Image (mathematics); Contextual image classification; Labeled data; Image processing; Object detection,articles-RITA-20260617-dointext.csv,1,0.5,2.0
10.22456/2175-2745.150896,Assessing Deep Hybrid Representations for Colorectal Polyp Classification in Histopathology Images,"Luan B. Guerra, Ana Beatriz S. Zerati, Ana Catarina M. Vicentim, Lucas C. Ribas",W7135023462,"This study investigates the use of Convolutional Neural Networks (CNNs) and Vision Transformers (ViT) backbones for feature extraction from histopathological images, and further evaluates the effectiveness of combining features from different depths of both architectures. The backbones were employed to extract features from colorectal polyp images in the MHIST dataset. Features obtained from each model individually, across different deep layers, were also combined and subjected to a dimensionality reduction process. Subsequently, both the individual and combined feature sets, with and without dimensionality reduction, were evaluated using linear classification models. The combined features achieved an accuracy of 85.55%, surpassing all results obtained from individual models and other approaches. These findings show that features from the first and middle layers, and feature fusion enhances robustness by leveraging the complementary strengths of each architecture.",,0.0,2026.0,Federal University of Rio Grande do Sul,Pattern recognition (psychology); Robustness (evolution); Convolutional neural network; Feature extraction; Dimensionality reduction; Curse of dimensionality; Deep learning,Universidade Estadual Paulista (Unesp),BR,Article,EN,True,,Artificial intelligence; Pattern recognition (psychology); Robustness (evolution); Convolutional neural network; Feature extraction; Computer science; Dimensionality reduction; Curse of dimensionality; Deep learning; Feature (linguistics); Feature vector; Histopathology; Artificial neural network; Fusion; Support vector machine; Computer vision; Colorectal Polyp; Contextual image classification,articles-RITA-20260617-dointext.csv,1,0.5,2.0
10.22456/2175-2745.150897,Enhanced Engine Vibration by Computer Vision Methods for Predictive Maintenance,"Loureni Monteiro Coutinho, Leonardo de Assis Silva, Fabricio Bortolini de Sá",W7135064861,"Predictive maintenance focuses on the continuous monitoring of the system, with the goal of identifying potential degradations in advance, and commonly uses vibration sensors. However, this method can become costly when dealing with very large networks. As an alternative, studies have emerged that use high-speed cameras to capture video footage of motion and analyze vibration through computer vision processing and motion magnification algorithms. In this context, this work proposes a vibration analysis system based on video, following three main approaches: spectrogram analysis, vibration magnification, and classification of the equipment's operational condition using PCA and Random Forest. For algorithm validation, numerical data was collected using a vibration sensor, and video recordings were made using a GoPRO camera. Experiments were conducted in stages, and the results showed that the algorithm was able to distinguish between the motor’s operating condition classes and classified these states with an accuracy of at least 86%.",,0.0,2026.0,Federal University of Rio Grande do Sul,Vibration; Spectrogram; Predictive maintenance; Motion (physics); Condition monitoring; Work (physics),Instituto Federal do Espírito Santo; International Foundation for Electoral Systems,BR; US,Article,EN,True,,Vibration; Spectrogram; Computer science; Computer vision; Artificial intelligence; Predictive maintenance; Motion (physics); Condition monitoring; Work (physics); Engineering; Magnification; Pattern recognition (psychology); Acceleration; Feature extraction; Data processing; Machine vision,articles-RITA-20260617-dointext.csv,3,0.8,
10.22456/2175-2745.150900,Generalization in Deepfake Detection:,"Nathalia Farinha Rodrigues, Ademar Takeo Akabane, Vinicius Carbonezi de Souza, Luiz Antonio Buschetto Macarini",W7135081222,"This study investigates deepfake detection, a rapidly evolving class of synthetic media with major financial and ethical implications. We evaluate the generalization of two detection approaches: Convolutional Neural Network (CNN)-based models, represented by EfficientNetAutoAttB4, and frequency-domain models, exemplified by FreqNet. While EfficientNetAutoAttB4 achieves strong performance on in-domain data, it tends to overfit, whereas FreqNet captures spectral artifacts that improve robustness to unseen manipulations. Cross-database evaluation on the GANGen-Detection dataset shows that FreqNet consistently outperforms EfficientNet across Accuracy, AUC-ROC, and F1-score. These results highlight the importance of frequency-domain representations for building more generalizable deepfake detectors and expose the limitations of purely spatial CNNs when facing out-of-distribution data. Code and example images to reproduce the experiments are available in the associated repository https://github.com/NathFarinha/deepfake-detection-generalization-efficientnet-freqnet.git.",,0.0,2026.0,Federal University of Rio Grande do Sul,Generalization; Robustness (evolution); Convolutional neural network; Class (philosophy); Code (set theory); Source code; Synthetic data,Centre for Research and Development in Telecommunications (Brazil); Pontifícia Universidade Católica de Campinas,BR,Article,EN,True,,Generalization; Computer science; Robustness (evolution); Convolutional neural network; Artificial intelligence; Class (philosophy); Machine learning; Code (set theory); Source code; Synthetic data; Noisy data; Deep neural networks; Artificial neural network; Detector; Transferability; Pattern recognition (psychology); Data mining,articles-RITA-20260617-dointext.csv,2,1.0,
10.22456/2175-2745.150902,Automated Segmentation of the Spinal Column in MRI Volumes Using Deep Learning,"Renan Silva de Carvalho, Leandro Henrique Furtado Pinto Silva, João Fernando Mari",W7135030447,"Accurate segmentation of spinal structures in magnetic resonance imaging (MRI) is an important step for supporting the diagnosis of several diseases and related conditions. In this work, we present a systematic evaluation of three deep learning architectures, U-Net, Feature Pyramid Network (FPN), and SegFormer, combined with ResNet-50 and EfficientNet-B2 encoders for the semantic segmentation of the cervical spine (C1–C7) in MRI volumes from the VerSe 2020 dataset. The proposed pipeline includes dataset preparation, model training using Dice loss, Adam optimizer, and early stop strategy, and evaluation with standard metrics such as Intersection over Union (IoU), F1-Score, and accuracy. Results show that FPN with ResNet-50 achieved the best overall performance, reaching an IoU of 0.6696 and an F1-score of 0.8021, while EfficientNet-B2 provided more consistent results across different architectures. Data augmentation showed limited impact, with gains restricted to a few specific configurations. Qualitative analysis through 3D surface reconstruction further highlighted the limitations of 2D slice-based segmentation, particularly at the extremities of the vertebrae, suggesting the need for volumetric approaches. The contributions of this work include the development of a reproducible pipeline for spinal segmentation, a comparative evaluation of convolutional and Transformer-based models. Qualitative analysis suggests potential benefits in exploring 3D approaches in future work.",,0.0,2026.0,Federal University of Rio Grande do Sul,Segmentation; Deep learning; Pipeline (software); Convolutional neural network; Pattern recognition (psychology); Intersection (aeronautics); Magnetic resonance imaging; Feature (linguistics),Universidade Federal de Viçosa,BR,Article,EN,True,,Artificial intelligence; Segmentation; Deep learning; Computer science; Pipeline (software); Convolutional neural network; Pattern recognition (psychology); Intersection (aeronautics); Magnetic resonance imaging; Feature (linguistics); Computer vision; Pyramid (geometry); Encoder; Image segmentation; Spinal column; Machine learning; Vertebral column; Automated method; Feature extraction; Artificial neural network; Dice,articles-RITA-20260617-dointext.csv,1,0.5,3.0
10.22456/2175-2745.150903,KLT Revisited: Spatio-Temporal Affine Regression for Feature Tracking,"Nigel Joseph Bandeira Dias, Gustavo Teodoro Laureano, Ronaldo Martins da Costa",W7135037607,"Feature association is an essential step for vision-based localization methods. These methods rely on feature matching to estimate relative motion between consecutive frames using projective geometry. Regardless of the advances in feature association, most existing methods still rely on pairwise feature matching approaches and ignore the rich temporal context in image sequences. In this paper, we revisit the well-known Kanade-Lucas-Tomasi (KLT) feature tracker algorithm and propose a differentiable tracker model. The Proposed method is a fully convolutional neural network that learns spatio-temporal features to track keypoints across videos. Experimental results show that the proposed method outperforms the KLT method, especially in challenging environments.",,1.0,2026.0,Federal University of Rio Grande do Sul,Pattern recognition (psychology); Feature (linguistics); Affine transformation; Matching (statistics); Feature matching; Context (archaeology); Convolutional neural network; Pairwise comparison,Universidade Federal de Goiás,BR,Article,EN,True,,Artificial intelligence; Pattern recognition (psychology); Feature (linguistics); Computer science; Affine transformation; Matching (statistics); Feature matching; Context (archaeology); Convolutional neural network; Pairwise comparison; Computer vision; Feature extraction; Focus (optics); Artificial neural network; Feature tracking; Mathematics; Tracking (education); Feature detection (computer vision); Differentiable function; Image warping; Histogram; Frame (networking); Feature selection; Feature learning,articles-RITA-20260617-dointext.csv,2,1.0,
10.22456/2175-2745.150904,Two-Stage Fine-Tuning of Object Detectors for Industrial Environments,"Gabriel Gonçalves Moreira, Ian Otoni, Michel M. Silva, Thiago L. Gomes",W7135055552,"Automated quality control in industrial production has the potential to reduce errors and provide real-time information. However, the inspection of secondary packaging, such as counting boxes in crates, still represents a challenge, since manual methods are slow and error-prone, while automatic methods are limited by the scarcity of domain-specific datasets and the high cost of annotation. This paper proposes an efficient and low-cost two-stage object detection workflow for automatic box counting. The central novelty lies in the integration of the Segment Anything Model (SAM) to accelerate the creation of a high-quality dataset from production line videos, making model specialization economically feasible. Initially, a generalist model is trained on heterogeneous datasets to capture general visual features. Then, the model is fine-tuned with the domain-specific dataset of approximately 750 images. Experiments with YOLOv11x and Faster R-CNN achieved mAP@0.5 above 98%, with YOLOv11x showing higher accuracy and faster inference. These results demonstrate the efficiency of the proposed approach, establishing it as a replicable and low-cost solution for monitoring secondary packaging in industrial environments.",,0.0,2026.0,Federal University of Rio Grande do Sul,Workflow; Object (grammar); Production line; Quality (philosophy); Production (economics); Novelty; Object detection; Visual inspection,Universidade Federal de Viçosa,BR,Article,EN,True,,Workflow; Computer science; Object (grammar); Production line; Quality (philosophy); Production (economics); Novelty; Artificial intelligence; Object detection; Visual inspection; Detector; Control (management); SMT placement equipment; Data mining; Computer vision; Line (geometry); Novelty detection; Visualization; Industrial production; Real-time computing; Automation,articles-RITA-20260617-dointext.csv,2,0.5,3.0
10.22456/2175-2745.150907,Comparison of Low-Cost 3D Reconstruction Techniques for Change Detection in Indoor Environments,"Walter Bueno de Brito Neto, Michel M. Silva, Thiago L. Gomes",W7135094147,"This work evaluates low-cost 3D capture techniques for change detection in indoor environments. We compared a traditional Structure-from-Motion method (COLMAP) with a deep learning approach (CUT3R), using RGB images captured in two sessions of the same laboratory, one with visual changes and one without. The pipeline included 3D reconstruction, point cloud post-processing, alignment, and point-to-point (Cloud-to-Cloud) change detection. Results show that CUT3R produces visually richer reconstructions with significantly lower processing time but suffers from scale inconsistencies and object duplication, compromising precise change detection. COLMAP, although slower, maintains spatial coherence and provides more reliable identification of alterations. These findings indicate that traditional methods are still preferable for rigorous change detection, while deep learning approaches are advantageous for scenarios requiring fast or visually detailed reconstructions.",,0.0,2026.0,Federal University of Rio Grande do Sul,Change detection; RGB color model; Point cloud; Deep learning; Pipeline (software); 3D reconstruction; Visualization; Scale (ratio); Identification (biology),Universidade Federal de Viçosa,BR,Article,EN,True,,Change detection; Artificial intelligence; Computer science; Computer vision; RGB color model; Point cloud; Deep learning; Pipeline (software); 3D reconstruction; Visualization; Scale (ratio); Identification (biology); Object detection; Spatial coherence; Coherence (philosophical gambling strategy); Iterative reconstruction; Point (geometry); Object (grammar); Feature extraction; Pattern recognition (psychology); Cognitive neuroscience of visual object recognition; Cloud computing; Key (lock); Data processing; Image processing,articles-RITA-20260617-dointext.csv,2,1.0,
10.22456/2175-2745.150908,Deep Learning-Based Brain Tumor Classification in MRI with External Validation Across Multiple Datasets,"Filipe Ferreira Viana, Leandro Henrique Furtado Pinto Silva, João Fernando Mari",W7135039847,"The automatic classification of brain tumors in magnetic resonance imaging (MRI) remains a challenging task due to the variability of tumor morphology and the heterogeneity of available datasets. This work presents a comparative evaluation of three deep learning models (ResNet-50, DenseNet-121, and ViT-B16) using the recently curated BRISC 2025 dataset and the BCD-MRI dataset. A systematic evaluation protocol was adopted, including internal validation, external evaluation restricted to test splits, and external evaluation over the entire external datasets. Four levels of data augmentation, ranging from none to strong, were applied to assess their impact on generalization. Internal evaluations achieved high and stable results across all models, while external test set evaluations showed only minor drops. More pronounced differences emerged when models were tested on entire external datasets: knowledge transferred from BCD-MRI generalized better to BRISC than the reverse. Data augmentation reduced part of the performance loss, particularly in external evaluations, yielding significant gains in robustness. Overall, DenseNet-121 proved to be the most reliable architecture, ResNet-50 showed resilience when combined with augmentation, and ViT-B16 achieved strong results in restricted cases but was less stable in whole-dataset external evaluations. The main contribution of this study is to demonstrate that progressive data augmentation enhances the external dataset generalization, highlighting the importance of evaluating models beyond internal splits or limited external test sets to better approximate real-world deployment conditions.",,0.0,2026.0,Federal University of Rio Grande do Sul,Task (project management); Protocol (science); External validity; Set (abstract data type); Magnetic resonance imaging; Pattern recognition (psychology); Test (biology); Data set,Universidade Federal de Viçosa,BR,Article,EN,True,,Computer science; Artificial intelligence; Task (project management); Protocol (science); External validity; Data mining; Set (abstract data type); Machine learning; Magnetic resonance imaging; Pattern recognition (psychology); Test (biology); Data set; Deep learning; Evaluation methods; Resilience (materials science); Test set; Software deployment; Field (mathematics); Model validation; Test data; Neuroimaging; Training set,articles-RITA-20260617-dointext.csv,1,0.5,3.0
10.22456/2175-2745.150916,Semantic Segmentation of Coffee Regions From Satellite Images Using Deep Learning,"João Alberto de Souza Ribeiro, Vitor Augusto Negrão de Assis, Lais Bueno Palos, Jorge Otávio de Souza Nogueira, Jhonathas Emiliano Candido, André Ricardo Backes",W7135052496,"Coffee is one of the main agricultural products exported by Brazil, with Minas Gerais standing out as the largest producer and responsible for a significant portion of the country's production. Due to its importance, this work investigates various Convolutional Neural Networks (CNNs) for mapping coffee plantation areas in the municipality of Muzambinho, MG. Using satellite images, we evaluated four semantic segmentation network architectures: FCN, MA-NET, SegNet, and DeepLabV3. Experiments using a dataset with 100 satellite images demonstrated that the FCN and MA-NET networks achieve better performance in identifying crops than SegNet and DeepLabV3. The latter, however, presented generalization challenges in the test set, indicating sensitivity to variations in lighting and shading. The study highlights the potential of artificial intelligence combined with remote sensing to improve agricultural management, and the need for more robust and diversified datasets to optimize the generalization and robustness of the models in real conditions.",,0.0,2026.0,Federal University of Rio Grande do Sul,Convolutional neural network; Robustness (evolution); Deep learning; Segmentation; Generalization; Satellite; Satellite imagery,Instituto Federal do Sul de Minas; Universidade Federal de São Carlos,BR,Article,EN,True,,Convolutional neural network; Artificial intelligence; Robustness (evolution); Deep learning; Segmentation; Computer science; Generalization; Satellite; Satellite imagery; Artificial neural network; Remote sensing; Deep neural networks; Machine learning; Pattern recognition (psychology); Image segmentation; Sensitivity (control systems); Semantics (computer science); Satellite image; Computer vision; Test data; Geography,articles-RITA-20260617-dointext.csv,2,1.0,
10.22456/2175-2745.150917,HEVA: Integrating ViT and ResNet50 with ABCD Clinical Features for Skin Cancer Diagnosis,"Antônio Marcio Crepaldi Junior, Bianca Aparecida Andrade, Ademar Takeo Akabane",W7135052942,"Melanoma is the deadliest skin cancer, causing over 90% of skin tumor deaths. Early detection ensures survival above 95%, but below 15% in late stages. We propose the HEVA architecture, which integrates ensemble deep learning with ABCD descriptors and a SegFormer-B5 model, for accurate lesion masks. HEVA achieved 93.2% accuracy and 84.2% F1-score on HAM-10000, and 87.7% accuracy with 82.01% macro F1 on ISIC 2018 (1,512 images). SegFormer achieved 82.6% mean IoU and 91.2% accuracy in segmentation.",,0.0,2026.0,Federal University of Rio Grande do Sul,Skin cancer; Skin lesion; Melanoma; Diagnostic accuracy; Lesion; Cancer,Centre for Research and Development in Telecommunications (Brazil); Pontifícia Universidade Católica de Campinas,BR,Article,EN,True,,Skin cancer; Medicine; Skin lesion; Dermatology; Melanoma; Artificial intelligence; Diagnostic accuracy; Lesion; Cancer; Dermatoscopy; Melanoma diagnosis; Deep learning; Pattern recognition (psychology); Skin tumor; Radiology; Clinical diagnosis; Computer science,articles-RITA-20260617-dointext.csv,1,0.5,2.0
10.22456/2175-2745.150920,Evaluating Preprocessing and Data Augmentation for Soybean Leaf Pest Classification with Deep Learning,"Ana Raquel Tinoco Vaz Martins Borges, Larissa Ferreira Rodrigues Moreira, Leandro Henrique Furtado Pinto Silva, João Fernando Mari",W7135071949,"Soybean is one of the most important crops in the world, and its productivity is often reduced by pests that attack the leaves. Detecting these problems early is important for effective crop management. In this work, we evaluate three deep learning models, ResNet-50, ViT-B16, and ConvNeXt-Tiny, for the classification of soybean leaves as healthy or infested by Caterpillar or Diabrotica speciosa. The experiments were carried out using the public ""Images of Soybean Leaves"" dataset collected in real field conditions. We tested two preprocessing strategies (Resize and Random Resized Crop) and three levels of data augmentation (none, mild, strong). Results show that ConvNeXt-Tiny obtained the most stable performance, with its best results under Random Resized Crop and strong augmentation (accuracy of 0.9594, precision of 0.9555, and F1-score of 0.9576). ResNet-50 also performed well with cropping strategies, while only ViT-B16 benefited from simple Resize preprocessing. Macro and weighted metrics showed that the models kept good performance even with class imbalance. These results confirm the potential of deep learning for automatic pest detection in soybean leaves. Future work includes testing with larger datasets and using more advanced augmentation methods to improve robustness in real field conditions.",,0.0,2026.0,Federal University of Rio Grande do Sul,Deep learning; Preprocessor; Random forest; PEST analysis; Robustness (evolution); Cropping,Universidade Federal de Viçosa,BR,Article,EN,True,,Deep learning; Preprocessor; Artificial intelligence; Random forest; Machine learning; PEST analysis; Robustness (evolution); Cropping; Crop; Computer science; Mathematics; Agronomy; Pattern recognition (psychology); Field (mathematics); Agricultural engineering; Naive Bayes classifier; Support vector machine; Crop yield,articles-RITA-20260617-dointext.csv,2,0.5,3.0
10.22456/2175-2745.150921,Federated Semantic Segmentation of Synthetic UAV Imagery under Non-IID Conditions,"Victor Gonçalves Vieira, Emanuel Teixeira Martins, Juliana Quintiliano Ferreira, Thiago Luange Gomes, Michel Melo Silva, Rodrigo Moreira, Larissa Ferreira Rodrigues Moreira",W7135027943,"Unmanned Aerial Vehicles (UAVs) rely on semantic segmentation for monitoring, inspection, and disaster response tasks. Traditional centralized training requires the transfer of large data volumes, which is often infeasible because of privacy, bandwidth, and decentralization constraints. Federated Learning (FL) offers a promising alternative; however, non-IID data hinder its effectiveness because UAVs operate in diverse environments with heterogeneous distributions. This study evaluated the adaptation of a semantic segmentation model to a federated setting using synthetic UAV imagery. We investigated four training configurations by varying the communication rounds, local epochs, and learning rates, and analyzed their effects on convergence and class-level accuracy. The results suggest that moderate communication with local training achieves balanced performance, whereas high learning rates or excessive synchronization cause instability and class-specific biases. These findings open avenues for designing robust federated UAV segmentation strategies under non-IID conditions.",,0.0,2026.0,Federal University of Rio Grande do Sul,Segmentation; Federated learning; Adaptation (eye); Training (meteorology); Training set; Synchronization (alternating current); Convergence (economics); Transfer of learning; Stability (learning theory),Universidade Federal de Viçosa,BR,Article,EN,True,,Computer science; Segmentation; Federated learning; Artificial intelligence; Adaptation (eye); Training (meteorology); Training set; Synchronization (alternating current); Convergence (economics); Machine learning; Transfer of learning; Stability (learning theory); Synthetic data; Image segmentation; Computer vision; Key (lock); Data-driven; Real-time computing; Semantics (computer science); Data modeling; Semantic mapping; Online learning; Robustness (evolution); Trajectory; Labeled data; Semantic data model,articles-RITA-20260617-dointext.csv,3,0.8,
10.22456/2175-2745.150922,Evaluating Deep Segmentation Models for Wildfire Mapping Using Sentinel-2 Satellite Imagery,"Victor Hugo Lara Souza, Rodrigo Smarzaro, Leandro Henrique Furtado Pinto Silva, João Fernando Mari",W7135062399,"Wildfires pose serious threats to ecosystems, human health, and urban infrastructure, making accurate and efficient mapping of burned areas essential for mitigation and recovery. In this context, the use of computer vision techniques has shown highly effective results for rapid and accurate delineation of burned areas. However, these techniques require considerable computational cost, and their performance is sensitive to model selection and hyperparameter adjustments. Therefore, this work evaluates deep learning models for the semantic segmentation of regions affected by wildfires using multispectral images from the CEMS-Wildfire dataset, obtained from the Sentinel-2 satellite. We evaluated the combination of three traditional architectures: U-Net, Feature Pyramid Network (FPN), and SegFormer, combined with different encoders (ResNet-50, EfficientNet B2, and MiT-B0), under different data augmentation strategies (none, mild, strong) and loss functions (Binary cross-entropy, Dice loss, and hybrid BCE + Dice loss). U-Net achieved the best performance with the MiT B0 encoder, trained using Dice loss and moderate augmentation, resulting in an IoU of 0.7790 and an F1-score of 0.8758.",,0.0,2026.0,Federal University of Rio Grande do Sul,Dice; Segmentation; Hyperparameter; Deep learning; Satellite imagery; Pyramid (geometry); Feature (linguistics); Multispectral image,Universidade Federal de Viçosa,BR,Article,EN,True,,Dice; Computer science; Artificial intelligence; Segmentation; Hyperparameter; Deep learning; Satellite imagery; Pyramid (geometry); Feature (linguistics); Multispectral image; Remote sensing; Feature selection; Aerial imagery; Computer vision; Selection (genetic algorithm); Image segmentation; Convolutional neural network; Pattern recognition (psychology); Encoder; Machine learning; Artificial neural network; Model selection; Bayesian network; Feature extraction; Satellite,articles-RITA-20260617-dointext.csv,2,0.5,3.0
10.22456/2175-2745.150923,Deep Learning Models for Brachial Lumen Segmentation:,"Breno Luiz Nunes da Silva, Alexandre Gonçalves da Silva, Lucas Ziza Nastari, Rangel Arthur",W7135025785,"Cardiovascular diseases remain one of the leading causes of global mortality. Flow-mediated dilation of the brachial artery, assessed by ultrasonography, is a non-invasive method to evaluate endothelial function; however, manual analysis is time-consuming and prone to variability. This study proposes the automatic segmentation of the brachial artery lumen using computer vision techniques based on deep learning. We investigated three segmentation architectures: UNet++, MultiResUNet, and TransUNet, applied to ultrasound images enhanced with contrast adjustment through CLAHE. Model training was conducted using K-fold cross-validation, with performance assessed through established metrics such as Dice, IoU, and Accuracy, while employing the Focal Tversky Loss function, suitable for imbalanced scenarios. Among the evaluated approaches, UNet++ achieved the best results, with Dice of 0.950, IoU of 0.905, and Accuracy of 0.980. These findings demonstrate the potential of deep segmentation models to reduce the subjectivity of clinical analysis and improve diagnostic accuracy in ultrasound-based vascular assessments.",,0.0,2026.0,Federal University of Rio Grande do Sul,Segmentation; Deep learning; Brachial artery; Ultrasound; Image segmentation; Pattern recognition (psychology),Universidade Estadual de Campinas (UNICAMP); Universidade Federal de Santa Catarina,BR,Article,EN,True,,Artificial intelligence; Segmentation; Deep learning; Brachial artery; Computer vision; Ultrasound; Computer science; Medicine; Image segmentation; Pattern recognition (psychology); Lumen (anatomy); Ultrasound imaging; Radiology; Dilation (metric space); Medical imaging; Clinical Practice; Biomedical engineering; Convolutional neural network,articles-RITA-20260617-dointext.csv,1,0.5,2.0
10.22456/2175-2745.150924,Poultry Detection on Hooks in Meat Processing Plant Production Lines,"Leonardo dos Santos Valejo, Marlon Marcon, André Roberto Ortoncelli",W7135072543,"This study focuses on automating chicken production monitoring in a meatpacking plant, applying YOLO to detect birds on hooks on production lines. We detect two objects in authentic images: a chicken (birds hanging on the hook) and a hook (the metal support structure). By counting these objects in videos, we can monitor daily production and identify faults on the production line. We annotated 400 images for the experiment and used 320 to train seven YOLO versions, including lightweight variants (nano, tiny, and small) optimized for low-end devices. In testing, YOLOv9-tiny achieved 0.9967 precision but had lower recall than other experimental instances. YOLOv11-nano achieved an F1-score of 0.9924 and a mAP@50 of 0.9947, standing out in detection quality. Despite minor differences, the results were close for the YOLO versions analyzed, demonstrating a considerable ability to predict the analyzed objects.",,0.0,2026.0,Federal University of Rio Grande do Sul,Hook; Production (economics); Production line; Object detection; Production model,Universidade Tecnológica Federal do Paraná,BR,Article,EN,True,,Hook; Production (economics); Production line; Artificial intelligence; Computer vision; Object detection; Computer science; Production model; Engineering; Biology; Key (lock); Image processing; Environmental science,articles-RITA-20260617-dointext.csv,2,1.0,
10.22456/2175-2745.150926,Livestock Fish Larvae Counting using DETR and YOLO based Deep Networks,"Daniel Ortega de Carvalho, Luiz Felipe Teodoro Monteiro, Fernanda Marques Bazilio, Gabriel Toshio Hirokawa Higa, Hemerson Pistori",W7143505130,"Counting fish larvae is an important yet demanding task in aquaculture. In this work, we evaluate four neural networks, including convolutional and transformer-based architectures, in different sizes, in this counting task. We present a new annotated image dataset with less data collection requirements than preceding works, with images of spotted sorubim and dourado larvae. We also combined the neural networks with a tiling technique, in order to improve the counting performance, and performed a comprehensive experimental evaluation on the methods. We achieve a MAPE of 4.46% (± 4.70) with an extra large real-time detection transformer, and 4.71% (± 4.98) with a medium-sized YOLOv8. The results indicate the feasibility of using deep learning to count spotted sorubim and dourado larvae, which may become an important tool to enhance the efficiency of aquaculture farms that deal with these species.",,0.0,2026.0,Universidade Federal do Rio Grande do Sul,Convolutional neural network; Fish <Actinopterygii>; Task (project management); Deep learning; Artificial neural network; Larva,Universidade Católica Dom Bosco,BR,Article,EN,True,,Convolutional neural network; Artificial intelligence; Fish <Actinopterygii>; Biology; Task (project management); Deep learning; Computer science; Artificial neural network; Larva; Aquaculture; Fishery; Machine learning; Fish larvae; Deep neural networks; Livestock; Pattern recognition (psychology); Training set; Statistics; Ecology,articles-RITA-20260617-dointext.csv,2,1.0,
10.22456/2175-2745.150929,Radiomics for the Classification of Radiological Patterns in Computed Tomography,"Heloísa Dias Viotto, Felipe Duarte Silva, Guilherme Eduardo Gonçalves da Silva, Heloisa de Oliveira Pinho, Ricardo Quer do Nascimento Filho, Lucas Ferrari de Oliveira",W7135090587,"Pulmonary diseases are a major issue today, being one of the leading causes of death worldwide. Because of this, it is essential to develop methods to improve their diagnosis. This study arises from this problem, with the aim of identifying radiomic features in Computed Tomography (CT) and to evaluate the performance of different machine learning algorithms, including KNN, SVM, RF, and MLP. The results obtained show satisfactory values, with specificity standing out. SVM had the best performance with, with a mean specificity of 96.25% and a mean sensitivity of 85.05% both with a small standard deviation.",,0.0,2026.0,Federal University of Rio Grande do Sul,Radiomics; Computed tomography; Radiological weapon; Support vector machine; Medical imaging,Universidade Federal do Paraná,BR,Article,EN,True,,Radiomics; Computed tomography; Medicine; Radiological weapon; Artificial intelligence; Support vector machine; Radiology; Nuclear medicine; Computer science; Medical imaging; Pattern recognition (psychology); Diagnostic accuracy; Tomography,articles-RITA-20260617-dointext.csv,1,0.5,2.0
10.22456/2175-2745.150930,Exploratory Study on Mastitis Identification in Bovine Udders Using Thermography,"Víctor Emmanuel Olmi Louzada, Matheus de Freitas Oliveira Baffa, Sandra Helena Gabaldi Wolf, Isabele Pessoa Ribeiro, Lucas Grassano Lattari",W7135050082,"Subclinical mastitis is one of the most prevalent and costly diseases in dairy farming, being laborious to detect by traditional methods. This exploratory study proposes a computational system for the early identification of subclinical mastitis in cattle by integrating infrared thermography (IRT) and machine learning (ML) algorithms. From thermal images of udders from Girolando and Jersey cows, 226 shape, texture, and statistical features were extracted. Various ML classifiers were evaluated, with emphasis on SVM models with polynomial and RBF kernels, which achieved AUC values around 97%, demonstrating a high ability to discriminate between healthy and diseased animals. The Extra Trees model reached 100% sensitivity, demonstrating IRT as a promising screening tool. The results validate IRT combined with ML as a non-invasive, low-cost, and automatable approach for monitoring herd health.",,0.0,2026.0,Universidade Federal do Rio Grande do Sul,Thermography; Identification (biology); Mastitis; Subclinical infection; Support vector machine; Pattern recognition (psychology),Hospital Universitário da Universidade de São Paulo; Instituto Federal do Sudeste de Minas Gerais,BR,Article,EN,True,,Thermography; Identification (biology); Mastitis; Subclinical infection; Artificial intelligence; Support vector machine; Machine learning; Pattern recognition (psychology); Herd; Statistical analysis; Dairy cattle; Medicine; Computer science,articles-RITA-20260617-dointext.csv,1,0.5,2.0
10.22456/2175-2745.150932,Performance Evaluation of Low-Cost 3D Scanning Techniques,"Bruno Castro, André Roberto Ortoncelli, Marlon Marcon",W7135072277,"This study evaluates the performance of three low-cost 3D scanning techniques: structured light sensors (using a Kinect and a CR-Scan Ferret) and photogrammetry, to capture 3D-printed physical models. The research compares the resulting 3D models with the original digital models to assess each technique's accuracy and the effectiveness of low-cost methods. The study’s workflow involved printing four 3D models, scanning them, and comparing the models using similarity metrics like Hausdorff distance, RMSE, and Chamfer distance. The CR-Scan Ferret generally outperformed the other methods, particularly in capturing detail. However, it sometimes produced gaps that required filling. Photogrammetry was a viable alternative, excelling at preserving object shapes without creating gaps. The Kinect, while accessible, consistently delivered the lowest performance, struggling to reproduce object details and forms accurately.",,0.0,2026.0,Federal University of Rio Grande do Sul,3d scanning; Workflow; Photogrammetry; Object (grammar); Hausdorff distance; 3d model; Chamfer (geometry); Similarity (geometry),Universidade Tecnológica Federal do Paraná,BR,Article,EN,True,,3d scanning; Artificial intelligence; Workflow; Computer vision; Computer science; Photogrammetry; Object (grammar); Hausdorff distance; 3d model; Chamfer (geometry); Computer graphics (images); Similarity (geometry); Structured light; 3d printed; Engineering drawing; Laser scanning; Pattern recognition (psychology); Engineering; Active appearance model; Visualization; CAD; Profilometer; Texture (cosmology); Dimension (graph theory); 3D printing; Solid modeling,articles-RITA-20260617-dointext.csv,4,0.5,2.0
10.22456/2175-2745.150936,SAR Images Despeckling Using Convolutional Neural Networks with Stochastic Distances,"Pedro Henrique Salles Arouck de Souza, José Hiroki Saito, Francisco Fambrini",W7135095541,"This work presents a study on speckle noise filtering in SAR images using convolutional neural networks. The objective is to develop an accessible and efficient solution to improve the quality of images degraded by this type of noise, facilitating their analysis and interpretation. The proposed methodology involves the using synthetic SAR-like data, the training of a convolutional neural network, and the evaluation of results using traditional metrics such as PSNR and SSIM. Additionally, stochastic distances were integrated into the loss function of the convolutional neural network, enabling a more detailed analysis of the preservation of the statistical properties of the filtered images. The results indicate that the model effectively reduces speckle noise while preserving the structural details of the image. Furthermore, comparisons with recent studies on the topic showed that the proposed solution achieves competitive performance.",,0.0,2026.0,Federal University of Rio Grande do Sul,Convolutional neural network; Pattern recognition (psychology); Speckle pattern; Speckle noise; Noise (video); Synthetic aperture radar; Image (mathematics); Image quality,Universidade Estadual Paulista (Unesp); Universitario Francisco de Asís,BR; UY,Article,EN,True,,Convolutional neural network; Computer science; Artificial intelligence; Pattern recognition (psychology); Speckle pattern; Speckle noise; Noise (video); Synthetic aperture radar; Image (mathematics); Computer vision; Image quality; Artificial neural network; Statistical model; Image processing; Noise reduction; Metric (unit); Signal-to-noise ratio (imaging); Function (biology); Quality (philosophy),articles-RITA-20260617-dointext.csv,1,0.5,2.0
10.22456/2175-2745.150939,Sign Language Segmentation Models and Their Impact on Automatic Translation Systems,"Jéssica Luiza Ferreira Ramos, Michel Melo da Silva, Mario Fernando Montenegro Campos",W7135037539,"This work investigates automatic segmentation of Brazilian Sign Language videos for translation systems, addressing challenges of the visual-spatial modality of signed languages. We introduce the JW-Bible-Libras dataset, the largest resource for this task, and evaluate two segmentation approaches: Optical Flow-based models and Spatio-Temporal Graph Convolutional Networks (ST-GCN). Segmentation performance is analyzed both intrinsically and in relation to downstream translation using the gloss-free Sign2GPT architecture. Results show that the nine-layer ST-GCN with bidirectional LSTM achieves the best segmentation results (F1: 0.7358, IoU: 0.5820), while the unidirectional variant yields the strongest translation scores (BLEU1: 9.31, ROUGE: 9.49). Notably, a simple heuristic based on average sentence duration performs competitively, highlighting the gap between segmentation accuracy and translation quality. Our findings demonstrate the importance of segmentation strategies while revealing opportunities for integrating linguistic cues and boundary-aware learning to advance sign language translation.",,0.0,2026.0,Federal University of Rio Grande do Sul,Segmentation; Translation (biology); Sign language; Machine translation; Sentence; Sign (mathematics); Relation (database),Universidade Federal de Minas Gerais; Universidade Federal de Viçosa,BR,Article,EN,True,,Segmentation; Computer science; Artificial intelligence; Translation (biology); Sign language; Machine translation; Natural language processing; Sentence; Sign (mathematics); Relation (database); Graph; Heuristic; Pattern recognition (psychology); Modality (human–computer interaction); Image segmentation; Speech recognition; Computer vision; Contrast (vision); Machine learning,articles-RITA-20260617-dointext.csv,1,0.5,3.0
10.22456/2175-2745.150940,Comparative Evaluation of YOLO-family Detectors for Pig Detection in Precision Livestock Systems,"Marcos Vinicius Mendes Faria, Thiago Meireles Paixão, Francisco de Assis Boldt",W7135019037,"Precision Livestock Farming (PLF) delivers technological solutions for modern pork production, where real-time monitoring is vital for animal health and welfare. Object detection models are key in PLF, yet comprehensive baselines for recent architectures on specialized datasets remain limited. This study benchmarks two state-of-the-art models, YOLOv8 and YOLOv12, across five sizes (nano to extra-large) for pig detection using the public PigLife dataset. Ten models were fine-tuned and evaluated with standard COCO metrics. Results show that while accuracy improves with model size, gains diminish with larger models. The YOLOv8m, with 25.9 million parameters, achieved a near-peak mean Average Precision (mAP) of 91.8%. This work establishes a new benchmark on PigLife, surpassing previous results, and highlights the trade-off between YOLOv8’s higher accuracy and YOLOv12’s parameter efficiency.",,0.0,2026.0,Federal University of Rio Grande do Sul,Benchmark (surveying); Key (lock); Livestock; Detector; Precision agriculture; Work (physics),,,Article,EN,True,,Benchmark (surveying); Computer science; Key (lock); Livestock; Detector; Precision agriculture; Work (physics); Data mining; Object detection; Accuracy and precision; Animal health; Machine learning,articles-RITA-20260617-dointext.csv,2,1.0,
10.22456/2175-2745.150941,Improving Image Classification through Active Learning and Pseudo-Labeling in Vision-Language Models,"Willian P. Amorim, Cid Adinam Nogueira Santos, Priscila T. M. Saito",W7143452343,"Visual Language Models (VLMs) combine natural language processing and computer vision to interpret multimodal data, such as images and text, showing great potential in image classification applications. This paper investigates the integration of Active Learning (AL) and pseudo-labeling techniques with VLMs to improve image classification in various domains. To achieve this, five AL strategies (Random Sampling, Uncertainty Sampling, Margin Sampling, Entropy Sampling, and Query-by-Committee) and three pseudo-labeling approaches (Direct, Confidence Threshold, and Feature Similarity) were evaluated iteratively. The results demonstrate that the combination of active learning and pseudo-labeling can achieve promising results, in addition to full class coverage in a few iterations. We conclude that the integration of AL with feature similarity-based pseudo-labeling offers a robust and efficient solution for image classification in limited-data scenarios, promoting high accuracy, class representativeness, and the reduction of propagation errors, with potential for applications in critical domains like healthcare and industry.",,0.0,2026.0,Federal University of Rio Grande do Sul,Contextual image classification; Margin (machine learning); Active learning (machine learning); Pattern recognition (psychology); Class (philosophy); Feature (linguistics); Entropy (arrow of time); Image (mathematics); Feature extraction,Instituto de Pesca; Universidade Federal da Grande Dourados; Universidade Federal de São Carlos,BR,Article,EN,True,,Computer science; Artificial intelligence; Contextual image classification; Margin (machine learning); Active learning (machine learning); Pattern recognition (psychology); Machine learning; Class (philosophy); Feature (linguistics); Entropy (arrow of time); Image (mathematics); Feature extraction; Image processing; Active contour model; Support vector machine; One-class classification; Feature vector; Principle of maximum entropy; Reduction (mathematics); Computer vision; Semi-supervised learning; Pixel; Natural language; Active vision; Aerial image,articles-RITA-20260617-dointext.csv,2,0.5,3.0
10.22456/2175-2745.150942,Automation of Coffee Biotic Stresses Classification Using Convolutional Neural Networks and Image Preprocessing Techniques,"Daniel Imai Yamakawa, Ana Claudia Patrocinio, Pedro Moisés de Sousa, Pedro Henrique Aparecido Damaso de Melo",W7135024513,"Coffee is one of the most consumed beverages worldwide, with Brazil leading exports in 2024. However, production is threatened by biotic stresses such as cercospora, phoma, rust, and leaf miner, which reduce grain quality and cause major losses. Disease identification is usually performed manually by specialists, a process that is slow, limited, and error-prone. This study proposes automating classification through Convolutional Neural Networks (CNNs) combined with various image processing techniques. The JMunBEN and JMunBEN2 datasets were used for this task, together with image preprocessing techniques such as cropping, augmentation, Gaussian, Clahe, Graythresh and Wavelet. Three CNN architectures—ResNet50, MobileNetV2, and AlexNet—were tested for multiclass classification, trained for 100 epochs with Adam optimizer and CrossEntropy loss. The article proposed wavelet filter yielded the best results, with ResNet achieving 99.07% accuracy, confirming CNNs with image pre-processing techniques to be efficient tools for rapid, reliable detection of coffee biotic stresses.",,0.0,2026.0,Federal University of Rio Grande do Sul,Convolutional neural network; Preprocessor; Pattern recognition (psychology); Automation; Identification (biology); Image processing; Contextual image classification; Filter (signal processing),Universidade Federal de Uberlândia; Universidade Federal de Viçosa,BR,Article,EN,True,,Convolutional neural network; Preprocessor; Artificial intelligence; Computer science; Pattern recognition (psychology); Automation; Identification (biology); Image processing; Contextual image classification; Filter (signal processing); Wavelet; Image (mathematics); Process (computing); Wavelet transform; Artificial neural network; Feature extraction; Data pre-processing; Image quality; Machine learning; Production (economics); Data mining; Mathematical morphology; Computer vision; Image segmentation,articles-RITA-20260617-dointext.csv,2,1.0,
10.22456/2175-2745.150950,Human Gesture Recognition using CNNs for Human-Robot Interaction,"Werikson Frederiko de Oliveira Alves, Michel Melo da Silva, Alexandre Santos Brandão",W7135057448,"This paper proposes a deep learning approach for human gesture recognition to support real-time teleoperation of mobile robots in outdoor environments. A lightweight ResNet18 architecture is adapted via transfer learning, combining a personalized dataset captured with a RealSense camera and a reorganized subset of HMDB. A modular pipeline was developed and evaluated under nine experimental configurations, considering different optimizers, datasets, and backbone freezing levels. Results demonstrate that models trained with combined data and adaptive fine-tuning strategies achieve high accuracy and strong generalization under varied lighting and background conditions. The best configuration reached 97.9% test accuracy, reinforcing the potential of CNNs for robust gesture-based human–robot interaction.",,0.0,2026.0,Federal University of Rio Grande do Sul,Pipeline (software); Modular design; Generalization; Gesture; Gesture recognition; Teleoperation; Robot; Transfer of learning; Pattern recognition (psychology),Universidade Federal de Viçosa,BR,Article,EN,True,,Computer science; Artificial intelligence; Pipeline (software); Modular design; Computer vision; Generalization; Gesture; Gesture recognition; Teleoperation; Robot; Transfer of learning; Pattern recognition (psychology); Human–robot interaction; Convolutional neural network; Deep learning; Filter (signal processing); Visualization; Feature extraction; Robotics; Mobile robot; RGB color model; Activity recognition; Domain (mathematical analysis); Transfer (computing); Test data; Artificial neural network; Support vector machine,articles-RITA-20260617-dointext.csv,2,1.0,
10.22456/2175-2745.150955,CoSegXAI: A Pipeline for Context vs. Segmented ROI Images in Lung Disease Classification through Saliency Map Insights,"Graciella dos Santos Favoreto, Mariana Aya Suzuki Uchida, Pedro Augusto Luiz, Erikson Julio de Aguiar, Marcel Koenigkam Santos, Agma Juci Machado Traina",W7135041911,"This research proposed CoSegXAI, an experimental pipeline to investigate the impact of lung segmentation on the explainability and performance of deep neural networks applied to multiclass chest X-ray classification. We employed the COVID-19 Radiography Database and trained ResNet50, DenseNet201, and VGG19 models on both contextual (original) and ROI-based (segmented) images across four diagnostic classes: COVID-19, lung opacity, viral pneumonia, and normal cases. To evaluate model decisions, we generate the saliency maps using Grad-CAM and assess them through visual analysis and quantitative metrics, including Insertion Correlation (IC), Deletion Correlation (DC), and Sparsity. Our findings show that models trained on contextual images achieved superior classification performance. DenseNet201 achieves an accuracy of 92.80% and 88.08% trained on contextual and ROI-based images, respectively. However, explainability analysis reveals that models trained on ROI-based (segmented important regions) images produce more focused attention patterns with better calibration, achieving superior IC, DC, and Sparsity scores. These results suggest that models are more reliable and provide clinicians with greater explainability. The source code is available at https://github.com/graciellafavoreto/CoSegXAI.git.",,0.0,2026.0,Federal University of Rio Grande do Sul,Pipeline (software); Segmentation; Context (archaeology); Pattern recognition (psychology); Convolutional neural network; Artificial neural network; Region of interest; Correlation,,,Article,EN,True,,Artificial intelligence; Pipeline (software); Computer science; Segmentation; Context (archaeology); Pattern recognition (psychology); Convolutional neural network; Artificial neural network; Computer vision; Region of interest; Correlation; Deep learning; Image segmentation; Image processing; Code (set theory); Context model; Machine learning; Test data; Field (mathematics); Deep neural networks,articles-RITA-20260617-dointext.csv,1,0.5,3.0
10.22456/2175-2745.150960,Multi-Fruit Tracking and 3-D Structure Recovery via CoTracker,Thiago Teixeira Santos,W7135096292,"In agricultural robotics and orchard automation, tasks such as fruit detection, tracking, and spatial localization are essential for applications like yield prediction and harvesting. However, these tasks are challenging due to the similar appearance of fruits, occlusions, and the inherent difficulties of field robotics, including uncontrolled lighting conditions and the variability in orchard environments. This work leverages CoTracker, a transformer-based model for point tracking using cross-track/cross-time attention, to simultaneously perform multiple fruit tracking, 3-D fruit localization, and camera pose estimation. The proposed approach demonstrates promising results in fruit counting, tracking, and scene reconstruction, highlighting its potential in agricultural automation.",,0.0,2026.0,Federal University of Rio Grande do Sul,Orchard; Robotics; Field (mathematics); Tracking (education); Point (geometry); Precision agriculture; Robot,Brazilian Agricultural Research Corporation,BR,Article,EN,True,,Artificial intelligence; Computer vision; Orchard; Computer science; Robotics; Field (mathematics); Tracking (education); Point (geometry); Precision agriculture; Robot; Field of view; Work (physics); Active appearance model; Machine vision; Pixel; Automation; Articulated body pose estimation; Video tracking,articles-RITA-20260617-dointext.csv,2,0.5,3.0
10.22456/2175-2745.150968,Magnetic Resonance Imaging Acceleration Using Diffusion Models:,"João Paulo Ferreira Junior, Renata Manzano Maria, Marcelo Vieira",W7135011534,"Magnetic resonance imaging (MRI) reconstruction from undersampled data is central to scan acceleration. This study compares the diffusion models MC-DDPM and HFS-SDE for MRI reconstruction, trained and tested on the same dataset under identical experimental conditions, thereby addressing a common heterogeneity in the literature, where results are reported with different datasets, sampling masks, and input formats, hindering direct comparison. Acceleration factors R = 4, 8, 12, and 16 are evaluated using objective image-quality metrics (PSNR, SSIM, and NMSE). Results show that MC-DDPM consistently outperforms HFS-SDE across all scenarios, with larger gaps at higher accelerations. These findings indicate that standardized protocols make the relative strengths and limitations of the evaluated diffusion-based models clearer.",,0.0,2026.0,Federal University of Rio Grande do Sul,Acceleration; Magnetic resonance imaging; Diffusion; Sampling (signal processing); Diffusion-Weighted Magnetic Resonance Imaging; Diffusion imaging; Magnetic field,Hospital Universitário da Universidade de São Paulo,BR,Article,EN,True,,Acceleration; Magnetic resonance imaging; Diffusion; Nuclear magnetic resonance; Sampling (signal processing); Diffusion-Weighted Magnetic Resonance Imaging; Physics; Computer science; Artificial intelligence; Diffusion imaging; Magnetic field; Resonance (particle physics); Pattern recognition (psychology); Materials science; Experimental data; Diffusion MRI; Computational physics; Iterative reconstruction; Undersampling; Signal-to-noise ratio (imaging),articles-RITA-20260617-dointext.csv,1,0.5,2.0
10.22456/2175-2745.150973,A Luminous Pen for Air-Writing: Hybrid Approach with Computer Vision and Vision–Language Models,"Luma T. L. de Souza, Rafael A. D. Caldeira, Sérgio D. C. Leal, Maria Clara P. de Souza, Thiago M. Paixão, Richard J. M. G. Tello",W7135038173,"Air writing is a form of human–computer interaction that enables users to write in the air through different technological approaches, such as radio waves, wearable sensors, dedicated devices, and computer vision. In this work, we present a hybrid solution that combines the use of a luminous-tip pen with computer vision techniques to support pen detection and the air-writing process. The pen was designed and fabricated with a 3D printer and integrates an ESP32 microcontroller board, which provides Bluetooth connectivity for real-time communication with the computer. In addition to tracking movements for writing, the device can transmit specific commands to the system, such as starting or stopping the writing process and changing colors. This approach bridges the gap between wearable devices and vision-based methods, offering a practical and accessible alternative for air-writing applications. The system integrates vision–language models capable of recognizing both words and images. To determine which models were best suited for our system, we evaluated the performance of several candidates. Five participants contributed to the creation of the dataset. For drawing recognition, each participant produced images in the following classes: Tree, Moon, Cat, Heart, and Pen. For word recognition, the dataset included the following eight words: Purple, Window, Jungle, Pillow, Team, Doctor, Words, and Science. The results showed that the best-performing models achieved 76.00% accuracy with Kosmos-2 for image detection and 97.39% accuracy with Gemini 2.5 Flash for word detection, demonstrating satisfactory outcomes for the system implementation. The proposed system demonstrates the potential of combining electronic devices and advanced machine learning techniques for air-writing, with applications in education and assistive technologies.",,0.0,2026.0,Federal University of Rio Grande do Sul,Wearable computer; Bluetooth; Process (computing); Microcontroller; Flash (photography); Word (group theory); Machine vision,Instituto Federal do Espírito Santo; International Foundation for Electoral Systems,BR; US,Article,EN,True,,Computer science; Wearable computer; Bluetooth; Process (computing); Microcontroller; Artificial intelligence; Computer vision; Flash (photography); Computer hardware; Word (group theory); Human–computer interaction; Machine vision; Mobile device; Tracking (education); Wearable technology; Bluetooth Low Energy; Embedded system; Input device; Tracking system; Track (disk drive); Eye tracking,articles-RITA-20260617-dointext.csv,4,0.5,3.0
10.22456/2175-2745.150974,Bias Analysis and Data Augmentation Strategies in Skin Lesion Classification,"Thiago Meneses Lopes, Martin Heckmann, Marcelo Ponciano da Silva, Pedro Henrique Bugatti, Priscila Tiemi Maeda Saito",W7139055995,"Early detection of skin cancer is vital for effective treatment and improving patient recovery. In recent years, a growing number of computer vision studies have been developed to aid in diagnosis, drawing significant attention from researchers. However, challenges still persist, such as data imbalance and the lack of comprehensive datasets. Additionally, limited research has focused on how variations in skin tone across different populations affect the performance of models in skin lesion classification. This study seeks to create a more effective approach to address data biases in lesion classification across diverse skin tones. We initially explored several data augmentation techniques, employing traditional feature extractors for image analysis. For classification, models such as k-Nearest Neighbor, Random Forest, and Support Vector Machine were used. This study focused on two well-known and publicly available skin lesion datasets: HAM10000 and PAD-UFES-20, both of which have significant class imbalances. Further experiments were conducted to assess potential biases, with the Individual Typology Angle (ITA) metric applied to evaluate the skin tone distribution within the datasets.",,0.0,2026.0,Federal University of Rio Grande do Sul,Skin lesion; Metric (unit); Lesion; Skin cancer; Pattern recognition (psychology); Feature (linguistics); Support vector machine,"Instituto Federal de Educação, Ciência e Tecnologia do Triângulo Mineiro; Universidade Federal de São Carlos",BR,Article,EN,True,,Skin lesion; Artificial intelligence; Metric (unit); Lesion; Medicine; Skin cancer; Computer science; Pattern recognition (psychology); Feature (linguistics); Machine learning; Support vector machine; Class (philosophy); Typology; Skin temperature; Random forest; Feature vector; Dermatology; Multiclass classification,articles-RITA-20260617-dointext.csv,1,0.5,3.0
10.22456/2175-2745.150976,A Deep Transfer Learning Strategy for Identifying Photovoltaic Panels Mounted on Building Rooftops from Orthophotos,"Marco A. M. de Freitas Junior, Ricardo A. S. Fernandes",W7135018290,"This work presents an analysis of orthophotos, which were used to train a predictive model based on a Convolutional Neural Network with the objective of identifying the presence of photovoltaic panels on building rooftops. To this end, the dataset named as Kortviseren, from Denmark, was used, which contains images of rooftops with and without photovoltaic panels. From this dataset, a convolutional neural network ResNet18 was employed, whose synaptic weights were adjusted through transfer learning. During the validation process, it was possible to observe a f1-score of approximately 98,7%. The results demonstrated the feasibility of the proposed approach for identifying photovoltaic panels mounted on building rooftops and, consequently, supporting power distribution utilities with the inspection of these consumer units that have the capacity to produce electricity.",,0.0,2026.0,Universidade Federal do Rio Grande do Sul,Photovoltaic system; Convolutional neural network; Transfer of learning; Orthophoto; Artificial neural network; Rooftop photovoltaic power station; Deep learning,Hospital Universitário da Universidade de São Paulo,BR,Article,EN,True,,Photovoltaic system; Convolutional neural network; Transfer of learning; Computer science; Artificial intelligence; Orthophoto; Artificial neural network; Rooftop photovoltaic power station; Deep learning; Work (physics); Transfer (computing); Machine learning; Real-time computing; Building automation; Power (physics); Engineering; Reliability engineering; Automotive engineering; Reliability (semiconductor); Pattern recognition (psychology); Maximum power transfer theorem,articles-RITA-20260617-dointext.csv,2,1.0,
10.22456/2175-2745.150978,On the use of Image-Based Feature Extraction for Non-Intrusive Load Monitoring:,"Juan Salin Corrêa, Ricardo Augusto Souza Fernandes",W7135060474,"The techniques of Non-Intrusive Load Monitoring (NILM) aim to label or disaggregate loads into time series of electrical energy consumption, mainly in the context of residential consumers, considering the optimization of electricity usage in demand response programs. In this sense, many researches have been developed with different methodologies of consumption time series transformation into images, which consider different window sizes. Thus, this work compares and analyzes different transformation techniques for window sizes ranging from 1 to 10 minutes, verifying how the Convolutional Neural Network models behave for different loads from the UK-DALE (The United Kingdom - Domestic Appliance-Level Electricity dataset). Through the proposed methodology, it was possible to obtain f1-scores higher than 90% for three of the five considered loads, demonstrating the robustness of the time-series transformation into images.",,0.0,2026.0,Federal University of Rio Grande do Sul,Robustness (evolution); Electricity; Window (computing); Context (archaeology); Transformation (genetics); Time series; Ranging; Convolutional neural network,Hospital Universitário da Universidade de São Paulo,BR,Article,EN,True,,Robustness (evolution); Computer science; Electricity; Window (computing); Context (archaeology); Transformation (genetics); Time series; Ranging; Convolutional neural network; Data mining; Feature extraction; Energy consumption; Artificial intelligence; Sliding window protocol; Series (stratigraphy); Efficient energy use; Work (physics); Demand response; Machine learning; Artificial neural network; Energy (signal processing); Pattern recognition (psychology); Electricity demand; Feature (linguistics),articles-RITA-20260617-dointext.csv,2,1.0,
10.22456/2175-2745.150979,Grad-CAM Sensitivity to Orientation Transformations in Breast Cancer Histopathological Images,"Felipe Moura da Silva, Roberta Barbosa Oliveira",W7135070971,"Breast cancer is the second most prevalent among women, and early diagnosis is essential to reduce mortality. Machine learning models are being used to improve diagnostic accuracy, especially through biopsies. However, the growing complexity of neural networks has raised concerns about result interpretability, driving the adoption of explainability methods such as the Grad-CAM, which generates saliency maps in CNN models. This paper investigates the sensitivity of Grad-CAM to changes in orientation and position in breast histopathological images. CNN's ResNet50, VGG16, and Xception were evaluated, trained with the BreakHis dataset, which comprises images at different magnifications. Test samples were modified by rotations and flips to assess the robustness of both the models and the explanations. Xception achieved the best results in terms of accuracy (94.47%) and F1-score (95.85%) with 100X images, although the explanatory maps varied according to the applied transformation.",,0.0,2026.0,Federal University of Rio Grande do Sul,Robustness (evolution); Breast cancer; Orientation (vector space); Sensitivity (control systems); Pattern recognition (psychology); Position (finance),Universidade de Brasília,BR,Article,EN,True,,Robustness (evolution); Artificial intelligence; Breast cancer; Orientation (vector space); Sensitivity (control systems); Computer vision; Pattern recognition (psychology); Computer science; Position (finance); Artificial neural network; Medicine; Breast imaging; Imaging technique; Medical imaging; Cancer imaging; Deep learning; Radiology,articles-RITA-20260617-dointext.csv,1,0.5,2.0
10.22456/2175-2745.150980,Two-Dimensional Image Processing for Fault Diagnosis in Centrifugal Pumps: An Approach Based on Feature Engineering and Convolutional Neural Networks,,,,,,,,,,,,,,,,articles-RITA-20260617-dointext.csv,8,0.8,
10.22456/2175-2745.150996,Evaluating Monocular Depth Estimation on Embedded Platforms for Autonomous Navigation,"Wilbur Naike Chiuyari Veramendi, Fernando Santos Osório",W7143316281,"Deep learning-based monocular depth estimation has achieved significant advancements on urban benchmarks, but its embedded application remains limited by efficiency constraints. Vision Transformers (ViTs) and Foundation Models (FMs) show promising zero-shot generalization capabilities, yet their adaptation to resource-constrained hardware requires careful study. In this work, we investigate the development of the DepthAnything model on an NVIDIA Jetson Orin, analyzing the trade-off between accuracy and inference speed for different backbones (ViT-S, ViT-B, and ViT-L). We report quantitative metrics including AbsRel, δ1, RMSE, and FPS on the KITTI dataset, along with qualitative results. Our experiments show that the ViT-S backbone offers the best balance of accuracy and real-time performance (44 FPS), whereas ViT-B suffers from degradation and ViT-L exhibits significant instability due to optimization artifacts. These findings highlight the viability of compact backbones for embedded visual perception and suggest future optimizations, such as quantization-aware training and pruning, in larger architectures.",,0.0,2026.0,Federal University of Rio Grande do Sul,Monocular; Inference; Generalization; Artificial neural network; Adaptation (eye); Deep learning; Perception,Hospital Universitário da Universidade de São Paulo,BR,Article,EN,True,,Monocular; Artificial intelligence; Computer science; Inference; Computer vision; Generalization; Artificial neural network; Adaptation (eye); Deep learning; Perception; Robustness (evolution); Benchmark (surveying); Engineering; Ranging; Deep neural networks; Real-time computing; Visualization; Visual perception; Transformer,articles-RITA-20260617-dointext.csv,2,0.5,3.0
10.22456/2175-2745.15126,Um Arcabouço para Desenvolvimento de Algoritmos da Análise Formal de Conceitos,"Sérgio M. Dias, Newton José Vieria",W245601930,"Este trabalho apresenta um arcabouço para o desenvolvimento de algoritmos da análise formal de conceitos (AFC). Seu principal componente é um gerador de contextos formais sintéticos cujos parâmetros podem ser ajustados de forma a permitir testar os algoritmos em situações de interesse. Presentes também no arcabouço estão alguns algoritmos básicos da AFC e alguns contextos formais obtidos a partir de bases de dados reais, desde um relativamente pequeno a um muito grande, este último normalmente impraticável em sua forma original. Para exemplificar a avaliação do desempenho de algoritmos via o arcabouço, seus algoritmos básicos são avaliados por meio de dados sintéticos e reais. Originalmente desenvolvido para servir como instrumento de auxílio ao aprendizado dos principais algoritmos da AFC, nada impede que o mesmo possa ser usado para avaliação de novos algoritmos. Para isto é de especial importância o fato de que os parâmetros na geração de dados são ajustáveis de forma a cobrir situações de interesse.",W154560313; W277700758; W1211172067; W1503614854; W1503729935; W1504297089; W1553406086; W1553696291; W1556950746; W1567562894; W1604753325; W1711140305; W1851672339; W1981122932; W2007327392; W2033304736; W2065253760; W2071515776; W2079730592; W2093397547; W2123348243; W2123736436; W2146528533; W2396749483; W2494568555; W2533428768; W2981032837; W4234423219; W4300885858,3.0,2011.0,Federal University of Rio Grande do Sul,Humanities; Philosophy; Computer science; Physics,,,Article,PT,True,,Humanities; Philosophy; Computer science; Physics,articles-RITA-20260617-dointext.csv,0,1.0,
10.22456/2175-2745.151469,Tracking Ethological Behaviors of Broiler Chickens Through Computer Vision (YoloV11) Using an Android Mobile Device,"Ryan Davi Oliveira de Meneses, Glauber da Rocha Balthazar",W7135022977,"This study developed and evaluated a computer vision model for automated ethological behavior classification of broiler chickens in climate-controlled poultry houses. Using publicly available videos preprocessed and manually annotated into three classes (""sitting,"" ""standing,"" and ""feeding""), the YOLOv11 model was trained and deployed on an Android application via TFLite conversion. Exploratory analysis ensured dataset consistency and visual quality, while evaluation showed class-dependent performance: higher robustness for static postures (""sitting,"" AP=0.531; precision=100%) and lower accuracy for dynamic behaviors (""feeding,"" AP=0.292; recall=0.20). Tests with unseen images demonstrated significant improvements, achieving accuracies of 98.04% for ""sitting,"" 83.33% for ""standing,"" and 67.65% for ""feeding."" The model showed effective generalization in real farm environments, supporting its potential for continuous behavioral monitoring, early welfare assessments, and decision-making in precision poultry farming. These findings establish a technical foundation for future mobile-based applications at commercial scale, reinforcing the role of computer vision in automated animal welfare evaluation.",,0.0,2026.0,Federal University of Rio Grande do Sul,Robustness (evolution); Mobile device; Android (operating system); Machine vision; Broiler; Eye tracking; Consistency (knowledge bases),Federal Institute of São Paulo,BR,Article,EN,True,,Artificial intelligence; Computer vision; Computer science; Robustness (evolution); Mobile device; Android (operating system); Machine vision; Broiler; Eye tracking; Consistency (knowledge bases); Android application; Human–computer interaction; Machine learning; Behavioral analysis; Tracking system; Automation; Active appearance model; Visualization; Visual perception; Visual inspection; Engineering,articles-RITA-20260617-dointext.csv,2,0.5,3.0
10.22456/2175-2745.15581,Detecção de Inclinação em Imagens de Documentos,Angélica A. Mascaro,W2234069577,"A digitalização de documentos contribui para a preservação da informação evitando sua perda devido à degradação física do papel. Atualmente, Sistemas de Reconhecimento Automático de Imagens de Documentos são empregados para converter, automaticamente, a informação contida nas imagens em texto editável, de forma rápida e sem a necessidade da presença de um indivíduo. Assim, tornando essa informação pesquisável através, por exemplo, de palavras-chave.A inclinação em documentos é um problema freqüente nesses sistemas e, em geral, é imposta durante a digitalização, quando o papel é posicionado com um ângulo diferente de zero grau sobre o eixo do scanner. No caso de documentos manuscritos, a inclinação pode surgir durante a escrita do próprio documento, principalmente quando o escritor não tem uma linha de pauta como guia. A correção da inclinação é essencial para o bom desempenho de sistemas de reconhecimento automático.Este trabalho aborda o problema da detecção de inclinação em documentos impressos e manuscritos, trazendo uma revisão dos principais métodos para detecção de inclinação divulgados na literatura até os dias atuais. As principais técnicas são expostas de forma categorizada e vantagens e limitações de cada método são discutidas.",W49037773; W96651127; W99136341; W197527448; W635106865; W1008587582; W1534651636; W1965620669; W1965814469; W1969168333; W1975679132; W1979900189; W1999862342; W2000375166; W2001968227; W2025162513; W2042652446; W2043882028; W2044932684; W2048850195; W2068536525; W2078058132; W2078809407; W2079928213; W2090855106; W2098470001; W2100630820; W2110800476; W2122960013; W2124835099; W2138003944; W2149031505; W2150833010; W2151770524; W2163630989; W2167284391; W4241701901; W4247291959; W4248631862; W6680449429,0.0,2011.0,Federal University of Rio Grande do Sul,Physics; Humanities; Art,Universidade Federal de Pernambuco,BR,Article,PT,True,,Physics; Humanities; Art,articles-RITA-20260617-dointext.csv,0,0.5,3.0
10.22456/2175-2745.16413,"Usando CSP, RSL e o Modelo PopOrg na Especificação Formal de Organizações de SMAs","Raquel de Miranda Barbosa, Antônio Carlos da Rocha Costa, Patrícia C. de A. R. Tedesco, Alexandre Mota",W1776420827,"Este artigo explora o uso de métodos formais tradicionais de engenharia de software para a especificação formal de organizações de sistemas multiagentes. Particularmente são utilizadas as linguagens CSP (Communicating Sequential Processes)) e RSL (Raise Specification Language) para representar o modelo organizacional PopOrg, sendo a primeira utilizada para especificar partes do nível microorganizacional de sistemas PopOrg (comportamentos de papéis organizacionais e processos de troca entre papéis organizacionais) e a segunda, RSL, utilizada para a representação da organização estrutural de sistemas PopOrg. O artigo apresenta alguns testes e resultados obtidos com o uso destes formalismos.",W67858415; W86781657; W132950418; W1494696464; W1579147322; W1580060066; W1594197665; W1780309533; W1824433965; W1947848227; W2010698657; W2018601806; W2124344619; W2129384397; W2129899354; W2143842650; W2148734427; W2158452962; W2361190956; W2482438305; W2589217375; W3000555422; W3048761665; W3144368627; W4229930115; W4246197882; W4285719527; W6638058519; W6640619393; W7009255692,1.0,2011.0,Federal University of Rio Grande do Sul,Psychology,Instituto Profesional de Ciencias de la Computación; Universidade Federal do Rio Grande do Sul,BR; CL,Article,PT,True,,Psychology,articles-RITA-20260617-dointext.csv,0,0.8,
10.22456/2175-2745.16572,Aplicação de Agentes BDI com Percepção Fuzzy em um Modelo Presa-Predador Fuzzy,"Giovani Farias, Graçaliz Pereira Dimuro, Antônio Carlos da Rocha Costa",W2107736308,"Este artigo introduz um modelo de percepção fuzzy para agentes BDI, com uma aplicação em uma versão fuzzy para o problema presa-predador, onde o processo de decidir qual presa um predador deve atacar, com base na comparação de sua força com a da presa, é baseado em seu mecanismo de percepção fuzzy. Neste ambiente de informação imperfeita, consideram-se três tipos de predadores, um deles sendo o agente BDI com percepção fuzzy. Várias simulações foram realizadas para a análise comparativa dos comportamentos dos diferentes agentes predadores em dois tipos de ambientes: com ou sem competição entre predadores.",W24557711; W136352013; W187208967; W1497120980; W1516260841; W1539038216; W1567593727; W1582613898; W1590547207; W1783501453; W1906447197; W1987899918; W1992190098; W2003453224; W2052860401; W2079325629; W2085238338; W2095964021; W2096521069; W2106379963; W2108605997; W2129387643; W2138660372; W2504138377; W4255748538; W6637919754; W6674680280; W6699905597; W7061666881,3.0,2011.0,Federal University of Rio Grande do Sul,Fuzzy logic; Humanities; Computer science; Art; Artificial intelligence,Universidade Federal do Rio Grande,BR,Article,PT,True,,Fuzzy logic; Humanities; Computer science; Art; Artificial intelligence,articles-RITA-20260617-dointext.csv,0,1.0,
10.22456/2175-2745.16730,Um Sistema de Apoio à Decisão Baseado em Agentes para Tratamento de Ocorrências no Setor Elétrico,"Valdemar Vicente Graciano Neto, Ronneesley M. Teles, Marcos Ivamoto, Leonardo H. S. Mello, Cedric Luiz de Carvalho",W1931943107,"Empresas fornecedoras de energia elétrica e mantenedoras das redes de distribuição lidam diariamente com a reparação de falhas na rede elétrica e alocação de veículos especializados para atendimento de ocorrências. Em geral, tais empresas dispõem de recursos humanos limitados para cumprir estas atividades. Este artigo apresenta um Sistema de Apoio à Decisão Inteligente (SADI) que propõe-se a apoiar estas tarefas oferecendo sugestões de como distribuir e alocar veículos para efetuar manutenções na rede elétrica. A inteligência do SADI é implementada com a tecnologia de agentes, uma abstração ideal considerando o caráter distribuído do problema em questão.",W96381021; W123472949; W418577082; W1500530370; W1501218016; W1536565715; W1904065432; W2032126665; W2071221549; W2096297275; W2101198501; W2122410182; W2123288626; W2124344619; W2148214447; W2162061073; W2348265989; W2397253692; W2916232050; W3098262645; W3144114901; W4213123344; W4247411048; W4285719527; W4292002203; W4292404994,4.0,2011.0,Federal University of Rio Grande do Sul,Political science,Energias de Portugal (Portugal); Universidade Federal de Goiás,BR; PT,Article,PT,True,,Political science,articles-RITA-20260617-dointext.csv,0,0.5,8.0
10.22456/2175-2745.16996,"Identifying people who are talking about the same topic in social networks, even having a different cultural background","Gilberto Astolfi, Vanessa Maia Aguiar de Magalhães, Marcos Alexandre Rose Silva, Júnia Coutinho Anacleto",W1751035021,"Social media are assumed here as a blending of technology and social interaction for the co-creation of value, as in social networks. We discuss that in such environments, it is possible to find people with common interests that potentially can promote discussions, teaching and learning from each other. However, the approaches to recommend people to interact with in the social network still do not consider the users’ cultural background. This paper describes an approach to identify people who are talking about the same topic in social networks, even having a different cultural background, in order to introduce to each other and leverage interaction to exchange experience, knowledge, etc. Some tests’ results applying the proposal are presented. The approach was adopted in three different topics of discussion and the resultssuggest that the generated cultural understanding improves the chances of identifying people with similar interests.",W1514499253; W1538477535; W1660692540; W1800278804; W1840613330; W1865335556; W1985749074; W2016089260; W2031484081; W2037057633; W2096966964; W2116405614; W2116871363; W2136664839; W2155048531; W6630705841; W6637207159; W6638451949; W6638782989; W6674752488; W6677386747,1.0,2011.0,Federal University of Rio Grande do Sul,Leverage (statistics); Value (mathematics); Social media; Sociology; Cultural issues; Order (exchange); Cultural diversity; Internet privacy; Computer science; Public relations; Data science; Psychology; Social psychology; World Wide Web; Artificial intelligence; Political science; Business,Universidade Federal de São Carlos,BR,Article,EN,True,,Leverage (statistics); Value (mathematics); Social media; Sociology; Cultural issues; Order (exchange); Cultural diversity; Internet privacy; Computer science; Public relations; Data science; Psychology; Social psychology; World Wide Web; Artificial intelligence; Political science; Business; Finance; Machine learning; Anthropology,articles-RITA-20260617-dointext.csv,1,1.0,
10.22456/2175-2745.17679,Planejamento de um Serious Games Voltado para Saúde Bucal em Bebês,"Alana Marques de Morais, Liliane dos Santos Machado, Ana Maria Gondim Valença",W2260025243,"Serious games são jogos computacionais que tem como principal característica ensinar aspectos específicos de disciplinas ou treinar habilidades operacionais e comportamentais. Esses jogos unem a diversão dos videogames convencionais com: elementos de tomada de decisão, sistemas de avaliação e planejamento pedagógico a fim de criar um ambiente de aprendizado envolvente. Essas características ampliam as possibilidades de atuação desses jogos e, por isso, chamam a atenção de outras áreas do conhecimento. Nesse sentido, merecem destaque os projetos em parceria com os profissionais da saúde que tem contribuído de forma significativa no treinamento, educação e informação de profissionais e pacientes. É neste contexto da multidisciplinaridade nos serious games que este artigo apresenta a metodologia utilizada, com base na avaliação da Abordagem de Comunicação, no planejamento de um jogo voltado para mães, com intuito de ensinar e informar sobre conceitos relacionados à saúde bucal de bebês. O termo Abordagem de Comunicação refere-se a uma série de informações importantes na construção do jogo, dentre elas: conceituação artística, tipo de narrativa, roteiro, enredo, ambiente, interatividade, gênero do jogo, enredo e jogabilidade.",W51088583; W1586814389; W1965554544; W2001407815; W2028960796; W2053152428; W2071182165; W2098886635; W2099466450; W2105562367; W2126294348; W2130047542; W2136291974; W2148099808; W2165891423; W2201764712; W2228706226; W2970129245; W3039362979; W3166323795; W4234658139; W4252778404,21.0,2011.0,Federal University of Rio Grande do Sul,Psychology; Humanities; Philosophy,Universidade Federal da Paraíba,BR,Article,PT,True,,Psychology; Humanities; Philosophy,articles-RITA-20260617-dointext.csv,0,0.5,3.0
10.22456/2175-2745.18244,Comparative Analyses of Power Consumption in Arithmetic Algorithms Implementation,"Alexandre Wagner Chagas Faria, Leandro Pfleger de Aguiar, Daniel Da Silva Diogo Lara, Antônio A. F. Loureiro",W2243291603,"Historically, energy management in computer science has been treated as an activity predominantly of hardware optimization. A great part of the effort on the area, even nowadays, is concerned in components activation, deactivation or resources scheduling to provide, as a final result, the reduction of total power consumption. This work is focused on the power consumption subject under the developer point of view, using a reliable power measurement framework, to validate the literature programming premises about programming options, as, for example, multiplication operations are high consuming in power energy. Besides some elementary operations and authors suggestions about alternatives for power consumption reduction on the programming stage, it was also compared two well used and known algorithms for big numbers multiplication, Karatsuba and Toom-Cook. The results lead to conclusions that would help the developer, in programming stage, to choose, in some cases, the best technique for reduction of power consumption, speed up the software developed, or take some decisions to limit the final software to be under some maximum power.",W1493984463; W1584008964; W2005697749; W2064063270; W2072004134; W2114773548; W2138625816; W2149813938; W4210830821; W4231658190; W4244593655; W4250222093,0.0,2011.0,Federal University of Rio Grande do Sul,Computer science; Software; Reduction (mathematics); Multiplication (music); Energy consumption; Scheduling (production processes); Power (physics); Power consumption; Algorithm; Arithmetic; Mathematical optimization; Mathematics; Engineering; Operating system; Electrical engineering,Universidade Federal de Minas Gerais,BR,Article,ES,True,,Computer science; Software; Reduction (mathematics); Multiplication (music); Energy consumption; Scheduling (production processes); Power (physics); Power consumption; Algorithm; Arithmetic; Mathematical optimization; Mathematics; Engineering; Operating system; Electrical engineering; Physics; Geometry; Combinatorics; Quantum mechanics,articles-RITA-20260617-dointext.csv,3,1.0,
10.22456/2175-2745.19730,Detecção e Correção Automática de Estilos de Aprendizagem em Sistemas Adaptativos para Educação,"Fabiano A. Dorça, Luciano Vieira Lima, Márcia A. Fernandes, Carlos R. Lopes",W562615205,"Um dos aspectos mais importantes em sistemas adaptativos para educaçãoé a capacidade de prover personalização de acordo com as necessidades específicasde cada estudante. Neste contexto, este trabalho apresenta uma abordagem promissorapara detecção e correção automática de estilos de aprendizagem (EA) baseadaem cadeias de Markov. A maioria dos trabalhos nesta área apresentam abordagenscomplexas e ineficientes em algum aspecto. Além disto, a abordagem apresentadaneste trabalho tem como vantagem tornar possível aos estudantes o desenvolvimentode novas capacidades cognitivas, sendo baseada na combinação de estilos de aprendizagem(CEA) e na correção dinâmica de possíveis inconsistências no modelo do estudante(ME), levando em consideração o forte aspecto não-determinístico do processode ensino-aprendizagem. Resultados promissores foram obtidos nos testes realizadoscom esta abordagem e são discutidos neste trabalho.",W51496197; W94203212; W113977901; W122726868; W154943550; W194575727; W581076471; W1480558418; W1482662785; W1494123550; W1511198016; W1527862347; W1537383085; W1590425575; W1729856091; W1841067307; W1978065703; W1998193246; W2010029425; W2014673038; W2021071494; W2024060531; W2031775487; W2032881740; W2037576409; W2076781313; W2078221905; W2089531549; W2094509566; W2101778833; W2101834258; W2101992201; W2107726111; W2111640161; W2112660989; W2113498347; W2115386461; W2122879945; W2124276821; W2124941629; W2125719229; W2134558753; W2135372993; W2146814230; W2150455111; W2152150600; W2153070632; W2154357176; W2156284819; W2162821268; W2165103488; W2165305424; W2165673996; W2166549815; W2167420096; W2170644967; W2224764245; W2246809366; W2291627933; W2311479061; W2335821216; W2488431356; W2532842698; W2573894086; W2900637482; W2909235433; W2993289961; W3023540311; W3044543240; W3170775390; W3217611625; W4231100503; W4234653865; W4236884172; W4285719527; W4292025355; W4298090817; W4301253858; W6656506093; W6674183180; W6676007687; W6722769588,7.0,2011.0,Federal University of Rio Grande do Sul,Humanities; Philosophy,Universidade Federal de Uberlândia,BR,Article,PT,True,,Humanities; Philosophy,articles-RITA-20260617-dointext.csv,0,1.0,
10.22456/2175-2745.20020,Sistema Pervasivo de Informação em Saúde Projetado para ser Programado pelo Usuário Clínico,"Alencar Machado, Iara Augustin",W2274227989,"A Computação Pervasiva está inserida no desenvolvimento de ambientes programáveis e interativos, na busca para ajudar o usuário em suas atividades diárias. Considerando que o sistema de saúde do futuro prevê o uso da Computação Pervasiva para otimizar e automatizar atividades clínicas, esse artigo apresenta a arquitetura ClinicSpace, demonstrando através de uma situação-problema a estrutura da arquitetura para o auxilio às tarefas clínicas (aplicações pervasivas que auxiliam o médico a realizar suas atividades), procurando cumprir os requisitos da computação orientada a atividades. Assim, o ClinicSpace pode ser visto como um sistema ciente do contexto orientado às tarefas clinicas.",W61645783; W159032451; W1539217545; W1649645444; W1995755368; W2029966033; W2046125952; W2070783910; W2084460805; W2116817369; W2157814042; W2160734758; W2295291442; W2524920705; W2913816731; W6697443737,2.0,2013.0,Federal University of Rio Grande do Sul,Humanities; Philosophy; Computer science,Universidade Federal de Santa Maria,BR,Article,PT,True,,Humanities; Philosophy; Computer science,articles-RITA-20260617-dointext.csv,0,0.5,8.0
10.22456/2175-2745.20688,Protocolo de Leilões Simultâneos com Escalonamento: Aplicação ao Problema de Planejamento de Movimentações de Derivados de Petróleo,"Roni F. Banaszewski, Kelvin E. Nogueira, Jean Marcelo Simão, Lúcia Valéria Ramos de Arruda, César Augusto Tacla",W1732874109,"Em cadeias de suprimento da indústria de petróleo, atender a demanda e manter um nível de estoque adequado para várias classes de derivados de petróleo é uma questão crucial. Basicamente, este tipo de cadeia é composta por vários elementos, como bases produtoras, bases consumidoras e terminais intermediários, os quais estão conectados por meio de uma malha de transportes multimodais para prover a movimentação de produtos entre as bases. Estes elementos devem cooperar para alcançar uma solução factível com um baixo tempo de processamento. Para atingir tal objetivo, este artigo apresenta um protocolo de leilões multiagentes para negociações simultâneas com um elemento escalonador. Este protocolo foi aplicado à cadeia supracitada, comportando-se eficientemente ao retornar uma solução factível em um baixo tempo de processamento.",W1498214566; W1550297975; W1583931153; W1823691459; W1827306198; W2008162790; W2009989628; W2038722154; W2049876789; W2053260115; W2074405251; W2091577672; W2115852343; W2117674199; W2119250154; W2119582848; W2122410182; W2147785766; W2151408086; W2161869804; W2241557833; W2273846653; W2900995388; W3021734875; W3121172388; W3147375241,0.0,2012.0,Federal University of Rio Grande do Sul,Humanities; Physics; Political science; Philosophy,Universidade Tecnológica Federal do Paraná,BR,Article,PT,True,,Humanities; Physics; Political science; Philosophy,articles-RITA-20260617-dointext.csv,0,1.0,
10.22456/2175-2745.20816,Utilização do Caminhamento Aleatório na Identificação de Características de Documentos na Língua Portuguesa,"Vagner Francisco Le Roy, Ana Paula Ladeira",W2802736614,"Devido ao grande volume de textos armazenados, a área de mineração de textos vem sendo foco de inúmeras pesquisas que visam a classificação automática de documentos. O presente trabalho tem como objetivo avaliar o método do caminhamento aleatório na definição dos pesos dos termos de textos da língua portuguesa. Esta técnica utiliza a co-ocorrência dos termos como medida de dependência entre as características das palavras. Um grafo não direcionado é utilizado, sendo que a pontuação de cada vértice é calculada em função da probabilidade de ser encontrado. Os resultados obtidos com o caminhamento aleatório foram comparados com os apresentados por técnicas tradicionais, e demonstraram que o método de caminhamento aleatório se mostrou bastante eficaz no processo de classificação de documentos.",W1498382685; W1660390307; W1663587272; W1978394996; W2026353382; W2129006692; W2133958812; W2167792769; W2177717508; W2589700853; W4232026441; W4285719527,0.0,2012.0,Federal University of Rio Grande do Sul,Humanities; Physics; Philosophy,Centro Universitário de Belo Horizonte; United States Postal Service,BR; US,Article,PT,True,,Humanities; Physics; Philosophy,articles-RITA-20260617-dointext.csv,0,1.0,
10.22456/2175-2745.21062,Uma Arquitetura Aberta e Orientada a Serviços para Softwares Assistentes Pessoais,"Saulo Popov Zambiasi, Ricardo J. Rabelo",W1902245818,"Vários esforços vêm sendo feitos na direção de softwares assistentes pessoais (SAP) com o objetivo de ajudar as pessoas em suas atividades diárias, em casa ou no trabalho. A despeito da intrínseca complexidade que SAPs podem ter, a maior parte dos trabalhos se preocupa em desenvolver soluções apenas para tarefas bastante específicas, sem preocupações de integração e interoperação com outros sistemas (incluindo outros SAPs), além de não se conectarem com os sistemas empresariais e respectivos processos de negócios. Visando atender a esses requisitos, este trabalho apresenta uma arquitetura de referência aberta para SAPs, permitindo que instâncias interoperáveis possam ser derivadas, personalizadas, implementadas e implantadas consoantes às características das pessoas e processos das organizações. Uma instância foi gerada e seus resultados analisados.",W174006933; W1501099949; W1560729591; W1571232093; W1800478330; W1971575105; W1990684527; W2018971075; W2090326451; W2118383892; W2130914035; W2161256997; W2168961158; W2184078534; W2296324464; W2322584079,0.0,2012.0,Federal University of Rio Grande do Sul,Humanities; Physics; Philosophy,Universidade Federal de Santa Catarina,BR,Article,PT,True,,Humanities; Physics; Philosophy,articles-RITA-20260617-dointext.csv,0,0.5,8.0
10.22456/2175-2745.21506,LTI Agent Rescue: A Partial Global Approach for Task Allocation in the RoboCup Rescue,"André Hahn Pereira, Luis G. Nardin, Jaime Simão Sichman",W1956074425,"Coordination is one of the key issues in cooperative multiagent systems and it also plays an essential role in disaster management. Task allocation is an important phase of the coordination problem, since the decomposition of the objective into tasks is the most natural way to organize work among agents. In this paper, we propose a hybrid task allocation approach that considers the existence of both local and global information in order to coordinate the agents in the RoboCup Rescue. Moreover, we present a comparative analysis between the results obtained by the agents that use the proposed approach and ones obtained by the sample agents provided within the RoboCup Rescue simulator, that follow a decentralized and greedy approach.",,3.0,2012.0,Federal University of Rio Grande do Sul,Computer science; Task (project management); Key (lock); Multi-agent system; Artificial intelligence; Decomposition; Distributed computing; Operations research; Computer security; Systems engineering; Engineering,Universidade de São Paulo,BR,Article,ES,True,,Computer science; Task (project management); Key (lock); Multi-agent system; Artificial intelligence; Decomposition; Distributed computing; Operations research; Computer security; Systems engineering; Engineering; Biology; Ecology,articles-RITA-20260617-dointext.csv,6,0.5,3.0
10.22456/2175-2745.21979,Estudo do Padrão Avançado de Criptografia AES – Advanced Encryption Standard,"Diogo Fernando Trevisan, Rodrigo Sacchi, Lino Sanabria",W1553305599,"Este trabalho retrata a implementação do algoritmo criptográfico Advanced Encryption Standard (AES). A escolha do Algoritmo AES se deve ao fato de ser o atual padrão avançado de encriptação sendo selecionado após um longo concurso em que os vários algoritmos foram criptoanalisados por toda a comunidade de criptologia. Além de sua eficiência, o AES também foi projetado para permitir a expansão da chave quando necessário, ser implementado tanto a nível de software quanto a nível de hardware e é disponibilizado livremente, o que permite o seu uso em aplicações diversas sem a necessidade de pagamento de royalties.",W64760530; W1490557331; W1508278500,0.0,2013.0,Federal University of Rio Grande do Sul,Advanced Encryption Standard; Computer science; Humanities; Operating system; Physics; Encryption; Philosophy,Universidade Federal da Grande Dourados,BR,Article,PT,True,,Advanced Encryption Standard; Computer science; Humanities; Operating system; Physics; Encryption; Philosophy,articles-RITA-20260617-dointext.csv,0,1.0,
10.22456/2175-2745.23471,Combinando Workflows e Semântica para Facilitar o Reuso de Software,"Luciano Antônio Digiampietri, Jônatas Correa Araújo, Éric Hainer Ostroski, Caio R. N. Santiago, José De Jésus Pérez Alcázar",W2228018611,"Este artigo apresenta um ambiente para o desenvolvimento de software baseado no reuso de componentes, que combina tecnologias de gerenciamento de workflows, semântica e componentes de software. O ambiente desenvolvido pode ser utilizado por desenvolvedores de software, projetistas de workflows e usuários finais. Um estudo de caso real é apresentado para demonstrar a utilização do ambiente.",W78064204; W173647602; W1482582909; W1489021242; W1542026696; W1969987057; W1976906670; W2001021688; W2017908915; W2023301030; W2052381726; W2055576059; W2056441794; W2058502656; W2098886869; W2099523154; W2117034369; W2121958135; W2125568274; W2141546798; W2154513453; W2172284204; W2339979696; W2535052673; W6607041803; W6675023172; W6685212062; W7038290977,5.0,2013.0,Federal University of Rio Grande do Sul,Workflow; Software; Computer science; Software engineering; Operating system; Database,Universidade de São Paulo,BR,Article,ES,True,,Workflow; Software; Computer science; Software engineering; Operating system; Database,articles-RITA-20260617-dointext.csv,0,0.8,
10.22456/2175-2745.25070,Common Dissimilarity Measures are Inappropriate for Time Series Clustering,"Cássio M. M. Pereira, Rodrigo Fernandes de Mello",W2296076545,"Clustering algorithms have been actively used to identify similar timeseries, providing a better understanding of data. However, common clustering dis-similarity measures disregard time series correlations, yielding poor results. In thispaper, we introduce a dissimilarity measure based on series partial autocorrelations.Experiments compare hierarchical clustering algorithms using the common dissimi-larity measures, such as Euclidean Distance and Dynamic Time Warping, to clustertime series following Box-Jenkins Auto-Regressive models. Results show that ourdissimilarity measure produces better results for both synthetic and real data sets interms of the Adjusted Rand Index and Normalized Hubert Γ statistic. Our findingsconfirm that the choice of dissimilarity measure is crucial for improving time seriesclustering quality.",W116902681; W131856359; W1484672141; W1495933060; W1499049447; W1565377632; W1587157435; W1597504361; W1971784203; W2006783944; W2022852240; W2024760831; W2036557187; W2062687261; W2078483536; W2085259708; W2091921805; W2098759488; W2099302229; W2112877387; W2118371392; W2134155890; W2142635246; W2151967815; W2162756694; W2313953460; W2319660501; W2482589566; W2582743722; W2612166593; W2798058877; W3081860921; W4235169531; W4241186228; W4292483811; W4379510236; W6676800693; W6721827378,5.0,2013.0,Federal University of Rio Grande do Sul,Cluster analysis; Dynamic time warping; Series (stratigraphy); Measure (data warehouse); Computer science; Time series; Statistic; Euclidean distance; Data mining; Hierarchical clustering; Rand index; Similarity measure; Similarity (geometry); Pattern recognition (psychology); Artificial intelligence; Distance measures; Mathematics; Statistics; Machine learning; Image (mathematics),Institute of Mathematical Sciences; Universidade de São Paulo,BR; ES,Article,EN,True,,Cluster analysis; Dynamic time warping; Series (stratigraphy); Measure (data warehouse); Computer science; Time series; Statistic; Euclidean distance; Data mining; Hierarchical clustering; Rand index; Similarity measure; Similarity (geometry); Pattern recognition (psychology); Artificial intelligence; Distance measures; Mathematics; Statistics; Machine learning; Image (mathematics); Biology; Paleontology,articles-RITA-20260617-dointext.csv,2,0.8,
10.22456/2175-2745.25202,From UML to SIMULINK CAAM: Formal Specification and Transformation Analysis,"Luciana Foss, Simone André da Costa Cavalheiro, Nícolas Nogueira Bisi, Vinícius Steffens Pazzini, Lisane Brisolara, Flávio Rech Wagner",W1757169924,"UML and Simulink are attractive languages for embedded systems design and modeling. An automatic mapping from UML models to Simulink would be an interesting resource in a seamless design flow, allowing designers to use UML asmodeling language for the whole system and at same time to use facilities for code generation based on Simulink. In a previous work, the UML to Simulink translation was prototyped using a Java implementation. In this paper, we present the formal definition of this translation using graph grammars, as well as its automation, which is supported by the AGG system. With the formalization of the metamodels and translation rules, we can guarantee the correctness of the translation. We also illustrate theeffectiveness of our methodology by means of a case study.",W131469820; W1537249814; W1995783333; W2103942479; W2125414811; W2141291477; W2143196989; W2169625649; W2185674212; W3145243878; W4205916380; W4229631980; W4247849637; W4255281607; W6632100444; W6686678039,2.0,2013.0,Federal University of Rio Grande do Sul,Computer science; Unified Modeling Language; Correctness; Applications of UML; Programming language; UML tool; Object Constraint Language; Code generation; Software engineering; Java; Software; Operating system; Key (lock),Universidade Federal de Pelotas; Universidade Federal do Rio Grande do Sul,BR,Article,ES,True,,Computer science; Unified Modeling Language; Correctness; Applications of UML; Programming language; UML tool; Object Constraint Language; Code generation; Software engineering; Java; Software; Operating system; Key (lock),articles-RITA-20260617-dointext.csv,1,1.0,
10.22456/2175-2745.25210,A Graph Grammar to Transform a Dataflow Graph into a Multithread Graph and its Application in Task Scheduling,"Cícero Augusto de S. Camargo, Simone André da Costa Cavalheiro, Luciana Foss, Gerson Geraldo H. Cavalheiro",W2228559255,"The scheduling of tasks in a parallel program is an NP-complete problem, where scheduling tasks over multiple processing units requires an effective strategy to maximize the exploitation of the parallel hardware. Several studies focus on the scheduling of parallel programs described into DAGs (Directed Acyclic Graphs). However, this representation does not describe a multithreaded program suitably. This paper shows the structure and semantics of a DCG, an abstraction which describes a multithreaded program, and proposes standards to map structures found in DAGs into segments of a DCG. A graph grammar has been developed to perform the proposed transformation and case studies using DAGs found in the literature validate the transformation process. Besides the automatic translation and precise definition of the mapping, the use of a formal language also allowed the verification of the existence and uniqueness of the out coming model.",W57462620; W204235972; W272982077; W634463279; W1508113248; W1537249814; W1556859836; W1577544661; W1829867068; W1988781135; W1996138408; W2011039300; W2015871191; W2019356799; W2027077493; W2032401773; W2040466547; W2045271686; W2102117112; W2104861744; W2113941519; W2118396891; W2142932691; W2152408640; W2326963898; W3016205154; W4241615510; W6600858336; W6649247965; W6657081522; W6661777818; W6679130857,0.0,2013.0,Federal University of Rio Grande do Sul,Computer science; Directed acyclic graph; Graph rewriting; Dataflow; Programming language; Theoretical computer science; Scheduling (production processes); Parallel computing; Graph; Algorithm,Universidade Federal de Pelotas,BR,Article,EN,True,,Computer science; Directed acyclic graph; Graph rewriting; Dataflow; Programming language; Theoretical computer science; Scheduling (production processes); Parallel computing; Graph; Algorithm; Operations management; Economics,articles-RITA-20260617-dointext.csv,1,1.0,
10.22456/2175-2745.25515,Métodos Computacionais e Estatísticos no Estudo das Ondas de Frequência dos Sinais Eletroencefalográficos e o Envelhecimento: uma Abordagem Através da Análise Linear do Discriminante,"Lilian Ribeiro Mendes de Paiva, Adriano Alves Pereira, Adriano de Oliveira Andrade",W2229650999,"O Sistema Nervoso Central (SNC) e os sinais neurológicos portam informações que representam alterações ao longo da vida. Este trabalho busca estabelecer alguma correlação entre a atividade cerebral em função da idade, a partir do registro de sinais eletroencefalográficos (EEG), em sujeitos não portadores de disfunções neurológicas, durante a prática de uma determinada tarefa. Participaram voluntariamente deste estudo 59 sujeitos saudáveis, divididos em 07 grupos, com faixa etária entre 20 a 86 anos e de ambos os sexos. Sinais EEG foram coletados em três protocolos experimentais distintos durante a execução da Espiral de Arquimedes. Os eletrodos foram posicionados conforme padrão internacional 10/20, utilizando-se os canais C3 e C4 da região central. Foram realizadas análises estatísticas para identificar diferenças de cada grupo. Os dados foram processados no software MATLAB. Dentre os resultados obtidos, foram observadas diferenças significativas, através do valor LDA. A ferramenta executou de forma satisfatória a separação de características discriminantes, classificando cada grupo de indivíduos que apresentam alta correlação em função da idade. Pode-se concluir pela análise das características utilizadas, que existe a separabilidade entre os grupos conforme faixa etária, contribuindo significativamente para registrar as alterações ocorridas durante o processo de envelhecimento.",W267892546; W646783880; W1511703081; W1570233096; W1608735834; W1768516983; W1976980422; W1989203969; W1998221425; W2003401485; W2033738580; W2061367345; W2077204677; W2084680213; W2095415306; W2110444396; W2118694939; W2136117227; W2140355958; W2153134014; W2160986169; W2170835235; W2203195917; W2399471980; W2476418380; W2501358353; W2752128027; W2753105308; W3185816284; W4229538202; W4246020463; W4296131464; W6651108680; W6724805839,1.0,2013.0,Federal University of Rio Grande do Sul,Physics; Humanities; Philosophy,Universidade Federal de Uberlândia,BR,Article,PT,True,,Physics; Humanities; Philosophy,articles-RITA-20260617-dointext.csv,0,0.5,3.0
10.22456/2175-2745.25646,Seleção Automática de Casos de Teste de Regressão Baseada em Similaridade e Valores,"Francisco Gomes Oliveira, Patrícia D. L. Machado",W2242039962,"Técnicas de re-teste seletivo tem como objetivo auxiliar a seleção de casos de teste de regressão com base nas modificações realizadas. Este trabalho apresenta uma nova técnica: Weighted Similarity Approach for Regression Testing (WSA-RT). Esta técnica utiliza uma abordagem de teste baseado em modelos e valores, para selecionar os casos de teste mais importantes dentre os que interagem com as modificações realizadas no software. Os estudos de caso realizados com a técnica indicam que WSA-RT é capaz de reduzir significativamente (de 70% a 80%) o tamanho do conjunto de casos de teste, podendo assim contribuir para a redução dos custos do teste de regressão sem afetar a capacidade de detecção de defeitos.",W41772636; W112086539; W1596127723; W1607747749; W1970799501; W1997380619; W2040085723; W2100895540; W2113237484; W2119173576; W2134416718; W2140242483; W2157693531; W2160199242,3.0,2013.0,Federal University of Rio Grande do Sul,Philosophy; Humanities,Universidade Federal de Campina Grande,BR,Article,PT,True,,Philosophy; Humanities,articles-RITA-20260617-dointext.csv,0,1.0,
10.22456/2175-2745.25720,Generating Integration Test Orders for Aspect Oriented Software with Multi-objective Algorithms,"Wesley K. G. Assunção, Thelma Elita Colanzi, Sílvia Regina Vergílio, Aurora Pozo",W2247945693,"The problem known as CAITO refers to the determination of an order to integrate and test classes and aspects that minimizes stubbing costs. Such problem is NP-hard and to solve it efficiently, search based algorithms have been used, mainly evolutionary ones. However, the problem is very complex since it involves different factors that may influence the stubbing process, such as complexity measures, contractual issues and so on. These factors are usually in conflict and different possible solutions for the problem exist. To deal properly with this problem, this work explores the use of multi-objective optimization algorithms. The paper presents results from the application of two evolutionary algorithms - NSGA-II and SPEA2 - to the CAITO problem in four real systems, implemented in AspectJ. Both multi-objective algorithms are evaluated and compared with the traditional Tarjan's algorithm and with a mono-objective genetic algorithm. Moreover, it is shown how the tester can use the found solutions, according to the test goals.",W20430633; W42649658; W101449181; W1521030780; W1523104724; W1585939719; W1589197988; W1589645970; W1639032689; W1981981423; W2013014665; W2026802633; W2033720277; W2039353490; W2041859725; W2043947065; W2068521941; W2095607507; W2098907614; W2105085299; W2114412608; W2118382442; W2124176833; W2126105956; W2138201395; W2146136779; W2146570942; W2152575634; W2156773695; W2167159964; W2247945693; W2318935314; W2534652523; W2904250082; W3023540311; W4242119740; W4294094836; W4297917482; W6681530734; W7020126941,17.0,2013.0,Federal University of Rio Grande do Sul,Evolutionary algorithm; Computer science; Algorithm; Test case; Process (computing); Genetic algorithm; Mathematical optimization; Mathematics; Machine learning; Programming language,Laboratoire d'Informatique de Paris-Nord; Universidade Estadual de Maringá; Universidade Federal do Paraná,BR; FR,Article,EN,True,,Evolutionary algorithm; Computer science; Algorithm; Test case; Process (computing); Genetic algorithm; Mathematical optimization; Mathematics; Machine learning; Programming language; Regression analysis,articles-RITA-20260617-dointext.csv,5,0.5,1.0
10.22456/2175-2745.25803,"Compilação Just-In-Time: Histórico, Arquitetura, Princípios e Sistemas","George Souza Oliveira, Anderson Faustino da Silva",W2210280,"Diversas implementações de linguagens de alto nível focam no desenvolvimento de sistemas baseados em mecanismos de compilação just-in-time. Esse mecanismo possui o atrativo de melhorar o desempenho de tais linguagens, mantendo a portabilidade. Contudo, ao preço da inclusão do tempo de compilação ao tempo total de execução. Diante disso, as pesquisas na área têm voltado balancear o custo de compilação com eficiência de execução. Os primeiros sistemas de compilação just-in-time empregavam estratégias estáticas para selecionar e otimizar as regiões de código propícias para gerar bom desempenho. Sistemas mais sofisticados aprimoraram tais estratégias com o objetivo de aplicar otimizações de forma mais criteriosa. Nesse sentido, este tutorial apresenta os princípios que fundamentam a compilação just-in-time e sua evolução ao longo dos anos, bem como a abordagem utilizada por diversos sistemas para garantir o balanceamento de custo e eficiência. Embora seja difícil definir a melhor abordagem, trabalhos recentes mostram que estratégias rígidas para detecção e otimização de código, juntamente com recursos de paralelismo oferecidos pelas arquiteturas multi-core formarão a base dos futuros sistemas de compilação just-in-time.",W4015096; W350392096; W1481491067; W1491178396; W1506984869; W1511466363; W1531947739; W1551330847; W1581581269; W1597122400; W1597356853; W1598886868; W1770006921; W1916709771; W1964647125; W1982205631; W1993318777; W1993335798; W2000050212; W2007920703; W2013724146; W2015402832; W2022144522; W2030281933; W2034918983; W2036164053; W2036916555; W2036933361; W2037177386; W2037823608; W2043198318; W2045255985; W2049890071; W2050289144; W2057651724; W2058213389; W2061483729; W2072737419; W2075728160; W2077103208; W2083374277; W2086232983; W2088494048; W2091994380; W2092492242; W2093765092; W2098771596; W2099634929; W2100221082; W2101776604; W2102888818; W2104283600; W2104406008; W2105090082; W2111947818; W2113683593; W2114067856; W2116136092; W2126088804; W2130262734; W2130410600; W2132869755; W2133240977; W2139428593; W2143436119; W2143588523; W2148535470; W2153185479; W2153293846; W2157067345; W2157213285; W2161261909; W2161918373; W2164715417; W2164795104; W2167997514; W2168519934; W2168536733; W2170216784; W2987635609; W3003320140; W3021658076; W3128608526; W3142323636; W4232181514; W4234918759; W4235822340; W4236517384; W4237352773; W4237994905; W4239453975; W4244532474; W4244914599; W4249518003; W4253537088; W4254592843; W4285719527; W4292013193; W6629325410; W6653781675; W6659698051; W6664771284; W6674807127; W6675605904; W6678746659; W6776808324; W7062189168,0.0,2013.0,Federal University of Rio Grande do Sul,Computer science; Humanities; Philosophy,Universidade Estadual de Maringá,BR,Article,PT,True,,Computer science; Humanities; Philosophy,articles-RITA-20260617-dointext.csv,0,0.5,3.0
10.22456/2175-2745.25876,Aplicação de Modelos Intencionais e Sistemas Multiagentes para Estabelecer Políticas de Monitoração de Transparência de Software,"André Luiz de Castro Leal, Henrique Prado Sousa, Julio César Sampaio do Prado Leite, Carlos Lucena",W87154189,O artigo apresenta uma proposta de monitoração de características de transparência de software a partir de sistemas multiagentes. É um primeiro esforço para o entendimento de políticas e modelos intencionais aplicados a agentes autônomos monitores.,W98167995; W130940042; W281665770; W858248845; W1481162202; W1482701016; W1494946506; W1500989946; W1512329592; W1524500851; W1963995633; W2056245254; W2093427535; W2145790759; W2145899763; W2157969374; W2168312237; W2171960770; W2172178465; W2574205208; W2970002707; W4242182825; W4253021082; W4285719527; W6630223111; W6641068058; W6681603819; W6991991799; W7034565189; W7075603926,3.0,2013.0,Federal University of Rio Grande do Sul,Philosophy,Pontifícia Universidade Católica do Rio de Janeiro; Universidade Federal Rural do Rio de Janeiro,BR,Article,PT,True,,Philosophy,articles-RITA-20260617-dointext.csv,0,1.0,
10.22456/2175-2745.25948,Um Sistema para Inspeções de Garantia da Qualidade Baseado em Ontologias e Agentes,"João Pablo Silva da Silva, Pablo Dall'Oglio, Sérgio Crespo Coelho da Silva Pinto, Ig Ibert Bittencourt",W2230148358,"A implementação de práticas de garantia da qualidade possui uma relação custo/benefício difícil de balancear. Isso ocorre porque o custo de execução das práticas é direto, enquanto que, o benefício obtido com estas é indireto. No intuito demelhorar essa relação, este trabalho apresenta um sistema de suporte para as inspeções de garantia da qualidade capaz de automatizar a definição de escopo e o endereçamento de não conformidades, além de gerenciar cadastros e calcular indicadores. O sistema é formado por uma ontologia, a qual mapeia a semântica envolvida nas inspeções de garantia da qualidade; e por agentes de software, os quais implementamas regras necessárias para automação das atividades mencionadas. Os experimentos realizados em uma Fábrica de Software mostraram melhora na produtividade nas inspeções, maximizando a cobertura, sem impactar no esforço demandado.",W84082018; W584825219; W1487060125; W1654805921; W1904065432; W1965433856; W2019402408; W2033782860; W2046471589; W2046795826; W2080311345; W2084595058; W2108234081; W2116984036; W2130668706; W2134524274; W2135494320; W2137079713; W2140923664; W2151011623; W2160036424; W2160504540; W2164741136; W2242459625; W3163869898; W4292404994,1.0,2013.0,Federal University of Rio Grande do Sul,Humanities; Computer science; Philosophy,Universidade Federal de Alagoas; Universidade Federal do Pampa; Universidade do Vale do Rio dos Sinos,BR,Article,PT,True,,Humanities; Computer science; Philosophy,articles-RITA-20260617-dointext.csv,0,1.0,
10.22456/2175-2745.25965,Avaliação de Desempenho da Política EBS para Escalonamento em Aplicações com Restrições de Máximo Tempo Médio de Resposta,"Alessandro Nakamuta, Lourenço Alves Pereira, Francisco José Monaco",W2769206380,"Este trabalho apresenta uma avaliação de desempenho do algoritmo EBS como política de escalonamento em aplicações cientes de QoS sob requisitos temporais tipo soft real-time. O estudo analisa parâmetros que descrevem a carga de trabalho e avalia seu impacto na capacidade de atender à especificação de limites superiores de tempo médio de resposta. O algoritmo EBS implementa uma política de escalonamento de prioridade dinâmica para aplicações de tempo-real flexível, a qual tem sido investigada em arquiteturas de escalonamento realimentado e escalomaneto dinâmico on-line. São apresentados experimentos e resultados que analisam a influência dos fatores considerados na métrica de SLA.",W159719520; W1496940124; W1518292187; W1557255655; W1579989751; W2006221332; W2027385835; W2033517352; W2044016711; W2057462363; W2079394150; W2099181952; W2136242115; W2144101462,0.0,2014.0,Federal University of Rio Grande do Sul,Physics; Humanities; Philosophy; Chemistry,Universidade de São Paulo,BR,Article,PT,True,,Physics; Humanities; Philosophy; Chemistry,articles-RITA-20260617-dointext.csv,0,1.0,
10.22456/2175-2745.26055,Uma introdução ao tema Recuperação de Informações Textuais,Fabrício J. Barth,W2223683660,"O tema Recuperação de Informação sempre foi um tema muito explorado na academia e no mercado. A forma com que os eventosacadêmicos são conduzidos demonstra uma maturidade muito grande da área, inclusive com uma ligação muito forte com o mercado. Inúmeros livros sobre este tema já foram publicados. No entanto, são poucos os livros publicados em português. Este tutorial tenta preencher esta lacuna apresentando uma introdução sobre o tema Recuperação de Informação, abordando: as principais definições e conceitos da área; os principais modelos que regem o desenvolvimento dos Sistemas de Recuperação de Informação, e; os métodos usualmente empregados na avaliação de Sistemas de Recuperação de Informação.",W11620817; W38978401; W142212369; W1523019309; W1532325895; W1557757161; W1660390307; W1904228841; W1973435495; W1978394996; W1981202432; W1983362322; W1995578072; W1996077856; W2003800060; W2012327829; W2043909051; W2051645445; W2064930103; W2066370905; W2066636486; W2069870183; W2080745753; W2085419825; W2103235295; W2104382147; W2109042199; W2110806460; W2122410182; W2125398996; W2127176025; W2129245267; W2138621811; W2139434830; W2142196466; W2145343266; W2153116343; W2153252192; W4213009331; W4251714316; W4252060112; W4302313152,0.0,2013.0,Federal University of Rio Grande do Sul,Humanities; Philosophy,,,Article,PT,True,,Humanities; Philosophy,articles-RITA-20260617-dointext.csv,0,1.0,
10.22456/2175-2745.26211,Intrusion Detection in Unstructured Contexts Using On-line Clustering and Novelty Detection,"Eduardo Alves Ferreira, Rodrigo Fernandes de Mello",W2241506567,"The characterization of processes behavior is usually considered whenperforming intrusion detection. Several works characterize specific aspects of systemsand attempt to detect novelties in that context, associating observed anomalies to at-tack events. Such approach is limited or even useless when the observed context isunstructured, i.e. when the monitor generates text-based log files or a variable numberof application attributes. In order to overcome such drawback, this paper considersthe use of single-pass clustering techniques to quantize unstructured data and generatetime series, using algorithms with low computational complexity, applicable in a real-world scenario. Afterward, novelty detection techniques are employed on such seriesto distinguish behavior anomalies, which are associated with intrusions. We evaluatedthe approach using a system characterization dataset and confirmed that it aggregatescontext information to represent the behavior of applications as time series, wherenovelty detection can be successfully performed.",W131856359; W189063709; W1499399937; W1832277845; W1971784203; W1987971958; W1988918299; W1995875735; W2001474264; W2016973429; W2046372172; W2080068757; W2091921805; W2117003740; W2127218421; W2128217000; W2128859735; W2129860818; W2151939530; W2155653793; W2241506567; W2319660501; W2342204193; W2993383518; W3129170862; W4237421257,1.0,2013.0,Federal University of Rio Grande do Sul,Novelty detection; Intrusion detection system; Computer science; Cluster analysis; Context (archaeology); Novelty; Data mining; Artificial intelligence; Pattern recognition (psychology),,,Article,EN,True,,Novelty detection; Intrusion detection system; Computer science; Cluster analysis; Context (archaeology); Novelty; Data mining; Artificial intelligence; Pattern recognition (psychology); Paleontology; Biology; Philosophy; Theology,articles-RITA-20260617-dointext.csv,3,0.8,
10.22456/2175-2745.26274,PColorAnt3-RT: Um Algoritmo ACO Paralelo para Coloração de Grafos,"Carla Négri Lintzmayer, Mauro Henrique Mulati, Anderson Faustino da Silva",W2284258526,"Em trabalhos anteriores foram apresentadas investigações de três diferentes algoritmos baseados em Ant Colony Optimization (ACO) aplicados ao problema de coloração de grafos com k cores. Os resultados obtidos demonstraram que ColorAnt_3-RT é o melhor dentreos três algoritmos ColorAnt-RT, sendocapaz de obter boas e até mesmo ótimas soluções para os melhores valores de k descritos na literatura, além de minimizar a quantidade de conflitos.Porém, em aplicações onde o tempo de execução é um fator crucial, algoritmos ACO não tem sido utilizados. Este artigo propõe e demonstra o uso de uma abordagem paralela para uma arquitetura de {\it hardware} com memória compartilhada com o objetivo de reduzir o tempo de execução de ColorAnt_3-RT, originando o algoritmo paralelo PColorAnt_3-RT que é capaz de encontrar boas e ótimas soluções em tempo de execução aceitável.",W133641357; W797950765; W1484551645; W1494199306; W1511709116; W1530490667; W1582334898; W1604555350; W1656664476; W1964625315; W2010058959; W2040134365; W2053793706; W2107941094; W2142550124; W2145021036; W2167036627; W2169875292; W2324827308; W4205988361; W4213006026; W4238549726; W4255532933; W6633258944,0.0,2013.0,Federal University of Rio Grande do Sul,Humanities; Computer science; Philosophy,Hospital de Clínicas da Unicamp; Universidade Estadual de Campinas (UNICAMP); Universidade Estadual de Maringá,BR,Article,PT,True,,Humanities; Computer science; Philosophy,articles-RITA-20260617-dointext.csv,0,1.0,
10.22456/2175-2745.26296,Decision making for a delivery robot through a fuzzy system,"Murillo Rehder Batista, Roseli Aparecida Francelin Romero",W2269758602,"One of the main objectives of robotic researches has been the use of autonomous agents to make ”mundane” tasks. A typical task common in literature is fetching a document from an initial point local and deliver to a speciﬁed destination. In this work, a fuzzy system has been developed to manage a number of requests that a robot has to deliver, which are requested in real time. This system uses a set of fuzzy rules to deﬁne the priority of each request based on conditions such as the time limit to take the document from its source or the score acquired from a successful delivery. A modiﬁcation of A* algorithm to plan paths and the potential ﬁeld technique to manage navigation are used to guide the robot in the environment. Three different sets of fuzzy rules have been tested in order to compare their results with the known algorithm, ﬁrst-in ﬁrst-out, to attend the requests. The Player/Stage simulator has been used to make the tests. The results show that such approach is effective, obtaining better results on criteria which have been considered of greater importance for each set of rules.",W1480643874; W1531519067; W1969483458; W1987852620; W1992250294; W1999050017; W2023476457; W2029532778; W2064273401; W2074264239; W2092787654; W2103087030; W2103120971; W2104332709; W2110104061; W2110178871; W2116408775; W2122410182; W2123564449; W2133321814; W2137549982; W2138671676; W2138761185; W2159438345; W2160032073; W2169528473; W2250706791; W2494779131; W2622020362; W2912565176; W4238997355; W4244613213; W4285719527; W6678189424; W6683608233; W6884729237,1.0,2013.0,Federal University of Rio Grande do Sul,Computer science; Task (project management); Set (abstract data type); Fuzzy logic; Plan (archaeology); Point (geometry); Robot; Time limit; Fuzzy set; Limit (mathematics); Fuzzy control system; Artificial intelligence; Operations research; Engineering; Mathematics; Systems engineering,Brazilian Society of Computational and Applied Mathematics,BR,Article,EN,True,,Computer science; Task (project management); Set (abstract data type); Fuzzy logic; Plan (archaeology); Point (geometry); Robot; Time limit; Fuzzy set; Limit (mathematics); Fuzzy control system; Artificial intelligence; Operations research; Engineering; Mathematics; Systems engineering; Mathematical analysis; Geometry; Archaeology; Programming language; History,articles-RITA-20260617-dointext.csv,5,0.5,3.0
10.22456/2175-2745.26421,"Serviços em Redes Futuras: Objetivos, Tecnologias e Comparação de Iniciativas","Rodrigo Brandão, Agostinho Manuel Vaz, Antônio Marcos Alberti",W2249827999,"O setor de serviços, também chamado em economia como, terceiro setor, é o novo motor da economia mundial. Estima-se que mais de 50% do produto interno bruto dos países seja derivado desse setor. A evolução tecnológica do final dos anos 90 levou o conceito de serviços para a web, através dos chamados Web Services. Com o uso cada vez maior da Internet nos mais diversos ramos, houve a necessidade de se ampliar o conceito de serviço na rede para um nível superior, não apenas técnico ou restrito a tecnologia de informação, mas sim trazer para a rede, também, os serviços do mundo real ou serviços do dia-a-dia. A Internet de Serviços visa o desenvolvimento de novas arquiteturas para o mercado atual e futuro de serviços na Internet. Assim, este artigo discute o papel dos serviços nas redes futuras, apresentado as tecnologias chaves para esse fim, bem como comparando algumas iniciativas que tem se destacado neste cenário.",W86409017; W119838758; W154090225; W1480917965; W1537219143; W1562435468; W1891542718; W1979612096; W1981331680; W1990911977; W2016712070; W2097565277; W2100348495; W2109091257; W2112342233; W2149836321; W2171289234; W2285390133; W2341590266; W2404216922; W2527526801; W2970354468; W3165309663; W4285719527; W6604853295; W6654784726; W6674792369,1.0,2013.0,Federal University of Rio Grande do Sul,Humanities; Business; Philosophy,National Institute of Telecommunications,BR,Article,PT,True,,Humanities; Business; Philosophy,articles-RITA-20260617-dointext.csv,0,0.5,3.0
10.22456/2175-2745.26629,Um Sistema de Realização Superficial para Geração de Textos em Português,"Douglas Fernandes Pereira da Silva, Eder Miranda de Novais, Ivandré Paraboni",W2211189196,"Sistemas de geração de língua natural (GLN) - que produzem texto a partir de dados não-linguísticos - possuem uma ampla gama de aplicações em visualização textual de conteúdos complexos e/ou em grandes volumes. Este trabalho enfoca a implementação de um módulo de realização textual baseado em regras para o português brasileiro, chamado PortNLG, que trata da tarefa de linearização sentencial para aplicações computacionais que necessitem apresentar dados de saída em formato textual. PortNLG é apresentado na forma de uma biblioteca JAVA, e seus resultados são superiores aos de modelos de n-gramas na tarefa de geração de manchetes de jornal.",W1493882948; W1503808256; W1550436901; W1560192456; W1600480717; W1658658360; W1743173941; W1931352730; W1937442440; W1973042921; W2004637830; W2043147031; W2045320784; W2052893955; W2053384731; W2054362711; W2056250865; W2059243366; W2078861931; W2101105183; W2106087324; W2112824353; W2115459072; W2125417976; W2130327745; W2135363470; W2169143855; W2250713679; W2251878092; W4233573184,2.0,2013.0,Federal University of Rio Grande do Sul,Humanities; Computer science; Philosophy; Physics,Universidade de São Paulo,BR,Article,PT,True,,Humanities; Computer science; Philosophy; Physics,articles-RITA-20260617-dointext.csv,0,1.0,
10.22456/2175-2745.26905,Deterministic and efficient minimal perfect hashing schemes,"Leandro M. Zatesko, Jair Donadelli",W2278396157,"Neste trabalho apresentamos versões determinísticas para os esquemasde hashing de Botelho, Kohayakawa e Ziviani (2005) e por Botelho, Pagh e Ziviani(2007). Também respondemos a um problema deixado em aberto no primeiro dostrabalhos, relacionado à prova da corretude e à análise de complexidade do esquemapor eles proposto. As versões determinísticas desenvolvidas foram implementadase testadas sobre conjuntos de dados com até 25.000.000 de chaves, e os resultadosverificados se mostraram equivalentes aos dos algoritmos aleatorizados originais.",W62638829; W104648112; W247221977; W1583067157; W1891810191; W1897694601; W1986970296; W1989682699; W2010986907; W2043667326; W2053816258; W2077229436; W2098626016; W2120933912; W2123852216; W2138593246; W2165621523; W2752885492; W2914015934; W3143219376; W3151256199; W4246456962; W6639432329; W6645318449; W6678013016; W7029321148,0.0,2013.0,Federal University of Rio Grande do Sul,Hash function; Computer science; Dynamic perfect hashing; Hash table; Humanities; Philosophy; Programming language,Universidade Federal do ABC; Universidade Federal do Paraná,BR,Article,ES,True,,Hash function; Computer science; Dynamic perfect hashing; Hash table; Humanities; Philosophy; Programming language; Double hashing,articles-RITA-20260617-dointext.csv,0,1.0,
10.22456/2175-2745.27556,Uma Abordagem para Jogos Bayesianos Fuzzy com base na Probabilidade Fuzzy de Buckley,"Tiago Cruz Asmus, Graçaliz Pereira Dimuro",W109590987,"Este artigo apresenta uma abordagem para jogos Bayesianos Fuzzy, com base na noção de probabilidades fuzzy para estimar tipos desconhecidos de jogadores envolvidos em situações estratégicas. Para tal, considera-se a noção de probabilidade fuzzy introduzida por Buckley e Eslami, que utilizam números fuzzy para representar probabilidades incertas e imprecisas, sem, contudo empregar a teoria da probabilidade fuzzy, mas considerando uma restrição aritmética ao intervalo $[0;1]$. O artigo formaliza essa noção de probabilidade fuzzy, definindo jogos Baysianos fuzzy para 2 jogadores com $n$ tipos possíveis. Discute-se também, através de exemplos, a dependência da solução do modelo da relação de ordem adotada no espaço de números fuzzy. Propõe-se a utilização de relação de ordem de Asmus-Dimuro para determinação da solução de equilíbrio de Nash.",W297497; W66219124; W109590987; W148430901; W177958661; W292345996; W1000498362; W1484709023; W1485268022; W1496554236; W1505242734; W1507872748; W1528676759; W1554125288; W1580809199; W1594171446; W1828008172; W1903683453; W1965096608; W1966069485; W1968769172; W1973292480; W1978865199; W1982705797; W1983257887; W1984329312; W1994737592; W2004698524; W2010742660; W2012647743; W2014850007; W2016303054; W2030375211; W2040503200; W2048019727; W2054976600; W2057066113; W2057132322; W2058693307; W2060362965; W2064797729; W2067050450; W2068898929; W2084304162; W2086860546; W2088907949; W2090122788; W2107815843; W2110301172; W2111589951; W2118929276; W2144846366; W2145790759; W2157041604; W2188700443; W2310516540; W2484215240; W2502152134; W2912565176; W3010279532; W3109300698; W4210879362; W4238510203; W4245152641; W4285719527; W4300874363; W4312534390; W6630146212; W6633306504; W6649061091; W6663966304; W6665380981,5.0,2013.0,Federal University of Rio Grande do Sul,Fuzzy logic; Mathematics; Base (topology); Combinatorics; Computer science; Artificial intelligence; Mathematical analysis,Universidade Federal do Rio Grande,BR,Article,PT,True,,Fuzzy logic; Mathematics; Base (topology); Combinatorics; Computer science; Artificial intelligence; Mathematical analysis,articles-RITA-20260617-dointext.csv,0,1.0,
10.22456/2175-2745.28371,Uma Avaliação do Esquema de Gerenciamento de Chave Baseado em Identidade Identity Key Management,"Eduardo da Silva, Luiz Carlos Pessoa Albini, Murilo W. S. Lima",W119342246,"A segurança é um dos principais desafios nas Redes Ad Hoc Móveis (MANETs - Mobile Ad Hoc Networks). As características naturais das MANETs tornam essas redes altamente vulneráveis a muitos ataques, da camada física até a camada de aplicação. Exitem diversos algoritmos e protocolos para tratar essas ameaças. Todos esses algoritmos têm um elemento comum, o uso da criptografia. Entre os sistemas criptográficos encontrados na literatura, os baseados em identidade parecem melhor se adaptar ao paradigma das MANETs. Suas principais vantagens são o baixo custo computacional e a sobrecarga reduzida. Estre trabalho apresenta uma avaliação do principal esquema criptográfico baseado em identidade para as MANETs, o Identity Key Management (IKM). A avaliação foi realizada considerando a renovação e revogação de chaves e a presença de ataques de falsa acusação. Os resultados mostram que o IKM é vulnerável a este ataque e o particionamento da rede pode levá-la a um estado instável.",W119362848; W148092637; W794907248; W1487008537; W1569083856; W1660562555; W1981705062; W2084307912; W2106806183; W2112833251; W2118657452; W2137772867; W2139826965; W2148071072; W2151528634; W2152924492; W2156200189; W2158923961; W2161765256; W2170262057; W2967607443; W4238327336; W4289127653,0.0,2013.0,Federal University of Rio Grande do Sul,Mobile ad hoc network; Computer science; Humanities; Key management; Computer network; Philosophy,Instituto Federal Catarinense; Universidade Federal do Paraná,BR,Article,PT,True,,Mobile ad hoc network; Computer science; Humanities; Key management; Computer network; Philosophy; Encryption; Network packet,articles-RITA-20260617-dointext.csv,0,0.5,3.0
10.22456/2175-2745.29997,Simulação do Espalhamento da Influenza na Cidade de Cascavel-PR Utilizando Agentes Computacionais,"Marcos Paulo Nicoletti, Claudia Brandelero Rizzi, Rogério Luís Rizzi",W2266893497,"Este trabalho apresenta e discute resultados decorrentes de um experimento computacional em que o espalhamento da Influenza foi modelado a partir da concepção de modelos compartimentais tipo SIRS, empregando a abordagem de agentes baseados em modelos. Simulou-se o processo de espalhamento da gripe em uma região específica da cidade de Cascavel-PR, abrangendo parte de três bairros. Neste ambiente, interagiram 4.653 agentes distribuídos em 6 tipos distintos, os agentes bebês, crianças, adolescentes, jovens, adultos e idosos. Cada tipo de agente apresenta comportamentos específicos quanto ao deslocamento no ambiente, para fins de estudo, trabalho, lazer ou a estada residencial. A transmissão da doença ocorre quando da interação entre indivíduos suscetíveis e infectados. Análises foram realizadas a partir de resultados obtidos e já foram iniciados trabalhos visando mapear e caracterizar melhor o município bem como validar o modelo através de dados fornecidos pela Secretaria Municipal de Saúde.",W1978654724; W2041305541; W2050067978; W2071747085; W4299386110; W6644717330; W6662941197,0.0,2013.0,Federal University of Rio Grande do Sul,Humanities; Physics; Philosophy,Universidade Estadual do Oeste do Paraná,BR,Article,PT,True,,Humanities; Physics; Philosophy,articles-RITA-20260617-dointext.csv,0,0.5,3.0
10.22456/2175-2745.30242,Independent learners in abstract traffic scenarios,"Anderson Rocha Tavares, Ana L. C. Bazzan",W2281246897,"Traffic is a phenomena that emerges from individual, uncoordinatedand, most of the times, selfish route choice made by drivers. In general, this leads topoor global and individual performance, regarding travel times and road network loadbalance. This work presents a reinforcement learning based approach for route choicewhich relies solely on drivers experience to guide their decisions. There is no coordinatedlearning mechanism, thus driver agents are independent learners. Our approachis tested on two abstract traffic scenarios and it is compared to other route choice methods.Experimental results show that drivers learn routes in complex scenarios with noprior knowledge. Plus, the approach outperforms the compared route choice methodsregarding drivers’ travel time. Also, satisfactory performance is achieved regardingroad network load balance. The simplicity, realistic assumptions and performance ofthe proposed approach suggests that it is a feasible candidate for implementation innavigation systems for guiding drivers decision regarding route choice.",W1489140913; W1503017385; W1542941925; W1574700590; W1575989700; W1997907099; W2041367235; W2054314161; W2073172564; W2091653681; W2100677568; W2101059599; W2104602264; W2108793901; W2128739723; W2153806233; W2494995169; W2535741168; W3041202696; W3100643943; W4407139252,4.0,2013.0,Federal University of Rio Grande do Sul,Computer science; Transport engineering; Environmental science; Psychology; Engineering,Universidade Federal do Rio Grande do Sul,BR,Article,ES,True,,Computer science; Transport engineering; Environmental science; Psychology; Engineering,articles-RITA-20260617-dointext.csv,5,0.5,3.0
10.22456/2175-2745.30317,Aplicando Conceitos de Sistemas Multiagentes na Elaboração de um Jogo de Estratégia Simulado,"José Rodrigo Neri, Maicon Rafael Zatelli, Daniela Maria Uez, Rafael Frizzo Callegaro",W2250903291,"O uso do paradigma de agentes está cada vez maior no campo de desenvolvimento de jogos. As características dos agentes como autonomia, proatividade e interação social, podem auxiliar no desenvolvimento de jogos mais realistas e detalhados. Este trabalho tem como objetivo integrar diversas ferramentas e conceitos da área de IA para o desenvolvimento de um jogo de estratégia. Além de agentes, foram utilizados os conceitos de organização, ambiente, reputação, sistemas especialistas e ontologias.",W120652738; W150671022; W317793146; W353667370; W1165518109; W1487104801; W1488804238; W1497120980; W1498213851; W1499824367; W1538461354; W1542645337; W1549872659; W1903683453; W1965482737; W1980497227; W2000224079; W2013808617; W2014718108; W2042037135; W2060767893; W2061463271; W2066063722; W2104146485; W2104487056; W2107825633; W2108499268; W2110293626; W2122832898; W2136168234; W2145790759; W2154710231; W2397803132; W2803028580; W3145057472; W4232217679; W4285719527; W6629883159,1.0,2013.0,Federal University of Rio Grande do Sul,Humanities; Philosophy,Autonomous University of Aguascalientes; Faculdades Guarulhos; Polydoro Ernani de São Thiago University Hospital; Universidade Federal de Santa Catarina,BR; MX,Article,PT,True,,Humanities; Philosophy,articles-RITA-20260617-dointext.csv,0,0.8,
10.22456/2175-2745.30492,Extending the RoboCup Rescue to Support Stigmergy: Experiments and Results,"Fernando dos Santos, Gabriel Rigo da Cruz Jacobsen, Carlos Alberto Barth",W2247178250,"Social insects have inspired researches in computer sciences as well asengineers to develop models for coordination and cooperation in multiagent systems.One example of these models is the model of stigmergy. In this model agents useindirect communication (comunication trough the environment) in order to coordinateactions. The RoboCup Rescue simulator is used as a testbed to evaluate this modelin a real world considering a highly constrained scenario of an earthquake. This pa-per investigates the feasibility of using stigmergy in the RoboCup Rescue and theimprovements of performance can be obtained. We extended the RoboCup Rescueenvironment to enable the use of stigmergy by the agents. We compared the results ofa multiagent system that uses stigmergy against two other approaches: a multiagentsystem that uses a greedy strategy and no communication, and a multiagent systemwhere agents communicate via direct messages. Experimental results shown that theuse of stigmergy leads to an improvement on agents’ performance by 9.02% to 38.6%if comparing to the system with no communication and can be statistically equivalentto the system which uses messages, depending on the scenario.",W1577279615; W1578636347; W1758936897; W2012701228; W2072683130; W2099680234; W2115842933; W2121752594; W2124253297; W2128672031; W2131235969; W2137337293; W2139294243; W2145790759; W2220220619; W2612355943; W7062417688; W7075605370,0.0,2013.0,Federal University of Rio Grande do Sul,Stigmergy; Testbed; Computer science; Artificial intelligence; Human–computer interaction; Computer network,Universidade do Estado de Santa Catarina,BR,Article,ES,True,,Stigmergy; Testbed; Computer science; Artificial intelligence; Human–computer interaction; Computer network,articles-RITA-20260617-dointext.csv,6,0.5,3.0
10.22456/2175-2745.31690,On the Influence of Latent Semantic Analysis Parameterization for Bug Localization,"Marcelo de Almeida Maia, Allysson Costa e Silva, Ilmério Reis da Silva",W2941668644,"The bug localization problem has benefited from modern information retrieval techniques, such as Latent Semantic Analysis. There are many factors that influence the quality of results of this approach, such as, stop-words, term-documentmatrix transformations, dimensionality reduction and filtering criteria of the corpus. In this paper, we study the effect of different combinations for these factors on the impact of the accuracy of the query results in the proposed technique for bug localization. Bugs of three real-world software systems were analyzed with different combinations of input parameters for the LSA technique. Our results suggest that the term-document matrix transformations and filtering criteria of the corpus have major influence in the quality of the result and that the combination of adequate individual parameter values does not necessarily produce the best combination. Furthermore, some general guidance for parameterization of the LSA technique for bug localization could also besuggested from the observed results.",W29496115; W141384803; W175855162; W1534714852; W1570588439; W1859141437; W1981202432; W1992055950; W2018663431; W2027479172; W2041853131; W2066636486; W2068160829; W2110220994; W2110480283; W2110530299; W2117577756; W2121234902; W2121627172; W2128581098; W2128990852; W2138378644; W2138621811; W2139543149; W2148484494; W2151747011; W2153258502; W2157791244; W2157943826; W2163960678; W4214568865; W4234886888; W4247088027; W4251218026,1.0,2013.0,Federal University of Rio Grande do Sul,Latent semantic analysis; Computer science; Term (time); Dimensionality reduction; Curse of dimensionality; Artificial intelligence; Software; Data mining; Probabilistic latent semantic analysis; Quality (philosophy); Software bug; Reduction (mathematics); Machine learning; Mathematics,Universidade Federal de Uberlândia,BR,Article,ES,True,,Latent semantic analysis; Computer science; Term (time); Dimensionality reduction; Curse of dimensionality; Artificial intelligence; Software; Data mining; Probabilistic latent semantic analysis; Quality (philosophy); Software bug; Reduction (mathematics); Machine learning; Mathematics; Programming language; Philosophy; Geometry; Quantum mechanics; Physics; Epistemology,articles-RITA-20260617-dointext.csv,3,0.8,
10.22456/2175-2745.33065,Modelagem de Tráfego VoIP Utilizando Misturas Gaussianas Ajustadas por Algoritmo de Maximização de Esperança e Comprimento de Descrição Mínimo,"Cheila Mendes de Oliveira, Rosana De Paula Lucas, Flávio Henrique Teles Vieira",W2228561822,"O aumento do número de aplicações que geram tráfego VoIP (Voice over IP) requer que modelos adequados para este tipo de tráfego sejam empregados para um melhor dimensionamento dos recursos da rede. Neste artigo, propomos a aplicação de Misturas Gaussianas ajustadas por um algoritmo EM (Expectation−Maximization) com seleção de número de classes utilizando o princípio do Comprimento de Descrição Mínimo (MDL-M inimum Description Length) para descrever o tráfego VoIP. Dados reais de VoIP foram coletados e séries sintéticas foram geradas de acordo com esses dados. O algoritmo proposto é comparado com o algoritmo EM e com algoritmo baseado em MDL em termos do desempenho em modelar as séries de tráfego VoIP consideradas.",W79749824; W1585280831; W1914674302; W2120994224; W4299677235; W4392937177; W6640038845,0.0,2013.0,Federal University of Rio Grande do Sul,Humanities; Physics; Computer science; Philosophy,Universidade Federal de Goiás,BR,Article,PT,True,,Humanities; Physics; Computer science; Philosophy,articles-RITA-20260617-dointext.csv,0,1.0,
10.22456/2175-2745.36371,Aplicação de Modelos de Aprendizado Semissupervisionado na Classificação de Imagens de Sensoriamento Remoto,"Rogério Galante Negri, Sidnei J. S. Sant’Anna, Luciano Vieira Dutra",W2244309212,"Nas mais diversas aplicações, a escassez de informação para o devido treinamento e utilização de métodos de Aprendizado de Máquina supervisionado é um problema persistente. Este fato motivou o desenvolvimento do paradigma de aprendizado semissupervisionado, que pode ser entendido como uma combinação de conceitos dos paradigmas supervisionado e não supervisionado. A maneira como o aprendizado é conduzido permite organizar os métodos semissupervisonados em diferentes modelos. Este trabalho apresenta um estudo comparativo entre diferentes modelos de aprendizado semissupervisionado. É também proposta uma versão semissupervisonada do método SVM, o qual alcançou melhor desempenho nas comparações realizadas.",W95830408; W1479807131; W1501948813; W1569512666; W1588535688; W1663973292; W1987865517; W1990334093; W1991571876; W2049633694; W2097975700; W2102524069; W2118843489; W2136251662; W2136504847; W2142012908; W2148603752; W2153409933; W2153635508; W2155796519; W2157239837; W2158761513; W2164641162; W2169042894; W2169650425; W2560674852; W2594639291; W2612451460; W3147809156; W4200394859; W4298266977; W4312960235; W6601570906; W6628746421; W6795166227,2.0,2013.0,Federal University of Rio Grande do Sul,Humanities; Physics; Philosophy,Instituto Nacional de Pesquisas Espaciais,BR,Article,PT,True,,Humanities; Physics; Philosophy,articles-RITA-20260617-dointext.csv,0,1.0,
10.22456/2175-2745.36756,"Prolog: A Linguagem, A Máquina Abstrata de Warren e Implementações","George Souza Oliveira, Anderson Faustino da Silva",W2243071165,"A principal motivação para o uso de programação em lógica e permitir que os programadores descrevam o que eles querem separadamente de como alcancar este objetivo. Neste contexto Prolog é a linguagem de programacao em lógica mais popular, tendo a máquina abstrata de Warren como o seu modelo de execução padrão. A escolha desta máquina como modelo de execução ocorreu devido ao fato desta oferecer várias vantagens, tais como fácil compilação, portabilidade e código compacto. Este tutorial tem por objetivo descrever as características principais da linguagem Prolog, do seu modelo de execução e apresentar os principais sistemas Prolog.",W22826074; W48558007; W53359417; W128105748; W160457788; W189277522; W193996434; W378423989; W1483869398; W1488560674; W1490311862; W1516518073; W1517401699; W1523769955; W1540383537; W1541434994; W1551931809; W1559402073; W1570041031; W1571035569; W1576113161; W1579914521; W1589263172; W1593857133; W1595143656; W1597356853; W1598886868; W1602023752; W1645761265; W1648209268; W1650027297; W1732367193; W1753357466; W1763146822; W1884591353; W1964647125; W1965377774; W1978518357; W1980108527; W1984187667; W2007744038; W2007920703; W2012937708; W2019968021; W2023181724; W2026803730; W2044968981; W2055306445; W2057651724; W2058847156; W2087588854; W2095625847; W2098120938; W2105090082; W2114067856; W2142044962; W2143436119; W2144549834; W2146092388; W2149146154; W2153185479; W2160964171; W2165876990; W2987635609; W4206370914; W4242007353; W4299839971; W6664771284; W6681131114,0.0,2013.0,Federal University of Rio Grande do Sul,Humanities; Computer science; Programming language; Philosophy,Universidade Estadual de Maringá,BR,Article,PT,True,,Humanities; Computer science; Programming language; Philosophy,articles-RITA-20260617-dointext.csv,0,1.0,
10.22456/2175-2745.36801,Seleção de Transformações Baseada em Estatística,"Ewerton Daniel de Lima, Tiago Xavier, Anderson Faustino da Silva",W937755920,"Entre diversas transformações providas por um compilador é um desafio, até mesmo para o mais experiente programador, saber quais gerarão o melhor código alvo para determinado código fonte. Neste contexto, o desenvolvimento de um seletor automatizado de boas transformações é um desafio nos dias atuais.Tendo em vista a problemática da seleção automática de transformações, o objetivo deste artigo é descrever uma abordagem estatística para selecionar boas transformações para um determinado código fonte.O uso da abordagem estatística apresentada neste trabalho, apesar de simples, é capaz de obter bons resultados. Em um conjunto com 10 programas, o speedup médio alcançado, em relação à abordagem mais agressiva da LLVM foi de 1,0514 indicando um ganho de 5,14. No piorcaso a abordagem proposta obteve um speedup igual a 1 e no melhor caso de 1,19, indicandoum ganho de 0% e 19%, respectivamente.",W119062149; W281139126; W1555915743; W1656664476; W1916709771; W2052934867; W2055817654; W2072198393; W2084482561; W2114012357; W2114067856; W2142079700; W2153185479; W2164617852; W2170753802; W2725179571; W3128608526; W4241758965; W4301666354; W6663719949,0.0,2013.0,Federal University of Rio Grande do Sul,Humanities; Physics; Philosophy,Universidade Estadual de Maringá,BR,Article,PT,True,,Humanities; Physics; Philosophy,articles-RITA-20260617-dointext.csv,0,1.0,
10.22456/2175-2745.36851,Teste de Linha de Produto de Software Baseado em Mutação de Variabilidades,"Marcos Antonio Quináia, Johnny Maikeo Ferreira, Sílvia Regina Vergílio",W2216684325,"O OVM (Orthogonal Variability Model) tem sido adotado para definir e documentar as variabilidades de uma linha de produto de software (LPS), e para derivar produtos para teste. Dado o enorme espaço de variabilidades da maioria das aplicações, critérios de teste baseados em combinações de variabilidades, ou no teste de caminhos básicos, são geralmente utilizados para selecionar um subconjunto de produtos, os mais representativos. Estes critérios, entretanto, não consideram defeitos que podem estar presentes no OVM. Para aumentar a confiança de que os produtos da LPS satisfazem a especificação, neste trabalho é apresentada uma abordagem baseada em teste de mutação. Operadores de mutação são introduzidos e avaliados em dois estudos de caso. Os resultados mostram que outros tipos de defeitos são revelados em comparação com os critérios existentes.",W175964292; W1481078745; W1485292944; W1494019345; W1575019243; W1590410795; W1611760289; W1964962870; W1972612110; W1985551847; W2000254368; W2008347524; W2049695835; W2061659496; W2076237590; W2097813545; W2105438268; W2115162286; W2115937516; W2128967738; W2165096715; W2172225938; W2187303492; W2290181636; W2622540447; W4210882799; W4241781355; W4245271266,0.0,2014.0,Federal University of Rio Grande do Sul,Physics; Humanities; Art,Universidade Estadual do Centro-Oeste; Universidade Federal do Paraná,BR,Article,PT,True,,Physics; Humanities; Art,articles-RITA-20260617-dointext.csv,0,1.0,
10.22456/2175-2745.37349,Analysis of Using Metric Access Methods for Visual Search of Objects in Video Databases,"Henrique Batista da Silva, Zenilton K. G. Patrocínio, Silvio Jamil F. Guimarães",W2285980586,"This article presents an approach to object retrieval that searches for and localizes all the occurrences of an object in a video database, given a query image of the object. Our proposal is based on text-retrieval methods in which video key frames are represented by a dense set of viewpoint invariant region descriptors that enable recognition to proceed successfully despite changes in camera viewpoint, lighting, and partial occlusions. Vector quantizing these region descriptors provides a visual analogy of a word - a visual word. Those words are grouped into a visual vocabulary which is used to index all key frames from the video database. Efficient retrieval is then achieved by employing methods from statistical text retrieval, including inverted file systems, and text-document frequency weightings. Though works in the literature have only adopted a simple sequential scan during search, we investigate the use of different metric access methods (MAM): M-tree, Slim-tree, and D-index, in order to accelerate the processing of similarity queries. In addition, a ranking strategy based on the spatial layout of the regions (spatial consistency) is fully described and evaluated. Experimental results have shown that the adoption of MAMs not only has improved the search performance but also has reduced the influence of the vocabulary size over test results, which may improve the scalability of our proposal. Finally, the application of spatial consistency has produced a very significant improvement of the results.",W185233808; W1523134890; W1603845670; W1604927020; W1843554742; W1933084437; W1980911747; W1984309565; W1997841190; W2005414534; W2020308406; W2038044292; W2042316011; W2049797265; W2051365699; W2058096438; W2059501043; W2088866137; W2117149868; W2124386111; W2124509324; W2129116707; W2130785444; W2149259880; W2152607402; W2153454206; W2157092487; W2161160262; W2177274842; W4205398292; W4244388224; W6607588162; W6645581632; W6659767405; W6672936611; W6678775411,0.0,2014.0,Federal University of Rio Grande do Sul,Computer science; Visual Word; Ranking (information retrieval); Information retrieval; Inverted index; Vocabulary; Metric (unit); Artificial intelligence; Scalability; Consistency (knowledge bases); Image retrieval; Key (lock); Search engine indexing; Nearest neighbor search; Set (abstract data type); Database; Image (mathematics),Hospital das Clínicas da Universidade Federal de Minas Gerais; Pontifícia Universidade Católica de Minas Gerais,BR,Article,ES,True,,Computer science; Visual Word; Ranking (information retrieval); Information retrieval; Inverted index; Vocabulary; Metric (unit); Artificial intelligence; Scalability; Consistency (knowledge bases); Image retrieval; Key (lock); Search engine indexing; Nearest neighbor search; Set (abstract data type); Database; Image (mathematics); Economics; Philosophy; Programming language; Linguistics; Operations management; Computer security,articles-RITA-20260617-dointext.csv,3,0.8,
10.22456/2175-2745.37768,Filtragem Wavelet de Sinais Cardíacos através de Algoritmos Adaptativos,"Guilherme Perin, Alice Kozakevicius",W1596693628,"Neste trabalho o algoritmo de Azzalini, Farge e Schneider, utilizado em análise de imagens, é modificado, produzindo uma versão adaptativa e uma recursiva para a filtragem de sinais cardíacos. Através destes algoritmos um limiar de corteé obtido baseado na variância do ruído e a série wavelet do sinal analisado é então truncada. Wavelets ortonormais de Daubechies são consideradas. Para validação do algoritmo proposto, sinais ECG da base de dados MIT-BIH com diferentes níveis de ruído são filtrados e a medida de qualidade SNR é calculada para cada caso. As simu lações mostram a performance do algoritmo proposto para diferentes intensidades de ruído, e para diferentes níveis da transformada wavelet e em comparação a outros dois métodos de filtragem.",W18046889; W2062024414; W2072246452; W2082273045; W2109024263; W2115755118; W2118428172; W2154483232; W2613422340; W4302067267,0.0,2013.0,Federal University of Rio Grande do Sul,Humanities; Physics; Wavelet; Computer science; Artificial intelligence; Philosophy,Universidade Federal de Santa Maria,BR,Article,ES,True,,Humanities; Physics; Wavelet; Computer science; Artificial intelligence; Philosophy,articles-RITA-20260617-dointext.csv,0,1.0,
10.22456/2175-2745.37870,Uma Estratégia Baseada em Difusão de Informação para Determinação de Conteúdos Relevantes e Usuários Influentes em Redes Sociais,"Hérico Valiati, Arlei Silva, Sara Guimarães, Wagner Meira",W2287482053,"Redes sociais têm desempenhado um papel cada vez mais fundamental como um meio para a disseminação de informações, ideias einfluências entre os seus membros. O problema alvo deste trabalho é determinar tanto usuários influentes quanto conteúdo relevante, ou seja, ordenar tanto grupos de usuários quanto o conteúdo por eles disseminado. Propomos uma nova técnica que sebaseia em uma definição intuitiva e circular de relevância e influência. Essa técnica é descrita em detalhes, assim como a sua implementação eficiente. Ela foi validada utilizando duas bases de dados reais do Twitter para fins de recomendação. Os resultados obtidos mostram quea técnica proposta apresenta ganhos de 37% quando comparada a um método de filtragem colaborativa, ao mesmo tempo que tanto usuários influentes quanto conteúdo relevante se mostram superiores qualitativamente. Apresentamos ainda um estudo de caso, no qual aplicamos a técnica proposta em um cenário real da Web. As análises comprovam que o nosso método consegue identificar usuários influentes e pode ser facilmente adotada em diversos cenários de aplicação.",W171462922; W1515084241; W1559606029; W1660390307; W1814023381; W1964869462; W1968619893; W1981202432; W1994473607; W1996816151; W2000281623; W2058033290; W2061820396; W2066636486; W2133299088; W2138621811; W2149910108; W2620193665; W2978422749; W4232212779; W4242087913; W4249267926; W4302287126; W6795615009,2.0,2013.0,Federal University of Rio Grande do Sul,Physics; Philosophy; Humanities,"University of California, Santa Barbara",US,Article,PT,True,,Physics; Philosophy; Humanities,articles-RITA-20260617-dointext.csv,0,0.5,3.0
10.22456/2175-2745.39702,Support Vector Machines and Kernel Functions for Text Processing,Celso A. A. Kaestner,W1772561895,"This work presents kernel functions that can be used in conjunction with the Support Vector Machine – SVM – learning algorithm to solve the automatic text classification task. Initially the Vector Space Model for text processing is presented. According to this model text is seen as a set of vectors in a high dimensional space; then extensions and alternative models are derived, and some preprocessing procedures are discussed. The SVM learning algorithm, largely employed for text classification, is outlined: its decision procedure is obtained as a solution of an optimization problem. The “kernel trick”, that allows the algorithm to be applied in non-linearly separable cases, is presented, as well as some kernel functions that are currently used in text applications. Finally some text classification experiments employing the SVM classifier are conducted, in order to illustrate some text preprocessing techniques and the presented kernel functions.",W1512098439; W1518834373; W1528620860; W1533946607; W1554944419; W1563088657; W1576213419; W1660390307; W1768257245; W1967359578; W1974406477; W1978949275; W1987936485; W1988536405; W1992353797; W2004147962; W2019091943; W2058929792; W2089883218; W2107425660; W2116178895; W2118020653; W2119821739; W2124351082; W2139212933; W2142625445; W2147152072; W2149684865; W2165612380; W2170750237; W2171033594; W2296319761; W3101749733; W4239510810; W4255311041; W4285212213; W4285719527; W6676236601; W6681698864; W6684620663; W6684935517; W6785340122; W6973500888,16.0,2013.0,Federal University of Rio Grande do Sul,Support vector machine; Computer science; Preprocessor; Kernel method; Artificial intelligence; Kernel (algebra); Radial basis function kernel; Polynomial kernel; Tree kernel; String kernel; Classifier (UML); Structured support vector machine; Pattern recognition (psychology); Relevance vector machine; Machine learning; Mathematics; Discrete mathematics,Universidade Tecnológica Federal do Paraná,BR,Article,EN,True,,Support vector machine; Computer science; Preprocessor; Kernel method; Artificial intelligence; Kernel (algebra); Radial basis function kernel; Polynomial kernel; Tree kernel; String kernel; Classifier (UML); Structured support vector machine; Pattern recognition (psychology); Relevance vector machine; Machine learning; Mathematics; Discrete mathematics,articles-RITA-20260617-dointext.csv,1,0.5,3.0
10.22456/2175-2745.40202,Assessing the Semiotic Inspection Method – The Evaluators’ Perspective,"Soraia Reis, Raquel Oliveira Prates",W2941105566,"This paper presents an assessment of the Semiotic Inspection Methodaimed at understanding its costs, benefits, advantages and disadvantages from the evaluators’perspective. We applied a questionnaire to novice evaluators and interviewedthe authors of the method (representing the experts’ evaluators). An analysis of theresponses shows interesting insights and characteristics of the method.",W23657122; W1658908529; W1972940641; W1977953443; W1998771435; W2002528432; W2015166103; W2021449492; W2063776377; W2073752982; W2083939386; W2117812870; W2122909041; W2151854647; W2162598207; W2171534374; W2171745850; W2180870738; W2534285552; W2611369375; W4233827902; W4243671897; W4298735533,5.0,2013.0,Federal University of Rio Grande do Sul,Semiotics; Perspective (graphical); Computer science; Management science; Data science; Artificial intelligence; Epistemology; Engineering,Universidade Federal de Minas Gerais,BR,Article,ES,True,,Semiotics; Perspective (graphical); Computer science; Management science; Data science; Artificial intelligence; Epistemology; Engineering; Philosophy,articles-RITA-20260617-dointext.csv,0,0.5,4.0
10.22456/2175-2745.40994,Expressiveness of Automatic Semantic Web Service Composition Approaches: A Survey based on Workﬂow Patterns,Evando Carlos Pessini,W1684022449,"This survey evaluates a number of techniques for the automatic composition of Semantic Web Services. The evaluation takes into account the different workflow patterns that can be expressed by the solutions proposed by each individual technique. Only fully automatic approaches are considered here, i.e., composition techniques that do not demand user interference in the composition process nor rely on complex input (such as templates or other forms of abstract composition models). The main contribution of this paper is to discuss the strengths and weaknesses of the approaches presented in the literature for the automatic generation of semantic web services composition from the workflow patterns perspective.",W197364391; W220331763; W258022877; W279050352; W1239375374; W1489183362; W1490333099; W1503973138; W1508399609; W1517867192; W1522108491; W1542722664; W1545688112; W1562643504; W1576818901; W1579367316; W1594407938; W1599609972; W1603872080; W1659289657; W1684022449; W1885475104; W1963833910; W1971727279; W1972014769; W1978196270; W1991494380; W2000283139; W2001440509; W2002089154; W2010087056; W2012880169; W2018601806; W2021790140; W2023743063; W2047806780; W2051289348; W2054618740; W2074658456; W2089310204; W2097316295; W2108234081; W2110425399; W2110546729; W2110920860; W2111279380; W2113352466; W2117422216; W2118839026; W2123942920; W2130281899; W2133109597; W2137190350; W2139756789; W2140721662; W2147086104; W2152191782; W2160375412; W2162483859; W2165867898; W2169523259; W2169795912; W2172105112; W2187696936; W2188772164; W2293287097; W2505362238; W2549843171; W2589217375; W2607589993; W2791328522; W2911625174; W2911865844; W3111885891; W3144368627; W4241950899; W4253232217; W4289253811; W4302339081,1.0,2014.0,Federal University of Rio Grande do Sul,Computer science; Workflow; Composition (language); Web service; Semantic Web; Social Semantic Web; Perspective (graphical); Process (computing); Service (business); Information retrieval; World Wide Web; Database; Artificial intelligence; Programming language,Universidade Tecnológica Federal do Paraná,BR,Article,EN,True,,Computer science; Workflow; Composition (language); Web service; Semantic Web; Social Semantic Web; Perspective (graphical); Process (computing); Service (business); Information retrieval; World Wide Web; Database; Artificial intelligence; Programming language; Philosophy; Linguistics; Economics; Economy,articles-RITA-20260617-dointext.csv,1,1.0,
10.22456/2175-2745.41936,Introdução aos Sistemas de Recomendação para Grupos,"Lucas Resende de Carvalho, Hendrik Macedo",W2285201398,"Sistemas de Recomendação tradicionalmente recomendam itens para usuários individuais. Em alguns cenários, entretanto, a recomendação para um grupo de indivíduos é mais adequada. Não existem ainda um bom volume de trabalhos científicos voltados para os chamados Sistemas de Recomendação para Grupos. Uma das grandes peculiaridades desses sistemas é, por exemplo, como lidar adequadamente com as preferências de seus integrantes para geração da recomendação. Com o intuito de contribuir para evolução das pesquisas relacionadas aqui no Brasil, este tutorial trata esta e outras questões relacionadas ao tema. Após apresentar e discutir vários aspectos importantes, tais como, classificações, principais problemáticas, estratégias de agregação de preferências individuais, formas de avaliação, abordagens alternativas em curso e recomendação de sequência de itens, este tutorial contribui ainda ao propor uma nova estratégia de agregação e proceder a todo processo de experimentação adequado, incluindo avaliação comparativa com as estratégias mais estabelecidas da literatura.",W15577383; W22367269; W70462524; W96341436; W182863460; W186019473; W201549450; W1161354779; W1483715664; W1486562431; W1521853916; W1525951788; W1527499847; W1530276735; W1552227627; W1558994178; W1566121166; W1573684703; W1603727626; W1672071681; W1760548574; W1796240980; W1859264709; W1971040550; W1971173868; W1982450581; W1984901719; W1985126569; W1986308166; W2003605635; W2005888282; W2020915469; W2021674147; W2036910311; W2042949695; W2068935913; W2070584866; W2072405662; W2075446120; W2079372328; W2080413222; W2082060838; W2086095199; W2087887336; W2094177513; W2103006662; W2104192259; W2111323604; W2118201875; W2127218421; W2132379610; W2133505250; W2141838976; W2145699321; W2151094178; W2158515176; W2171960770; W2330150951; W2331890423; W4212803407; W4234661814; W4245605774,1.0,2014.0,Federal University of Rio Grande do Sul,Physics; Philosophy; Humanities,Universidade Federal de Sergipe,BR,Article,PT,True,,Physics; Philosophy; Humanities,articles-RITA-20260617-dointext.csv,0,0.5,3.0
10.22456/2175-2745.43300,Seleção de Casos de Teste para Agentes Racionais,"Raquel Silveira, Gustavo Lima de Campos, Mariela I. Cortés",W2294788204,"Agentes racionais consistem em uma tecnologia da computação promissora para o desenvolvimento de sistemas distribuídos complexos. Apesar dos referenciais disponíveis para orientar o projetista desses agentes, existem poucas técnicas de testes propostas para validar esses sistemas. Sabe-se que essa validação depende dos casos de teste selecionados os quais devem providenciar informações a respeito dos componentes na estrutura do agente que estão com desempenho insatisfatório. Este trabalho apresenta uma formulação para o problema de seleção de casos de teste de agentes racionais através de uma abordagem solução fundamentada em um agente orientado por utilidade para selecionar casos de teste através de metaheurísticas baseadas em população para testar o desempenho dos agentes racionais. Para cada caso de teste são realizadas as interações entre Agente e Ambiente para obter a avaliação de desempenho correspondente. Como resultado, obtém-se um conjunto de casos de teste nos quais o agente não foi bem avaliado, com a respectiva avaliação. A partir desse resultado, a abordagem identifica os objetivos que não estão sendo satisfeitos e as falhas apresentadas pelo agente e repassa ao projetista.",W157164848; W574593283; W1491374536; W1497256448; W1564985454; W1903683453; W2140950273; W2145790759; W2397779552; W4285719527; W4399452770,0.0,2014.0,Federal University of Rio Grande do Sul,Physics; Humanities; Philosophy,Universidade Estadual do Ceará,BR,Article,PT,True,,Physics; Humanities; Philosophy,articles-RITA-20260617-dointext.csv,0,0.5,3.0
10.22456/2175-2745.43468,XIRU: Interface de Rede Extensível para Integração de Núcleos a uma Rede-em-Chip,"Douglas R. Melo, Michelle Silva Wangham, Cesar Albenes Zeferino",W2274658598,"Para a integração dos núcleos de um sistema integrado a uma NoC (Network-on-Chip), é necessário o uso de interfaces de comunicação que realizem a adaptação do protocolo dos núcleos ao da rede e que ofereçam os serviços de comunicação necessários aos núcleos. Este artigo descreve a arquitetura de uma interface de rede extensível para a integração de núcleos à NoC SoCIN (System-on-Chip Interconnection Network). A interface proposta utiliza uma arquitetura estruturada em três camadas que realizam a adaptação do protocolo, o empacotamento/desempacotamento de dados e o envio/recepção de pacotes, entre outros serviços. O artigo descreve a arquitetura da interface de rede e apresenta os resultados de sua validação e síntese em silício.",W1501077214; W1509326852; W1567646530; W1917898176; W1967023464; W1970476643; W2009184318; W2099089225; W2113800828; W2145072877; W2163590199; W2165072326; W2189034770; W2489612555; W2545310974; W3209580053; W4247438847; W4252462448; W7075639385,1.0,2014.0,Federal University of Rio Grande do Sul,Interface (matter); Interconnection; Computer science; Humanities; Physics; Computer network; Operating system; Art,Universidade do Vale do Itajaí,BR,Article,PT,True,,Interface (matter); Interconnection; Computer science; Humanities; Physics; Computer network; Operating system; Art; Maximum bubble pressure method; Bubble,articles-RITA-20260617-dointext.csv,0,0.5,8.0
10.22456/2175-2745.43510,Segurança em Redes-em-Chip: Conceitos e Revisão do Estado da Arte,"Cesar Albenes Zeferino, Sidnei Baron, Michelle Silva Wangham",W2282989130,"As Redes-em-Chip foram propostas para atender às necessidades de escalabilidade de comunicação em sistemas computacionais integrados em um único chip. Assim como sistemas distribuídos tradicionais, um sistema integrado e sua rede são suscetíveis a ataques às suas propriedades de segurança. Este artigo apresenta um levantamento bibliográfico realizado para caracterizar quais técnicas têm sido utilizadas para prover segurança em sistemas integrados baseados em Redes-em-Chip. Os trabalhos foram classificados quanto ao tipo de ataque, a propriedade de segurança afetada, o mecanismo de segurança utilizado e o componente adotado. O artigo identifica os ataques e as propriedades mais abordados por esses trabalhos, bem como os principais mecanismos de segurança utilizados e os componentes nos quais eles são implementados.",W606157057; W1561157983; W1965253225; W2002826523; W2009184318; W2028071988; W2067062171; W2091178531; W2107571813; W2120538858; W2121283714; W2133628626; W2136613319; W2160642395; W2163710135; W2171399967; W2890567766; W3146582495; W4247438847; W6673333637; W6678002623; W6680202179; W6684204203; W6759020985,0.0,2014.0,Federal University of Rio Grande do Sul,Computer science; Physics; Humanities; Philosophy,Universidade do Vale do Itajaí,BR,Article,PT,True,,Computer science; Physics; Humanities; Philosophy,articles-RITA-20260617-dointext.csv,0,1.0,
10.22456/2175-2745.44199,O Teste de Mutação apoiado pelo Algoritmo Genético Coevolucionário com Classificação Genética Controlada,"André Assis Lôbo de Oliveira, Celso G. Camilo-Junior, Auri Marcelo Rizzo Vincenzi",W67251706,"Este artigo situa-se no campo dos algoritmos genéticos coevolucionários que objetivam a seleção de bons subconjuntos de casos de teste e mutantes, no contexto do Teste de Mutação. Desse campo de estudo, selecionou-se e avaliou-se duas abordagens existentes. Tal avaliação, subsidiou o desenvolvimento de um novo Algoritmo Coevolucionário com Classificação Genética Controlada (AGC − CGC). Para analisar a abordagem, 164 experimentos foram realizados comparando os resultados do algoritmo proposto com outros três métodos aplicados em quatro benchmarks reais. Os resultados revelam uma melhora significativa do AGC − CGC sobre as outras abordagens quando se considera o aumento do escore de mutação sem aumentar acentuadamente o tempo de execução.",W86071093; W220773143; W1486172410; W1501867187; W1526455201; W1556200398; W1581018191; W1586718494; W1845345803; W1957053378; W1965070914; W1966132900; W1972070325; W1976713836; W2000356261; W2014515160; W2029500775; W2032947860; W2049695835; W2061227290; W2087296466; W2098115125; W2107729695; W2119283374; W2119396705; W2122556103; W2135841285; W2157755550; W2159192054; W2162406453; W2545480118; W4205358622; W4247801242,1.0,2014.0,Federal University of Rio Grande do Sul,Humanities; Art,Universidade Federal de Goiás,BR,Article,PT,True,,Humanities; Art,articles-RITA-20260617-dointext.csv,0,1.0,
10.22456/2175-2745.46848,Local Binary Patterns Applied to Breast Cancer Classification in Mammographies,"Eanes Torres Pereira, Sidney Pimentel Eleutério, João Marques Carvalho",W173557897,"Among all cancer types, breast cancer is the one with the second highest incidence rate for women. Mammography is the most used method for breast cancer detection, as it reveals abnormalities such as masses, calcifications, asymmetries and architectural distortions. In this paper, we propose a classification method for breast cancer that has been tested for six different cancer types: CALC, CIRC, SPIC, MISC, ARCH, ASYM. The proposed approach is composed of a SVM classifier trained with LBP features. The MIAS image database was used in the experiments and ROC curves were generated. To the best of our knowledge, our approach is the first to handle those six different cancer types using the same technique. One important result of the proposed approach is that it was tested over six different breast cancer types proving to be generic enough to obtain high classification results in all cases.",W177004468; W310654464; W597451728; W1516748092; W1967499133; W1976526581; W1988979287; W1989472815; W1992697579; W2012010855; W2039051707; W2049016631; W2051755601; W2064659224; W2076360002; W2083950985; W2085132317; W2132385098; W2139907683; W2140421746; W2163352848; W2182468807; W2547468946; W3120421331; W4293768955; W6671679866,8.0,2014.0,Federal University of Rio Grande do Sul,Breast cancer; Mammography; Support vector machine; Pattern recognition (psychology); Artificial intelligence; Classifier (UML); Cancer; Receiver operating characteristic; Medicine; Computer science; Mathematics; Internal medicine,Universidade Estadual da Paraíba; Universidade Federal de Campina Grande,BR,Article,EN,True,,Breast cancer; Mammography; Support vector machine; Pattern recognition (psychology); Artificial intelligence; Classifier (UML); Cancer; Receiver operating characteristic; Medicine; Computer science; Mathematics; Internal medicine,articles-RITA-20260617-dointext.csv,1,0.5,2.0
10.22456/2175-2745.47524,Comparativo entre o algoritmo de Luhn e o algoritmo GistSumm para sumarização de documentos,"E Muller, Jones Granatyr, Otto Robert Lessing",W1881695453,"Este artigo descreve um comparativo entre dois algoritmos da área de mineração de textos, os quais são utilizados na tarefa de sumarização automática de documentos. Foram comparados nos experimentos o algoritmo clássico de Luhn e o algoritmo GistSumm, sendo realizadas dois tipos de avaliação, ambas utilizando o Português do Brasil como idioma alvo. A primeira consistiu em gerar um resumo de um texto fonte com cada algoritmo,e a avaliação foi conduzida utilizando avaliadores humanos que indicaram a coerência nos resumos de cada um. Por outro lado, a segunda foi conduzida por meio de uma avaliação baseada no resumo, no qual os avaliadores responderam perguntas sobre o texto original possuindo como fonte de consulta somente o resumo gerado pelos algoritmos. Após as análises, foi demonstrado que o algoritmo GistSumm possui maior capacidade para gerar resumos que mantenham a ideia principal do texto, sendo classificado com 81,6% de eficiência no primeiro experimento e 90% no segundo experimento.",W1974339500; W2169602691; W6685063089; W7002254874,2.0,2015.0,Federal University of Rio Grande do Sul,Humanities; Physics; Philosophy,Universidade do Contestado,BR,Article,PT,True,,Humanities; Physics; Philosophy,articles-RITA-20260617-dointext.csv,0,1.0,
10.22456/2175-2745.47589,Do multiple sclerosis lesions affect the outcome of magnetic resonance image registration?,"Paulo Guilherme de Lima Freire, Ricardo J. Ferrari",W2295972037,"Multiple sclerosis (MS) is a chronic inflammatory demyelinating disease of the central nervous system manifested morphologically by inflammation, demyelination, axonal loss and gliosis. The Magnetic Resonance (MR) imaging, which presents high resolution and good differentiation between brain tissues, is considered the gold standard for the detection and evolution assessment of MS lesions. Fairly recently, a number of automatic image processing systems have been proposed in the literature to help radiologists detect and compute the volume of MS lesions in MR images. Among most of these approaches, registration of multi-contrast MR clinical images (T1/T2/PD/FLAIR) as well as the registration of patient’s data to anatomical atlases have proved to be essential steps in the neuroimaging processing pipeline to successfully detect and quantitatively assess lesion load in MS. However, despite its importance and common use in automatic image processing systems, the effect of MS lesions on the final results of image registration has not been thoroughly investigated. In this work, image registration techniques using both affine and deformable transformations were used to assess if MS lesions (stratified in mild, moderate or severe) had any affect on the final results of image registration. Based on quantitative results obtained using metrics such as Dice and volume overlap, it was verified that MS lesions do not significantly affect the registration process. In the severe lesions case, for example, the Dice metric gave results of 0.999 and 0.963 for affine and deformable transformation, respectively. Also, it was verified that the sole use of affine transformation is very reasonable to correctly align images even if they do have lesions.",W103665019; W196517431; W1536246715; W1667165204; W1885193033; W1990981571; W1993947467; W2006242772; W2037316890; W2049981393; W2050862158; W2065967476; W2069533927; W2073903807; W2074054457; W2098626197; W2098979973; W2099789541; W2115167851; W2115654146; W2133584444; W2140139548; W2141085506; W2147555557; W2147950119; W2171490473; W2171631172; W3211573487; W4301253858; W6677203653; W6680479113; W6803356969; W6831579810,0.0,2014.0,Federal University of Rio Grande do Sul,Multiple sclerosis; Magnetic resonance imaging; Fluid-attenuated inversion recovery; Image registration; Medicine; Neuroimaging; Artificial intelligence; Affine transformation; Gliosis; Radiology; Sørensen–Dice coefficient; Computer science; Pathology; Nuclear medicine; Image segmentation; Image (mathematics); Mathematics,Universidade Federal de São Carlos,BR,Article,EN,True,,Multiple sclerosis; Magnetic resonance imaging; Fluid-attenuated inversion recovery; Image registration; Medicine; Neuroimaging; Artificial intelligence; Affine transformation; Gliosis; Radiology; Sørensen–Dice coefficient; Computer science; Pathology; Nuclear medicine; Image segmentation; Image (mathematics); Mathematics; Psychiatry; Pure mathematics,articles-RITA-20260617-dointext.csv,1,0.5,3.0
10.22456/2175-2745.48184,Tutorial Sobre o Uso de Técnicas para Controle de Parâmetros em Algoritmos de Inteligência de Enxame e Computação Evolutiva,"Leanderson André, Rafael Stubs Parpinelli",W23887565,"A natureza tem sido uma grande fonte de inspiração para o desenvolvimento de abordagens computacionais para otimização. Dois grandes grupos que representam esta classe de algoritmos biologicamente inspirados são a Inteligência de Enxame e a Computação Evolutiva. Tais algoritmos são chamados de metaheurísticas e são reconhecidos como abordagens eficientes para resolução de problemas complexos.Tanto os algoritmos da Inteligência de Enxame como os da Computação Evolutiva compartilham características comuns como a utilização de componentes estocásticos durante o processo de otimização e variados parâmetros de configuração. O ajuste dos parâmetros de um algoritmo possui um papel importante por definirem seu comportamento, guiando a busca e, consequentemente, interferindo na qualidade das soluções encontradas. Porém, o ajuste dos parâmetros não é uma tarefa simples, se tornando um problema de otimização dentro do problema sendo otimizado. Além disso, uma configuração adequada para os parâmetros pode se alterar durante o processo de otimização. Existem duas maneiras de se ajustar os parâmetros de um algoritmo. O ajuste \textit{offline} que é realizado antes da execução do algoritmo e os valores dos parâmetros se mantém fixos, e o controle \textit{online} onde os valores dos parâmetros podem mudar durante o processo de otimização. Este artigo tem foco em revisar as estratégias de controle \textit{online} de parâmetros aplicados nos principais algoritmos da Computação Evolutiva e da Inteligência de Enxame. Como resultado, esta revisão analisa e pontua as principais técnicas e algoritmos utilizados e sugere algumas direções para pesquisas futuras.",W32831924; W37056699; W56793145; W118692873; W133763731; W137575789; W150398956; W170966465; W195894666; W1480100634; W1501500081; W1508684207; W1514875444; W1515072888; W1539033910; W1562670847; W1576660662; W1576818901; W1595159159; W1596914020; W1629143244; W1674346578; W1720617476; W1765898577; W1774793752; W1788708300; W1820051232; W1835176610; W1951486789; W1957053378; W1965624438; W1967220039; W1968923113; W1969917674; W1971067955; W1971325606; W1973156346; W1973857147; W1974845977; W1975800180; W1976306760; W1976455025; W1984762043; W1985144596; W1987401219; W1988566638; W1990771923; W1991002259; W1992419399; W1993885071; W1999198894; W2001309673; W2004440717; W2006084234; W2006624819; W2010325091; W2010545951; W2010861271; W2013238386; W2013366904; W2014239346; W2015169594; W2015975537; W2016574294; W2018367856; W2018386758; W2018700453; W2020009149; W2022279610; W2023995321; W2024060531; W2025645205; W2026172650; W2027040902; W2027429812; W2027981492; W2032538736; W2033803240; W2035487424; W2036378216; W2037758887; W2039568841; W2039608578; W2039793825; W2041404167; W2042564283; W2045042878; W2045495451; W2046352503; W2047568237; W2049580026; W2051387484; W2052120960; W2052816366; W2054990784; W2056811412; W2060046835; W2062321756; W2064714260; W2067046500; W2068646189; W2069663777; W2070094002; W2072955302; W2076780329; W2078341713; W2080078230; W2080236811; W2082443476; W2082604662; W2083310936; W2087464906; W2090099088; W2090625162; W2092641980; W2094222866; W2101812529; W2111951804; W2112036188; W2113293477; W2115134104; W2118044993; W2119396705; W2122122715; W2123932433; W2127616106; W2127864991; W2130076236; W2132366653; W2133152516; W2134231130; W2137949556; W2142807677; W2144051602; W2145737320; W2146879413; W2149851200; W2153130784; W2153608551; W2154487696; W2156727064; W2163005118; W2164636053; W2166843422; W2166928315; W2169064301; W2169857940; W2171211995; W2171967452; W2183174613; W2186250541; W2287814884; W2289984943; W2330999666; W2335676073; W2543580944; W2760128634; W2914825457; W2963103847; W2978725006; W3015222189; W4245071928; W4285719527; W4297825776; W4300855300; W4382343125; W6605496075; W6641607700; W6656506093; W6668663273; W6672433790; W6673901195; W6677741582; W6681406091; W6703563961; W6703967216; W7046137266,2.0,2014.0,Federal University of Rio Grande do Sul,Humanities; Computer science; Physics; Combinatorics; Mathematics; Philosophy,Universidade do Estado de Santa Catarina,BR,Article,PT,True,,Humanities; Computer science; Physics; Combinatorics; Mathematics; Philosophy,articles-RITA-20260617-dointext.csv,0,0.5,3.0
10.22456/2175-2745.48395,Reconhecimento de Padrões em Tecnologia Portável – Um Estudo de Caso,"Geisla de Albuquerque Melo, Ivo Mário Mathias, Ariângelo Hauer Dias",W1553124318,"O processamento digital de imagens (PDI) está presente em várias áreas do conhecimento, como medicina e engenharias . Está diretamente ligado ao reconhecimento automático de padrões. Redes neurais artificiais (RNA’s) vem sendo utilizadas para auxiliar neste processo, visando maior confiabilidade. Android é a plataforma mais utilizada em celulares no mundo. O Brasil é o segundo maior produtor de soja do mundo , mas as doenças que a atacam são um fator limitante na produção. O objetivo deste trabalho foi reconhecer automaticamente os níveis severidade do oídio da soja. Folhas com e sem a doença foram fotografadas. As fotos passaram por filtros e tiveram características de cor e textura extraídas via PDI. Tais características foram dados de treinamento e teste de uma RNA, que classificou os níveis. A plataforma, de tecnologia móvel, foi um smartphone com o sistema operacional Android. Observou­se melhora na taxa de acerto da predição de acordo com combinações de características, para a mesma estrutura de RNA. Concluiu­se, neste estudo de caso, comparando dois possíveis conjuntos de dados, que o conjunto com características de textura obteve melhor assertividade. Confirmou­se a viabilidade do estudo, que abre caminhos para novas oportunidades de pesquisas, visando o aperfeiçoamento das técnicas utilizadas.",W635106865; W2044465660; W2101927907,1.0,2015.0,Federal University of Rio Grande do Sul,Humanities; Physics; Art,Universidade Estadual de Ponta Grossa,BR,Article,PT,True,,Humanities; Physics; Art,articles-RITA-20260617-dointext.csv,0,0.5,3.0
10.22456/2175-2745.49045,Predição do tráfego de rede de computadores usando redes neurais tradicionais e de aprendizagem profunda,"Tiago Prado Oliveira, Jamil Salém Barbar, Alexsandro Santos Soares",W2261793746,"Neste artigo são comparados quatro abordagens diferentes para a previsão do tráfego de redes de computadores, usando o tráfego de dispositivos de redes de computadores que se conectam a Internet e usando Redes Neurais Artificiais (RNA) para a predição, sendo elas: (1) Multilayer Perceptron (MLP) com Backpropagation para o treinamento; (2) MLP com Resilient Backpropagation (Rprop); (3) Rede Neural Recorrente (RNN); (4) Stacked Autoencoder (SAE) com aprendizagem profunda (deep learning). Também é apresentado que um modelo de rede neural mais simples, tais como a RNN e MLP, podem ser mais eficientes do que modelos mais complexos, como o SAE. A predição do tráfego de Internet é uma tarefa importante para muitas aplicações, tais como aplicações adaptativas, controle de congestionamento, controle de admissão, detecção de anomalias e alocação de largura de banda. Além disso, métodos eficientes de gerenciamento de recursos, como a largura de banda, podem ser usados para melhorar o desempenho e reduzir custos, aprimorando a Qualidade de Serviço (QoS). A popularidade das novas redes neurais profundas vêm aumentado em muitas áreas, porém há uma falta de estudos em relação a predição de séries temporais, como o tráfego de Internet.",W151672344; W1996102080; W1998399571; W2020188567; W2025768430; W2037710502; W2072128103; W2099739392; W2108665656; W2110798204; W2113312949; W2117499988; W2124776405; W2136922672; W2137983211; W2163565319; W2167088383; W2170046923; W2550078728; W3146803896; W4231109964; W6676231525; W6676481782; W6683788084; W6684597759,0.0,2015.0,Federal University of Rio Grande do Sul,Humanities; Backpropagation; Computer science; Physics; Artificial neural network; Philosophy; Artificial intelligence,Universidade Federal de Uberlândia,BR,Article,PT,True,,Humanities; Backpropagation; Computer science; Physics; Artificial neural network; Philosophy; Artificial intelligence,articles-RITA-20260617-dointext.csv,0,0.5,3.0
10.22456/2175-2745.49242,Predição de função de proteínas através da extração de características físico-químicas,"Thiago Assis De Oliveira Rodrigues, Larissa Fernandes Leijôto, Poliane C. Oliveira Brandão, Cristiane Neri Nobre",W1822170239,"Com a conclusão do projeto Genoma, o número de novas proteínas descobertas tem crescido, mas devido ao alto custo e da demora dos processos de descoberta da função de proteínas, apenas uma pequena parcela das mesmas tem sua função conhecida. Este trabalho apresenta uma metodologia para predição de função de proteínas através da extração de características de suas estruturas, presentes no banco de dados StingDB, a utilização da Transformada Discreta do Cosseno, a codificação da estrutura primária, o balanceamento de classes e a utilização de Máquinas de Vetores de Suporte. Os valores médios obtidos para a precisão, sensibilidade, acurácia e especificidade foram, respectivamente de 80\%, 71%, 74% e 77%. Os resultados foram comparados com outros trabalhos da literatura, e mostraram um aumento de 10% na taxa de precisão.",W1454762; W95830408; W1597405158; W1975304761; W2001913949; W2031614119; W2080649093; W2085176241; W2085277871; W2109943925; W2111993512; W2130479394; W2133990480; W2137029138; W2153635508; W2156909104; W2157007944; W2553622411; W3120421331; W6631828510,0.0,2015.0,Federal University of Rio Grande do Sul,Humanities; Physics; Art,Pontifícia Universidade Católica de Minas Gerais,BR,Article,PT,True,,Humanities; Physics; Art,articles-RITA-20260617-dointext.csv,0,1.0,
10.22456/2175-2745.49491,SciPy and OpenCV as an interactive computing environment for computer vision,Thiago Teixeira Santos,W1915829533,"In research and development (R&D), interactive computing environments are a frequently employed alternative for data exploration, algorithm development and prototyping. In the last twelve years, a popular scientific computing environment flourished around the Python programming language. Most of this environment is part of (or built over) a software stack named SciPy Stack. Combined with OpenCV’s Python interface, this environment becomes an alternative for current computer vision R&D. This tutorial introduces such an environment and shows how it can address different steps of computer vision research, from initial data exploration to parallel computing implementations. Several code examples are presented. They deal with problems from simple image processing to inference by machine learning. All examples are also available as IPython notebooks.",W35490052; W180351714; W622960896; W1663973292; W1872489089; W1945577929; W1993164261; W2011301426; W2015996585; W2022686119; W2028713366; W2033819227; W2037100030; W2042316011; W2061939373; W2067191022; W2101234009; W2102625004; W2104266030; W2109635530; W2110114082; W2119605622; W2121927366; W2129201358; W2130103520; W2139210474; W2142876261; W2144336525; W2146292423; W2148290050; W2151103935; W2152175008; W2160014001; W2209124607; W2246690291; W2600339340; W3035088939; W3120740533; W3145164839; W3157685993; W4212841909; W4212863985; W4233596512; W4293460823; W6639260565; W6648595744; W6653272323; W6656319447; W6657529009; W6659448569; W6675354045; W6675686323; W6676635835; W6677885332; W6679341445; W6680727338; W6682825348; W6779584269,0.0,2015.0,Federal University of Rio Grande do Sul,Python (programming language); Computer science; Implementation; Development environment; Software; Computer graphics (images); Inference; Artificial intelligence; Programming language; Human–computer interaction,Brazilian Agricultural Research Corporation,BR,Article,EN,True,,Python (programming language); Computer science; Implementation; Development environment; Software; Computer graphics (images); Inference; Artificial intelligence; Programming language; Human–computer interaction,articles-RITA-20260617-dointext.csv,4,0.5,1.0
10.22456/2175-2745.49492,Visual Computing and Machine Learning Techniques for Digital Forensics,"Tiago Carvalho, Hélio Pedrini, Anderson de Rezende Rocha",W1859651454,"It is impressive how fast science has improved day by day in so many different fields. In special, technology advances are shocking so many people bringing to their reality facts that previously were beyond their imagination. Inspired by methods earlier presented in scientific fiction shows, the computer science community has created a new research area named Digital Forensics, which aims at developing and deploying methods for fighting against digital crimes such as digital image forgery.This work presents some of the main concepts associated with Digital Forensics and, complementarily, presents some recent and powerful techniques relying on Computer Graphics, Image Processing, Computer Vision and Machine Learning concepts for detecting forgeries in photographs. Some topics addressed in this work include: sourceattribution, spoofing detection, pornography detection, multimedia phylogeny, and forgery detection. Finally, this work highlights the challenges and open problems in Digital Image Forensics to provide the readers with the myriad opportunities available for research.",W1575814218; W1625255723; W1762781077; W1763426478; W1966505230; W1966855663; W1967098370; W1967163043; W1977582957; W1983586459; W1990309126; W1996664229; W2008228843; W2014144187; W2024547806; W2041205596; W2049771774; W2052971761; W2054802527; W2070915073; W2072065288; W2078051584; W2081698350; W2086005294; W2107227001; W2112397370; W2140117117; W2143443691; W2160734486; W2161969291; W2167912153; W2245665439; W2533387247; W3121767244; W3141802282; W4231988162; W4244187088; W4299439662; W4385490375; W6629210486; W6636494156; W6641709176; W6642128690; W6656501591; W6663452564; W6680867901; W6684108994,3.0,2015.0,Federal University of Rio Grande do Sul,Digital forensics; Computer forensics; Computer science; Data science; Pornography; Computer graphics; Multimedia; Digital image; Child pornography; Artificial intelligence; World Wide Web; The Internet; Image processing; Computer security; Image (mathematics),Universidade Estadual de Campinas (UNICAMP),BR,Article,EN,True,,Digital forensics; Computer forensics; Computer science; Data science; Pornography; Computer graphics; Multimedia; Digital image; Child pornography; Artificial intelligence; World Wide Web; The Internet; Image processing; Computer security; Image (mathematics); Law; Political science,articles-RITA-20260617-dointext.csv,3,0.8,
10.22456/2175-2745.49694,Programação matemática e imersões métricas para aproximações em problemas de corte,"Santiago Viertel, André L. Vignatti",W1820775456,"Neste trabalho, apresentamos um estudo teórico sobre problemas de otimização NP-difíceis de cortes em grafos e o estado da arte de algoritmos de aproximação que fazem uso de técnicas de programação matemática e de espaços métricos. Três problemas de cortes em grafos foram modelados por programas matemáticos inteiros, sendo esses últimos relaxados para admitirem soluções com valores contínuos. A solução desses programas descrevem vetores unitários, para o problema do corte máximo; pontos sobre um (k − 1)-simplexo, para o problema do corte multisseparador mínimo; e uma métrica, para o problema do corte mais disperso. Cada algoritmo apresentado realiza uma tomada de decisão com base na solução do programa matemático.",W272982077; W1632601927; W1899379166; W1975442866; W1981960292; W1985123706; W2008475686; W2011039300; W2012329067; W2018128607; W2045554128; W2053913299; W2082353536; W2086917808; W2107881198; W2133156969; W2152986618; W2154876245; W2167061810; W2401610261; W3009415557; W3149604617; W4205585032; W4243780282; W6682728478,0.0,2015.0,Federal University of Rio Grande do Sul,Humanities; Combinatorics; Mathematics; Physics; Philosophy,Universidade Federal do Paraná,BR,Article,PT,True,,Humanities; Combinatorics; Mathematics; Physics; Philosophy,articles-RITA-20260617-dointext.csv,0,1.0,
10.22456/2175-2745.50383,Proof Tactics for Theorem Proving Graph Grammars through Rodin,"Luiz Carlos Lemor, Simone André da Costa Cavalheiro, Luciana Foss",W1850909982,"Graph grammar is a formal language suitable for the specification of distributed and concurrent systems. Theorem proving is a technique that allows the verification of systems with huge (and infinite) state space. One of the disadvantages of theorem proving graph grammars (and theorem proving in general) is the specific mathematical knowledge required from the user for concluding the proofs. Previous works have proposed proof strategies to help the developer in the verification process when adopting such approach, firstly establishing proof tactics for some properties and after proposing a visual representation for them. This paper extends the set of proposed tactics, with the aim of expanding the available strategies and encouraging the use of such a technique.",W2509227; W53766185; W57047380; W105203805; W132401744; W233399828; W1549164528; W1556900989; W1559870885; W1564787711; W1585533089; W1596860787; W1666576026; W1971486022; W2007173831; W2079270503; W2103680297; W2103953153; W2106192381; W2131966463; W2145270986; W2159151953; W2162519285; W2883853180; W4210881473; W4285719527; W6676123022,1.0,2015.0,Federal University of Rio Grande do Sul,Mathematical proof; Computer science; Rule-based machine translation; Automated theorem proving; Theoretical computer science; Graph; Programming language; Graph rewriting; Formal proof; Grammar; Discrete mathematics; Mathematics; Artificial intelligence,,,Article,EN,True,,Mathematical proof; Computer science; Rule-based machine translation; Automated theorem proving; Theoretical computer science; Graph; Programming language; Graph rewriting; Formal proof; Grammar; Discrete mathematics; Mathematics; Artificial intelligence; Geometry; Linguistics; Philosophy,articles-RITA-20260617-dointext.csv,1,1.0,
10.22456/2175-2745.51121,QJava: A Monadic Java Library for Quantum Programming,"Juliana Kaizer Vizzotto, Bruno Crestani Calegaro",W2236332969,"To help the understanding and development of quantum algorithms there is an effort focused on the investigation of new semantic models and programming languages for quantum computing. Researchers in computer science have the challenge of deve loping programming languages to support the creation, analysis, modeling and simulation of high level quantum algorithms. Based on previous works that use monads inside the programming language Haskell to elegantly explain the odd characteristics of quantum computation (like superposition and entanglement), in this work we present a monadic Java library for quantum programming. We use the extension of the programming language Java called BGGA Closure, that allow the manipulation of anonymous functions (closures) inside Java. We exemplify the use of the library with an implementation of the Toffoli quantum circuit.",W47372315; W583126019; W1619379664; W1631356911; W2037984920; W2062950667; W2086724512; W2113757735; W2127490568; W2136202785; W2148132004; W2151716725; W2156876717; W2168676717; W2179731956; W2764347725; W4242275969; W6601903322; W6660001780; W6678599358; W6680338483; W6683097175,2.0,2015.0,Federal University of Rio Grande do Sul,Computer science; Programming language; Haskell; Java; Quantum computer; Theoretical computer science; Compiler; Quantum; Functional programming,"Instituto Federal de Educação, Ciência e Tecnologia de Santa Catarina; Universidade Federal de Santa Maria",BR,Article,EN,True,,Computer science; Programming language; Haskell; Java; Quantum computer; Theoretical computer science; Compiler; Quantum; Functional programming; Quantum mechanics; Physics,articles-RITA-20260617-dointext.csv,1,1.0,
10.22456/2175-2745.51452,Deconvolução Cega Aplicada à Correção de Artefatos de Movimento em Imagens de Vídeo de Microscopia Intravital para Detecção Automática de Leucócitos,"Carlos Henrique Villa Pinto, Bruno C. Gregório da Silva, Paulo Guilherme de Lima Freire, Danielle Bernardes, Juliana Carvalho‐Tavares, Ricardo J. Ferrari",W2280230640,"A microscopia intravital (MI) é uma poderosa ferramenta utilizada na área biomédica para a observação e imageamento in vivo de sistemas biológicos, tendo importante aplicação no estudo das interações leucócito-endotélio que ocorrem na microcirculação de diversos tecidos animais sob condições normais e patológicas. Dado que o controle das condições de aquisição das imagens na análise in vivo é bastante limitado, a presença de borramento e de artefatos de movimento nas sequências de quadros de vídeo adquiridas, resultantes da respiração e dos batimentos cardíacos inevitáveis do animal, constitui um dos principais obstáculos da MI. Isso compromete significativamente a detecção e o rastreamento dos leucócitos ao longo dos quadros, tanto em análises visuais como nas realizadas por métodos automáticos (computacionais). Assim, este trabalho realizou o estudo e aplicação de duas técnicas de deconvolução cega (algoritmo deconvblind e método de Shan et al.) para a correção de artefatos de movimento em imagens de vídeo de MI, fazendo uma avaliação quantitativa de como tal restauração afeta o desempenho de dois métodos de detecção automática de leucócitos (casamento de padrões e simetria de fase local). Análises de precisão versus revocação foram conduzidas a fim de se avaliar a eficácia da detecção automática em imagens de boa qualidade visual, imagens degradadas por movimento e imagens restauradas com cada uma das técnicas. A partir desse estudo, concluiu-se que o método de Shan et al. possui o maior potencial de restauração dos leucócitos e que as técnicas de deconvolução cega de fato têm utilidade como etapa de pré-processamento dos vídeos de MI para análises in vivo, especialmente quando o método de detecção automática de leucócitos é mais sensível a erros.",W1421699657; W1496738390; W1514248469; W1594738627; W1964699038; W1966146601; W1981606356; W2000662299; W2011687187; W2020769451; W2020898814; W2021154759; W2025188084; W2045151906; W2058762442; W2072215186; W2088909704; W2097713019; W2099244020; W2117018248; W2126360307; W2131686571; W2136893947; W2141115311; W2141694668; W2146779078; W2158698691; W2158939069; W2167034998; W2170608748; W2568618671; W4237634397; W4253920039; W4300632638; W6655661391; W6681018295; W6683353079; W6683445055; W6819509491,0.0,2015.0,Federal University of Rio Grande do Sul,Physics,Universidade Federal de Minas Gerais; Universidade Federal de São Carlos,BR,Article,PT,True,,Physics,articles-RITA-20260617-dointext.csv,0,0.5,3.0
10.22456/2175-2745.51756,Software para Auxílio no Processo de Elaboração do Cariótipo,"Guilherme Chagas Kurtz, Gustavo Stangherlin Cantarelli, Michele Rorato Sagrillo, Fernando Gomes Pires",W2180768647,"Muitas anomalias e doenças genéticas podem ser descobertas através da análise da forma e das características morfológicas dos cromossomos. Para alcançar este objetivo, geralmente constrói-se o cariótipo, a partir de uma fotografia obtida através de um microscópio, através da organização e ordenação dos cromossomos de uma célula humana de acordo com o seu tamanho. Apesar dos grandes avanços nas técnicas de cultura celular, bandeamento, coleta e análise dos materiais para a elaboração do cariótipo, este processo ainda é bastante empregado de forma manual, pois a oferta de sistemas automáticos que auxiliem o trabalho dos geneticistas ainda é baixa. Através da automatização deste processo é possível agilizar condutas terapêuticas, obtendo resultados em um espaço de tempo menor. Desta forma, este trabalho propõe o desenvolvimento de uma ferramenta capaz de auxiliar o geneticista na elaboração do cariótipo humano através da automatização do processo de segmentação de metáfases e identificação dos cromossomos através de imagens obtidas de um microscópio.",W1590264458; W2002710080; W2039367092; W2050896501; W2134357743; W2144738119; W2159450535; W2502876515; W3160506189,0.0,2015.0,Federal University of Rio Grande do Sul,Humanities; Physics; Biology; Art,Universidade Franciscana,BR,Article,PT,True,,Humanities; Physics; Biology; Art,articles-RITA-20260617-dointext.csv,0,0.5,3.0
10.22456/2175-2745.52511,Coverage Criteria for Set-Based Specifications,"Maximiliano Cristiá, Joaquín Cuenca, Claudia Frydman",W2172349118,"Model-based testing (MBT) studies how test cases are generated from a model of the system under test (SUT). Many MBT methods rely on building an automaton from the model and then they generate test cases by covering the automaton with different path coverage criteria. However, if a model of the SUT is a logical formula over some complex mathematical theories (such as set theory) it may be more natural or intuitive to apply coverage criteria directly over the formula. On the other hand, domain partition, i.e. the partition of the input domain of model operations, is one of the main techniques in MBT. Partitioning is conducted by applying different rules or heuristics. Engineers may find it difficult to decide what, where and how these rules should be applied. In this paper we propose a set of coverage criteria based on domain partition for set-based specifications. We call them testing strategies. Testing strategies play a similar role to path- or data-based coverage criteria in structural testing. Furthermore, we show a partial order of testing strategies as is done in structural testing. We also describe an implementation of testing strategies for the Test Template Framework, which is a MBT method for the Z notation; and a scripting language that allows users to implement testing strategies.",W62808609; W87461448; W131456944; W1516468169; W1542358180; W1559870885; W1576452827; W1591576054; W1608087281; W1787500456; W1828889393; W1974845322; W1987382793; W2012685447; W2018525611; W2032210779; W2061439988; W2073863764; W2074871890; W2092207455; W2099529102; W2103082747; W2105436591; W2121514094; W2124621264; W2144062101; W2144973245; W2146972408; W2318940639; W2320062858; W2532995438; W2971171795; W4210881473; W4243166399; W6992703928,0.0,2015.0,Federal University of Rio Grande do Sul,Computer science; Model-based testing; Heuristics; Partition (number theory); Random testing; Notation; Set (abstract data type); Automaton; Test case; Domain (mathematical analysis); Theoretical computer science; Model checking; White-box testing; Programming language; Software; Mathematics; Machine learning; Software system,Centro Internacional Franco-Argentino de Ciencias de la Información y de Sistemas; National University of Rosario; Universitas Ngurah Rai,AR; ID,Article,EN,True,,Computer science; Model-based testing; Heuristics; Partition (number theory); Random testing; Notation; Set (abstract data type); Automaton; Test case; Domain (mathematical analysis); Theoretical computer science; Model checking; White-box testing; Programming language; Software; Mathematics; Machine learning; Software system; Combinatorics; Mathematical analysis; Arithmetic; Software construction; Regression analysis; Operating system,articles-RITA-20260617-dointext.csv,1,0.5,3.0
10.22456/2175-2745.52609,Identificação de Viabilidade de Leveduras Com Corante Vital Utilizando Histogramas de Palavras Visuais em Imagens Coloridas,"Junior Silva Souza, Hemerson Pistori, Marney Pascoli Cereda, Wesley Nunes Gonçalves, Valguima Odakura",W2174329159,"Neste artigo é apresentada uma proposta de automatizar a classificação da viabilidade de leveduras da espécie Saccharomyces cerevisae, responsável pela produção comercial do etanol, usando como atributo a cor absorvida pelo corante vital azul de metileno. A metodologia é usada amplamente em usinas no Brasil e consiste em contar as células incolores que são consideradas viáveis, separando-as das coloridas de azul, consideradas não viáveis. O número de células viáveis por litro interfere no rendimento industrial. Como essa contagem é cansativa e resulta em erros, apresentamos como alternativa a técnica de visão computacional definida como o algoritmo Bag-of-Word (histograma de palavras visuais), bem como algumas extensões que agregam informações de cor e que podem ser adicionados ao algoritmo, isto porque o Bag-of-Word é usado para imagens em tons de cinza. Os atributos extraídos deste algoritmo com suas extensões foram utilizados para teste e treinamento de classificadores extraídos de técnicas de aprendizagem supervisionada. Entre as técnicas que usamos podemos destacar J48, SMO, Naives Bayes e IBk que estão implementados no ambiente WEKA. Os resultados foram analisados através do ANOVA que apresentou valor-p < 2e-16 indicando uma diferença estatística das técnicas analisadas. A técnica Opponent Color apresentou melhores resultados, representando um potencial de aplicação em condições reais das usinas.",W111495706; W1570448133; W1625255723; W1749673108; W2000054497; W2050697589; W2104311408; W2105568170; W2106403825; W2111901347; W2268813861; W2400214176; W2468823763; W2992876463; W4234800168; W6636494156,0.0,2015.0,Federal University of Rio Grande do Sul,Physics; Humanities; Mathematics; Art,Universidade Católica Dom Bosco; Universidade Federal da Grande Dourados; Universidade Federal de Mato Grosso do Sul,BR,Article,PT,True,,Physics; Humanities; Mathematics; Art,articles-RITA-20260617-dointext.csv,0,0.5,3.0
10.22456/2175-2745.52963,Huginn for Jason: Uma arquitetura para agentes normativos,"Tiago Luiz Schmitz, Jomi Fred Hübner",W2177724838,"Uma classe de sistemas multiagente pode ser vista como uma sociedade na qual o sistema normativo orienta os agentes para atingirem os objetivos do sis- tema. Quando um agente percebe um sistema de normas, ele precisa raciocinar sobre o impacto dessas normas em seus objetivos pessoais. Considerando que os agentes normativos têm recursos limitados, é necessário raciocinar também sobre os recur- sos disponíveis e se eles são suficientes para alcançar o objetivo implicado por uma norma. O modelo Huginn trata explicitamente do raciocínio normativo com recursos finitos propondo um processo de deliberação que traduz as normas, desejos e recursos para um problema de otimização conhecido como problema da mochila multidimensi- onal com múltipla escolha. Este artigo apresenta a teoria e implementação do modelo Huginn.",W150671022; W175284672; W1489698281; W1497120980; W1696057967; W1866281937; W1978246972; W1991609163; W1996387377; W2000784974; W2061110208; W2124712145; W2129264276; W2130766754; W2316212083; W2938353356; W3129696931; W3217467301; W4388317387; W6607084797; W6648367431; W6650237834; W6665470395; W6679141273; W7036268800,0.0,2015.0,Federal University of Rio Grande do Sul,Humanities; Computer science; Philosophy; Physics,Universidade Federal de Santa Catarina,BR,Article,PT,True,,Humanities; Computer science; Philosophy; Physics,articles-RITA-20260617-dointext.csv,0,0.5,8.0
10.22456/2175-2745.53120,Abordagem Proativa para a Gestão Integrada dos Trabalhos de Projeto,"Nécio L. Veras, Mariela I. Cortés, Anderson C. P. Queiroz, Leandro L. C. de Souza",W2175879698,"As atividades de monitoramento e controle são cruciais para regular o progresso dos trabalhos do projeto de forma a atender os objetivos definidos no plano de gerenciamento. Entretanto, mudanças são inevitáveis e podem surgir a qualquer momento durante o desenvolvimento, influenciando na execução do plano originalmente traçado e colocando em risco o sucesso do projeto. Este artigo apresenta uma abordagem baseada na tecnologia de agentes inteligentes para o monitoramento e controle de projetos. A abordagem contempla o suporte à gestão automatizada das solicitações de mudanças de forma a fornecer uma visão integradora e consistente do andamento do projeto e auxiliar gestores na tomada de decisão durante a execução dos trabalhos.",W1499824367; W1524092168; W2117171982; W2121967212; W2155272711; W2995970495; W4399452770; W6629883159; W7058324676,1.0,2015.0,Federal University of Rio Grande do Sul,Humanities; Philosophy,"Instituto Federal de Educação, Ciência e Tecnologia do Ceará; Instituto Federal do Maranhão; Universidade Estadual do Ceará",BR,Article,PT,True,,Humanities; Philosophy,articles-RITA-20260617-dointext.csv,0,1.0,
10.22456/2175-2745.53236,Estudo Comparativo entre as Redes Neurais Artificiais MLP e RBF para Previsão de Cheias em Curto Prazo,"Daniel Gomes Soares, Raimundo Celeste Ghizoni Teive",W2174260024,"Previsão de vazão ou dos níveis de um rio é um dos campos mais importantes da Hidrologia. A previsão em curto prazo do nível de um rio é uma das maneiras mais eficazes na diminuição dos impactos causados por eventos críticos de cheia. Esta pesquisa teve como objetivo a modelagem e validação de Redes Neurais Artificias (RNA) MLP e RBF para a previsão de cheias em curto prazo em um ponto do rio Itajaí-Açu localizado no município de Rio do Sul – SC, para posterior comparação dos resultados obtidos pelos modelos. O desempenho das RNAs é analisado através de três medidas estatísticas: CE, RMSE e MAPE. Os resultados indicam um desempenho satisfatório, tanto do MLP como da RBF para previsões com 6 horas de antecedência. Os resultados indicam também que a rede MLP é rede que obteve melhor desempenho, no entanto, a rede RBF também pode ser considerada uma boa alternativa para previsão de cheias em rios.",W1967382613; W2032623774; W2036653448; W2082426432; W2130167285; W2135254853; W2461010209; W2472461131; W2533909669; W3195126080,1.0,2015.0,Federal University of Rio Grande do Sul,Mathematics; Humanities; Art,Instituto Federal Catarinense; Universidade do Vale do Itajaí,BR,Article,PT,True,,Mathematics; Humanities; Art,articles-RITA-20260617-dointext.csv,0,0.5,8.0
10.22456/2175-2745.53751,Recuperação de modelos médicos por conteúdo usando Extrator Local de Área e Distância,"Pedro Henrique Morais Delmondes, Leila Cristina Carneiro Bergamasco, Fátima L. S. Nunes",W2774912920,"Sistemas de Recuperação de Imagens por Conteúdo têm sido desenvolvidospara contribuir com o diagnóstico em Medicina. Apesar de largamente exploradospara imagens bidimensionais, seu uso com modelos tridimensionais ainda é incipiente.Este artigo introduz um novo extrator de características visando a recuperaçãopor conteúdo, com base na área e no posicionamento das faces da malha de modelostridimensionais. O extrator foi aplicado em modelos médicos que representam o ventrículoesquerdo do coração, empregados para auxílio ao diagnóstico de InsuficiênciaCardíaca Congestiva. Os resultados obtidos são comparados com resultados de umextrator usando Transformada de Hough. O novo extrator atingiu mais de 90% de precisão,em todos os valores de revocação, para modelos diagnosticados com a doençae valores acima de 70%, em todos os valores de revocação, para modelos saudáveis.",W45045595; W48298789; W635106865; W1500145601; W1557647249; W1600048416; W2002091818; W2005067881; W2042479049; W2052798077; W2053939793; W2069323660; W2101660280; W2124222502; W2127007253; W2127427667; W2130660124; W2132106401; W2136924170; W2141619730; W2154018320; W2156648016; W2165292308; W2181504377; W2537628896; W2572649260; W4298301837; W6600728650; W6607149620; W6732512912,2.0,2015.0,Federal University of Rio Grande do Sul,Physics,Universidade Politecnica; Universidade de São Paulo,BR; MZ,Article,PT,True,,Physics,articles-RITA-20260617-dointext.csv,0,1.0,
10.22456/2175-2745.54043,Linguagens de consulta para bases de dados em grafos: um mapeamento sistemático,"Simone de Oliveira Santos, Martín A. Musicante, Mírian Halfeld Ferrari",W2410851603,"A popularização das redes sociais, associado à necessidade de analisar e sumarizar grandes volumes de dados oriundos das mesmas tem favorecido o uso de bases de dados em grafos.As linguagens de consulta a este tipo de base de dados devem, ao mesmo tempo, ter expressividade suficiente para a realização de consultas complexas e possibilitarem o processamento eficiente de grandes volumes de dados.Este artigo apresenta um mapeamento sistemático sobre as linguagens de consulta para bases de dados em grafos, com foco nas suas características principais como paradigma ou capacidade de agregação de dados. O foco deste mapeamento é investigar e quantificar as publicações referentes às linguagens de consulta, caracterizando-as, identificando possíveis áreas de pesquisa, tendências e desafios.",W4214443; W43775930; W1487405157; W1603220287; W1963599503; W1966248695; W1971708293; W1973943275; W1974608311; W1974623200; W1981265888; W1988365129; W1989742824; W1990424212; W1991107856; W1992643464; W1995312751; W1997695375; W1999348851; W2001558548; W2001576079; W2001655988; W2006489195; W2007535973; W2007838763; W2010891381; W2011122566; W2013751030; W2018141726; W2020657191; W2022987501; W2024243714; W2025718900; W2026495853; W2027292138; W2029127931; W2030172361; W2033828303; W2034588466; W2038933817; W2042042812; W2045317802; W2048562911; W2052611776; W2054553249; W2056116767; W2059052871; W2062705952; W2063032661; W2067657700; W2068966762; W2072381594; W2077034284; W2084151364; W2088443111; W2088723712; W2089644494; W2089892529; W2091642668; W2094493337; W2096650850; W2113411416; W2114231102; W2114507260; W2118212234; W2118891120; W2119202318; W2121041488; W2122494833; W2130037492; W2130878769; W2130951113; W2132701924; W2136172099; W2137215738; W2140182861; W2143749277; W2145640104; W2148544545; W2151251992; W2153535241; W2154615738; W2161077919; W2162904746; W2168044903; W2170069186; W2171539317; W2495199414; W2543126104; W2950549990; W3137984933; W3164364272; W3184115425; W3192290435; W3193648048; W3195994107; W4241691325; W4244071313; W4297795667; W6653267672; W6656268808; W6657950174; W6676908220; W6681819534; W6697155628,0.0,2016.0,Federal University of Rio Grande do Sul,Computer science,Universidade Federal do Rio Grande do Norte; Université d'Orléans,BR; FR,Article,PT,True,,Computer science,articles-RITA-20260617-dointext.csv,0,1.0,
10.22456/2175-2745.54370,Classificador de imagens de pulmão utilizando wavelets de Haar e distância de Mahalanobis,"Rafaelo Pinheiro da Rosa, Marcelo Arrais Porto, Alice Kozakevicius",W2175734632,"Um método de extração de características e reconhecimento de padrões de imagens de tomografia de pulmão é proposto a partir da aplicação da transformada wavelet de Haar 2D. Como medida de similaridade, a distância de Mahalanobis é utilizada por considerar a correlação entre os dados, o que se torna relevante, uma vez que a distinção visual entre as imagens é pequena. O algoritmo foi testado utilizando-se diferentes vetores de características, bem como diferentes agrupamentos de imagens. Foi obtida uma taxa de acerto superior a 85% ao se considerar duas classes.",W1483820484; W1528851638; W1686832381; W1967199668; W1996118086; W2024604707; W2027945644; W2045783950; W2052271957; W2061997187; W2097472706; W2109091973; W2131787943; W2143705986; W2145910025; W2155662634; W2167475387; W2188026127; W2611684114; W2796963286; W4213046208,0.0,2015.0,Federal University of Rio Grande do Sul,Mahalanobis distance; Mathematics; Statistics,Universidade Federal de Santa Maria,BR,Article,ES,True,,Mahalanobis distance; Mathematics; Statistics,articles-RITA-20260617-dointext.csv,0,1.0,
10.22456/2175-2745.54772,Evolução Diferencial com ensemble de Operadores de Mutação em GPGPUs para o Despacho Econômico de Energia Elétrica,"Gustavo H. Czaikoski, Paulo Roberto Urio, Richard A. Gonçalves, Carolina P. Almeida, Josiel N. Kuk, Sandra M. Venske",W2766084898,"O Problema do Despacho Econômico de Energia Elétrica (PDEE) visa minimizar o custo de produção de energia de uma usina termoelétrica. Após a aná- lise do algoritmo sequencial, neste trabalho, o PDEE será tratado com um algoritmo paralelo para GPGPUs em CUDA. O algoritmo proposto é uma Evolução Diferencial (ED) utilizando a técnica de ensemble de operadores de mutação. A ED é uma técnica estocástica de otimização baseada em população, desenvolvida para a otimização de valores reais enquanto o ensemble de operadores de mutação permite que várias confi- gurações de parâmetros e estratégias possam ser utilizadas em cada etapa da evolução do algoritmo. Três instâncias de teste, considerando os efeitos de ponto de válvula, são adotadas para verificar a eficiência do método proposto. Os resultados obtidos são favoravelmente comparados com aqueles descritos na literatura da área em termos de qualidade das soluções obtidas. A versão paralela obteve speedups significativos mantendo a boa qualidade das soluções encontradas.",W68587524; W103650626; W1502387748; W1526455201; W1528141314; W1534109508; W1762731526; W1966013010; W1967693694; W1985287141; W1998674867; W2003269454; W2013409558; W2028031385; W2031158250; W2061553522; W2067675584; W2074897973; W2097424443; W2112592051; W2112942103; W2119619866; W2123739403; W2127130980; W2137340504; W2144742062; W2150871235; W2154877487; W2156194072; W2156446695; W2158034946; W2165655609; W2166220592; W2168896801; W2210287443; W2239468064; W2398736067; W3200493159; W4245856554; W4302367531,1.0,2016.0,Federal University of Rio Grande do Sul,Physics,Universidade Estadual do Centro-Oeste,BR,Article,PT,True,,Physics,articles-RITA-20260617-dointext.csv,0,0.5,3.0
10.22456/2175-2745.55723,O Potencial do Uso de Estimativas de Desempenho na Exploração de Conjuntos de Otimizações,"Anderson Faustino da Silva, Vanderson Martins Rosario",W2174192139,"Compiladores modernos tradicionalmente adotam estratégias de maior generalidade. Em contrapartida, para se aproveitar das especificidades de cada programa, surgem os compiladores iterativos. Esses exploram diferentes conjuntos de otimizações com o objetivo de encontrar o melhor para cada programa, maximizando uma função objetivo. Quando estamos buscando melhorias de desempenho, essa função é o tempo de execução. Uma forma prática de se obter o tempo de execução de um programa é executando o mesmo, porém a execução pode ser demorada tornando a exploração inviável. Para isso, uma solução é a estimativa de desempenho. Nesse artigo apresentamos uma ferramenta de estimativa de desempenho para auxiliar a tarefa de exploração do espaço de otimizações por compiladores iterativos. Diferentes técnicas foram avaliadas, onde foi possível mostrar que mesmo com estimativas aproximadas pode-se obter bons resultados. Além disso, as estimativas reduziram o tempo da exploração em até duas ordens de magnitudes.",W50083869; W350392096; W1623282124; W1970468735; W2022883512; W2064506719; W2084482561; W2114067856; W2153185479; W2154158220; W2156929691; W2157961203; W2160946197; W2161518535; W2168519934; W2170216784; W2338897789; W2528472287; W2732051504; W4236077203; W4243513274; W6642901923; W6666677288; W6703717650,0.0,2015.0,Federal University of Rio Grande do Sul,Humanities; Computer science; Art,Universidade Estadual de Maringá,BR,Article,PT,True,,Humanities; Computer science; Art,articles-RITA-20260617-dointext.csv,0,1.0,
10.22456/2175-2745.56162,Detecção de Tubos em Imagens Radiográficas Digitais,"Márlon de Oliveira Vaz, Tânia Mezzadri Centeno, Myrian Regattieri Delgado",W2410312699,"Este artigo apresenta uma metodologia para a detecção do tubo em imagens radiográficas do tipo parede dupla vista dupla (PDVD) de tubulações condutoras de petróleo. O principal objetivo da proposta é reduzir a região de busca através da delimitação da área do tubo para a extração automática do cordão de solda auxiliando, desta forma, a posterior detecção de defeitos em juntas soldadas. O processo de detecção do tubo apresentado é totalmente automático e baseado em técnicas de processamento de imagens como ajustes no brilho e contraste, limiarização e análise das regiões identificadas para a segmentação do tubo. O processo foi aplicado em 167 imagens provenientes de três diferentes sistemas radiográficos obtendo um resultado de 90,4% de acerto na detecção do tubo. Foi realizada uma comparação com outra abordagem para a detecção do tubo em imagens radiográficas do tipo PDVD e a metodologia proposta apresentou melhora em relação ao trabalho anterior. Conclui-se, portanto que o método proposto pode ser usado como uma etapa que precede a detecção automática do cordão de solda.",W1528354657; W1545533962; W1564419782; W1966461536; W1968405583; W1974910267; W2009075485; W2014244100; W2048246432; W2080794428; W2081613323; W2133003941; W2133059825; W2168229895; W2306830304,0.0,2016.0,Federal University of Rio Grande do Sul,Physics,Instituto Federal do Paraná; Universidade Tecnológica Federal do Paraná,BR,Article,PT,True,,Physics,articles-RITA-20260617-dointext.csv,0,0.5,3.0
10.22456/2175-2745.56177,Automating mobile application development: UML-based code generation for Android and Windows Phone,"Abilio G. Parada, Milena Rota Sena Marques, Lisane Brisolara",W2181288729,"This paper proposes a MDD approach for mobile application development, which includes modeling and code generation strategies for An- droid and Windows Phone. UML class and sequence diagrams are employed for modeling mobile applications and code is generated from this model. To support the automatic code generation, GenCode was re-structured and ex- tended to meet the particularities of these two platforms. As result, GenCode’s current version is able to automatically generate Java-Android and C# codes, according to the specified application model and target platform. Finally, case studies are used to demonstrate the proposed approach, as well as to validate the code generation tool.",W748678655; W1508539539; W1991038278; W2056647191; W2061697670; W2085272132; W2085573930; W2107465592; W2118251133; W2145516846; W2167293777; W2186740885; W4237586845; W4313205696,13.0,2015.0,Federal University of Rio Grande do Sul,Computer science; Android (operating system); Code generation; Unified Modeling Language; Class diagram; Java; Mobile phone; Sequence diagram; UML tool; Operating system; Embedded system; Code (set theory); Programming language; Software,Universidade Federal de Pelotas; Universidade Federal do Rio Grande do Sul,BR,Article,EN,True,,Computer science; Android (operating system); Code generation; Unified Modeling Language; Class diagram; Java; Mobile phone; Sequence diagram; UML tool; Operating system; Embedded system; Code (set theory); Programming language; Software; Key (lock); Set (abstract data type),articles-RITA-20260617-dointext.csv,1,1.0,
10.22456/2175-2745.56368,Método Sistêmico com Suporte em GORE para Análise de Conformidade de Requisitos não Funcionais Implementados em Software,"André Luiz de Castro Leal, Henrique Prado Sousa, Julio César Sampaio do Prado Leite",W2411715497,"A análise de requisitos não funcionais (RNF) é umdesafio e vem sendo explorado na literatura científica há muito tempo. Tal iniciativa deve-se ao fato da existência do problema de se verificar o uso das operacionalizações desse tipo de requisito nosoftware construído. Nesse trabalho apresentamos um método, com técnicas e ferramentas de apoio, que verificam se um software está em conformidade com padrões de RNF estabelecidos em catálogo como alternativa para o problema de verificação de RNF. Verificação é uma técnica de análise que prescinde da execução do software, isto é, da demonstração de seu comportamento. O termoverificação é usado em contraponto ao termo validação. O espectro da verificação vai desde provas de programas contra especificaçõesem um sentido mais formal, até a inspeção visual de programas num sentido menos formal.A estratégia adotada utiliza agentes autônomos para verificação de conformidade de software em relação a operacionalizações de RNF, para isso utiliza uma base de conhecimentos de padrões persistidos em um catálogo. Os resultados, parciais, são indicativosde que a proposta de solução é aplicável. A avaliação da validade dá-se por demonstração de que um método parcialmente automatizado que é eficaz na identificação de conformidades. Um diferencial na proposta é que, de maneira geral, os trabalhos comfoco em verificação são fortemente voltados para a visão funcional, enquanto a solução aqui apresentada é inovadora na ligação dos RNF a sua efetiva implantação. Como prova de conceito aplicou-se e customizou-se uma técnica de padrões deRNFs baseados em orientação a objetivos em estudos de caso de exemplos do cotidiano prático de software. Como também a construção de um framework de agentes, que operam sob notaçõesXML, para identificar conformidades de software em relação a um catálogo de RNF.",W76349267; W94581224; W104651212; W858248845; W1482701016; W1485414103; W1494946506; W1503673219; W1524500851; W1566508726; W1840884391; W2033218736; W2050998735; W2099293367; W2117818414; W2145790759; W2148135249; W2151451947; W2157969374; W2168312237; W2171960770; W2405021925; W2502620875; W3129601704; W3188280538; W4240834495; W4242182825; W4389436089; W6659013203; W6674902093; W6681603819; W6684817688; W6822962139; W6929203151; W7052265142,1.0,2016.0,Federal University of Rio Grande do Sul,Humanities; Physics; Philosophy; Computer science,Catalent (United States); Pontifícia Universidade Católica do Rio de Janeiro; Universidade Federal Rural do Rio de Janeiro,BR; US,Article,PT,True,,Humanities; Physics; Philosophy; Computer science,articles-RITA-20260617-dointext.csv,0,0.5,3.0
10.22456/2175-2745.56371,Desenvolvimento de Aplicações Gráficas Interativas com a Unreal Engine 4,"Daniel Valente de Macedo, Maria Andréia Formico Rodriguês, Yvens R. Serpa",W2176412939,"Neste trabalho, apresentamos os conceitos básicos para o desenvolvimento de aplicações gráficas interativas em tempo real usando a Unreal Engine 4, a qual teve recentemente o seu código-fonte disponibilizado pela Epic Games. Inicialmente, descrevemos a arquitetura da ferramenta e as principais classes que devem ser implementadas para o desenvolvimento de projetos usando a Unreal, tanto teoricamente, quanto através de exemplos práticos.Adicionalmente, detalhamos o Blueprint Visual Scripting System, um sistema de script visual, o qual funciona a partir de uma mecânica baseada em nós de controle para o desenvolvimentos de elementos interativos (regras de jogo, jogadores, câmeras, entrada de dados e assets). Primeiramente, mostramos todos os passos para o controle do comportamento de um personagem em terceira pessoa (TPS), assim como para a construção dos elementos e materiais do cenário. Em seguida, descrevemos o procedimento para a criação de mecânicas de interação entre o usuário e os diferentes objetos e elementos do cenário, incluindo o uso do editor de partículas, chamado Cascade Particle Editor. Finalmente, a partir da Unreal Motion Graphics (UMG), uma ferramenta disponível na engine, geramos uma interface gráfica para a apresentação de dados e informações básicas do jogo (vida, munição, etc.).",W1482603307; W1600916217; W4214674537,3.0,2015.0,Federal University of Rio Grande do Sul,Humanities; Physics; Computer science; Philosophy,Universidade de Fortaleza,BR,Article,PT,True,,Humanities; Physics; Computer science; Philosophy,articles-RITA-20260617-dointext.csv,0,0.5,3.0
10.22456/2175-2745.56374,Uma Revisão Sobre as Publicações de Sistemas de Detecção de Intrusão,"Felipe Cesar Costa Alves, Ed Wilson Tavares Ferreira, Valtemir Emerêncio do Nascimento, Ruy de Oliveira",W2560763754,"O crescente registro de incidentes de segurança em redes de computadores tem motivado o desenvolvimento de estudos em detecção de intrusão, as principais técnicas de identificação de uma intrusão são baseadas em anomalias e assinaturas. Atualmente, a comunidade acadêmica explora preferencialmente pesquisas em redes baseadas em anomalias, entretanto, não existe um modelo comum de desenvolvimento destas propostas de modo que muitos autores descrevem, implementam e validam seus sistemas do modo heterogêneo. Neste artigo foi realizado uma pesquisa que investigou a produção científica de 112 publicações relacionadas a sistemas de detecção de intrusão. Alguns dos critérios utilizados para avaliação destes artigos foram fator de impacto, características de detecção utilizadas e a base de dados implementado. Os resultados obtidos demonstram que ocorreu um aumento da compreensão deste tema, entretanto futuros estudos serão necessários para explorar a validade dos novos métodos de avaliação em detecção de intrusão.",W23960604; W33052927; W84779513; W95829595; W1489073918; W1514233826; W1532798493; W1543152427; W1571873826; W1591480890; W1654253310; W1677464440; W1849415316; W1968715174; W1970131138; W1970586689; W1973297725; W1973303551; W1976262362; W1977366836; W1981491138; W1981981851; W1982466846; W1984438447; W1985987493; W1988171037; W1990490415; W1992041624; W1996575854; W1998768338; W2002194532; W2002993310; W2012447829; W2013118175; W2014252769; W2019981562; W2024902563; W2027515139; W2028070713; W2030553727; W2031163547; W2031175798; W2038743064; W2038901813; W2046304221; W2046660258; W2050672458; W2054543351; W2057358937; W2058314598; W2058614926; W2064810357; W2065660101; W2066597043; W2066664409; W2071556052; W2072580964; W2078408680; W2086570643; W2087890993; W2089815659; W2093091126; W2093931563; W2097034581; W2099420981; W2099940443; W2103234848; W2103414007; W2105186009; W2107409339; W2107723979; W2110890874; W2112390750; W2116075922; W2133140680; W2133590498; W2139669429; W2141254179; W2142889610; W2144963861; W2150825860; W2156352116; W2157033399; W2159303485; W2164651552; W2165313080; W2166366748; W2171090899; W2262045390; W2295174985; W2314983280; W2330943729; W2423662302; W2429531521; W2460340091; W2466399651; W2491116732; W2534270843; W3124662447; W4205613923; W4249398072; W4282975758; W4386549231; W6629317036; W6666613917; W6674887505; W6676674697; W6676740982; W6683117186; W6684407781; W6684871480; W6697417752; W6699315685; W6702152972,0.0,2016.0,Federal University of Rio Grande do Sul,Humanities; Political science; Philosophy; Physics,"Instituto Federal de Educação, Ciência e Tecnologia de Mato Grosso",BR,Article,PT,True,,Humanities; Political science; Philosophy; Physics,articles-RITA-20260617-dointext.csv,0,1.0,
10.22456/2175-2745.56384,Programming in CUDA for Kepler and Maxwell Architecture,"Esteban Clua, Marcelo Zamith",W2172777416,"Since the first version of CUDA was launch, many improvements were made in GPU computing. Every new CUDA version included important novel features, turning this architecture more and more closely related to a typical parallel High Performance Language. This tutorial will present the GPU architecture and CUDA principles, trying to conceptualize novel features included by NVIDIA, such as dynamics parallelism, unified memory and concurrent kernels. This text also includes some optimization remarks for CUDA programs.",W164384110; W3213084269; W4301904256,5.0,2015.0,Federal University of Rio Grande do Sul,CUDA; Kepler; Computer science; Architecture; Parallel computing; General-purpose computing on graphics processing units; Parallelism (grammar); Computational science; Computer architecture; Computer graphics (images); Graphics,Universidade Federal Fluminense; Universidade Federal Rural do Rio de Janeiro,BR,Article,EN,True,,CUDA; Kepler; Computer science; Architecture; Parallel computing; General-purpose computing on graphics processing units; Parallelism (grammar); Computational science; Computer architecture; Computer graphics (images); Graphics; Computer vision; Visual arts; Stars; Art,articles-RITA-20260617-dointext.csv,4,0.5,3.0
10.22456/2175-2745.56437,"Hyperspectral Modeling of Material Appearance: General Framework, Challenges and Prospects",Gladimir V. G. Baranoski,W2176291332,"The main purpose of this tutorial is to address theoretical and practical issues involved in the development of predictive material appearancemodels for interdisciplinary applications within and outside the visible spectral domain. We examine the specific constraints and pitfalls found in each of the key stages of the model development framework, namely data collection, design and evaluation, and discuss alternatives to enhance the effectiveness of the entire process. Although predictive material appearance models developed by computer graphics researchers are usually aimed at realistic image synthesis applications, they also provide valuable support for a myriad of advanced investigations in related areas, such as computer vision, image processing and pattern recognition, which rely on the accurate analysis and interpretation of material appearance attributes in the hyperspectral domain. In fact, their scope of contributions goes beyond the realm of traditional computer science applications. For example, predictive light transport simulations, which are essential for the development of these models, are also regularly beingused by physical and life science researchers to understand andpredict material appearance changes prompted by mechanisms which cannot be fully studied using standard ``wet'' experimental procedures.For completeness, this tutorial also provides an overview of such synergistic research efforts and in silico investigations, which are illustrated by case studies involving the use of hyperspectral material appearance models.",W118277065; W142730758; W165807459; W760945435; W1485876394; W1497667507; W1511002530; W1513984747; W1518912922; W1543394532; W1543713962; W1554901925; W1557590941; W1571903778; W1596249748; W1599847082; W1615889675; W1642551962; W1754558715; W1790272602; W1795964903; W1816860231; W1894463949; W1939686866; W1967369969; W1972664953; W1973283288; W1974614903; W1977497970; W1981009454; W1983177443; W1984389682; W1984786105; W1985622264; W1986482900; W1988627290; W1990953362; W1992001865; W1993922719; W1994693349; W1996730786; W1999182952; W2003309781; W2004996508; W2008695134; W2008985174; W2010165290; W2011641169; W2013492930; W2014208555; W2014872028; W2018540193; W2019250158; W2019397039; W2023530692; W2024039740; W2024452484; W2030270830; W2035063452; W2038615030; W2039583200; W2045005060; W2046186897; W2047069428; W2053178447; W2054019746; W2059661853; W2062106256; W2064552842; W2065318949; W2068720048; W2068944232; W2070725510; W2072399456; W2077825840; W2079930937; W2085353734; W2089484609; W2091691807; W2094108443; W2096435507; W2096625632; W2097889461; W2103947804; W2111584934; W2111920077; W2116253700; W2120448006; W2123517881; W2127628180; W2138876061; W2140137660; W2142367776; W2144412886; W2146175859; W2146332271; W2147527327; W2149670139; W2152577388; W2154948345; W2155782014; W2158427148; W2161421314; W2162691064; W2171031686; W2171504346; W2172159076; W2176291332; W2263099603; W2288400070; W2318738430; W2321118723; W2487621035; W2582488595; W2591323584; W2991006905; W3005373069; W3010956862; W3109856192; W3116599953; W3138161122; W4236198370; W4241045657; W4244048851; W4244997025; W4249859530; W4255795797; W4321468255; W4385490334; W6632480520; W6632642031; W6639778715; W6646069973; W6647455248; W6655089377; W6658231184; W6661744421; W6677168553; W6677944711; W6806109541; W6807860115; W6811683970; W6816837206,2.0,2015.0,Federal University of Rio Grande do Sul,Hyperspectral imaging; Computer science; Data science; Scope (computer science); Process (computing); Computer graphics; Domain (mathematical analysis); Visualization; Graphics; Management science; Artificial intelligence; Engineering,University of Waterloo,CA,Article,EN,True,,Hyperspectral imaging; Computer science; Data science; Scope (computer science); Process (computing); Computer graphics; Domain (mathematical analysis); Visualization; Graphics; Management science; Artificial intelligence; Engineering; Computer graphics (images); Programming language; Mathematical analysis; Operating system; Mathematics,articles-RITA-20260617-dointext.csv,4,0.5,3.0
10.22456/2175-2745.56498,Análise Visual utilizando Projeções Multidimensionais,"Tácito Trindade de Araújo Tiburtino Neves, Samuel G. Fadel, Danilo Barbosa Coimbra, Fernando V. Paulovich",W2172505280,"As técnicas de projeção ou posicionamento de pontos Ano plano vem despertando grande interesse da comunidade de visualização e análise de dados por possibilitarem que a capacidade visual humana seja empregada na exploração e interpretação de relações de similaridade e vizinhança. Atualmente essa é uma das ferramentas de visualização mais usadas para a exploração de dados multidimensionais e sua aplicação se estende desde a análise de dados de sensores e biosensores até a exploração de coleções de imagens e músicas. Este artigo apresenta exemplos de técnicas clássicas e do estado-da-arte para projeção multidimensional, algumas ferramentas disponíveis, bem como exemplos de aplicações que utilizam essas técnicas em diferentes domínios, buscando evidenciar como as projeções podem assistir no entendimento de diferentes conjuntos de dados.",W312245022; W1491749622; W1532469653; W1564330171; W1568669012; W1965555277; W1968405294; W1975327744; W1990517717; W1998785512; W2001141328; W2002409379; W2002605743; W2022580732; W2027108810; W2028646462; W2028781524; W2034694694; W2037757210; W2040947111; W2045092375; W2047046780; W2050427657; W2050469140; W2052964337; W2053186076; W2058594713; W2059972655; W2064751934; W2079257256; W2082359809; W2082388593; W2086462905; W2095950921; W2102323492; W2106841726; W2111501452; W2113041963; W2118702947; W2119111481; W2119471108; W2120329225; W2121155062; W2122155275; W2126415191; W2128021408; W2130037055; W2132700369; W2132747517; W2134312057; W2140221871; W2145519405; W2146752106; W2148834483; W2151933245; W2154699792; W2156287497; W2157254270; W2157444450; W2158307450; W2162825485; W2166090580; W2187089797; W2611736676; W2913872186; W3008070742; W3022413497; W4231311245; W4231418053; W4246423046; W4250305371; W4255692800; W4256577192; W6670212086; W6675626383; W6683826816; W7045393612,0.0,2015.0,Federal University of Rio Grande do Sul,Humanities; Physics; Philosophy,Universidade Federal de Viçosa; Universidade de São Paulo,BR,Article,PT,True,,Humanities; Physics; Philosophy,articles-RITA-20260617-dointext.csv,0,1.0,
10.22456/2175-2745.5683,TVX - Time and Versions in XML,"Rodrigo Gasparoni Santos, Nina Edelweiss, Renata de Matos Galante",W1543628009,"The proposed work explores the application of temporal and versioning management techniques to the content of XML documents. Recently, many methods have been proposed to address this problem. These methods differ in many aspects, such as which XML objects should be temporalized, thus possessing each one a set of advantages and limitations. We present the TVX model, whose goal is to combine these techniques into a single approach; its united use should supply great flexibility in the temporal treatment of XML documents. This will be accomplished through a high-level data model which can be easily implemented in XML format, along with XQuery-like query and data manipulation languages to handle the temporal XML documents. We also present a case study considering a historic query module over the text of the Brazilian Constitution, that demonstrates the employment of the TVX model in a real-life application.",W21690100; W198528920; W270849871; W1533573623; W1551899315; W1557868286; W1664954303; W1827414635; W1971864291; W2001176284; W2065188484; W2068697953; W2110768293; W2115386467; W2134585533; W2150215525; W2161484642; W2294548604; W2747076629; W2751199251; W4242909360,0.0,2007.0,Federal University of Rio Grande do Sul,Computer science; XQuery; Efficient XML Interchange; XML validation; Streaming XML; XML; XML framework; Document Structure Description; XML database; XML Schema Editor; Information retrieval; Database; Software versioning; XML Signature; Flexibility (engineering); XML Encryption; Programming language; World Wide Web; Software,Universidade Federal do Rio Grande do Sul,BR,Article,ES,True,,Computer science; XQuery; Efficient XML Interchange; XML validation; Streaming XML; XML; XML framework; Document Structure Description; XML database; XML Schema Editor; Information retrieval; Database; Software versioning; XML Signature; Flexibility (engineering); XML Encryption; Programming language; World Wide Web; Software; Statistics; Mathematics,articles-RITA-20260617-dointext.csv,1,1.0,
10.22456/2175-2745.5685,Uma Proposta de Framework para Desenvolvimento de Aplicações Paralelas com Mobilidade,"Dárlinton Barbosa Feres Carvalho, Carlos Lucena, Celso C. Ribeiro",W1897313377,"Neste trabalho propõe-se um framework orientado a objetos para o desenvolvimento de aplicações distribuídas em grades com suporte à mobilidade. O desenvolvimento é baseado no paradigma de sistemas multiagentes, utilizando-se a plataforma JADE. A comunicação entre as aplicações é baseada no padrão MPI. A proposta deste trabalho é utilizar plataformas para desenvolvimento de sistemas orientados a agentes sem a necessidade de programá-los diretamente. Com isso, é possível facilitar o desenvolvimento de aplicações distribuídas em grades com suporte à migração dos processos entre as máquinas.",W1480934983; W1501345707; W1512432608; W1512575203; W1570442955; W1577653561; W1649645444; W1986470261; W2020863935; W2080627787; W2117222035; W2126901428; W2133477380; W2150130811; W2155650681; W2155983572; W2156186849; W2159341052; W2465405127; W4248821470; W6682664076; W6682764390; W7057153123,0.0,2007.0,Federal University of Rio Grande do Sul,Humanities; Computer science; Physics; Philosophy,Pontifícia Universidade Católica do Rio de Janeiro; Universidade Federal Fluminense,BR,Article,PT,True,,Humanities; Computer science; Physics; Philosophy,articles-RITA-20260617-dointext.csv,0,1.0,
10.22456/2175-2745.5690,Uma Introdução às Support Vector Machines,"Ana Carolina Lorena, André C. P. L. F. de Carvalho",W95830408,"This paper presents an introduction to the Support Vector Machines (SVMs), a Machine Learning technique that has received increasing attention in the last years. The SVMs have been applied to several pattern recognition tasks, obtaining results superior to those of other learning techniques in various applications.",W48781394; W848223689; W1528620860; W1563088657; W1574496672; W1604792744; W1964357740; W2000150941; W2008056655; W2014158063; W2029538739; W2082988498; W2087347434; W2104128541; W2105349806; W2106491486; W2108995755; W2111620756; W2119821739; W2120515362; W2120846928; W2121920927; W2134407776; W2134489982; W2137494113; W2139212933; W2148603752; W2156909104; W2158001550; W2159214028; W2172000360; W2187993330; W2260569600; W2375676523; W2544883878; W2915122863; W3120421331; W3124619719; W3195126080; W4206686222; W4231214146; W4238284510; W4239510810; W4240297138; W4251887783; W6601985414; W6672247373; W6678057504; W6679708097; W6680610009; W7075645260,54.0,2007.0,Federal University of Rio Grande do Sul,Support vector machine; Computer science; Machine learning; Artificial intelligence; Structured support vector machine; Relevance vector machine; Pattern recognition (psychology),Universidade Federal do ABC,BR,Article,EN,True,,Support vector machine; Computer science; Machine learning; Artificial intelligence; Structured support vector machine; Relevance vector machine; Pattern recognition (psychology),articles-RITA-20260617-dointext.csv,3,0.8,
10.22456/2175-2745.5691,Técnicas probabilísticas para análise de yield em nível elétrico usando propagação de erros e derivadas numéricas,"Lucas Brusamarello, Roberto da Silva, Gilson Wirth, Ricardo Da Luz Reis",W1510395210,"Em tecnologias nanométricas, variações nos parâmetros CMOS são um desafio para o projeto de circuitos com yield apropriado. Neste trabalho nós propomos uma metodologia eficiente e precisa para a modelagem estatística de circuitos. Propagação de erros e técnicas numéricas são aplicadas para a modelagem em nível elétrico de variações aleatórias e sistemáticas durante o processo de fabricação. O modelo considera covariâncias entre os parâmetros e correlação espacial, e tem como saída os estimadores estatísticos que podem ser usados em ferramentas de mais alto nível, tais como ferramentas de análise estatística de atraso (SSTA). Além disso, desenvolvemos uma metodologia para a análise quantitativa da contribuição de cada parâmetro para a variância da resposta do circuito. Como estudos de caso, modelamos o yield de uma memória SRAM e uma porta NOR dinâmica de pré-carga. No primeiro, consideramos o impacto do comprimento do canal e da tensão de limiar no tempo de acesso da célula de memória SRAM. Nós desenvolvemos um modelo probabilístico para o atraso de uma NOR dinâmica com keeperb estático, considerando variações na largura do canal e na tensão de limiar. Comparamos os resultados calculados pela metodologia proposta com dados estatístico obtidos a partir de simulações Monte Carlo. Reportamos ganho de desempenho de 70×, com um erro menor que 1%.",W1508076293; W1661368752; W1987450039; W2045074698; W2079163915; W2107566947; W2118621836; W2123009614; W2123021960; W2142910310; W2144788518; W2146018705; W2154941994; W2156716091; W2160840734; W2168559772; W2313778154; W3172772885; W4206649636,0.0,2007.0,Federal University of Rio Grande do Sul,Physics; Humanities; Philosophy,Universidade Estadual do Rio Grande do Sul; Universidade Federal do Rio Grande do Sul,BR,Article,PT,True,,Physics; Humanities; Philosophy,articles-RITA-20260617-dointext.csv,0,0.5,3.0
10.22456/2175-2745.5692,Aplicação de Redes Neurais Artificiais na Classificação de Padrões Posturais em Crianças Respiradoras Bucais e Nasais,"Félipe Mancini, Liu Chiao Yi, Shirley Shizue Nagata Pignatari, Antônio C. Roque, Ivan Torres Pisa",W1923761005,"A respiração é a primeira função vital desenvolvida por ocasião do nascimento, estabelecendo-se como principal função do organismo. A respiração bucal crônica pode provocar alterações posturais, além de incitar um menor esforço do músculo diafragma. Este artigo tem por objetivo apresentar resultados sobre a aplicação de um modelo de rede neural artificial não-supervisionado, especificamente o mapa auto-organizável (self-organizing map, SOM), para auxiliar no diagnóstico e na avaliação da evolução clínica da postura de crianças respiradoras bucais e nasais. Apresentamos como padrão de entrada ao SOM as variáveis de postura e distância da excursão do músculo diafragma de 30 crianças respiradoras bucais e 22 crianças respiradoras nasais. O SOM apresentou taxa de acerto de 95% no diagnóstico de crianças respiradoras bucais e nasais. Da topologia resultante foi possível definir categorizações da postura dos pacientes.",W1490760466; W2034466628; W2094526260; W2124776405; W2124965119; W2244479268; W2285257517; W2415351662; W2478738321; W2799061466; W3192676962; W4285719527; W6790889656,4.0,2007.0,Federal University of Rio Grande do Sul,Humanities; Medicine; Physics; Philosophy,Union des Industries Ferroviaires Européennes; Universidade Federal de São Paulo; Universidade de São Paulo,BE; BR,Article,PT,True,,Humanities; Medicine; Physics; Philosophy,articles-RITA-20260617-dointext.csv,0,0.5,3.0
10.22456/2175-2745.5693,Performance Evaluation of CORBA Concurrency Control Service Using Stochastic Petri Nets,"Roberta A.A. Fagundes, Paulo Romero Martins Maciel, Nelson Souto Rosa",W1488072910,"The interest in performance evaluation of middleware systems is increasing. Measurement techniques are still predominant among those used to carry out performance evaluation. However, performance models are currently being defined due to their flexibility, precision and facilities to carry out capacity planning activities. This paper presents stochastic Petri net models for performance evaluation of the CORBA Concurrency Control Service (CCS), which mediates concurrent access to objects. In order to validate the proposed models, CCS performance results obtained using those models are then compared against ones obtained through actual measurements.",W1481465901; W1494374840; W1537624148; W1539873659; W1836180377; W1977381133; W1996109622; W1998061448; W2000256138; W2037280272; W2037295262; W2079636926; W2082442678; W2100836987; W2129377713; W2132830304; W2157629196; W2163102990; W2166802452; W2169367311; W4237021852; W4301097167; W7052380010,1.0,2007.0,Federal University of Rio Grande do Sul,Computer science; Common Object Request Broker Architecture; Stochastic Petri net; Concurrency; Petri net; Middleware (distributed applications); Distributed computing; Flexibility (engineering); Concurrency control; Service (business); Programming language,Universidade Federal de Pernambuco,BR,Article,EN,True,,Computer science; Common Object Request Broker Architecture; Stochastic Petri net; Concurrency; Petri net; Middleware (distributed applications); Distributed computing; Flexibility (engineering); Concurrency control; Service (business); Programming language; Economics; Statistics; Mathematics; Database transaction; Economy,articles-RITA-20260617-dointext.csv,3,0.5,1.0
10.22456/2175-2745.5694,Processos de Decisão de Markov: um tutorial,"Jerônimo Pellegrini, Jacques Wainer",W2126050029,"Há situações em que decisões devem ser tomadas em seqüência, e o resultado de cada decisão não é claro para o tomador de decisões. Estas situações podem ser formuladas matematicamente como processos de decisão de Markov, e dadas as probabilidades dos valores resultantes das decisões, é possível determinar uma política que maximize o valor esperado da seqüência de decisões. Este tutorial descreve os processos de decisão de Markov (tanto o caso completamente observável como o parcialmente observável) e discute brevemente alguns métodos para a sua solução. Processos semi-Markovianos não são discutidos.",W4199186; W47607910; W108082272; W156814138; W158205031; W176675923; W180325379; W190675879; W297984285; W1176136657; W1491973539; W1494689917; W1508498957; W1529558080; W1532688806; W1541084404; W1548889916; W1557073320; W1558845053; W1563317173; W1568177678; W1576452626; W1594297126; W1601974704; W1626977535; W1636455720; W1701684472; W1908253641; W1978942630; W1995856582; W2009533501; W2026315107; W2028145673; W2029546215; W2032100464; W2034725503; W2036931518; W2049783975; W2056858451; W2062533874; W2087339015; W2096132608; W2098432798; W2103614073; W2109393574; W2115502112; W2115931363; W2116708838; W2116753650; W2119567691; W2121114043; W2121733891; W2121863487; W2134802714; W2139806852; W2142505627; W2144088174; W2144283793; W2168359464; W2168762208; W2182995676; W2271240761; W2287282975; W2949905447; W2963889160; W3101822862; W3103882218; W4214717370; W4229644064; W4246895959; W4298300677; W4307347247; W6681718981; W6785592962,11.0,2007.0,Federal University of Rio Grande do Sul,Markov chain; Computer science; Humanities; Mathematics; Philosophy; Machine learning,,,Article,PT,True,,Markov chain; Computer science; Humanities; Mathematics; Philosophy; Machine learning,articles-RITA-20260617-dointext.csv,0,1.0,
10.22456/2175-2745.5695,Aspectos sociotécnicos da computação: contextualizando o desenvolvimento de sistemas de computação com o modelo Mikropolis,João Porto de Albuquerque,W2127908121,"This paper discusses the need of considering sociotechnical aspects in the scientific and professional practice of computing. In the pursuit of this goal, the paper firstly places the research on sociotechnical aspects of computing in a historical context and outlines the current research scenario in the area. Subsequently, the Mikropolis Model is explained—a model developed to provide orientation to the practical activities of the computing professional in respect to the social aspects of these activities. Furthermore, the paper discusses how to bring the model closer to the particular Brazilian context, in order to achieve analytical and didactic instruments especially suited to the reality in Brazil.",W32469508; W97367899; W147248816; W153537013; W158936610; W1511371761; W1523431139; W1895273801; W1966389405; W1985449307; W2013013629; W2043102802; W2080962673; W2081688945; W2157508045; W2315385127; W2317590407; W2337669788; W2513681461; W2907063266; W2913368292; W6641904972; W6666282513; W6670632906,0.0,2007.0,Federal University of Rio Grande do Sul,Sociotechnical system; Context (archaeology); Computer science; Order (exchange); Knowledge management; Sociology; Data science; Management science; Engineering; Business; Geography,Universität Hamburg,DE,Article,EN,True,,Sociotechnical system; Context (archaeology); Computer science; Order (exchange); Knowledge management; Sociology; Data science; Management science; Engineering; Business; Geography; Archaeology; Finance,articles-RITA-20260617-dointext.csv,1,0.8,
10.22456/2175-2745.5696,Um Olhar Sociotécnico sobre a Engenharia de Software,"Henrique Luiz Cukierman, Cássio Adriano Nunes Teixeira, Rafael Prikladnicki",W1568174236,"New technologies modify the form and the substance of social control, participation and cohesion. However, as they modify, they are also modified by social practices in such a way it is possible to argue that social and technical dimensions constitute a process of mutual construction, only apprehended through an approach simultaneously social and technical, trough a sociotechnical frame. This article presents some of this frame’s main features, as well as its challenges to software engineering.",W216499477; W1581127248; W1593984301; W1603634787; W2001555821; W2026645894; W2029422982; W2052746057; W2078941804; W2082303393; W2103417369; W2107409248; W2112757250; W2118882740; W2125311950; W2152215973; W2309703063; W2801158413; W2981938605; W4230354434; W4233392475; W6670968439; W6678807497; W6698257256; W6996610876,20.0,2007.0,Federal University of Rio Grande do Sul,Sociotechnical system; Cohesion (chemistry); Frame (networking); Sociology; Engineering; Political science; Engineering ethics; Computer science; Knowledge management; Mechanical engineering,Pontifícia Universidade Católica do Rio Grande do Sul; Universidade Federal do Rio de Janeiro,BR,Article,EN,True,,Sociotechnical system; Cohesion (chemistry); Frame (networking); Sociology; Engineering; Political science; Engineering ethics; Computer science; Knowledge management; Mechanical engineering; Chemistry; Organic chemistry,articles-RITA-20260617-dointext.csv,1,0.8,
10.22456/2175-2745.56977,O uso de Métodos Ágeis no ensino de Métodos Ágeis,"Avelino Ferreira Gomes Filho, Carlos Felippe Cardoso de Resende, Rodrigo Toledo",W2178153124,"No Curso de Métodos Ágeis oferecido aos alunos de graduação da Universidade Federal do Rio de Janeiro (UFRJ), os professores decidiram que o modelo tradicional de educação não seria o mais adequado para o ensino de um assunto que quebra tantos paradigmas. Este artigo apresenta os quatro anos de experiência dos professores aplicando conceitos ágeis na disciplina de Métodos Ágeis para os alunos de graduação do curso de Informática. Nosso objetivo é demonstrar como o uso desses conceitos ajudou a criar um ambiente de aprendizagem estimulante e eficaz.",W159455107; W575598456; W1493688518; W1529465401; W1537001026; W1543526618; W1560263580; W1602308778; W1963930602; W1978222618; W1998537465; W2008244955; W2014309790; W2021873462; W2027541608; W2031112885; W2072475625; W2091610172; W2094419105; W2096275167; W2101624416; W2104482355; W2144173280; W2146644553; W2159306398; W2215572598; W2461037601; W2499704908; W2769620141; W4300102234; W6631767708; W7037397745,3.0,2015.0,Federal University of Rio Grande do Sul,Humanities; Sociology; Medicine; Philosophy,Universidade Federal do Rio de Janeiro,BR,Article,ES,True,,Humanities; Sociology; Medicine; Philosophy,articles-RITA-20260617-dointext.csv,0,0.5,7.0
10.22456/2175-2745.5746,Computer Vision and Graphics for Heritage Preservation and Digital Archaeology,"Luciano Silva, Olga Regina Pereira Bellon, Kim L. Boyer",W1654082430,"The goal of this work is to provide attendees with a survey of topics related to Heritage Preservation and Digital Archeology, which are challenging and motivating subjects to both computer vision and graphics community. These issues have been gaining increasing attention and priority within the scientific scenario and among funding agencies and development organizations over the last years. Motivations to this work are the recent efforts in the digital preservation of cultural heritage objects and sites before degradation or damage caused by environmental factors or human development. One of the main focuses of these researches is the development of new techniques for realistic 3D model building from images, preserving as much information as possible. We intend to introduce and discuss several emerging topics in computer vision and graphics related to the proposed theme while highlighting the major contributions and advances in these fields.",W139706770; W1489864561; W1582758072; W1603534255; W1736931297; W1879097661; W1883517952; W1970800786; W1981154266; W1981552283; W1982184086; W1986049249; W1992363158; W1992483663; W1997651995; W2000158116; W2009422376; W2018897257; W2019563423; W2024060531; W2024527761; W2033834476; W2036778811; W2038700228; W2047310881; W2049981393; W2061010610; W2063549868; W2066863160; W2067405352; W2071992612; W2073643752; W2075275264; W2094494490; W2098922885; W2099606917; W2103283316; W2118104180; W2118900889; W2119851068; W2121224882; W2125989410; W2130343155; W2130541988; W2136283005; W2144594079; W2158391005; W2160617440; W2163705493; W2163765815; W2165050169; W2165455240; W2167052164; W2170025892; W2176551120; W4231501294; W4250791805; W4385490462; W6643050734; W6656506093; W6675501559; W6677611356; W6679538292; W6681803944; W6684597824,6.0,2004.0,Federal University of Rio Grande do Sul,Archaeology; Computer graphics (images); Computer graphics; Cultural heritage; Graphics; Computer science; Visual arts; Geography; Art,Universidade Federal do Paraná,BR,Article,EN,True,,Archaeology; Computer graphics (images); Computer graphics; Cultural heritage; Graphics; Computer science; Visual arts; Geography; Art,articles-RITA-20260617-dointext.csv,4,0.5,1.0
10.22456/2175-2745.5759,Editorial,"Luís C. Lamb, José Palazzo Moreira de Oliveira, Lizandro Z. Granville",W4238792148,"A existência de publicações de alta qualidade é um dos indicadores da maturidade de uma área de pesquisa. O Instituto de Informática da UFRGS vem, então, trabalhando arduamente para conquistar um espaço de reconhecimento nacional para a Revista de Informática Teórica e Aplicada (RITA). Nosso objetivo é continuar no caminho do aperfeiçoamento e qualificação desta publicação. Atualmente, já estamos com uma publicação ininterrupta da Revista por 18 anos, desde 1989. Este é um caso de sucesso nas publicações universitárias brasileiras, nesta trilha de qualidade e de ampla difusão do conhecimento estamos lançando a Edição Eletrônica da Revista de Informática Teórica e Aplicada, sendo este o primeiro número com edição em papel e eletrônica.",,0.0,2007.0,Federal University of Rio Grande do Sul,Political science; Humanities; Philosophy,Universidade Federal do Rio Grande do Sul,BR,Editorial,ES,True,,Political science; Humanities; Philosophy,articles-RITA-20260617-dointext.csv,0,0.5,7.0
10.22456/2175-2745.58022,Mineração em Grandes Massas de Dados Utilizando Hadoop MapReduce e Algoritmos Bio-inspirados: Uma Revisão Sistemática,"Sandro Loiola Menezes, Rebeca Schroeder Freitas, Rafael Stubs Parpinelli",W2403521620,"A Área de Mineração de Dados tem sido utilizada em diversas áreasde aplicação e visa extrair conhecimento através da análise de dados. Nas últimasdécadas, inúmeras bases de dados estão tendenciando a possuir grande volume, altavelocidade de crescimento e grande variedade. Esse fenômeno é conhecido como BigData e corresponde a novos desafios para tecnologias clássicas como Sistema de Gestãode Banco de Dados Relacional pois não tem oferecido desempenho satisfatórioe escalabilidade para aplicações do tipo Big Data. Ao contrário dessas tecnologias,Hadoop MapReduce é um framework que, além de provêr processamento paralelo,também fornece tolerância a falhas e fácil escalabilidade sobre um sistema de armazenamentodistribuído compatível com cenário Big Data. Uma das técnicas que vemsendo utilizada no contexto Big Data são algoritmos bio-inspirados. Esses algoritmossão boas opções de solução em problemas complexos multidimensionais, multiobjetivose de grande escala. A combinação de sistemas baseados em Hadoop MapReducee algoritmos bio-inspirados tem se mostrado vantajoso em aplicações Big Data. Esseartigo apresenta uma revisão sistemática de trabalhos nesse contexto, visando analisarcritérios como: tarefas de mineração de dados abordadas, algoritmos bio-inspiradosutilizados, disponibilidade das bases utilizadas e quais características Big Data sãotratadas nos trabalhos. Como resultado, esse artigo discute os critérios analisados eidentifica alguns modelos de paralelização, além de sugerir uma direção para trabalhosfuturos.",W43561063; W59654770; W1092618484; W1505180384; W1570713908; W1576818901; W1585585386; W1788708300; W1814226515; W1952835952; W1967036869; W1972774237; W1973757115; W1996438407; W1997743188; W1997794724; W2012975418; W2016501084; W2020128953; W2026651078; W2035518222; W2041716187; W2045125148; W2047507037; W2050950057; W2060491212; W2064955109; W2065789569; W2068136625; W2071231649; W2075308804; W2095178814; W2096442669; W2104332750; W2105901685; W2106956101; W2109169458; W2117825401; W2127864991; W2128877032; W2130758817; W2143611055; W2145310476; W2160635773; W2162710748; W2166843422; W2171815584; W2317744270; W2534953202; W2564182998; W2998216295; W4235023710; W4247252398; W4297825776; W4299283850; W4300601563; W6627110674; W6669419809; W6683206912; W6697148603; W6728703149; W6811356141,2.0,2016.0,Federal University of Rio Grande do Sul,Big data; Humanities; Computer science; Context (archaeology); Philosophy; Data mining; Biology,,,Article,PT,True,,Big data; Humanities; Computer science; Context (archaeology); Philosophy; Data mining; Biology; Paleontology,articles-RITA-20260617-dointext.csv,0,0.5,3.0
10.22456/2175-2745.58551,Relação Entre o Gênero de Espectadores e o Conteúdo de Vídeos,"Ítalo de Pontes Oliveira, Eanes Torres Pereira, Herman Martins Gomes",W2399309165,"A sinalização digital é um tipo de publicidade transmitida por painéis colocados em lugares públicos, em que o problema de negócio se identifica como a necessidade do anunciante conhecer o perfil de seus espectadores. Neste contexto, este trabalho tem por objetivo um experimento que avalie a atenção dada por homens e mulheres a programas esportivos e jornalísticos, utilizando uma câmera monocular para detectar automaticamente as faces frontais ao monitor e correlacionar ao conteúdo que está sendo transmitido. Além disso, foi investigado o impacto do tamanho do conjunto de treinamento no tempo de processamento e na acurácia do classificador de gênero. As conclusões deste trabalho indicam que homens e mulheres variam a sua atenção dependendo do tipo de conteúdo. Adicionalmente, o aumento no tamanho do conjunto de treinamento (a partir de determinado valor) não tem influência na acurácia do classificador de gênero, mas tem influência no aumento do tempo de processamento.",W1925320604; W1973429805; W2020880066; W2070370264; W2082973951; W2091110954; W2093207952; W2128292157; W2137401668; W2151967815; W2168745915; W2170505850; W2542477303; W4229977739; W4244266543,0.0,2016.0,Federal University of Rio Grande do Sul,Humanities; Physics; Psychology; Philosophy,Universidade Federal de Campina Grande,BR,Article,PT,True,,Humanities; Physics; Psychology; Philosophy,articles-RITA-20260617-dointext.csv,0,1.0,
10.22456/2175-2745.59104,Exploring the subtopic-based relationship map strategy for multi-document summarization,"Rafael Ribaldo, Paula Christina Figueira Cardoso, Thiago Alexandre Salgueiro Pardo",W2400339660,"In this paper we adapt and explore strategies for generating multi-document summaries based on relationship maps, which represent texts as graphs (maps) of interrelated segments and apply different traversing techniques for producing the summaries. In particular, we focus on the Segmented Bushy Path, a sophisticated method which tries to represent in a summary the main subtopics from source texts while keeping its informativeness. In addition, we also investigate some well-known subtopic segmentation and clustering techniques in order to correctly select the most relevant information to compose the final summary. We show that this subtopic-based method outperforms other methods for multi-document summarization and that achieves state of the art results, competing with the most sophisticated deep summarization methods in the area.",W32751375; W127202378; W199114572; W311829520; W1486798440; W1497535129; W1546703457; W1626945812; W1651093245; W1828401780; W1833785989; W1862888253; W2055150316; W2055452728; W2065140467; W2083778364; W2102160377; W2117817619; W2118364625; W2123086176; W2128709346; W2141514700; W2154652894; W2181651573; W2184946764; W2191333630; W2953285682; W3101913037; W3151369355; W4231510805; W4256583922; W6601831361; W6603809027; W6630931200; W6633718696; W6738000418; W6817999413; W6828850068,8.0,2016.0,Federal University of Rio Grande do Sul,Automatic summarization; Computer science; Focus (optics); Segmentation; Cluster analysis; Information retrieval; Traverse; Multi-document summarization; Artificial intelligence; Data mining; Cartography; Geography,Flint Institute Of Arts; Sumco Corporation (Japan); TGS (United Kingdom); Universidade Federal de Lavras; Universidade de São Paulo,BR; GB; JP; US,Article,EN,True,,Automatic summarization; Computer science; Focus (optics); Segmentation; Cluster analysis; Information retrieval; Traverse; Multi-document summarization; Artificial intelligence; Data mining; Cartography; Geography; Optics; Physics,articles-RITA-20260617-dointext.csv,1,0.5,3.0
10.22456/2175-2745.59336,ZipfTool: Uma ferramenta bibliométrica para auxílio na pesquisa teórica,"Diego Nunes Molinos, Daniel Mesquita, Débora Nayar Hoff",W2396069771,"Devido ao volume de trabalhos publicados nos veículos de divulgação científica, ferramentas de análise de dados textuais tornam-se importantes para diversas áreas de conhecimento. Utilitários dessa natureza oferecem ao usuário funcionalidadestanto em âmbito quantitativo quanto qualitativo. Do ponto de vista quantitativo, possibilitam identificar a frequência de ocorrência de palavras no texto e diferenciar verbos, substantivos e artigos definidos. Já as análises qualitativas tratam do levantamentode palavras de maior conteúdo semântico, da identificação de descritores e palavras chave no texto e do correlacionamento entre os termos de maior teor semântico.Este trabalho tem por finalidade apresentar o desenvolvimento de uma ferramenta de análise de dados que não somente possui primitivas de análise quantitativas mas também qualitativas. Quantitativamente a ferramenta fornece a frequência dos principaistermos do texto, enquanto qualitativamente ela identifica as palavras de maior teor semântico. Utilizando de técnicas advindas da bibliometria, a ferramenta apresentada, chamada de ZipfTool implementa tanto a 1a quanto a 2a Leis de Zipf. O estudode caso na área de arquitetura de computadores mostra uma redução do universo de artigos a serem analisados de 46785 para 1508 juntamente com técnicas bibliométricas.Permite também uma forma rápida e consistente dos principais descritores de um campo do conhecimento sob análise, contribuindo para qualificar sua compreensão.",W54446695; W150131232; W1967712865; W1984066943; W2024228866; W2025911687; W2085281374; W2105011467; W2133497185; W2135050419; W2795708112; W4250486818,6.0,2016.0,Federal University of Rio Grande do Sul,Humanities; Philosophy; Physics,Universidade Federal de Uberlândia; Universidade Federal do Pampa,BR,Article,PT,True,,Humanities; Philosophy; Physics,articles-RITA-20260617-dointext.csv,0,0.5,3.0
10.22456/2175-2745.5956,Revisores da RITA no JEMS,José Palazzo Moreira de Oliveira,W1505112795,"Os editores da Revista de Informática Teórica e Aplicada agradecem ao corpo editorial e aos seguintes revisores, do período 2005-2007, por seus esforços em manter o alto padrão de avaliação dos artigos da revista.",,0.0,2007.0,Federal University of Rio Grande do Sul,Humanities; Political science; Art,Universidade Federal do Rio Grande do Sul,BR,Article,ES,True,,Humanities; Political science; Art,articles-RITA-20260617-dointext.csv,0,0.5,7.0
10.22456/2175-2745.5961,An Introduction to Light Interaction with Human Skin,"Gladimir V. G. Baranoski, Aravind Krishnaswamy",W1523232697,"Despite the notable progress in physically-based rendering, there is still a long way to go before one can automatically generate predictable images of organic materials such as human skin. In this tutorial, the main physical and biological aspects involved in the processes of propagation and absorption of light by skin tissues are examined. These processes affect not only skin appearance, but also its health. For this reason, they have also been the object of study in biomedical research. The models of light interaction with human skin developed by the biomedical community are mainly aimed at the simulation of skin spectral properties which are used to determine the concentration and distribution of various substances. In computer graphics, the focus has been on the simulation of light scattering properties that affect skin appearance. Computer models used to simulate these spectral and scattering properties are described in this tutorial, and their strengths and limitations discussed. Keywords: natural phenomena, biologically and physically-based rendering.",W96749555; W129923881; W165807459; W176408042; W1485876394; W1513984747; W1528033828; W1533333879; W1554901925; W1557590941; W1571903778; W1573293896; W1676201976; W1966153097; W1973022668; W1976196701; W1979317759; W1979718855; W1983177443; W1984367713; W1985770837; W1988169360; W1991071225; W1992783375; W1993922719; W1994338948; W1996608453; W1999182952; W2000123870; W2000208277; W2003571388; W2008695134; W2011834328; W2013328968; W2014872028; W2021750959; W2024160795; W2029141895; W2032967375; W2036311708; W2036804053; W2041349082; W2041536828; W2042693441; W2045881407; W2049816524; W2051203581; W2058191200; W2059041299; W2061617831; W2062768925; W2067957471; W2074767202; W2074948889; W2083099870; W2087051053; W2089724274; W2091691807; W2094108443; W2095071195; W2100468662; W2100626982; W2103788848; W2104587129; W2107166451; W2111584934; W2115251785; W2116253700; W2120076443; W2120448006; W2122141153; W2123517881; W2128487064; W2128560962; W2144577456; W2144736368; W2146175859; W2147456310; W2150266006; W2152577388; W2160203169; W2162691064; W2162847623; W2164395935; W2169119609; W2170371392; W2225593442; W2242284366; W2263099603; W2284239051; W2295208326; W2480657816; W2898916015; W3010956862; W3034954823; W3104059017; W3109856192; W3135227555; W3198078669; W3207566750; W3208385130; W4206747997; W4231195395; W4243817721; W4246180349; W4246951963; W4249859530; W4253237543; W4253369771; W4280619093; W4321468255; W4385229964; W4385482990; W4385490334; W6639028242; W6646069973; W6659801807; W6659818180; W6661177852; W6677168553; W6677944711; W6678308343; W6679557344; W6684775150; W6731812357; W7074044804,38.0,2004.0,Federal University of Rio Grande do Sul,Rendering (computer graphics); Computer science; Human skin; Computer graphics; Biological tissue; Human health; Light scattering; Human–computer interaction; Artificial intelligence; Scattering; Computer graphics (images); Optics; Physics; Medicine; Biology,University of Waterloo,CA,Article,ES,True,,Rendering (computer graphics); Computer science; Human skin; Computer graphics; Biological tissue; Human health; Light scattering; Human–computer interaction; Artificial intelligence; Scattering; Computer graphics (images); Optics; Physics; Medicine; Biology; Environmental health; Genetics,articles-RITA-20260617-dointext.csv,4,0.5,3.0
10.22456/2175-2745.59614,Paralelismo em Prolog: Conceitos e Sistemas,"Jo�ão Fabrício Filho, Anderson Faustino da Silva",W2417928754,"Paralelismo é uma área de estudo que cresce a cada dia, devido à redução do custo e popularização de máquinas com arquiteturas paralelas. Nesse contexto, as linguagens lógicas, sobretudo o PROLOG, apresenta uma alternativa viável e prática de paralelismo. A exploração desse paralelismo pode ser realizada de diferentes formas, e há inúmeros desafios nessa tarefa. Este tutorial visa apresentar os principais conceitos de paralelismo em PROLOG, os desafios enfrentados quando se busca a paralelização nessa linguagem e o estado-da-arte do desenvolvimento de sistemas que dão suporte à paralelização em linguagens lógicas. São apresentados sistemas baseados em paralelismo implícito implementados em diferentes plataformas. Ao final é realizada uma comparação entre os sistemas apresentados e os modelos neles implementados.",W16841226; W19302063; W23752547; W35848413; W38760987; W140723400; W1507967078; W1576264880; W1582046123; W1584531404; W1970217364; W1979198815; W1986931450; W1988668781; W1998366824; W2006868050; W2016462478; W2034957892; W2056988279; W2073289131; W2087588854; W2096883220; W2111277910; W2121314162; W2133681683; W2142044962; W2142806484; W2146812825; W3099730853; W3128608526; W4232940466; W4247516469; W6613678190; W6700613839; W6806688826; W6837514210,0.0,2016.0,Federal University of Rio Grande do Sul,Computer science; Prolog; Programming language; Parallel computing,Universidade Estadual de Maringá; Universidade Tecnológica Federal do Paraná,BR,Article,PT,True,,Computer science; Prolog; Programming language; Parallel computing,articles-RITA-20260617-dointext.csv,0,1.0,
10.22456/2175-2745.5962,A Gentle Introduction to Predictive Filters,Siome Goldenstein,W2138801546,"Predictive filters are essential tools in modern science. They perform state prediction and parameter estimation in fields such as robotics, computer vision, and computer graphics. Sometimes also called Bayesian filters, they apply the Bayesian rule of conditional probability to combine a predicted behavior with some corrupted indirect observation. When we study and solve a problem, we first need its proper mathematical formulation. Finding the essential parameters that best describe the system is hard; modeling their behaviors over time is even more challenging. Usually, we also have an inspection mechanism that provides us with indirect measurements, the observations, of the hidden underlying parameters. We also need to deal with the concept of uncertainty, and use random variables to represent both the state and the observations. Predictive filters are a family of estimation techniques. They combine the uncertain prediction from the system’s dynamics and the corrupted observation. There are many different predictive filters, each dealing with different types of mathematical representations for random variables and system dynamics. Here, the reader will find a dense introduction to predictive filters. After a general introduction, we discuss briefly discussion about mathematical modeling of systems: state representation, dynamics, and observation. Then, we expose some basic issues related to random variables and uncertainty modeling, and discuss four implementations of predictive filters, in order of complexity: the Kalman filter, the extended Kalman filter, the particle filter, and the unscented Kalman filter. Keywords: Predictive Filters, Density Estimators, Kalman Filter, Particle Filter, Unscented Kalman Filter.",W284239745; W1480376833; W1485046995; W1500564636; W1508960934; W1559536185; W1571059645; W1577906631; W1579271636; W1580809199; W1581808154; W1595764735; W1667165204; W1983362322; W1984190176; W1985093013; W2001099320; W2002011878; W2015165288; W2034043440; W2036488048; W2038128936; W2042296034; W2049742719; W2072799558; W2076420009; W2098613108; W2103139809; W2103988321; W2104307902; W2111133362; W2112734135; W2116956262; W2117354219; W2118520495; W2119394710; W2122410182; W2123487311; W2124776405; W2125838338; W2142183404; W2143891888; W2152117609; W2154496665; W2161406034; W2162830992; W2171277949; W2273879208; W2975461012; W3006549497; W3133236490; W4253573210; W4292403327; W4298563212; W4299432846; W4299515571; W4300886904; W4301253858; W6628633436; W6646219355; W6677291441,20.0,2004.0,Federal University of Rio Grande do Sul,Kalman filter; Ensemble Kalman filter; Computer science; Particle filter; Filter (signal processing); Artificial intelligence; Model predictive control; Estimator; Algorithm; Alpha beta filter; Extended Kalman filter; Machine learning; Control theory (sociology); Mathematics; Computer vision; Moving horizon estimation; Statistics,Universidade Estadual de Campinas (UNICAMP),BR,Article,ES,True,,Kalman filter; Ensemble Kalman filter; Computer science; Particle filter; Filter (signal processing); Artificial intelligence; Model predictive control; Estimator; Algorithm; Alpha beta filter; Extended Kalman filter; Machine learning; Control theory (sociology); Mathematics; Computer vision; Moving horizon estimation; Statistics; Control (management),articles-RITA-20260617-dointext.csv,3,0.8,
10.22456/2175-2745.5963,Java Advanced Imaging API: A Tutorial,Rafael Santos,W1618462428,"This tutorial shows how the Java language and its Java Advanced Imaging (JAI) Application Program Interface (API) can be used to create applications for image representation, processing and visualization. The Java language advantages are its low cost, licensing independence and inter-platform portability. The JAI API advantages are its flexibility and variety of image processing operators. The purpose of this tutorial is to present the basic concepts of the JAI API, including several complete and verified code samples which implements simple image processing and visualization operations. At the end of the tutorial the reader should be able to implement his/her own algorithms using the Java language and the JAI API. Keywords: Image processing, Algorithms, Java, Java Advanced Imaging.",W2113076747,6.0,2004.0,Federal University of Rio Grande do Sul,Computer science; Software portability; Java; Programming language; Real time Java; Visualization; Java annotation; Flexibility (engineering); strictfp; Java applet; Software engineering; Artificial intelligence,Instituto de Estudos Avançados da Universidade de São Paulo,,Article,ES,True,,Computer science; Software portability; Java; Programming language; Real time Java; Visualization; Java annotation; Flexibility (engineering); strictfp; Java applet; Software engineering; Artificial intelligence; Mathematics; Statistics,articles-RITA-20260617-dointext.csv,4,0.5,1.0
10.22456/2175-2745.5964,Shader Programming: An Introduction Using the Effect Framework,Jörn Loviscach,W1669580066,"Current commodity graphics cards offer programmability through vertex shaders and pixel shaders to create special effects by deformation, lighting, texturing, etc. The Effect framework introduced by Microsoft allows to store shader program code, settings, and a limited graphical user interface within a single .fx text file. This supports a division of labor between programmers writing the code and designers using the GUI elements to control settings. Furthermore, the Effect framework proves to be ideal for experimenting with shader programming — be it for learning purposes or for rapid prototyping. In this tutorial, we employ the Effect framework for an exploratory, hands-on approach, introducing first principles only as needed, not in advance. Simple shader programs are used to review basic 3D techniques such as homogeneous coordinates and the Phong shading model. Then we turn to basic deformation effects employing vertex shaders and the use of texture maps as decals or reflected environments inside pixel shaders. To create bump mapping and related effects, tangent space coordinates and normal maps are introduced. Finally, we treat more complex effects such as anisotropic specular highlights. Keywords: Pixel shader, Vertex shader, HLSL, Effect framework",W1482603307; W1484341170; W1965327223; W1966249830; W2100841372; W2106818296; W2120323262; W4289365570,0.0,2004.0,Federal University of Rio Grande do Sul,Shader; Computer science; Computer graphics (images); Vertex (graph theory); Graphics hardware; Graphics; Theoretical computer science; Graph,Hochschule Bremen,DE,Article,ES,True,,Shader; Computer science; Computer graphics (images); Vertex (graph theory); Graphics hardware; Graphics; Theoretical computer science; Graph,articles-RITA-20260617-dointext.csv,4,0.5,3.0
10.22456/2175-2745.5978,A Revista de Informática Teórica e Aplicada e as Tecnologias de Informação,"José Palazzo Moreira de Oliveira, Luís C. Lamb",W912302457,"Este artigo apresenta uma breve visão da história da Revista em relação às Tecnologias da Informação, descreve as ações que estão sendo tomadas para incrementar sua participação na comunidade acadêmica de Ciência da Computação utilizando-se das possibilidades da Web, e descreve as próximas funcionalidades que serão desenvolvidas. Palavras-chave: RITA, Bibliotecas Digitais , Tecnologia da Informação",W1485507288; W2070812389,0.0,2004.0,Federal University of Rio Grande do Sul,Humanities; Philosophy; Political science,Universidade Federal do Rio Grande do Sul,BR,Article,PT,True,,Humanities; Philosophy; Political science,articles-RITA-20260617-dointext.csv,0,1.0,
10.22456/2175-2745.5979,Uso de Aspectos para Verificar Regras de Instanciação de Frameworks,"André Dantas Rocha, Valter Vieira de Camargo, Paulo César Masiero",W2970961900,"Instantiation of frameworks is usually a time-consuming, error-prone process as there are specific rule types that must be followed to produce an application that meets its requirements. Some of these rules refer to framework specific implementation policies and cannot be verified in compilation time, such as nomenclature rules and default constructors. A relevant problem is that faults generated when these rules are not applied can only be detected later, during the system usage. A mechanism to enforce that certain rules for a persistency framework be strictly followed, is shown. Keyword: AOP, frameworks, instantiation rules",W108504815; W1482647442; W1485927255; W1610570299; W1649645444; W2029414465; W2124482749; W2143238865; W4254691308; W6636323515; W6657725327; W6678369152,0.0,2004.0,Federal University of Rio Grande do Sul,Computer science; Process (computing); Mechanism (biology); Programming language; Epistemology; Philosophy,Institute of Mathematical Sciences,ES,Article,EN,True,,Computer science; Process (computing); Mechanism (biology); Programming language; Epistemology; Philosophy,articles-RITA-20260617-dointext.csv,1,1.0,
10.22456/2175-2745.5980,AspectH: Uma Extensão Orientada a Aspectos de Haskel,"Carlos A. R. Andrade, André L. M. Santos, Paulo Borba",W1843038441,"This paper presents an extension of the Haskell programming language with the objective of improving modularization of functional programs. This extension, AspectH, extends Haskell with aspect oriented concepts. AspectH implements Aspect-Oriented Programming (AOP) through pointcuts and advice, like in AspectJ, and was designed to be used in Haskell programs that use monads. Keywords: Aspect-oriented programming, functional programming, Haskell, monads",,0.0,2004.0,Federal University of Rio Grande do Sul,Haskell; Programming language; Modular programming; Computer science; Aspect-oriented programming; Functional programming; Generic programming; Extension (predicate logic); AspectJ; Programming paradigm; Software,,,Article,EN,True,,Haskell; Programming language; Modular programming; Computer science; Aspect-oriented programming; Functional programming; Generic programming; Extension (predicate logic); AspectJ; Programming paradigm; Software,articles-RITA-20260617-dointext.csv,1,1.0,
10.22456/2175-2745.5981,Making Medical Visual Information Available on the WEB,"Silvio Antonio Carro, Jacob Scharcanski",W2955573158,"This paper presents a new metadata model to describe and retrieve medical visual information, such images and their diagnoses, using the Web. The classes of this model allow describing medical images of different medical areas, including their properties, components and relationships. This model supports the international classification of diseases and related health problems (i.e. ICD-10) [1]. The MedISeek (Medical Image Seek) prototype presented here proposes a medical image sharing system based on web services, that allows authorized users to describe, store and retrieve medical images and their associated diagnostic information,based on the proposed metadata model. Thus, this paper proposes to include the image description, converted to RDF syntax, into a JPEG image and a persistent structure for relational databases to storage and retrieve this metadata, providing fast indexing and querying. A description of the prototype structure also is provided.",W1985911652; W2070812389; W2071268076; W2072867274; W2160845726; W2773056217,0.0,2004.0,Federal University of Rio Grande do Sul,Metadata; Computer science; Information retrieval; JPEG; Image sharing; RDF; Search engine indexing; Medical diagnosis; Image retrieval; Semantics (computer science); World Wide Web; Metadata modeling; Medical information; Image (mathematics); Semantic Web; Metadata repository; Artificial intelligence,Universidade Federal do Rio Grande do Sul; Universidade do Oeste Paulista,BR,Article,ES,True,,Metadata; Computer science; Information retrieval; JPEG; Image sharing; RDF; Search engine indexing; Medical diagnosis; Image retrieval; Semantics (computer science); World Wide Web; Metadata modeling; Medical information; Image (mathematics); Semantic Web; Metadata repository; Artificial intelligence; Medicine; Pathology; Programming language,articles-RITA-20260617-dointext.csv,1,0.5,3.0
10.22456/2175-2745.5982,Um Framework de Apoio à Colaboração no Projeto Distribuído de Sistemas Integrados,"Leandro Soares Indrusiak, Ricardo Reis, Manfred Glesner",W1911738208,"The work described in this paper aims to allow the flexible distribution of resources and tools supporting the design of integrated systems and considers specifically the need for collaborative interaction among designers. Particular emphasis was given to issues which were only marginally considered in previous approaches, such as the abstraction of the distribution of design automation resources over the network, the consistency control on both synchronous and asynchronous interaction among designers and the support for extensible design data models.",W41699526; W123400540; W124403389; W1487103029; W1498370496; W1534338433; W1598048033; W1649645444; W1923078892; W1994454719; W1996974848; W2013025864; W2071381354; W2072040293; W2080054711; W2080783053; W2096524497; W2101648981; W2103166590; W2125096235; W2133328685; W2139288181; W2159043242; W2165846763; W2611156867; W3023634467; W4247373811; W4247914153; W4250498906; W4252354889; W4254858790; W4256600674; W4300904824; W6629757999; W6635854208; W6736836745,1.0,2004.0,Federal University of Rio Grande do Sul,Computer science; Abstraction; Asynchronous communication; Consistency (knowledge bases); Work (physics); Extensibility; Software engineering; Engineering; Telecommunications; Programming language; Artificial intelligence,Technische Universität Darmstadt; Universidade Federal do Rio Grande do Sul,BR; DE,Article,EN,True,,Computer science; Abstraction; Asynchronous communication; Consistency (knowledge bases); Work (physics); Extensibility; Software engineering; Engineering; Telecommunications; Programming language; Artificial intelligence; Mechanical engineering; Philosophy; Epistemology,articles-RITA-20260617-dointext.csv,7,0.5,1.0
10.22456/2175-2745.5983,Teorias da Aleatoriedade,"Carlos Antonio Pereira Campani, Paulo Blauth Menezes",W2116633238,"This work is a survey about the definition of “random sequence”. We emphasize the definition of Martin-Löf and the definition based on incompressibility (Kolmogorov complexity). Kolmogorov complexity is a profound and sofisticated theory of information and randomness based on Turing machines. These two definitions solve all the problems of the other approaches, satisfying our intuitive concept of randomness, and both are mathematically correct. Furthermore, we show the Schnorr’s approach, that includes a requisite of effectiveness (computability) in his definition. We show the relations between all definitions in a critical way. Keywords: randomness, Kolmogorov complexity, Turing machine, computability, probability.",W32115684; W121908275; W139658054; W285471286; W348286612; W932081378; W1510565022; W1547322272; W1574683770; W1591158066; W1593281530; W1638203394; W1976625337; W1978909760; W1979734360; W2003382651; W2005097301; W2018140810; W2020311636; W2029308360; W2032627084; W2057728133; W2067580807; W2069035846; W2083650205; W2099111195; W2101694047; W2105465869; W2131290392; W2169999610; W2949436104; W3100549518; W4230960895; W4235076410; W4256643621; W4298363754; W4302328504; W6675932969,1.0,2004.0,Federal University of Rio Grande do Sul,Kolmogorov complexity; Randomness; Computability; Turing machine; Kolmogorov structure function; Description number; Turing; Computer science; Universal Turing machine; Sequence (biology); Computability theory; Super-recursive algorithm; Halting problem; Theoretical computer science; Discrete mathematics; Mathematics; Algorithm,Brazilian Institute of Geography and Statistics; Universidade Federal do Rio Grande do Sul,BR,Article,EN,True,,Kolmogorov complexity; Randomness; Computability; Turing machine; Kolmogorov structure function; Description number; Turing; Computer science; Universal Turing machine; Sequence (biology); Computability theory; Super-recursive algorithm; Halting problem; Theoretical computer science; Discrete mathematics; Mathematics; Algorithm; Biology; Statistics; Programming language; Genetics; Computation,articles-RITA-20260617-dointext.csv,1,0.8,
10.22456/2175-2745.6011,3D Compression: from A to Zip a first complete example,Thomas Lewiner,W2918218158,"Images invaded most of contemporary publications and communications. This expansion has accelerated with the development of efficient schemes dedicated to image compression. Nowadays, the image creation process relies on multidimensional objects generated from computer aided design, physical simulations, data representation or optimisation problem solutions. This variety of sources motivates the design of compression schemes adapted to specific class of models. The recent launch of Google Sketch’up and its 3D models warehouse has accelerated the shift from two-dimensional images to three-dimensional ones. However, these kind of systems require fast access to eventually huge models, which is possible only through the use of efficient compression schemes. This work is part of a tutorial given at the XXth Brazilian Symposium on Computer Graphics and Image Processing (Sibgrapi 2007).",W56793145; W57174158; W105390235; W126840538; W206923526; W587784180; W1496383623; W1500366760; W1523815711; W1545744341; W1546271455; W1556040792; W1557435441; W1572773188; W1590549688; W1597152871; W1607543368; W1638203394; W1823622759; W1872085970; W1966495409; W1972627532; W1989604714; W1991291335; W1992371956; W1995875735; W2004908330; W2006714486; W2008507659; W2008553431; W2015257976; W2026043300; W2044260085; W2046419776; W2048320256; W2052165970; W2052736353; W2059029870; W2060108852; W2064269881; W2068353794; W2072210981; W2073573918; W2085166977; W2098182067; W2104965319; W2106226160; W2107745473; W2107994006; W2108551799; W2113358486; W2113993190; W2115907784; W2134120396; W2136838646; W2140128975; W2142586112; W2142636632; W2145501953; W2151329844; W2155729921; W2159593339; W2170023599; W2171421712; W2173583877; W2240948833; W2293644818; W2334279301; W2342204193; W2486762503; W2596591206; W2614835259; W2911393167; W2993383518; W3004175625; W3009889461; W3040586665; W3129170862; W3142536721; W4230960895; W4236665358; W4239995807; W4388438965; W6631418972; W6656835280; W6668577166; W6668580240; W6675850100; W6676992578,0.0,2008.0,Federal University of Rio Grande do Sul,Sketch; Computer science; Representation (politics); Variety (cybernetics); Computer graphics; Data compression; Image compression; Computer graphics (images); Compression (physics); Graphics; Process (computing); Class (philosophy); Image (mathematics); Theoretical computer science; Computer engineering; Image processing; Artificial intelligence; Algorithm; Programming language,Pontifícia Universidade Católica do Rio de Janeiro,BR,Article,EN,True,,Sketch; Computer science; Representation (politics); Variety (cybernetics); Computer graphics; Data compression; Image compression; Computer graphics (images); Compression (physics); Graphics; Process (computing); Class (philosophy); Image (mathematics); Theoretical computer science; Computer engineering; Image processing; Artificial intelligence; Algorithm; Programming language; Law; Materials science; Politics; Composite material; Political science,articles-RITA-20260617-dointext.csv,4,0.5,1.0
10.22456/2175-2745.6012,Introdução ao XNA,"Bruno Tavares Rabello, Edson Mattos, Bruno Evangelista, Esteban Clua",W1831512049,"This tutorial explore the basic characteristics for the game development plataform developed by Microsoft, called XNA (XNA´s Not Acronymed). XNA allows the creation of PC games, for Windows plataform and XBOX 360, for a console plataform. XNA aims to substitute the DirectX Manager, a version of DirectX for a .NET plataform. All the applications made in XNA are compiled in a managed code. This code is executed at the Common Language Runtime (CLR), which is the virtual machine of the .NET plataform.",W1490482062; W1541441755; W1965387308; W2118588333; W2161446118; W4232290346; W6677919418,0.0,2008.0,Federal University of Rio Grande do Sul,DirectX; Computer science; Programming language; VBScript; Code (set theory); Operating system; Software; Software versioning,Universidade Federal Fluminense; Universidade Federal de Minas Gerais,BR,Article,EN,True,,DirectX; Computer science; Programming language; VBScript; Code (set theory); Operating system; Software; Software versioning; Set (abstract data type),articles-RITA-20260617-dointext.csv,8,0.5,1.0
10.22456/2175-2745.6014,Steganography and Steganalysis in Digital Multimedia: Hype or Hallelujah?,"Anderson Rocha, Siome Goldenstein",W1568739968,"In this tutorial, we introduce the basic theory behind Steganography and Steganalysis, and present some recent algorithms and developments of these fields. We show how the existing techniques used nowadays are related to Image Processing and Computer Vision, point out several trendy applications of Steganography and Steganalysis, and list a few great research opportunities just waiting to be addressed.",W4952878; W136501077; W1480295176; W1496139339; W1532906507; W1588954910; W1589812914; W1663973292; W1748609398; W1806317803; W1942214889; W2000604990; W2007688684; W2025905409; W2050736768; W2080348090; W2096050104; W2103228545; W2105317222; W2110730009; W2116343366; W2117197462; W2117500881; W2119199090; W2120687992; W2124236344; W2124731682; W2124890704; W2127917840; W2128741405; W2135300639; W2138760583; W2161022751; W2506763343; W2767045853; W2970223668; W3142067920; W4212863985; W4253987737; W4256068510; W4285719527; W6676781007,22.0,2008.0,Federal University of Rio Grande do Sul,Steganalysis; Steganography; Steganography tools; Computer science; Point (geometry); Multimedia; Information hiding; Computer security; Artificial intelligence; Theoretical computer science; Image (mathematics); Mathematics,Universidade Estadual de Campinas (UNICAMP),BR,Article,EN,True,,Steganalysis; Steganography; Steganography tools; Computer science; Point (geometry); Multimedia; Information hiding; Computer security; Artificial intelligence; Theoretical computer science; Image (mathematics); Mathematics; Geometry,articles-RITA-20260617-dointext.csv,1,0.8,
10.22456/2175-2745.6015,Navigation and Interaction in Graph Visualizations,"André Suslik Spritzer, Carla Maria Dal Sasso Freitas",W1702896867,"Graphs are widely utilized in many fields and several applications require their visualization. Graph visualization is based on techniques for graph drawing, interaction and navigation in such a way that helps the user in finding and manipulating information efficiently. These techniques, which can be two or three-dimensional, depending on the spatial metaphor used to represent the graph, can be combined in many different ways in order to fit a particular application's needs. This paper presents an overview of the field of graph visualization.",W95177501; W193490517; W1500432757; W1503013560; W1508297260; W1509820354; W1520523903; W1529827750; W1539485081; W1546650522; W1557977305; W1562580153; W1572701995; W1578048103; W1710511026; W1756322456; W1968305696; W1975370820; W2001914359; W2020248080; W2021014453; W2021053884; W2026506423; W2029182108; W2035723541; W2045012623; W2055801681; W2055868719; W2060538865; W2071353749; W2075220720; W2086050593; W2091548089; W2102664288; W2106588364; W2109250725; W2109257417; W2111347866; W2126003552; W2128115980; W2128712108; W2131548207; W2146279766; W2147468287; W2150925050; W2158169170; W2167482691; W2171373347; W2171381161; W2296269484; W2535433266; W2538055499; W3022981850; W3141454743; W3149637534; W4238387639; W4242777928; W4245159670; W4247556202; W4252432936; W4252960022; W4256036414; W4285719527; W6607831592; W6629904520; W6631199209; W6631674210; W6632774415; W6634386295; W6634612580; W6659623153; W6665772760; W6669090525; W6676464558; W6678929656; W6681444685; W6684573919; W6685221449; W6697247820; W6728810545; W6777060225; W6833374386; W6967044957; W7017115989,5.0,2008.0,Federal University of Rio Grande do Sul,Visualization; Computer science; Graph; Graph drawing; Information visualization; Data visualization; Visual analytics; Theoretical computer science; Human–computer interaction; Data mining,Universidade Federal do Rio Grande do Sul,BR,Article,EN,True,,Visualization; Computer science; Graph; Graph drawing; Information visualization; Data visualization; Visual analytics; Theoretical computer science; Human–computer interaction; Data mining,articles-RITA-20260617-dointext.csv,1,1.0,
10.22456/2175-2745.6016,"Dimensionality Reduction, Classification and Reconstruction Problems in Statistical Learning Approaches","Gilson A. Giraldi, Paulo S. Rodrigues, Edson C. Kitani, Carlos Eduardo Thomaz",W1686832381,"Statistical learning theory explores ways of estimating functional dependency from a given collection of data. The specific sub-area of supervised statistical learning covers important models like Perceptron, Support Vector Machines (SVM) and Linear Discriminant Analysis (LDA). In this paper we review the theory of such models and compare their separating hypersurfaces for extracting group-differences between samples. Classification and reconstruction are the main goals of this comparison. We show recent advances in this topic of research illustrating their application on face and medical image databases.",W109865423; W382048121; W1480376833; W1480487340; W1561930699; W1981457167; W2029835507; W2038952578; W2040171177; W2053530418; W2054941167; W2071554990; W2075315904; W2088900896; W2100115174; W2109077768; W2111340031; W2114086904; W2115372151; W2129905273; W2135346934; W2137154068; W2139212933; W2148603752; W2150177154; W2151709875; W2152475608; W2154972179; W2167011208; W2172803778; W4247235669; W4248721357; W6628633436; W6657940589; W6682634897,4.0,2008.0,Federal University of Rio Grande do Sul,Dimensionality reduction; Artificial intelligence; Linear discriminant analysis; Computer science; Statistical learning theory; Pattern recognition (psychology); Support vector machine; Machine learning; Dependency (UML); Perceptron; Multilayer perceptron; Artificial neural network,Centro Universitário FEI,BR,Article,EN,True,,Dimensionality reduction; Artificial intelligence; Linear discriminant analysis; Computer science; Statistical learning theory; Pattern recognition (psychology); Support vector machine; Machine learning; Dependency (UML); Perceptron; Multilayer perceptron; Artificial neural network,articles-RITA-20260617-dointext.csv,3,0.8,
10.22456/2175-2745.60234,Uma contribuição ao auxíılio do diagnóstico do autismo a partir do processamento de imagens para extração de medidas antropométricas,"Samuel Portela Carvalho, Ariane Machado Lima, Helena Brentani, Décio Brunoni, Rodrigo Ambrósio Fock, Fátima Lourdes Santos Nunes",W2560537710,"O Transtorno do Espectro Autista (TEA) é uma síndrome caracterizada pela dificuldade na interação social e desvios qualitativos na comunicação e no uso da imaginação. Embora o diagnóstico dessa síndrome consista basicamente de avaliação clínica, ferramentas computadorizadas podem ser empregadas como coadjuvantes nesta tarefa. A partir de avaliações clínicas, há indícios de que crianças portadoras de TEA apresentam medidas antropométricas diferentes das crianças sem a síndrome. O presente trabalho tem o objetivo de definir e validar técnicas para processar imagens faciais e mensurar distâncias antropométricas com a finalidade de auxiliar o diagnóstico de TEA. As técnicas definidas culminaram na construção de uma ferramenta computacional capaz de analisar fotografias de pacientes e calcular as medidas antropométricas faciais. A ferramenta foi validada com um banco de imagens de indivíduos com e sem a síndrome, tendo sido encontradas semelhanças e diferenças entre as medidas antropométricas extraídas pela ferramenta e medidas citadas em estudos anteriores. A ferramenta mostrou-se capaz de processar imagens frontais de pacientes e extrair seus componentes e medidas antropométricas com precisão, a partir de técnicas de processamento de imagens adaptadas para essas finalidades, podendo contribuir efetivamente para o auxílio ao diagnóstico de TEA.",W1607528696; W1964981411; W1973668307; W1984813860; W2006425411; W2044052673; W2048651667; W2127235472; W2164598857; W2165244152; W2249895122; W4250533120; W4253250161,1.0,2016.0,Federal University of Rio Grande do Sul,Humanities; Psychology; Medicine; Philosophy,Escola Nacional de Saúde Pública; Universidad San Pedro; Universidade Federal de São Paulo; Universidade de São Paulo,BR; PE,Article,PT,True,,Humanities; Psychology; Medicine; Philosophy,articles-RITA-20260617-dointext.csv,0,0.5,3.0
10.22456/2175-2745.6024,Editorial,"Luís C. Lamb, José Palazzo Moreira de Oliveira, Lisandro Zambenedetti Granville",W4239872305,"Esta edição da Revista RITA - Revista de Informática Teórica e Aplicada é dedicada às áreas de computação gráfica e processamento de imagens, contendo artigos referentes aos tutoriais apresentados no SIBGRAPI 2007 - Simpósio Brasileiro de Computação Gráfica e Processamento de Imagens, realizado em outubro de 2007, em Belo Horizonte, Minas Gerais. Para a organização desta edição, contamos com a participação dos professores Agma Traina, do ICMC-USP São Carlos, e Marcelo Dreux, da PUC-Rio, na qualidade de Editores Convidados.",,0.0,2008.0,Federal University of Rio Grande do Sul,Humanities; Physics; Art,Universidade Federal do Rio Grande do Sul,BR,Editorial,ES,True,,Humanities; Physics; Art,articles-RITA-20260617-dointext.csv,0,0.5,7.0
10.22456/2175-2745.6025,Editorial convidado,"Agma J. M. Traina, M. Dreux",W4244835312,"This special issue of RITA contains the papers of the Tutorials presented at the Brazilian Symposium on Computer Graphics and Image Processing, SIBGRAPI 2007. It was a pleasure to receive 17 submissions, two of them from foreign countries. The majority of them have a very high standard but, because of time and space constraints, only six of them could be accepted. Herein texts associated to five of them are presented. These papers address a number of current research issues as well as conceptual information seek by the students and researchers of the field, as summarized as follows.",,0.0,2008.0,Federal University of Rio Grande do Sul,Pleasure; Computer science; Field (mathematics); Library science; Multimedia; Psychology; Mathematics,Pontifícia Universidade Católica do Rio de Janeiro,BR,Editorial,EN,True,,Pleasure; Computer science; Field (mathematics); Library science; Multimedia; Psychology; Mathematics; Pure mathematics; Neuroscience,articles-RITA-20260617-dointext.csv,4,0.5,1.0
10.22456/2175-2745.60989,Avaliação de Incisão Cirúrgica em Simuladores com Realidade Virtual,"Ives Fernando Martins Santos de Moura, Ronei Marcos de Moraes, Liliane S. Machado",W2414588001,"Simuladores de procedimentos cirúrgicos com Realidade Virtual vêm se tornando cada vez mais populares. Um componente importante deste tipo de software para a área médica é a capacidade de simular incisões. No contexto computacional, as incisões envolvem três etapas básicas: definição da geometria e topologia, detecção de colisão e deformação. Além disso, em simuladores voltados ao treinamento de estudantes, a capacidade de avaliar o desempenho do usuário é fundamental. Nestetrabalho, dois experimentos são feitos, um com dados gerados aleatoriamente e outro com dados gerados a partir de interação do usuário com uma aplicação via mouse, para avaliar a qualidade do corte no que diz respeito à sua trajetória. Ambos os experimentos foram realizados utilizando o método Support Vector Machine (SVM). Resultados satisfatórios foram obtidos com a SVM e cinco kernels, com taxas de acerto superiores a 70%. Tem-se como principal conclusão, então, que a SVM é um método capaz de avaliar problemas relacionados à trajetória de incisão. Como contribuiçõesdo trabalho, têm-se a análise dos componentes da incisão, o levantamento de métodos de avaliação aplicáveis a este problema e o uso da SVM nos dois experimentos conduzidos, que mostrou a aplicabilidade deste método neste contexto.",W1497695555; W1512098439; W1599784090; W1982032540; W1986753196; W1992876065; W2001903957; W2017049184; W2043598383; W2087115245; W2087539422; W2087787023; W2098366963; W2109215595; W2113410628; W2115694019; W2143146052; W2146200498; W2168261033; W2188704466; W2221647782; W2281058635; W2400349117; W2540149843; W3101749733; W4230265761; W4239510810; W4241047085; W4255845466; W6785340122; W7066729254,3.0,2016.0,Federal University of Rio Grande do Sul,Physics; Computer science; Humanities; Philosophy,Universidade Federal da Paraíba,BR,Article,PT,True,,Physics; Computer science; Humanities; Philosophy,articles-RITA-20260617-dointext.csv,0,0.5,3.0
10.22456/2175-2745.61220,Método Computacional para o Diagnóstico Precoce da Granulomatose de Wegener,"José Do Nascimento Linhares, Lúcio Flávio de Albuquerque Campos, Ewaldo Éder Carvalho Santana, Jardiel Nunes Almeida, Flávia Larisse da Silva Fernandes",W2397044453,"Neste trabalho é apresentado um sistema de reconhecimento de padrõesproteômicos com o objetivo de auxiliar o diagnóstico precoce da Granulomatose deWegener (GW), uma vasculite idiopática rara de difícil detecção e alta taxa de mortalidade para indivíduos não tratados. O método consiste em extrair característicasde sinais proteômicos e classificá-las como sendo de indivíduos portadores ou nãoportadores de GW. Para tanto, utiliza-se Análise de Componentes Independentes paraextrair características dos sinais, Algoritmo de Máxima Relevância e Mínima Redun-dância para reduzir o número de características e custos computacionais e Máquina deVetores de Suporte para classificar. A qualidade do método foi avaliada utilizando umabase de dados com 335 sinais proteômicos, composta por 75 casos ativos, 101 casosnegativos e 159 em remissão. O melhor resultado obtido foi para um vetor de vintecaracterísticas cuja acurácia, especificidade e sensibilidade foram, respectivamente,de: 98, 24%, 99, 73% e 99, 50%.",W1471241117; W1527460379; W2019408827; W2032792672; W2053490138; W2129444132; W2131987814; W2181408385; W2501323989; W3035913527; W4211083646; W4297623296; W4299167265; W4301253858; W6664072914,1.0,2016.0,Federal University of Rio Grande do Sul,Physics,Concordia University Wisconsin; Deutsche Lepra- und Tuberkulosehilfe; Institute for Systems Engineering and Computers; Universidade Estadual do Maranhão,BR; DE; PT; US,Article,PT,True,,Physics,articles-RITA-20260617-dointext.csv,0,1.0,
10.22456/2175-2745.62211,Learning to Identify At-Risk Students in Distance Education Using Interaction Counts,"Douglas Detoni, Cristian Cechinel, Ricardo Araujo Matsumura, Daniela F. Brauner",W2560228589,"Student dropout is one of the main problems faced by distance learning courses. One of the major challenges for researchers is to develop methods to predict the behavior of students so that teachers and tutors are able to identify at-risk students as early as possible and provide assistance before they drop out or fail in their courses. Machine Learning models have been used to predict or classify students in these settings. However, while these models have shown promising results in several settings, they usually attain these results using attributes that are not immediately transferable to other courses or platforms. In this paper, we provide a methodology to classify students using only interaction counts from each student. We evaluate this methodology on a data set from two majors based on the Moodle platform. We run experiments consisting of training and evaluating three machine learning models (Support Vector Machines, Naive Bayes and Adaboost decision trees) under different scenarios. We provide evidences that patterns from interaction counts can provide useful information for classifying at-risk students. This classification allows the customization of the activities presented to at-risk students (automatically or through tutors) as an attempt to avoid students drop out.",W169052826; W1486785378; W1512098439; W1680392829; W2006444123; W2100525561; W2106717332; W2125709102; W2153378020; W2184178962; W2318456247; W2497192855; W6606879723; W6675190864; W6692576976,9.0,2016.0,Federal University of Rio Grande do Sul,Personalization; Computer science; Naive Bayes classifier; Machine learning; AdaBoost; Set (abstract data type); Dropout (neural networks); Drop out; Artificial intelligence; Support vector machine; Distance education; Mathematics education; Mathematics; World Wide Web,Universidade Federal do Rio Grande do Sul,BR,Article,EN,True,,Personalization; Computer science; Naive Bayes classifier; Machine learning; AdaBoost; Set (abstract data type); Dropout (neural networks); Drop out; Artificial intelligence; Support vector machine; Distance education; Mathematics education; Mathematics; World Wide Web; Economics; Programming language; Demographic economics,articles-RITA-20260617-dointext.csv,3,0.8,
10.22456/2175-2745.62657,Autômatos celulares unidimensionais caóticos com borda fixa aplicados à modelagem de um sistema criptográfico para imagens digitais,"Eduardo Cassiano Silva, Jaqueline A. J. P. Soares, Danielli Araújo Lima",W2404916367,"O principal objetivo da criptografia de dados é possibilitar que duas entidades se comuniquem ao longo de um canal inseguro, de tal forma que nenhum oponente consiga decifrar a mensagem que é enviada. Muitos métodos de criptografia clássica já foram investigados para minimizar este problema. Uma nova abordagem para este tema são os Autômatos Celulares (ACs), que estão sendo estudados por sua capacidade de processar grandes volumes de dados em paralelo. Nesse trabalho é investigado um novo modelo de autômato celular para criptografia de imagens, que tem como característica o uso do cálculo de pré-imagens. Resultados mostraram que o modelo tem grande potencial para a realização de cifragem de grandes volumes de dados.",W142045744; W159805089; W1491483938; W1498802410; W1588857231; W1758591123; W2026718874; W2030438139; W2031597136; W2089028920; W2128970325; W2136246174; W2148022269; W2169169860; W2247677783; W2254029039; W2317713152; W2964266344; W3090260262; W4299503564; W6635135285; W6658176561; W6680371559; W6691072147,6.0,2016.0,Federal University of Rio Grande do Sul,Humanities; Physics; Philosophy,"Instituto Federal de Educação, Ciência e Tecnologia do Triângulo Mineiro",BR,Article,PT,True,,Humanities; Physics; Philosophy,articles-RITA-20260617-dointext.csv,0,1.0,
10.22456/2175-2745.63581,Detecção de leucócitos em imagens de vídeo de microscopia intravital usando a técnica de congruência de fase,"Kathiani Elisa de Souza, Bruno C. Gregório da Silva, Juliana Carvalho‐Tavares, Ricardo J. Ferrari",W2560408143,"A quantificação do número de leucócitos rolantes e aderidos presentes na microcirculação de pequenos animais é uma tarefa importante para elucidar os mecanismos de inflamações e avaliar os efeitos terapêuticos de novas drogas. Em geral, a contagem de leucócitos é realizada de maneira visual por um observador (técnico laboratorial ou especialista) usando uma sequência de imagens de microscopia intravital (MI). Entretanto, tal tarefa é demorada e suscetível a erros, devido a fadiga visual do observador e a variabilidades inter e intra observadores. Neste trabalho uma nova técnica computacional é proposta para a detecção automática de leucócitos em vídeos de MI. A técnica usa uma medida de blobness, calculada a partir da análise dos autovalores de matrizes locais de momentos de segunda-ordem da medida de congruência de fase, para realçar os leucócitos nas imagens. A detecção dos leucócitos é alcançada pela busca de máximos locais no mapa de medidas de blobness. Usando um conjunto de quadros com os centroides dos leucócitos manualmente marcados, os resultados da técnica proposta foram avaliados usando os valores das métricas medida-F1 e áreas sob as curvas precisão-revocação (AUCPRs) calculadas para cada quadro do vídeo. Uma comparação com a técnica de casamento de padrões também foi realizada. Os resultados obtidos para a técnica proposta (medida-F1=0,791, AUCPR=0,776) foram superiores em comparação com a técnica de casamento de padrões (medida-F1=0,746, AUCPR=0,670).",W1533162639; W1869908504; W1919335156; W1962010357; W1967139573; W1969269720; W1983024748; W2002260191; W2007470233; W2020769451; W2097725016; W2099244020; W2108764556; W2127175531; W2129534965; W2130302792; W2136893947; W2139440232; W2145023731; W2151103935; W2151448569; W2151645081; W2154158661; W2409554108; W4250533120; W4250830069; W4294268831; W6601510805; W6631957473; W6641759871; W6642363476; W6678701942; W6679367408,2.0,2016.0,Federal University of Rio Grande do Sul,Medicine; Humanities; Philosophy,Universidade Federal de São Carlos,BR,Article,PT,True,,Medicine; Humanities; Philosophy,articles-RITA-20260617-dointext.csv,0,0.5,3.0
10.22456/2175-2745.64206,Emprego de Banco de Filtros e do Teorema de Imersão de Takens em Padrões Espaciais para a Classificação de Imagética Motora em Interfaces Cérebro-Computador,"Yule Vaz, Rodrigo Fernandes de Mello",W2560177392,"As Interfaces Cérebro-Computador (BCI) são sistemas que provêm uma alternativa para que pessoas com perda severa ou total do controle motor possam inte- ragir com o ambiente externo. Para mapear intenções individuais em operações de má- quina, os sistemas de BCI empregam um conjunto de etapas que envolvem a captura e pré-processamento dos sinais cerebrais, a extração e seleção de suas características mais relevantes e a classificação das intenções. Neste trabalho, diferentes abordagens para a extração de características de sinais cerebrais foram avaliadas, a mencionar: i) Padrões Espectro-Espaciais Comuns (CSSP); ii) Padrões Esparsos Espectro-Espaciais Comuns (CSSSP); iii) CSSP com banco de filtros (FBCSSP); e, finalmente, iv) CSSSP com banco de filtros (FBCSSSP). Em comum, essas técnicas utilizam de filtragem de banda de frequências e reconstrução de espaços para ressaltar similaridades entre si- nais. A técnica de Seleção de Características baseada em Informação Mútua (MIFS) foi adotada para a redução de dimensionalidade das características extraídas e, em se- guida, Máquinas de Vetores de Suporte (SVM) foram utilizadas para a classificação do espaço de exemplos. Os experimentos consideraram o conjunto de dados BCI Compe- tition IV-2b, o qual conta com sinais produzidos pelos eletrodos nas posições C3, Cz e C4 a fim de identificar as intenções de movimentação das mãos direita e esquerda. Conclui-se, a partir dos índices kappa obtidos, que os extratores de características adotados podem apresentar resultados equiparáveis ao estado da arte.",W1491220419; W1549386224; W1561572740; W1571454372; W1680392829; W1969878365; W1989895341; W1995506038; W2009604254; W2031365860; W2033409241; W2040704490; W2047432350; W2053154970; W2063960283; W2071565881; W2098057602; W2103014813; W2106006415; W2110444396; W2116522672; W2116751819; W2117997437; W2119163516; W2131321253; W2134050473; W2136008138; W2136376588; W2138964882; W2156909104; W2165892205; W2166931478; W2171882657; W2183603928; W2304387544; W2951920463; W4206686222; W4239510810; W4252684946; W6834694846,1.0,2016.0,Federal University of Rio Grande do Sul,Physics; Humanities; Philosophy,Brazilian Society of Computational and Applied Mathematics; Universidade de São Paulo,BR,Article,PT,True,,Physics; Humanities; Philosophy,articles-RITA-20260617-dointext.csv,0,0.5,3.0
10.22456/2175-2745.64413,Comparando o Desempenho de Implementações de Tabelas Hash Concorrentes em Haskell,"Rodrigo Medeiros Duarte, André Rauber Du Bois, Maurı́cio L. Pilla, Renata Reiser",W2560277265,"Implementar um algoritmo de tabela hash concorrente que extraia desempenho está longe de ser uma tarefa computacional trivial. Neste artigo apresentamos sete diferentes implementações de tabelas hash em Haskell, explorando desde modelos de sincronização de baixo nível até os de mais alta abstração como memórias transacionais. Nos testes realizados a implementação usando a biblioteca STM Haskell de memória transacional foi a que apresentou melhor desempenho.",W130366599; W625745975; W2023761072; W2076149580; W2096256901; W2188944230; W2946046356; W4293763691,1.0,2016.0,Federal University of Rio Grande do Sul,Haskell; Hash function; Computer science; Parallel computing; Programming language; Functional programming,Universidade Federal de Pelotas,BR,Article,PT,True,,Haskell; Hash function; Computer science; Parallel computing; Programming language; Functional programming,articles-RITA-20260617-dointext.csv,0,1.0,
10.22456/2175-2745.64431,Computação na Educação Básica no Brasil: o Estado da Arte,"Adriana Bordini, Christiano Avila, Yuri Weisshahn, Mônica Marques da Cunha, Simone André da Costa Cavalheiro, Luciana Foss, Marílton Sanchotene de Aguiar, Renata Reiser",W2560463764,"Este artigo apresenta um levantamento de projetos na área do Pensamento Computacional, com foco no ensino fundamental e médio, que tiveram resultados publicados nos principais veículos de Informática na Educação no Brasil. Neste estudo foi identificado que diferentes estratégias têm sido adotadas para a introdução da Computação na Educação Básica, destacando-se: Algoritmos e Programação, Robótica, Jogos, Computação Desplugada, entre outras. Cada uma das estratégias foi descrita considerando os seguintes aspectos: os conceitos da ciência da computação que têm sido abordados, as ferramentas utilizadas, a forma com que a estratégia tem abordado a interdisciplinaridade, a colaboração e/ou a comunicação. Ademais, uma descrição estatística dos trabalhos é realizada, destacando as instituições envolvidas nos projetos, o público alvo, as abordagens e ferramentas utilizadas. O objetivo deste relato é fornecer uma visão geral do que já foi alcançado na área no Brasil.",W2114003275; W2143834343; W2158778977; W2162821268; W2172760000; W2175081227; W4321633328; W6703646279,23.0,2016.0,Federal University of Rio Grande do Sul,Computer science; Humanities; Philosophy,Universidade Federal de Pelotas,BR,Article,PT,True,,Computer science; Humanities; Philosophy,articles-RITA-20260617-dointext.csv,0,1.0,
10.22456/2175-2745.65061,Escola Gaúcha de Bioinformática 2015,Comissão Organizadora EGB,W2419502006,A Bioinformtica um dos campos de,W24451458; W103269551; W353957520; W1577292085; W1584891551; W1595115343; W1964305071; W1966078827; W1986708403; W2000408270; W2006792273; W2013173369; W2016484408; W2016547637; W2017833288; W2018022646; W2034163851; W2039238801; W2044865804; W2047935731; W2058870956; W2060921077; W2061425021; W2066299394; W2072285646; W2073537048; W2078391824; W2083342911; W2094558888; W2096041635; W2097065948; W2097706568; W2099654238; W2103205412; W2107593640; W2112262143; W2117692326; W2127968944; W2131271579; W2137132557; W2137450588; W2139129111; W2142045253; W2149414426; W2152207030; W2155752212; W2157009395; W2159497832; W2160544821; W2164213293; W2165405863; W2168154998; W2276389698; W2971106668; W4210531204; W4244638854; W4301227924; W6660157849; W6676073188; W6677228387; W6680548195; W6682274912; W6817769189; W7073844810; W7075606316,0.0,2016.0,Federal University of Rio Grande do Sul,Political science,Universidade Federal do Rio Grande do Sul,BR,Article,ES,True,,Political science,articles-RITA-20260617-dointext.csv,0,0.5,8.0
10.22456/2175-2745.65372,QEDS: Um Simulador Clássico para Distinção de Elementos Quântico,"Alexandre Abreu, Matheus Manzoli Ferreira, Luis Antônio Brasil Kowada, Franklin de Lima Marquezino",W2560259094,"O problema de decidir se todos os N elementos em uma lista são distintos requer Omega(N) consultas no modelo clássico. Um algoritmo quântico baseado em caminhada quântica em um gráfico de Johnson melhora este limite para O(N2/3) consultas. O algoritmo quântico para a distinção de elementos executa vários cálculos, cada um envolvendo superposições não triviais de estados. Por esta razão, é difícil estudar o algoritmo sem ferramentas apropriadas. Neste trabalho, apresentamos um simulador numérico para o algoritmo de distinção de elementos e analisamos seu desempenho. O objetivo principal de nosso simulador é servir como uma ferramenta educacional. No entanto, como um software livre de código aberto, ele pode ser facimente estendido para uso profissional.",W231231925; W1527730705; W1561344775; W1971200845; W2020750044; W2026090113; W2058286540; W2066202292; W2084652510; W2118518847; W2132058722; W2132704110; W2147282524; W2161027938; W2161648427; W2236332969; W2393612756; W2738373330; W2764347725; W3100201368; W4230837502; W4242275969,0.0,2016.0,Federal University of Rio Grande do Sul,Humanities; Physics; Philosophy,Universidade Federal Fluminense; Universidade Federal do Rio de Janeiro,BR,Article,PT,True,,Humanities; Physics; Philosophy,articles-RITA-20260617-dointext.csv,0,1.0,
10.22456/2175-2745.65538,Autômatos Celulares e Sistema Multiagente para Simulação da Propagação de Doenças,"Rogério Luís Rizzi, Claudia Brandelero Rizzi, Wesley Luciano Kaiser, Pétterson Vinícius Pramiu",W2560667719,"Nestetrabalhoéapresentadoumestudosobremodeloscomputacionais epidemiológicos enfocando o tipo Suscetível-Infectado-Removido, SIR, e diferentes estratégias de solução à simulação computacional da propagação de doenças transmissíveis. Mostra-se que modelos baseados em autômatos celulares tipo Lattice Gas Cellular Automata, LGCA, têm soluções assemelhadas às obtidas por sistemas multiagentes, diferentemente de autômatos celulares difusivos. Os resultados obtidos da literatura, bem como aqueles decorrentes deste trabalho, apontam que tais metodologias têm potencial à simulação da dinâmica de fenômenos ecológicos, biológicos e físicos que possam assim ser modelados. Indicam, contudo, que resultados mais condizentes com dados reais dependem do desenvolvimento e da parametrização de modelos que adicionem características essenciais ao fenômeno, como a interação entre indivíduos e meio ambiente, e a heterogeneidade do sistema relacional de contatos.",W604170243; W989183580; W1159076690; W1549251788; W1965004987; W1982682638; W1983319163; W2010365240; W2017868547; W2032287394; W2045967620; W2064656357; W2078426401; W2089976979; W2093301852; W2139242614; W2148301044; W2159064890; W2161728228; W2165786774; W2166022262; W2181968677; W2199148362; W2345261697; W2476793800; W2515101565; W2568897204; W3106118972; W4255922397; W4302331569; W4400575815; W6661888418; W6674145793; W6685768553; W6725727990,0.0,2016.0,Federal University of Rio Grande do Sul,Humanities; Physics; Simula; Philosophy; Computer science,Hospital Universitário da Universidade de São Paulo; Universidade Estadual do Oeste do Paraná,BR,Article,PT,True,,Humanities; Physics; Simula; Philosophy; Computer science; Programming language,articles-RITA-20260617-dointext.csv,0,1.0,
10.22456/2175-2745.65827,Comparação entre abordagens escaláveis para o processamento de conjuntos de dados textuais,"Gustavo de P. Avelar, Murilo Coelho Naldi",W2739548525,"DataAnalyticséumconceitovoltadoaanálisedegrandesquantidades de dados em busca de padrões e informações relevantes. A manipulação desses da- dos é complexa e exige métodos automáticos capazes de processar grandes volumes de dados exigindo poder computacional para obtenção de informações em tempo há- bil. O modelo de programação MapReduce surgiu para auxiliar a distribuição desses problemas entre várias máquinas, melhorando a eficiência em seu processamento. As plataformas Apache Hadoop e Spark possibilitam a utilização deste paradigma em ambientes de hardware commodities. O agrupamento de dados tem como objetivo determinar um conjunto finito de categorias para descrever um conjunto de dados de acordo com as características similares dos objetos do conjunto de dados. Diferen- tes estratégias para pré-processamento influenciam os resultados da etapa de agrupa- mento de dados. Deste modo, este trabalho trata do estudo de diferentes métodos de pré-processamento de documentos textuais, visando alcançar representações que pro- porcionem bons resultados à etapa de agrupamento. Nele, propomos uma abordagem para seleção de atributos embasado no algoritmo Latent Dirichlet Allocation (LDA).",,1.0,2017.0,Federal University of Rio Grande do Sul,Humanities; Computer science; Philosophy,Universidade Federal de São Carlos; Universidade Federal de Viçosa,BR,Article,PT,True,,Humanities; Computer science; Philosophy,articles-RITA-20260617-dointext.csv,0,0.5,3.0
10.22456/2175-2745.6586,Avaliação Pró-ativa da Deterioração de Sistemas de Informação por meio de Medidas de Gestão,Káthia Marçal de Oliveira,W4248743805,"Issues related to the decision on software modernization have received more attention and importance. Many methods have been proposed to support an organization’s choice of the best alternative for a system modernization; however, these methods do not search to supply necessary information to the precocious identification of system deterioration. This article presents an approach based on measurement that aims to continuously monitor the system deterioration, allowing managers to perform adjustment actions as soon as possible, aiming to extend its useful life. Practical applications in different systems of a large company show the viability of collecting these measures and indicate the systems in deterioration.",,0.0,2011.0,Federal University of Rio Grande do Sul,Modernization theory; Computer science; Identification (biology); Information system; Welfare economics; Business; Engineering; Political science; Economics; Electrical engineering,Universidade Católica de Brasília,BR,Article,EN,True,,Modernization theory; Computer science; Identification (biology); Information system; Welfare economics; Business; Engineering; Political science; Economics; Electrical engineering; Biology; Botany; Law,articles-RITA-20260617-dointext.csv,1,0.8,
10.22456/2175-2745.67253,Desenvolvimento de Interface de Usuário para a Melhoria da Consciência Situacional em Gerenciamento de Emergências,"Leonardo Castro Botega, Allan Oliveira, Regina B. Araújo",W2740901223,"ConsciênciaSituacional(SituationalAwareness-SAW)éumprocesso cognitivo amplamente difundido em áreas que demandam a tomada de decisão crítica e se refere ao nível de consciência que um indivíduo ou equipe detém sobre uma situa- ção. No domínio de gerenciamento de emergências, a informação gerida por sistemas de apoio à avaliação de situações afeta a forma como os operadores humanos adqui- rem, mantêm e recuperam SAW. Tais rotinas, cruciais para a efetividade das atividades decisórias, são desafiadoras, não somente pela natureza crítica das situações, mas tam- bém devido à dinamicidade das informações que a compõem. Falhas de SAW podem induzir operadores humanos a erros no processo decisório e acarretar riscos à vida, ao patrimônio ou ao meio ambiente. Além disso, domínios críticos também exigem uma preocupação constante com a qualidade da informação, principalmente quando humanos são também fontes de informação, o que pode gerar incertezas. Neste con- texto, interfaces orientadas a SAW exercem um papel fundamental, não somente para a representação de informações que podem ser incertas, mas também para promover uma gestão participativa da situação que evolui com o tempo. Este trabalho apresenta uma interface orientada por princípios de SAW e demonstra como inclui-la em um processo de avaliação de situações de emergências, composto por rotinas inovadoras de fusão, avaliação, representação e visualização de informações situacionais. Em es- tudo de caso, foram utilizados eventos de roubo relatados ao serviço de atendimento a emergências da Polícia Militar do Estado de São Paulo (PMESP). Uma avaliação de SAW foi conduzida com operadores da PMESP, que testaram e avaliaram a interface desenvolvida, revelando índices satisfatórios quanto ao entendimento de uma situação.",W17263963; W35921229; W960215668; W1570321471; W1767829782; W1963494573; W1974036924; W1995412549; W2030832629; W2047556470; W2064647596; W2069195173; W2122741407; W2134721294; W2135415614; W2138166937; W2158403948; W2159723220; W2550505910; W2787038900; W4231807245; W4240201374; W4249612117; W6638164433,0.0,2017.0,Federal University of Rio Grande do Sul,Humanities; Philosophy,Centro Universitário Eurípedes de Marilia; Universidade Federal de São Carlos,BR,Article,PT,True,,Humanities; Philosophy,articles-RITA-20260617-dointext.csv,0,0.5,3.0
10.22456/2175-2745.6865,Editorial,"Luís C. Lamb, José Palazzo Moreira de Oliveira, Lisandro Zambenedetti Granville",W4249918792,"Esta edição da Revista RITA - Revista de Informática Teórica e Aplicada é dedicada à área de Realidade Virtual, contendo artigos estendidos escritos a partir dos cinco melhores trabalhos apresentados no SVR 2008 – Brazilian Symposium on Virtual and Augmented Reality, realizado em maio de 2008, em João Pessoa, Paraíba. Para a organização desta edição, contamos com a participação dos coordenadores do Comitê de Programa do evento, professores Alberto Raposo, da Pontifícia Universidade Católica do Rio de Janeiro, e Judith Kelner, da Universidade Federal de Pernambuco, na qualidade de Editores Convidados. O SVR, promovido pela Sociedade Brasileira de Computação, reúne anualmente a comunidade brasileira com interesse em realidade virtual, realidade aumentada e áreas correlatas. Esta é a primeira ocasião em que artigos do SVR são apresentados em versão estendida na RITA. O Comitê de Programa do evento realizou a seleção dos melhores trabalhos, os quais foram estendidos pelos autores e submetidos a uma nova revisão, coordenada pelos Editores Convidados. Esperamos que essa edição da RITA contribua para a divulgação mais ampla dos trabalhos realizados nas áreas cobertas pelo SVR e incentive estudantes e pesquisadores à submissão dos resultados de suas pesquisas tanto à RITA como às próximas edições do Simpósio. A todos, editores convidados, revisores e autores, gostaríamos de dirigir nossos agradecimentos, por contribuírem com este número especial da Revista RITA. Luis C. Lamb José Palazzo M. Oliveira Lisandro Z. Granville Instituto de Informática, Universidade Federal do Rio Grande do Sul Porto Alegre, RS, Brasil",,0.0,2009.0,Federal University of Rio Grande do Sul,Humanities; Art; Political science,Universidade Federal do Rio Grande do Sul,BR,Editorial,ES,True,,Humanities; Art; Political science,articles-RITA-20260617-dointext.csv,3,0.8,
10.22456/2175-2745.6867,Guest Editors,"Alberto Raposo, Judith Kelner",W4250264107,"The Brazilian Symposium on Virtual and Augmented Reality (SVR) celebrated its 10th edition in 2008, in the city of João Pessoa. During these last 10 years, SVR has earned its space and magnitude as a truly consolidated event within the Brazilian research community. The papers in this special issue of RITA were selectively chosen among the 24 full papers presented in SVR 2008. They are extended and revised versions of those originally presented in the symposium. The material in this special issue is representative of the wide scope of the areas covered by the symposium. The first paper, the only one not presented at the symposium, was written by the editors jointly with Luciano Soares and Veronica Teichrieb. It provides a rich panorama of current Brazilian research in Virtual Reality (VR) and related areas, based on an analysis of the 124 full papers presented over the last four SVR editions. The second paper, by Silvano Malfatti, Selan dos Santos, Luciane Fraga, Claudia Justel, Paulo Rosa, and Jauvane Oliveira, describes some interesting VR work. Its authors present an engine (EnCIMA) aimed at the quick development of VR applications. The third paper, by Fábio Miranda, Romero Tori, Cláudio Bueno, and Lucas Trias, presents research results from the Augmented Reality (AR) area. This paper, which received the best paper award in the symposium, presents a projection-based AR X-Ray tool to allow visual exploration of internal details of walls, as an illustration. The fourth paper, by Leandro Fernandes, Vitor Pamplona, João Prauchner, Luciana Nedel, and Manuel Oliveira, explores 3D user interaction. It presents the implementation of a data glove that uses a camera to track visual markers at finger tips. Finally, the last paper, by Ednaldo Pizzolato, Diego Duarte, and Marcio Fernandes, explores speech recognition as a form of interaction, introducing a software framework for application developers. Alberto Raposo Pontifical Catholic University of Rio de Janeiro - PUC-Rio - Brazil Judith Kelner Federal University of Pernambuco – UFPE – Recife- Pernambuco – Brazil",,0.0,2009.0,Federal University of Rio Grande do Sul,Scope (computer science); Virtual reality; Library science; Panorama; Augmented reality; Computer science; Cartography; Geography; Artificial intelligence,Pontifícia Universidade Católica do Rio de Janeiro; Universidade Federal de Pernambuco,BR,Editorial,EN,True,,Scope (computer science); Virtual reality; Library science; Panorama; Augmented reality; Computer science; Cartography; Geography; Artificial intelligence; Programming language,articles-RITA-20260617-dointext.csv,3,0.8,
10.22456/2175-2745.69309,"Uma Revisão Sistemática sobre Abordagens em Organizações Virtuais no Contexto de Confiança, Reputação e Computação em Nuvem","Luís Felipe Bilecki, Marcelo Da Silva Hounsell, Adriano Fiorese",W2740571278,"AsOrganizaçõesVirtuaisrepresentamumaproeminenteformadecola- boração na qual um conjunto de empresas compartilham habilidades, competências e riscos para atender um objetivo em comum. Algumas preocupações surgem durante a colaboração, como, por exemplo, questões relativas a confiança, reputação e o uso de recursos tecnológicos. A confiança e a reputação nas OVs visam minimizar o risco ao lidar com entidades desconhecidas. Já o uso de recursos tecnológicos, como por exemplo computação em nuvem, fornece suporte a oportunidade de colaboração po- rém apresenta alguns problemas relacionados a autenticação, segurança, privacidade e confiança. Portanto, este artigo apresenta uma revisão sistemática cujo objetivo é veri- ficar as abordagens que estão sendo realizadas no contexto das Organizações Virtuais e que estejam relacionadas com pelo menos um dos conceitos de confiança, reputação ou computação em nuvem. Para tal, a busca junto a literatura especializada resultou em 75 artigos, sendo selecionadas 24 deles para análise. Os critérios utilizados para a seleção foram os artigos relevantes nos últimos 5 anos, completos, no idioma inglês e que relacionassem Organização Virtual com pelo menos um dos conceitos de confi- ança, reputação e computação em nuvem. Por conseguinte, identificou-se como cada conceito é abordado e verificou-se que um mesmo conceito apresenta-se de diferentes formas e nenhum dos trabalhos buscou apresentar a integração desses conceitos.",W4214443; W1589523839; W1810927225; W1921723985; W1965474511; W1967010844; W1982861152; W1986491770; W1989243320; W1990438208; W1992263912; W1996538630; W2008196200; W2033281669; W2034971763; W2040196609; W2040674922; W2046043615; W2046525433; W2048533616; W2050574355; W2053306054; W2069328522; W2069832911; W2076487874; W2099033028; W2104404215; W2104983024; W2120312633; W2122516858; W2123206810; W2124975206; W2127417125; W2131646073; W2133020109; W2141561651; W2154816087; W2164050028; W2164275676; W2168144953; W2169811941; W2248257036; W2275530856; W2533126277; W2794079920; W4214887199; W4230220741; W4233555971; W4235657682; W6680973650; W6682549002; W6694821995; W6703638133,0.0,2017.0,Federal University of Rio Grande do Sul,Computer science; Humanities; Philosophy,Universidade do Estado de Santa Catarina,BR,Article,PT,True,,Computer science; Humanities; Philosophy,articles-RITA-20260617-dointext.csv,0,0.5,3.0
10.22456/2175-2745.69479,Uma Arquitetura de Software para Bibliotecas de Realidade Aumentada Baseada em Marcadores Naturais,"Douglas Oliveira, Lidiane Teixeira Pereira, Rodrigo Luis de Souza da Silva",W2745102932,"Um importante tópico de estudo no campo da Realidade Aumentada é o desenvolvimento de sistemas que não necessitam de marcadores fiduciais. Nesses sis- temas são utilizadas somente características naturais da cena para posicionar a câmera e realizar a projeção. Essa característica torna as aplicações mais inteligíveis e sua utilização é imediata. Entretanto, não existem muitas bibliotecas que auxiliem o de- senvolvimento de aplicações em Markerless Augmented Reality (MAR) e, as poucas que existem, geralmente são de código fechado. Este artigo apresenta uma arquitetura de software que pode ser utilizada para a criação de bibliotecas de MAR. Todos os recursos de Visão Computacional serão oriundos da biblioteca OpenCV.",W170811313; W785542430; W1677409904; W1968123606; W1991544872; W1994349244; W2062609365; W2087564378; W2117228865; W2118877769; W2151103935; W2169004423; W2170735931; W2187250581; W2256578114; W2290468868; W2529216001; W2745102932; W4231358987; W4231935244; W4235360653; W4239818441; W4241307704; W4243493583; W4247916582; W6622836484; W6920686683,2.0,2017.0,Federal University of Rio Grande do Sul,Humanities; Art; Augmented reality; Physics; Computer science; Artificial intelligence,Universidade Federal de Juiz de Fora,BR,Article,PT,True,,Humanities; Art; Augmented reality; Physics; Computer science; Artificial intelligence,articles-RITA-20260617-dointext.csv,0,1.0,
10.22456/2175-2745.6998,FORUM: Modelo e Linguagem para Especificação de Regras em Ambientes Colaborativos,"Luiz Eduardo Galvão Martins, Luiz Camolesi",W110718234,"Collaborative environments development has significantly increased in the last years, as well as the complexity of such systems and the search for better quality. On the collaborative environment development, the definition of precise rules set is important to allow correct interactions among the actors. The goal of this work is to present Forum, a model and a language to specify rules for collaborative environments, helping software designers to make rules specification to support a high level of control in such environments.",W1501413178; W1516054582; W1546104831; W1568846342; W1598853759; W1778486272; W1876452413; W1905320357; W1925190167; W2022683492; W2069058255; W2081456048; W2124470457; W2127410574; W2160858448; W2161484642; W2162737732; W2164441047; W2168884369; W2169336499; W4285719527,0.0,2008.0,Federal University of Rio Grande do Sul,Computer science; Set (abstract data type); Collaborative editing; Software engineering; Control (management); Quality (philosophy); World Wide Web; Programming language; Artificial intelligence,Methodist University of Piracicaba; Universidade Estadual de Campinas (UNICAMP),BR,Article,EN,True,,Computer science; Set (abstract data type); Collaborative editing; Software engineering; Control (management); Quality (philosophy); World Wide Web; Programming language; Artificial intelligence; Philosophy; Epistemology,articles-RITA-20260617-dointext.csv,7,0.5,1.0
10.22456/2175-2745.6999,Estabilidade de Classificadores de Decisão em Árvore Binária para Dados Imagem em Alta Dimensão,"Denis Altieri de Oliveira Moraes, Victor Haertel",W1901041297,"This paper deals with the problem of classifying high-dimensional image data image data using a multiple stage classifier structured as a binary tree. The aim here consists in finding the optimal structure for the binary tree in the sense of achieving a stable accuracy. The advantage presented by a multiple stage classifier lies on the fact that only a sub-set of classes is considered at each stage, allowing a better selection of the features to be used at each node. The binary tree is a particular case of a tree structured classifier, on which only two classes are considered at each node. This peculiarity makes possible the direct use of statistical distances for feature reduction (selection or extraction). In this study the criterion used for feature reduction at each node consists in optimizing the Bhattacharyya distance separating both classes in the node. The optimization of Bhattacharyya distance was based on the covariance matrices. Once the final set of features is obtained at each particular node, the classification is performed using the Gaussian Maximum Likelihood decision rule. Tests were performed using high-dimensional image data collected by the sensor system AVIRIS covering a test area. The criteria to evaluate the performance of the classifiers are: the final accuracy yielded by the classifier, its stability, and the required computer time.",W1579570236; W2009029907; W2039609561; W2087094574; W2098057602; W2135346934; W2168867644; W4233341945; W4238240379; W6634665254; W6674950747; W6851296816,1.0,2008.0,Federal University of Rio Grande do Sul,Bhattacharyya distance; Pattern recognition (psychology); Classifier (UML); Bin; Artificial intelligence; Computer science; Mathematics; Decision tree; Binary number; Feature selection; Data mining; Algorithm,Universidade Federal do Rio Grande do Sul,BR,Article,EN,True,,Bhattacharyya distance; Pattern recognition (psychology); Classifier (UML); Bin; Artificial intelligence; Computer science; Mathematics; Decision tree; Binary number; Feature selection; Data mining; Algorithm; Arithmetic,articles-RITA-20260617-dointext.csv,3,0.8,
10.22456/2175-2745.7015,On the Development and Evaluation of a Brazilian Portuguese Discourse Parser,"Thiago Alexandre Salgueiro Pardo, Maria das Graças Volpe Nunes",W1936145620,"We present in this paper the development process and the evaluation procedure of a Brazilian Portuguese discourse parser called DiZer. Based on Rhetorical Structure Theory, DiZer is a symbolic cue phrase-based analyzer that makes use of discourse templates learned from a corpus of scientific texts to identify and build the discourse structure of texts. DiZer evaluation shows satisfactory results for scientific and news texts, even tough it was not designed for the latter, which demonstrates DiZer portability.",W19867504; W74645120; W78107139; W170445143; W204383482; W1486798440; W1488490173; W1507377794; W1509874124; W1535954793; W1540934181; W1545396636; W1553480546; W1574989980; W1586232984; W1590261435; W1593784001; W1597655096; W1730134856; W1733954365; W1968494857; W1982199055; W2018896856; W2024409340; W2034742893; W2062837929; W2090548689; W2090599418; W2092856356; W2125313110; W2133695336; W2152197045; W2154407881; W2156546668; W2158889760; W2159748637; W2161160885; W2167702024; W2186590411; W2395895601; W2493474679; W2779939113; W2796493717; W3022363216; W6630542241; W6635152434; W6635217561; W6635505575; W6679737033; W6683626501; W6684552912; W6746900321; W6999387099; W7033816808,50.0,2008.0,Federal University of Rio Grande do Sul,Parsing; Computer science; Rhetorical question; Portuguese; Software portability; Linguistics; Programming language; Natural language processing; Artificial intelligence; Philosophy,Universidade de São Paulo,BR,Article,EN,True,,Parsing; Computer science; Rhetorical question; Portuguese; Software portability; Linguistics; Programming language; Natural language processing; Artificial intelligence; Philosophy,articles-RITA-20260617-dointext.csv,0,0.5,1.0
10.22456/2175-2745.7016,Estratégias para a Combinação de Classificadores Binários em Soluções Multiclasses,"Ana Carolina Lorena, André C. P. L. F. de Carvalho",W2120914790,"Several problems involve the classification of data into categories, also called classes. Given a dataset containing data whose classes are known, Machine Learning algorithms can be employed for the induction of a classifier able to predictthe class of new data from the same domain, performing the desired discrimination. Some learning techniques are originally conceived for the solution of problems with only two classes, also named binary problems. However, several problems requirethe discrimination of examples into more than two categories or classes. This paper surveys strategies for the generalization of binary classifiers to problems with more than two classes, known as multiclass problems. The focus is on strategies that decompose the original multiclass problem into multiple binary subtasks, whose outputs are combined to obtain the final classification.",W34176136; W1501573052; W1516805780; W1517567737; W1517593247; W1521723576; W1528620860; W1540389991; W1554850889; W1563088657; W1572506723; W1574496672; W1579572292; W1585939719; W1605176376; W1606348152; W1676820704; W1793492036; W1794117957; W1979356488; W1981863521; W1985789779; W2000829304; W2019575783; W2040672759; W2083774980; W2091145390; W2097571405; W2103342147; W2119821739; W2133864802; W2148771442; W2149706766; W2150314279; W2152514666; W2153104898; W2156257272; W2156909104; W2157239837; W2157747774; W2170981964; W2172000360; W2187993330; W2375676523; W3014813097; W3124619719; W3195126080; W4206686222; W4236137412; W4239510810; W4285719527; W4312326823; W6683380652,3.0,2008.0,Federal University of Rio Grande do Sul,Multiclass classification; Binary classification; Generalization; Bin; Binary number; Classifier (UML); Artificial intelligence; Computer science; Class (philosophy); Focus (optics); Binary data; Domain (mathematical analysis); Machine learning; Pattern recognition (psychology); Mathematics; Support vector machine; Algorithm; Arithmetic,Brazilian Society of Computational and Applied Mathematics; Universidade Federal do ABC; Universidade de São Paulo,BR,Article,EN,True,,Multiclass classification; Binary classification; Generalization; Bin; Binary number; Classifier (UML); Artificial intelligence; Computer science; Class (philosophy); Focus (optics); Binary data; Domain (mathematical analysis); Machine learning; Pattern recognition (psychology); Mathematics; Support vector machine; Algorithm; Arithmetic; Physics; Mathematical analysis; Optics,articles-RITA-20260617-dointext.csv,1,0.5,3.0
10.22456/2175-2745.7023,Representação e Classificação de Texturas da Íris Baseada na Transformada Ótima de Gabor,"Fernanda Rispoli Quartieri, Jacob Scharcanski, Letícia Vieira Guimarães, Adalberto Schuck",W2143705986,"This paper proposes to investigate the application of the method developed by Manjunah and Ma [12], namely, the Optimal Gabor Wavelet Transform (OGWT), in the context of iris texture representation. The proposed method was tested in a widely known database of 1205 eye images [16]. In each one of these images, the iris region was segmented, and then represented in multiple scales using the OGWT; the íris texture patterns were represented by their statistics in the Wavelet domain, and compared using similarity metrics. The experimental results indicate that the proposed method obtains a correct iris recognition rate of 94,68%, even considering out of focus images and iris occlusions; a correct iris recognition rate of 100% is obtained excluding problematic images. The proposed method is flexible, and allows to fine tune the iris recognition criterion according to the accuracy level required by the application.",W26264755; W2004217976; W2102796633; W2103384342; W2103739294; W2105144572; W2114212719; W2115718371; W2118615812; W2125148312; W2134408546; W2139695910; W2144169730; W2171181782; W2171759622; W4240744150; W6675671401; W6677886290; W7027716524,1.0,2008.0,Federal University of Rio Grande do Sul,Artificial intelligence; Computer science; Pattern recognition (psychology); Iris recognition; IRIS (biosensor); Wavelet; Computer vision; Mathematics; Biometrics,Universidade Federal do Rio Grande do Sul,BR,Article,EN,True,,Artificial intelligence; Computer science; Pattern recognition (psychology); Iris recognition; IRIS (biosensor); Wavelet; Computer vision; Mathematics; Biometrics,articles-RITA-20260617-dointext.csv,2,0.8,
10.22456/2175-2745.7024,A Novel Method for Generating Scale Space Kernels Based on Wavelet Theory,"D. Doering, Adalberto Schuck",W2255944472,"The linear scale-space kernel is a Gaussian or Poisson function. These functions were chosen based on several axioms. This representation creates a good base for visualization when there is no information (in advanced) about which scales are more important. These kernels have some deficiencies, as an example, its support region goes from minus to plus infinite. In order to solve these issues several others scale-space kernels have been proposed. In this paper we present a novel method to create scale-space kernels from one-dimensional wavelet functions. In order to do so, we show the scale-space and wavelet fundamental equations and then the relationship between them. We also describe three different methods to generate two-dimensional functions from one-dimensional functions. Then we show results got from scale-space blob detector using the original and two new scale-space bases (Haar and Bi-ortogonal 4.4), and a comparison between the edges detected using the Gaussian kernel and Haar kernel for a noisy image. Finally we show a comparison between the scale space Haar edge detector and the Canny edge detector for an image with one known square in it, for that case we show the Mean Square Error (MSE) of the edges detected with both algorithms.",W1495971627; W1589604081; W1999573470; W2022735534; W2031509906; W2034501924; W2041669997; W2058399510; W2062024414; W2072561337; W2109863423; W2115755118; W2123211807; W2126206559; W2139616148; W2145023731; W2152328854; W3000631439; W4250533120; W6658396801; W6665990373; W6668698236; W6681893956; W6682607298; W6816160263,2.0,2008.0,Federal University of Rio Grande do Sul,Scale space; Haar wavelet; Mathematics; Gaussian function; Wavelet; Kernel (algebra); Haar; Scale (ratio); Canny edge detector; Algorithm; Poisson kernel; Space (punctuation); Kernel method; Gaussian; Edge detection; Pattern recognition (psychology); Wavelet transform; Artificial intelligence; Mathematical analysis; Computer science; Image (mathematics); Discrete wavelet transform; Image processing; Discrete mathematics; Support vector machine,Lawrence Berkeley National Laboratory; Universidade Federal do Rio Grande do Sul,BR; US,Article,EN,True,,Scale space; Haar wavelet; Mathematics; Gaussian function; Wavelet; Kernel (algebra); Haar; Scale (ratio); Canny edge detector; Algorithm; Poisson kernel; Space (punctuation); Kernel method; Gaussian; Edge detection; Pattern recognition (psychology); Wavelet transform; Artificial intelligence; Mathematical analysis; Computer science; Image (mathematics); Discrete wavelet transform; Image processing; Discrete mathematics; Support vector machine; Physics; Operating system; Quantum mechanics,articles-RITA-20260617-dointext.csv,2,0.5,3.0
10.22456/2175-2745.7029,Proposta de Utilização do Diagrama de Seqüência para Definição de Casos de Teste de Unidade,Fabiane Fabiane Barreto Vavassori Benitti,W2223750582,"The step of software testing has been increasingly relevant in the software development process, directly impacting on the quality of the product. Among the tests applied in the software, it appears that the unit test does not present an artifact aligned with the standard adopted for specification of software (UML). In this sense, it presents a proposal for using the sequence diagram of how to define artifact of test cases, specifically geared to unit test, making the planning of tests regardless of programming language, expanding the possibilities for using the artifact. The suitability of the proposed diagram is demonstrated by using a tool that allows the generation of code to run on JUnit framework.",W1508028241; W1558435340; W1607519102; W2014309790; W2133414060; W2544643740; W2578468331; W3143245542; W4248598130; W6636446546; W6679854469; W6792413771; W7028784112,0.0,2008.0,Federal University of Rio Grande do Sul,Artifact (error); Computer science; Sequence diagram; Unit testing; Programming language; Unified Modeling Language; Software quality; Software; Software engineering; Software development; Artificial intelligence,,,Article,EN,True,,Artifact (error); Computer science; Sequence diagram; Unit testing; Programming language; Unified Modeling Language; Software quality; Software; Software engineering; Software development; Artificial intelligence,articles-RITA-20260617-dointext.csv,1,1.0,
10.22456/2175-2745.7031,Reestruturação de Software Dirigida por Conectividade para Redução de Custo de Manutenção,"Kecia A. M. Ferreira, Mariza A. S. Bigonha, Roberto S. Bigonha",W1637836037,"Most of the software cost is due to maintenance. In the last years, there has been a great deal of interest in developing cost estimation and effort prediction instruments for software maintenance. This work proposes that module connectivityis a key factor to predict maintenance cost and uses this thesis as the basis to develop a Connectivity Evaluation Model in OO Systems (MACSOO), which is a refactoring model based on connectivity whose aim is to minimize maintenance cost. We describe experiments whose results provide an example of the model application and expose the correlation between connectivity and maintainability.",W74649515; W142616426; W1500013169; W1513834109; W1528580914; W1586552768; W1953645467; W1967916683; W2080066761; W2096958718; W2105300539; W2128666163; W2134119432; W2149963636; W2153887189; W2154025180; W2158864412; W2159369248; W2161460582; W2161825580; W2163001363; W2163956676; W2168828916; W2290181636; W2787379525; W2984682367; W3183224878; W4231615358; W4285719527; W4399452770; W6683106902; W6684208002,3.0,2008.0,Federal University of Rio Grande do Sul,Maintainability; Computer science; Software maintenance; Code refactoring; Key (lock); Software; Reliability engineering; Software development; Software engineering; Operating system; Engineering,Universidade Federal de Minas Gerais,BR,Article,EN,True,,Maintainability; Computer science; Software maintenance; Code refactoring; Key (lock); Software; Reliability engineering; Software development; Software engineering; Operating system; Engineering,articles-RITA-20260617-dointext.csv,1,0.8,
10.22456/2175-2745.7032,Uma Proposta de Modelagem para a Generalização de Elos de Rastreabilidade,"Elias Canhadas Genvigir, Nandamudi L. Vijaykumar",W2098515019,Several models proposed traceability links that provide pre–definedgroups of links for requirements traceability. These models are limited to pre–defined links without the ability to add new attributes to the existing links. This work proposes a model for requirements traceability that generalizes the types of links already establishedin the literature and enables addition of new standards allowing the inclusion of attributes to the links that will be used in a specific traceability process.,W1537202; W35349435; W51930648; W67032134; W113062673; W276211960; W318458783; W574157275; W637241713; W1507574638; W1563804946; W1569267743; W1584310041; W1606762842; W1657935640; W1934050822; W1980640334; W1980736913; W1985475387; W1990855731; W1991334006; W1996385959; W2021845463; W2026032320; W2029250592; W2039076937; W2040952376; W2044463389; W2045895677; W2084707233; W2091097817; W2101620885; W2109069322; W2121230168; W2124139662; W2124405605; W2128581098; W2129559874; W2142214748; W2142809450; W2147152072; W2149072143; W2153258502; W2159420337; W2161527051; W2161849440; W2163282569; W2163960678; W2166226604; W2290181636; W2295859017; W2334556844; W2913211075; W2914757374; W2983995785; W4230441290; W4241080686; W4244995761; W4248059913; W4251218026,0.0,2008.0,Federal University of Rio Grande do Sul,Traceability; Requirements traceability; Computer science; Process (computing); Software engineering; Requirements analysis; Programming language; Software,Instituto Nacional de Pesquisas Espaciais; Universidade Tecnológica Federal do Paraná,BR,Article,EN,True,,Traceability; Requirements traceability; Computer science; Process (computing); Software engineering; Requirements analysis; Programming language; Software; Requirement,articles-RITA-20260617-dointext.csv,3,0.8,
10.22456/2175-2745.7033,Inspeção Automática de Defeitos em Madeiras de Pinus usando Visão Computacional,"Luiz S. Oliveira, Paulo Cavalin, Alceu S. Britto, Alessandro L. Koerich",W1548421713,"This paper addresses the issue of detecting defects in Pine wood using features extracted from grayscale images. The feature set proposed here is based on the concept of texture and it is computed from the co-occurrence matrices. The features provide measures of properties such as smoothness, coarseness, and regularity. Comparative experiments using a color image based feature set extracted from percentile histograms are carried to demonstrate the efficiency of the proposed feature set. Two different learning paradigms, neural networks and support vector machines, and a feature selection algorithm based on multi-objective genetic algorithms were considered in our experiments. The experimental results show that after feature selection, the grayscale image based feature set achieves very competitive performance for the problem of wood defect detection relative to the color image based features.",W4608154; W1595498733; W1900582009; W1993743857; W2062370009; W2077218694; W2138153039; W2146384265; W2148603752; W2153635508; W2262193193; W3120421331,1.0,2008.0,Federal University of Rio Grande do Sul,Artificial intelligence; Grayscale; Pattern recognition (psychology); Feature selection; Computer science; Feature (linguistics); Set (abstract data type); Image (mathematics); Histogram,Pontifícia Universidade Católica do Paraná; École de Technologie Supérieure,BR; CA,Article,EN,True,,Artificial intelligence; Grayscale; Pattern recognition (psychology); Feature selection; Computer science; Feature (linguistics); Set (abstract data type); Image (mathematics); Histogram; Philosophy; Programming language; Linguistics,articles-RITA-20260617-dointext.csv,2,0.8,
10.22456/2175-2745.71429,Non-Cooperative Facility Location Games: a Survey,"Félix Carvalho Rodrigues, Eduardo C. Xavier",W2740697933,"The Facility Location problem is a well-know NP-Hard combinatorial optimization problem. It models a diverse set of situations where one aims to provide a set of goods or services via a set of facilities F to a set of clients T , also called terminals. There are opening costs for each facility in F and connection costs for each pair of facility and client, if such facility attends this client. A central authority wants to determine the solution with minimum cost, considering both opening and connection costs, in such a way that all clients are attended by one facility. In this survey we are interested in the non-cooperative game version of this problem, where instead of having a central authority, each client is a player and decides where to connect himself. In doing so, he aims to minimize his own costs, given by the connection costs and opening costs of the facility, which may be shared among clients using the same facility. This problem has several applications as well, specially in distributed scenarios where a central authority is too expensive or even infeasible to exist. In this paper we present a survey describing different variants of this problem and reviewing several results about it, as well as adapting results from existing literature concerning the existence of equilibria, Price of Anarchy and Price of Stability. We also point out open problems that remain to be addressed.",W249351555; W1556452705; W1563327370; W1600999481; W1628263385; W1842379050; W1854960439; W1974149536; W1975442866; W1983553101; W1991307017; W2020931019; W2033335792; W2039224531; W2040876032; W2060390705; W2095094403; W2096880216; W2099758346; W2106850014; W2107390991; W2111589951; W2133243407; W2159759087; W2519982165; W4233090147; W4241627825; W6638964711; W6674630144; W6676246217; W6685112438; W6725022025,5.0,2017.0,Federal University of Rio Grande do Sul,Facility location problem; Set (abstract data type); Computer science; Point (geometry); Price of anarchy; Connection (principal bundle); Operations research; Total cost; Price of stability; Microeconomics; Mathematics; Economics,Albert Einstein College of Medicine; Universidade Estadual de Campinas (UNICAMP),BR; US,Article,ES,True,,Facility location problem; Set (abstract data type); Computer science; Point (geometry); Price of anarchy; Connection (principal bundle); Operations research; Total cost; Price of stability; Microeconomics; Mathematics; Economics; Monetary policy; Geometry; Programming language; Monetary economics,articles-RITA-20260617-dointext.csv,5,0.5,3.0
10.22456/2175-2745.71439,Identificação de amostras de sementes utilizando VisãoComputacional,"Lucas Ferrari de Oliveira, Luiz Alberto Bordignon, Jeovane Honório Alves",W2744501058,"Diversos sistemas computacionais voltados ao Agronegócio foram desenvolvidos visando melhorar a produtividade, qualidade dos produtos, reduzir desperdícios e auxiliar na tomada de decisões. Da mesma forma, medidores de umidade estão cada vez mais tecnológicos e, neste caso, automatização do processo de medição auxilia na redução de erros e aumento de produtividade. Neste contexto, o presente trabalho apresenta uma metodologia para obtenção de imagens de sementes e classificação utilizando métodos de Visão Computacional. Uma base de imagens com treze tipos de sementes foi criada para avaliação do método de identificação proposto. Quatro descritores foram extraídos, avaliados individualmente e de forma combinada, sendo utilizados como entrada no classificador SVM. O método proposto obteve uma taxa de acerto superior a 85% em 12 dos 13 tipos testados, mostrando a viabilidade dasua utilização na identificação de sementes, para uma posterior análise de umidade.",W220935706; W251438302; W1591118180; W1980289144; W2044465660; W2059643777; W2123027894; W2124005670; W2145707876; W2147141800; W2159666059; W2163352848; W2168137677; W2248180253; W4244630465,0.0,2017.0,Federal University of Rio Grande do Sul,Humanities; Physics; Art,Universidade Federal do Paraná,BR,Article,PT,True,,Humanities; Physics; Art,articles-RITA-20260617-dointext.csv,0,1.0,
10.22456/2175-2745.7146,Revisores,José Palazzo Moreira de Oliveira,W4252609332,"Os editores da Revista de Informática Teórica e Aplicada agradecem ao corpo editorial e aos seguintes revisores, do ano de 2008, por seus esforços em manter o alto padrão de avaliação dos artigos da revista.",,0.0,2008.0,Federal University of Rio Grande do Sul,Humanities; Philosophy,Universidade Federal do Rio Grande do Sul,BR,Article,ES,True,,Humanities; Philosophy,articles-RITA-20260617-dointext.csv,0,0.5,7.0
10.22456/2175-2745.7147,Modelagem de Tráfego de Redes Utilizando Cascata Multifractal Generalizada,"Flávio Henrique Teles Vieira, Lee Luan Ling",W1634870865,"In this paper we propose a multifractal traffic model that is based on a multiplicative cascade presenting specific multiplier distributions in each cascade stage. In the proposed model, the multipliers are obtained through the estimate of their probability densities found in real network traffic by using Kernel and Acceptance/Rejection methods. Statistical analysis and queueing behavior study were carried out for the model validation. Furthermore, we verify the model performance in capturing the traffic trace characteristics in comparison to other multifractal models.",W646587890; W1499963479; W2060562186; W2096181151; W2097530712; W2098293598; W2105818147; W2114050573; W2124897521; W2126516062; W2129905273; W2134005149; W2148275477; W2152828142; W2155669300; W2159048618; W2166925371; W3163606262; W4248721357; W4256555983; W4299960550,1.0,2008.0,Federal University of Rio Grande do Sul,Multifractal system; Queueing theory; Traffic model; Multiplicative function; Computer science; Mathematics; Statistics; Fractal; Computer network,Universidade Estadual de Campinas (UNICAMP); Universidade Federal de Goiás,BR,Article,EN,True,,Multifractal system; Queueing theory; Traffic model; Multiplicative function; Computer science; Mathematics; Statistics; Fractal; Computer network; Mathematical analysis,articles-RITA-20260617-dointext.csv,3,0.5,2.0
10.22456/2175-2745.7148,Editorial,"Luís C. Lamb, José Palazzo Moreira de Oliveira, Lisandro Zambenedetti Granville",W4229612308,"A publicação de periódicos de alto nível é um parâmetro de qualidade da pesquisa científica de um país. A RITA (Revista de Informática Teórica e Aplicada) atinge maturidade ao concluir a publicação de 15 volumes. Publicada desde 1989, a RITA possui regularidade e um novo patamar de qualidade e reconhecimento. Estamos caminhando na direção da indexação, e a partir de agosto de 2008 adotamos um novo sistema de submissões e avaliações da revista, visando sempre um melhor serviço à comunidade acadêmica de Computação. Recentemente, a RITA passou também a ser publicada de forma eletrônica. Os artigos publicados serão também indexados pelas bibliotecas participantes do Open Journal Systems. As novas submissões deverão utilizar a página do sistema SEER, em http://www.seer.ufrgs.br/index.php/rita. Em relação ao número atual da Revista, é com grande satisfação que publicamos onze artigos de pesquisadores de universidades reconhecidas. Os temas dos artigos cobrem um amplo espectro da pesquisa em ciência da computação, incluindo: ambientes colaborativos, processamento de imagens, processamento de linguagem natural, inteligência artificial, aprendizado de máquina, redes de computadores, engenharia de software e visão computacional. A amplitude de linhas de pesquisa sugere que a comunidade de computação tem acreditado do trabalho por nós conduzido e nos obrigado a aprimorar nossos padrões de qualidade. Finalmente, agradecemos ao corpo editorial da Revista de Informática Teórica e Aplicada e aos revisores pela inestimável disposição em colaborar pelo fortalecimento das publicações na área da Ciência da Computação do Brasil. Agradecemos, também, à Mariusa Warpechowski, Kelly Hannel e Lourdes Tassinari pelo apoio nesta edição. Luis C. Lamb José Palazzo M. Oliveira Lisandro Z. Granville Instituto de Informática, Universidade Federal do Rio Grande do Sul Porto Alegre, RS, Brasil",,0.0,2008.0,Federal University of Rio Grande do Sul,Humanities; Physics; Philosophy,Universidade Federal do Rio Grande do Sul,BR,Editorial,ES,True,,Humanities; Physics; Philosophy,articles-RITA-20260617-dointext.csv,0,0.5,3.0
10.22456/2175-2745.71775,Análise de desempenho de Banco de Dados Relacionais e Não Relacionais em dados genômicos,"Juccelino Rodrigues Alves Barros, Gustavo Callou, Glauco Estácio Gonçalves, Victor Wanderley, Henrique Casteletti",W2775486360,"O armazenamento de dados genômicos é um grande desafio hoje, poiscom o avanço da tecnologia molecular a quantidade de dados genômicos geradosestá aumentando, de forma que o sequenciamento de um único organismo podegerar arquivos com gigabytes de informações. De forma geral, os processos demanipulação de dados genômicos fazem uso de simples arquivos como o principalmeio para armazenamento de tais dados. Contudo, os bancos de dados modernosse apresentam como alternativa para a gerência desses dados por oferecer melhororganização, tolerância a falhas, melhor uso do espaço disponível para armaze-namento e desempenho. Além disso, os bancos de dados permitem agregar aosdados brutos do sequenciamento meta-informações acerca das sequências de DNAarmazenadas. Diante deste cenário, este trabalho apresenta e avalia o desempenho dediferentes estratégias de armazenamento em três bancos de dados pertencentes a doisparadigmas diferentes, o MySQL (representante dos bancos de dados Relacionais), oCassandra e o MongoDB (representantes dos bancos de dados Não Relacionais). Osresultados demonstraram que os bancos de dados relacionais apresentam limitaçõesquando estão inseridos em um ambiente com grandes massas de dados.",W2008943322; W2101305463; W2120817193; W2514489076; W2963391732,1.0,2017.0,Federal University of Rio Grande do Sul,Physics; Humanities; Philosophy,Universidade Federal Rural de Pernambuco; Universidade Federal de Pernambuco,BR,Article,PT,True,,Physics; Humanities; Philosophy,articles-RITA-20260617-dointext.csv,0,0.5,3.0
10.22456/2175-2745.73173,Estudo e Modelagem dos Efeitos da Forma e do Crescimento em Processos de Formação de Padrões de Pelagem via Reação-Difusão,"Davi Padilha Mesquita, Marcelo Walter",W2616077908,"Modelos de reação-difusão são amplamente usados na simulação de formação de padrõesem seres vivos, sendo aplicados tanto como explicação destes fenômenos quantopara a geração de texturas em computação gráfica. No entanto, poucos estudos levamem conta a influência da forma da superfície sobre o padrão resultante. Neste trabalhorealizamos simulações com o modelo de reação-difusão não-linear de Turing emsuperfícies bidimensionais utilizando diferentes parâmetros e formatos de superfície.Nossos resultados mostram que a forma possui um efeito relevante sobre o padrão finalresultante, permitindo a transição de pintas para listras, a alteração da estabilidadee da robustez do sistema, e a obtenção de padrões geometricamente regulares.",W29661838; W118977093; W1964456182; W1965755101; W1980661496; W1989105249; W1998586550; W2009339775; W2026965726; W2030638423; W2037486322; W2062737417; W2078179749; W2089840306; W2096050810; W2100021584; W2113834765; W2119455906; W2129803757; W2133059825; W2159740047; W2761857255; W4249968609; W4300552588,0.0,2017.0,Federal University of Rio Grande do Sul,Physics; Humanities; Philosophy,Universidade Federal do Rio Grande do Sul,BR,Article,PT,True,,Physics; Humanities; Philosophy,articles-RITA-20260617-dointext.csv,0,1.0,
10.22456/2175-2745.7386,Posicionamento de Circuitos 3D Considerando o Planejamento de 3D-Vias,"Renato Hentschke, Marcelo Johann, Ricardo Reis",W2286683450,"Este trabalho explora métodos para realizar o posicionamento de um tipo particular de circuitos VLSI conhecido como circuito 3D (três dimensões).. Diferente de trabalhos anteriores, este artigo aborda o problema de posicionamento 3D considerando as conexões verticais (chamadas 3D-Vias) e as limitações impostas pelas mesmas. Foi realizado um ?uxo completo de posicionamento, iniciando pelo tratamento de pinos de entrada e saída (E/S) e seguido com posicionamento global, posicionamento detalhado e posicionamento das 3D-Vias. A primeira etapa busca a distribuição os pinos de E/S de maneira equilibrada objetivando auxiliar o posicionamento para obter uma quantidade reduzida de 3D-Vias. O mecanismo de posicionamento global baseado no algorítmo de Quadratic Placement considera informações fornecidos pela tecnologia de fabricação e requisito de espaçamento de 3D-Vias para reduzir o comprimento das conexões e equilibrar a distribuição das células em 3D. Conexões críticas podem ser tratadas através da inserção de redes arti?ciais que auxiliam a evitar que 3D-Vias sejam usadas em sua implementação. Finalmente, as 3D-Vias são posicionadas por um algorítmo rápido baseado na legalização Tetris. O framework completo reforça os potenciais benefícios dos circuitos 3D para reduzir o comprimento das co- nexões e apresenta algorítmos e?cientes projetados para circuitos 3D que podem ser incorporados em novas ferramentas de CAD.",W135206478; W1927844004; W1973062518; W1987786682; W1993700253; W2004115473; W2005226599; W2009795871; W2023264348; W2027918523; W2042796482; W2079078065; W2132668926; W2132942644; W2137893918; W2138329321; W2139155713; W2142356348; W2144149750; W2145036657; W2153726235; W2161343107; W2224246236; W2537790651; W2545518041; W4244611057; W4249942584; W4302087205; W6643626223,0.0,2012.0,Federal University of Rio Grande do Sul,Physics; Humanities; Art,Cicatelli Associates; Universidade Federal do Rio Grande do Sul,BR; US,Article,ES,True,,Physics; Humanities; Art,articles-RITA-20260617-dointext.csv,0,0.5,3.0
10.22456/2175-2745.74030,Sleep Stages Classification Using Spectral Based Statistical Moments as Features,"Eduardo Tiago Braun, Alice Kozakevicius, Thiago L. T. da Silveira, Cesar Ramos Rodrigues, Giovani Baratto",W2787695526,"In the pursuit of highly effective and efficient portable sleep classification systems, researchers have been testing a massive number of combinations of EEG features and classifiers. State of art sleep classification ensembles achieve accuracy in the order of 90%. However, there is presently no consensus regarding the best setof features for sleep staging with single channel EEG, leading researchers to modify feature selection according to the number of classification stages. This paper introduces a reduced set of frequency-domain features capable of yielding high classification accuracy (90.9%, 91.8%, 92.4%, 94.3% and 97.1%) for all 6- to 2-state sleep stages. The proposed system uses fast Fourier transform (FFT) to convert data from Pz-Oz EEG channel into the frequency domain. Afterwards, eight statistical features are extracted from specific frequency ranges and fed into a random forest classifier.",W117545607; W1464481193; W1969675008; W1974498657; W1978347377; W1989847754; W1996369579; W2021589706; W2033172224; W2066561607; W2088478798; W2102376611; W2131659142; W2135280991; W2138084290; W2140190241; W2146182319; W2166681354; W2172332050; W2288807360; W2396351021; W2513213398; W2525537354; W2560384232; W2565543439; W2751060233; W3152633770; W4213277510; W4247296637; W4256633373,17.0,2018.0,Federal University of Rio Grande do Sul,Fast Fourier transform; Computer science; Random forest; Classifier (UML); Artificial intelligence; Frequency domain; Pattern recognition (psychology); Electroencephalography; Feature selection; Sleep Stages; Sleep (system call); Statistical classification; Speech recognition; Machine learning; Polysomnography; Algorithm; Psychology; Computer vision,Universidade Federal de Santa Maria; Universidade Federal do Rio Grande do Sul,BR,Article,EN,True,,Fast Fourier transform; Computer science; Random forest; Classifier (UML); Artificial intelligence; Frequency domain; Pattern recognition (psychology); Electroencephalography; Feature selection; Sleep Stages; Sleep (system call); Statistical classification; Speech recognition; Machine learning; Polysomnography; Algorithm; Psychology; Computer vision; Operating system; Psychiatry,articles-RITA-20260617-dointext.csv,1,0.5,2.0
10.22456/2175-2745.74992,Análise Autônoma de Investimento: Uma Abordagem Multiagente Discreta,"Paulo André Lima de Castro, Ronald Annoni, Jaime Simão Sichman",W2789159311,"Desde os primeiros dias da ciência da computação, os pesquisadores se perguntam onde está a linha que separa as tarefas que máquinas podem fazer, daquelas que apenas seres humanos podem realizar. Várias tarefas foram apontadas como impossíveis para as máquinas e mais tarde conquistadas por novos avanços na Inteligência Artificial. Hoje em dia, parece que não estamos longe do dia em que a condução de carros será incluída nas tarefas que as máquinas podem fazer de maneira eficiente. Certamente, atividades ainda mais complexas serão dominadas por máquinas no futuro. Neste artigo, argumentamos que a análise de investimentos, o processo de avaliação e seleção de investimentos em termos de risco e retorno podem estar entre as tarefas executadas de forma eficiente por máquinas em futuro talvez não distante. Na verdade, há esforços de pesquisa significativos para criar algoritmos e métodos quantitativos para analisar investimentos. Apresentamos uma breve revisão sobre eles. Através desta revisão, podemos perceber que há muitos desafios e complexidades a serem enfrentados na busca de análise autônoma de investimentos (AAI). Neste artigo, propomos uma abordagem para simplificar o problema de análise autônoma de investimentos capaz de tratar com as complexidades identificadas (natureza dos ativos, algoritmos de análise múltipla por ativo, não estacionaridade e múltiplos horizonte de investimento). Esta abordagem baseia-se no uso simultâneo de diversos agentes autônomos e na discretização do problema AAI e sua modelagem como um problema de classificação. Essa abordagem quebra a complexidade enfrentada pela AAI em problemas que podem ser abordados por um grupo de agentes que trabalham em conjunto para fornecer conselhos de investimento inteligentes e personalizados para indivíduos. Apresentamos uma implementação dessa abordagem e resultados obtidos através de seu uso com dados históricos do mercado de capitais brasileiro. Acreditamos que tal abordagem pode contribuir para o desenvolvimento de AAI. Além disso, esta abordagem permite a incorporação de algoritmos e técnicas já conhecidas que podem ajudar a resolver parte do problema.",W34750253; W571289151; W579623069; W1485997076; W1508947067; W1518646955; W1520935081; W1570448133; W1754742701; W1965245272; W2010681793; W2026430219; W2073555374; W2131773668; W2155646692; W2156760157; W2160519132; W2165260235; W2169613135; W2334182575; W2623293810; W4255174402; W4375819112; W6668961951,0.0,2018.0,Federal University of Rio Grande do Sul,Philosophy; Humanities; Economics,Instituto Tecnológico de Aeronáutica; Intel (Brazil); Universidade de São Paulo,BR,Article,PT,True,,Philosophy; Humanities; Economics,articles-RITA-20260617-dointext.csv,0,0.5,3.0
10.22456/2175-2745.75048,"Combining Artificial Intelligence, Ontology, and Frequency-based Approaches to Recommend Activities in Scientific Workflows","Adilson Lopes Khouri, Luciano Antônio Digiampietri",W2787976733,"The number of activities provided by scientific workflow management systems is large, which requires scientists to know many of them to take advantage of the reusability of these systems. To minimize this problem, the literature presents some techniques to recommend activities during the scientific workflow construction. In this paper we specified and developed a hybrid activity recommendation system considering information on frequency, input and outputs of activities and ontological annotations. Additionally, this paper presents a modeling of activities recommendation as a classification problem, tested using 5 classifiers; 5 regressors; and a composite approach which uses a Support Vector Machine (SVM) classifier, combining the results of other classifiers and regressors to recommend; and Rotation Forest, an ensemble of classifiers. The proposed technique was compared to related techniques and to classifiers and regressors, using 10-fold-cross-validation, achieving a Mean Reciprocal Rank (MRR) at least 70% greater than those obtained by classical techniques.",W1479688081; W1490658580; W1566774080; W1798525880; W1845524520; W1965064895; W1965065775; W1969052024; W1981780420; W1996369457; W2012386736; W2019798190; W2020650153; W2096734591; W2099488585; W2119525635; W2121974599; W2127020419; W2139384265; W2151391137; W2153948544; W2165146311; W2551654934; W6638465262; W6674750976,1.0,2018.0,Federal University of Rio Grande do Sul,Computer science; Workflow; Support vector machine; Artificial intelligence; Machine learning; Classifier (UML); Rank (graph theory); Ontology; Data mining; Reciprocal; Database,Universidade de São Paulo,BR,Article,EN,True,,Computer science; Workflow; Support vector machine; Artificial intelligence; Machine learning; Classifier (UML); Rank (graph theory); Ontology; Data mining; Reciprocal; Database; Epistemology; Philosophy; Mathematics; Combinatorics; Linguistics,articles-RITA-20260617-dointext.csv,1,0.5,3.0
10.22456/2175-2745.75063,Energy Systems in Material Agent Societies,Antônio Carlos da Rocha Costa,W2774256697,"This paper concerns material agent societies, that is, agent societies inhabited by material agents. The paper introduces the concept of energy system of a material agent society, as the organizational sub-system of the society that is responsible for the coordination of the production, distribution and consumption of energy in that society. Two models (labor-based and work-based) for energy systems, the conditions of their equilibrated functioning are formulated, and the concept of energy autonomous material agent society are formally defined. The possible relation between economic and political systems, and energy systems, in material agent societies, is indicated.",W2017279853; W2535029279; W2565438963; W2614171480; W2623293810; W3129696931,4.0,2017.0,Federal University of Rio Grande do Sul,Work (physics); Energy (signal processing); Relation (database); Production (economics); Energy consumption; Politics; Economic system; Business; Engineering; Computer science; Political science; Economics; Mechanical engineering; Law; Microeconomics; Mathematics,Universidade Federal do Rio Grande do Sul,BR,Article,ES,True,,Work (physics); Energy (signal processing); Relation (database); Production (economics); Energy consumption; Politics; Economic system; Business; Engineering; Computer science; Political science; Economics; Mechanical engineering; Law; Microeconomics; Mathematics; Statistics; Database; Electrical engineering,articles-RITA-20260617-dointext.csv,6,1.0,
10.22456/2175-2745.7522,Gerenciando Alterações em Documentos XML,"Alexandre Oliveira, Alessandreia Marta de Oliveira, Vanessa Braganholo, Leonardo Murta",W1697302432,"Documentos XML estão cada vez mais presentes em projetos dedesenvolvimento, e geralmente são colocados em sistemas de controle de versões juntamente com os outros arquivos do projeto. Estes sistemas não consideram o formato específico dos arquivos XML, tratando-os como arquivos comuns de texto. Desta forma, mesclagens automáticas podem gerar documentosmal formados silenciosamente, e exibir, durante comparações, alterações que não possuem qualquer relevância para documentos XML, freqüentemente mascarando alterações relevantes. Este artigo propõe uma abordagem para exibição de diferenças e apoio à mesclagem de arquivos XML, utilizando algoritmos clássicos propostos na literatura. A abordagem proposta permite a execução de alterações em paralelo de forma mais controlada, segura e eficiente para documentos XML.",W105372224; W116022312; W137428163; W200676892; W1492828095; W1533573623; W1965014786; W1975009259; W2001907377; W2025160864; W2051851471; W2116940122; W2148606310; W2152593687; W2171119119; W2506024608,0.0,2011.0,Federal University of Rio Grande do Sul,Humanities; Computer science; Physics; Art,Universidade Federal do Rio de Janeiro,BR,Article,PT,True,,Humanities; Computer science; Physics; Art,articles-RITA-20260617-dointext.csv,0,1.0,
10.22456/2175-2745.75255,Estratégias de Construções de Comitês de Classificadores Multirrótulos no Aprendizado Semissupervisionado Multidescrição,"Wilamis Kleiton Nunes da Silva, Araken de Medeiros Santos",W2771437564,"Classificação multirrótulo é um problema de aprendizado supervisionado no qual um objeto pode estar associado a múltiplas classes. Dentre os diferentes métodos de classificação multirrótulo destacam-se os métodos BR (Binary Relevance), LP (Label Powerset) e RAkEL (RAndom k-labELsets). O trabalho realizou um estudo sobre as construções de comitês de classificadores multirrótulos construídos através da aplicação de técnicas de aprendizado semissupervisionado multidescrição. Os comitês de classificadores utilizados nos experimentos foram o Bagging, Boosting e Stacking; como métodos de transformação do problema utilizamos os métodos BR, LP e Rakel; na classificação multirrótulo semissupervisionada multidescrição foi utilizado o Co-Training; foram aplicados cinco diferentes algoritmos como classificadores base: k-NN (k Vizinhos Mais Próximos), J48 (Algoritmo de Indução de Árvores de Decisão), SVM (Máquinas de Vetores Suporte), NB (Naive Bayes) e o JRip (Extended Repeated Incremental Pruning). Todos os experimentos utilizaram a metodologia de validação cruzada com 10 grupos (10-fold Cross-Validation) e o framework MULAN, o qual é implementado utilizando o WEKA. Para os tamanhos dos comitês de classificadores adotamos os valores 3, 5, 7 e 9. Para a análise dos resultados foi utilizado o teste esta- tístico de Wilcoxon. Ao final das análises experimentais, verificou-se que a abordagem semissupervisionado apresentou resultados competitivos em relação ao aprendizado supervisionado, uma vez que as duas abordagens utilizadas apresentaram resultados estatisticamente semelhantes.",W28412257; W41198089; W75318427; W307400639; W1554219991; W1570448133; W2032659273; W2048679005; W2083885588; W2124868070; W2127082287; W2135452169; W2136623223; W2138290126; W2155440340; W2165766797; W2483389977; W4252684946,1.0,2017.0,Federal University of Rio Grande do Sul,Physics; Mathematics,Universidade Federal Rural do Semi-Árido,BR,Article,PT,True,,Physics; Mathematics,articles-RITA-20260617-dointext.csv,0,0.5,3.0
10.22456/2175-2745.75300,Simulação Multiagente da Evacuação da Boate Kiss: A Importância da NBR 9.077 e sua relação com o Pânico,"Vinicius Montenegro Silva, Marcos Vinicius Scholl, Diana F. Adamatti",W2772994099,"Esse artigo utiliza o cenário da evacuação de uma tragédia envolvendo a boate Kiss em 2013 no Sul do Brasil. Tal evento ficou marcado pela imprudência e negligência às normas de segurança, resultando em diversas vítimas. As simulações foram modeladas usando a ferramenta NetLogo no contexto Multiagente. Os parâmetros usados nos dois cenários são baseados nos dados conhecidos da boate no ocorrido e no contexto ‘ideal’, respeitando as indicações da NBR 9.077. O ambiente foi desenhado com base na planta da boate Kiss. A emoção pânico foi modelada a partir de sua definição psicológica na literatura. Os resultados demostraram o potencial e a importância das indicações da norma de segurança da Associação Brasileira de Normas Técnicas (ABNT), na garantia de evacuações seguras e com um nível baixo de pânico.",W106955530; W127470283; W2005542482; W2018656297; W2019284916; W2034222108; W2110074829; W2124344619; W4211215349; W4246814448; W4390280090,1.0,2017.0,Federal University of Rio Grande do Sul,Humanities; Physics; KISS (TNC); Art; Computer science; Operating system,Instituto Profesional de Ciencias de la Computación; Universidade Federal do Rio Grande,BR; CL,Article,PT,True,,Humanities; Physics; KISS (TNC); Art; Computer science; Operating system,articles-RITA-20260617-dointext.csv,0,0.5,7.0
10.22456/2175-2745.75327,Composição de Agentes EBDI: Integração WASABI-Jason,"Diego Couto, Jerusa Marchi, Thiago Ângelo Gelaim",W2773393402,"Emoções assumem um papel muito importante no processo de tomada de decisão de seres humanos e é natural que a sua utilização torne-se um campo bastante fértil na área de Inteligência Artificial, seja com o intuito de aproximar o comportamentode agentes computacionais ao de humanos, ou simplesmente para aprimorar a relação humano-computador. Este trabalho apresenta a integração do simulador de emoções WASABI com o arcabouço para agentes BDI JASON, para prover agentes emocionais. Os resultados obtidos sugerem que o desempenho dos agentes no ambiente, assim como em sociedades humanas, é suscetível não só ao seu comportamento programado, mas à sua personalidade emocional e às condições do ambiente.",W67936893; W68831505; W1497120980; W1555058580; W1577150230; W2029592033; W2043181832; W2058296799; W2062161862; W2110585328; W2124674296; W2314945532; W3084553125; W3147024458; W4206288734; W4241220173,0.0,2017.0,Federal University of Rio Grande do Sul,Humanities; Psychology; Philosophy; Physics,Universidade Federal de Santa Catarina,BR,Article,PT,True,,Humanities; Psychology; Philosophy; Physics,articles-RITA-20260617-dointext.csv,0,1.0,
10.22456/2175-2745.76189,Derivation of Mean Value Coordinates Using Interior Distance and Their Application on Mesh Deformation,"Lis Custódio, Sinésio Pesco",W2883865286,"The deformation methods based on cage controls became a subject of considerable interest due its simplicity and intuitive results. In this technique, the model is enclosed within a simpler mesh (the cage) and its points are expressed as function of the cage elements. Then, by manipulating the cage, the respective deformation is obtained on the model in its interior.In this direction, in the last years, extensions of barycentric coordinates, such as Mean Value coordinates, Positive Mean Value Coordinates, Harmonic coordinates and Green's coordinates, have been proposed to write the points of the model as a function of the cage elements.The Mean Value coordinates, proposed by Floater in two dimensions and extended later to three dimensions by Ju et al. and also by Floater, stands out from the other coordinates because of their simple derivation. However the existence of negative coordinates in regions bounded by non-convex cage control results in a unexpected behavior of the deformation in some regions of the model.In this work, we propose a modification in the derivation of Mean Value Coordinates proposed by Floater. Our derivation maintains the simplicity of the construction of the coordinates and eliminates the undesired behavior in the deformation by diminishing the negative influence of a control vertex on regions ofthe model not related to it. We also compare the deformation generated with our coordinates and the deformations obtained with the original Mean Value coordinates and Harmonic coordinates.",W1790421890; W1965851707; W1989995855; W2012500162; W2021167140; W2064198982; W2069934462; W2079209697; W2086278910; W2096619076; W2098449997; W2135447158; W2160692760; W2293537096; W2912016605; W4233370650; W4233387241; W4236288244; W4249428005; W6668027734; W6670528409,0.0,2018.0,Federal University of Rio Grande do Sul,Bipolar coordinates; Log-polar coordinates; Action-angle coordinates; Generalized coordinates; Barycentric coordinate system; Orthogonal coordinates; Deformation (meteorology); Cylindrical coordinate system; Parabolic coordinates; Prolate spheroidal coordinates; Mathematics; Geometry; Function (biology); Polar coordinate system; Mathematical analysis; Bounded function; Physics,Pontifícia Universidade Católica do Rio de Janeiro; Universidade do Estado do Rio de Janeiro,BR,Article,EN,True,,Bipolar coordinates; Log-polar coordinates; Action-angle coordinates; Generalized coordinates; Barycentric coordinate system; Orthogonal coordinates; Deformation (meteorology); Cylindrical coordinate system; Parabolic coordinates; Prolate spheroidal coordinates; Mathematics; Geometry; Function (biology); Polar coordinate system; Mathematical analysis; Bounded function; Physics; Evolutionary biology; Meteorology; Biology,articles-RITA-20260617-dointext.csv,0,0.5,3.0
10.22456/2175-2745.76387,Diagnóstico de Glaucoma Utilizando Atributos de Textura e CNN’s Pré-treinadas,"Maíla L. Claro, Rodrigo Veras, André Macedo Santana, Luis H. S. Vogado, Leonardo P. Sousa",W2789035425,"Glaucoma é uma doença ocular que danifica o nervo óptico causando a perda da visão. Ela é a segunda principal causa de cegueira no mundo. Vários sistemas de diagnóstico automático de glaucoma têm sido propostos, contudo é possível realizar melhorias nestas técnicas, visto que, os sistemas atuais não lidam com uma grande diversidade de imagens. Assim, este trabalho visa realizar a detecção automática do glaucoma nas imagens da retina, através do uso de descritores de textura e Redes Neurais Convolucionais (CNNs). Os resultados mostraram que a junção dos descritores GLCM e CNNs e a utilização do classificador Random Forest são promissores na detecção dessa patologia, obtendo uma acurácia de 91,06% em 873 imagens de 4 bases de dados públicas.",W1523879065; W1807964432; W1845661282; W1966566478; W1988445395; W1994002998; W1997259062; W2003304826; W2034786340; W2044465660; W2057266151; W2076045951; W2142861477; W2160028189; W2161969291; W2164777277; W2187250581; W2320700275; W2478524851; W2512368424; W2517606103; W2534427303; W2562274121; W2766736793; W2950094539; W2963173190; W4236137412; W4239510810; W6661388477,2.0,2018.0,Federal University of Rio Grande do Sul,Humanities; Physics; Mathematics; Medicine; Art,Universidade Federal do Piauí,BR,Article,ES,True,,Humanities; Physics; Mathematics; Medicine; Art,articles-RITA-20260617-dointext.csv,0,1.0,
10.22456/2175-2745.76452,A Multi-objective Version of the Lin-Kernighan Heuristic for the Traveling Salesman Problem,"Emerson Bezerra de Carvalho, Elizabeth Ferreira Gouvêa Goldbarg, Marco C. Goldbarg",W2785436535,"The Lin and Kernighan’s algorithm for the single objective Traveling Salesman Problem (TSP) is one of the most efficient heuristics for the symmetric case. Although many algorithms for the TSP were extended to the multi-objective version of the problem (MTSP), the Lin and Kernighan’s algorithm was still not fully explored. Works that applied the Lin and Kernighan’s algorithm for the MTSP were driven to weighted sum versions of the problem. We investigate the LK from a Pareto dominance perspective. The multi-objective LK was implemented within two local search schemes and applied to 2 to 4-objective instances. The results showed that the proposed algorithmic variants obtained better results than a state-of-the-art algorithm.",W29472711; W195806798; W1508252429; W1558919105; W1559839959; W1571087346; W1803713235; W1976897755; W2002489537; W2008581797; W2009479202; W2009651104; W2017708378; W2036643871; W2042986967; W2045077061; W2062284372; W2064659014; W2071540136; W2080347202; W2097850690; W2098907614; W2107229229; W2108968575; W2116744205; W2126105956; W2140425706; W2168079536; W2401610261; W2785436535; W2941281702; W4233664785; W4241708030; W4297917482,4.0,2018.0,Federal University of Rio Grande do Sul,Travelling salesman problem; Heuristics; 2-opt; Traveling purchaser problem; Heuristic; Mathematical optimization; Computer science; Pareto principle; Algorithm; Mathematics,Universidade Federal do Rio Grande do Norte,BR,Article,EN,True,,Travelling salesman problem; Heuristics; 2-opt; Traveling purchaser problem; Heuristic; Mathematical optimization; Computer science; Pareto principle; Algorithm; Mathematics,articles-RITA-20260617-dointext.csv,5,0.5,1.0
10.22456/2175-2745.76460,MeHarCEn: Um Método de Harmonização do Consumo de Energia em Data Centers,"Daniel Scheidemantel Camargo, Charles C. Miers, Maurício A. Pillon, Guilherme Koslovski",W2773732115,"O consumo energético controlado e eficiente é um desafio enfrentado diariamente pelos gestores de Data Centers de pequeno, médio e grande porte. A literatura especializada e técnica define diversos guias, equipamentos e mecanismos para essa finalidade. Entretanto, a aplicação combinada dessas soluções é uma tarefa complexa, que, em muitos casos, requer um elevado investimento financeiro. Nesse contexto, o presente trabalho propõe o MeHarCEn, uma iniciativa para gerenciamento combinado e harmônico do consumo de energia em Data Centers. MeHarCEn não depende de soluções proprietárias e pode ser adaptado a Data Centers com configurações distintas. Aplicado a um estudo de caso, um DC de pequeno porte, o MeHarCEn resulta em uma economia de 52,7% no consumo de energia com climatização.",W175105024; W248967534; W648509453; W1589691128; W2002456887; W2010249538; W2069670420; W2096568407; W2096908203; W2125620840; W2133753252; W2313563299; W2604444747; W3086447227; W3103187330; W4238757397; W4298263563; W6607101918; W6783176066,0.0,2017.0,Federal University of Rio Grande do Sul,Political science; Humanities; Physics; Art,Universidade do Estado de Santa Catarina,BR,Article,PT,True,,Political science; Humanities; Physics; Art,articles-RITA-20260617-dointext.csv,0,1.0,
10.22456/2175-2745.77654,Avaliação do Intel Software Guard Extensions via Emulação,"Marco Aurélio Spohn, Mateus Trebien",W2787948057,"Ao permitir a execução de aplicações em um contexto totalmente protegido (i.e., dentro de enclaves), amplia-se as possibilidades para as novas gerações de processadores Intel da família x86 com a extensão Software Guard Extensions (SGX). Por se tratar de uma tecnologia recente, as máquinas que contam com essa tecnologia ainda são minoria. Objetivando avaliar o SGX, utilizou-se um emulador dessa tecnologia denominado OpenSGX, o qual implementa e reproduz as principais funcionalidades e estruturas utilizadas no SGX. O enfoque consistiu em avaliar o overhead, em termos de processamento, resultante da execução de uma aplicação em um ambiente com o SGX emulado. Para a avaliação, empregou-se aplicações de benchmark da plataforma MiBench, modificando-as para compatibilizar a execução em enclaves no OpenSGX. Como métricas de desempenho, coletou-se o número total de instruções e o número total de ciclos de CPU para a execução completa de cada aplicação com e sem o OpenSGX.",W1569778844; W1686420892; W2011491452; W2036329595; W2284355254; W2402699914; W2463516579; W2534373749; W2561955909; W2621077296; W4232751114; W6634294492; W6730426483; W6732474844; W6734807091; W6992815249,0.0,2018.0,Federal University of Rio Grande do Sul,x86; Computer science; Humanities; Physics; Operating system; Software; Philosophy,Universidade Federal da Fronteira Sul,BR,Article,PT,True,,x86; Computer science; Humanities; Physics; Operating system; Software; Philosophy,articles-RITA-20260617-dointext.csv,0,1.0,
10.22456/2175-2745.7796,Avaliação Pró-ativa da Deterioração de Sistemas de Informação por meio de Medidas de Gestão,"Káthia Marçal de Oliveira, Nicolas Anquetil, André Luiz Pimentel Queiroz",W1892942380,"Questões relacionadas à modernização de sistemas de informação têm recebido maior atenção e relevância. Muitos métodos têm sido propostos para apoiar uma organização na escolha da melhor alternativa para modernização de um sistema. Entretanto, esses métodos não fornecem informações necessárias para a identificação precoce da deterioração das aplicações, sendo utilizados quando já se decidiu por realizar alguma ação para modernização da aplicação, como uma forma reativa de lidar com o problema. Este artigo apresenta uma abordagem baseada em medição com o objetivo de monitorar continuamente a deterioração de um sistema, permitindo ao gestor realizar ações de ajuste o mais cedo possível. Aplicações práticas em diferentes sistemas de uma grande empresa mostram a viabilidade de coleta das medidas e indicam os sistemas em deterioração.",W1488372161; W1892476167; W1972720640; W1984449853; W2068117451; W2072267206; W2117774526; W2151191515; W2154854629; W2159682002; W2163956676; W2294305189; W3134208756,0.0,2011.0,Federal University of Rio Grande do Sul,Humanities; Political science; Philosophy; Physics,Universidade Católica de Brasília,BR,Article,PT,True,,Humanities; Political science; Philosophy; Physics,articles-RITA-20260617-dointext.csv,0,0.5,8.0
10.22456/2175-2745.77994,Virtual Reality as a Support Tool for the Treatment of People with Intellectual and Multiple Disabilities: A Systematic Literature Review,"Rian Dutra da Cunha, Frâncila Weidt Neiva, Rodrigo Luis de Souza da Silva",W2787983642,"Since the emergence of virtual reality (VR) technologies, many researchers have argued on the benefits of their use for people with intellectual and multiple disabilities. However, up to this date there is not a single study that presents a detailed overview of the state of the art in virtual reality as a support tool for the treatment of people with intellectual and multiple disabilities, as well as Autism and Down Syndrome. The aim of this study is to provide a detailed overview of the state of the art in the virtual reality area focusing on people with multiple disabilities, that encompasses intellectual and physical disabilities. There is still no consensus on the effectiveness of VR-based treatments. Virtual reality can offer rich environment and features, but most of the researches focuses only in the experience to be inside a virtual place without taking advantage of what benefits VR provide us. Furthermore, most of our selected studies used non-immersive VR and AR. Thus, immersive VR is an open field with many opportunities to be explored. We believe VR has great potential to be effective in the treatment of people with intellectual and multiple disabilities.",W92648659; W172079551; W1480047336; W1516779709; W1562463929; W1978738035; W1992847409; W1993982320; W1999212576; W2000191594; W2001508064; W2018539117; W2034431619; W2046201394; W2062537787; W2066174840; W2072291372; W2073689270; W2077329297; W2090292248; W2099840283; W2101837429; W2144346257; W2153563531; W2158624411; W2199438523; W2221715405; W2255119171; W2278175282; W2284142190; W2319931908; W2362931419; W2400430986; W2418487347; W2464789295; W2530532277; W2544157628; W2613520387; W2736270224; W4205203433; W4230235971; W4232007456; W4238847847; W4253033319; W6692313753,36.0,2018.0,Federal University of Rio Grande do Sul,Virtual reality; Intellectual disability; Computer science; Field (mathematics); Psychology; Multiple disabilities; Human–computer interaction; Developmental psychology,Universidade Federal de Juiz de Fora; Universidade Federal do Rio de Janeiro,BR,Review,EN,True,,Virtual reality; Intellectual disability; Computer science; Field (mathematics); Psychology; Multiple disabilities; Human–computer interaction; Developmental psychology; Mathematics; Pure mathematics; Psychiatry,articles-RITA-20260617-dointext.csv,3,0.8,
10.22456/2175-2745.78391,IndoLoR -- Uma Plataforma Adaptável para Localização em Ambientes Internos,"Mário Melo, Gibeon Soares de Aquino",W2885632853,"Os sistemas de localização têm se tornado cada vez mais parte integrante da vida das pessoas. Em ambientes externos, o GPS se apresenta como tecnologia padrão, largamente difundida e utilizada. No entanto, as pessoascostumam passar a maior parte do seu tempo dentro de ambientes internos, como: hospitais, universidades, fábricas, edifícios, entre outros. Nesses ambientes, o GPS tem seu funcionamento comprometido não obtendoum posicionamento preciso. Atualmente, para realizar a localização de pessoas ou objetos em ambientes internos não existe nenhuma tecnologia que consiga atingiros mesmos resultados obtidos pelo GPS em ambientes externos. Devido a isso, é necessário considerar a utilização de informações provenientes de diversas fontes fazendo uso de diferentes tecnologias. Dessa forma, esse trabalhotem como objetivo geral construir uma plataforma adaptável para localização em ambientes internos. Baseado nesse objetivo, é proposta a plataforma IndoLoR. Essa plataforma tem como objetivos permitir o recebimento de informações provenientes de diferentes fontes, além de realizar o processamento, fusão, armazenamento e disponibilização dessas informações parao contexto da localização em ambientes internos. A plataforma proposta é avaliada através de um estudo de caso verificando aspectos relativos a facilidade de adaptação e performance.",W37794961; W87976764; W345170068; W1517167155; W1544262338; W1782610771; W1875047684; W1989497520; W2001444918; W2006479099; W2038166203; W2038476425; W2053792475; W2064785966; W2100504561; W2100989187; W2101852955; W2102573566; W2113531025; W2120028408; W2122768161; W2144084055; W2144227642; W2150388519; W2159694746; W2162739315; W2164765430; W2170088733; W2241118198; W2623611759; W3013961561; W6663953075; W6676127538,0.0,2018.0,Federal University of Rio Grande do Sul,Physics; Humanities; Philosophy,Instituto Federal do Rio Grande do Norte; Universidade Federal do Rio Grande do Norte,BR,Article,PT,True,,Physics; Humanities; Philosophy,articles-RITA-20260617-dointext.csv,0,0.5,3.0
10.22456/2175-2745.7857,Teoria espaço-escala: conceitos e abordagens,"Leyza Baldo Dorini, Neucimar J. Leite",W2231727103,"Abordagens multi-escala vêm sendo amplamente utilizadas em diversas aplicações de análise e processamento de sinais, sendo fundamentais em casos onde não existem informações preliminares sobre a escala de observação apropriada. A idéia básica consiste em criar uma família de sinais derivados, permitindo assim a análise de diferentes níveis de representação para escolha daqueles que exibem as características de interesse. A teoria espaço-escala é uma destas abordagens. A partir dela, podem ser estabelecidas as condições necessárias para a definição de transformações que possibilitem a manipulação de características presentes em diferentes níveis de maneira consistente. Este trabalho traz uma breve revisão das principais abordagens espaço-escala, bem como de suas propriedades fundamentais.",W47985931; W175569119; W1510022078; W1552996178; W1561442812; W1590218343; W1593939129; W1964547699; W2014217370; W2022879312; W2031509906; W2048311571; W2112328181; W2133155955; W2150134853; W2161856360; W2164741953; W4230982142; W4252865280,0.0,2011.0,Federal University of Rio Grande do Sul,Humanities; Philosophy,Universidade Estadual de Campinas (UNICAMP); Universidade Tecnológica Federal do Paraná,BR,Article,ES,True,,Humanities; Philosophy,articles-RITA-20260617-dointext.csv,0,1.0,
10.22456/2175-2745.79152,CoWPar: A D2D Communication Approach Without Pairing for Mobile Social Network in Proximity,"Charles Tim Batista Garrocho, Jessé Pires Barbosa Rocha, José Eduardo de Souza",W2892223991,"Mobile devices and the cellular network have been popularized and evolving in recent years. The increase of these devices may promote Device-to-Device (D2D) communications. However, current D2D communication technologies such as Wi-Fi Direct, Wi-Fi Ad Hoc, and Bluetooth are not available on devices or require human interaction in the pairing process. In addition, the cellular network is not available in many places and has partial or total communication infrastructure failures. To overcome this failure and lack of connectivity, and to allow D2D communication between devices in disturbing scenarios, we presented CoWPar. Based on the Wi-Fi infrastructure mode, CoWPar establishes the connection and performs data exchange without human interaction between the devices. Results of experiments performed in a proof of concept showed in practice that CoWPar allowed D2D communications with no pairing and also without the need to change the operating system (OS) of the devices, surpassing all the works available so far and thus contributing to the process of viabilization the paradigm of Pervasive Computing.",W1975716151; W1976535029; W1997087927; W1998910756; W2039548704; W2063494430; W2076788403; W2125729065; W2167921214; W2287542032; W2341039008; W2350705507; W2541792039; W2554357929; W2558776133; W2733812526; W2739039932; W2892223991; W2906888148; W4239634521; W6644319553; W6679002360,1.0,2018.0,Federal University of Rio Grande do Sul,Bluetooth; Computer science; Mobile device; Pairing; Computer network; Process (computing); Cellular network; Mobile telephony; Distributed computing; Telecommunications; Wireless; Mobile radio; World Wide Web; Operating system,"Instituto Federal de Educação, Ciência e Tecnologia de Minas Gerais; Instituto Federal do Paraná",BR,Article,ES,True,,Bluetooth; Computer science; Mobile device; Pairing; Computer network; Process (computing); Cellular network; Mobile telephony; Distributed computing; Telecommunications; Wireless; Mobile radio; World Wide Web; Operating system; Physics; Superconductivity; Quantum mechanics,articles-RITA-20260617-dointext.csv,3,1.0,
10.22456/2175-2745.79158,Modelos para avaliação de disponibilidade orientada a capacidade de uma nuvem privada,"Matheus Torquato, Lucas Torquato, Paulo Maciel",W2883417546,"Alta disponibilidade é um dos principais requisitos das aplicações que utilizam computação em nuvem. É possível aplicar redundâncias em hardware e software para alcançar melhores níveis de disponibilidade do sistema. Porém, além da preocupação com a disponibilidade do serviço, é necessário mensurar a capacidade do sistema em lidar com a carga de trabalho apresentada. Uma métrica que pode ser utilizada para mensurar essa capacidade é a disponibilidade orientada a capacidade. A partir dessa métrica, é possível obter estimativas dos recursos computacionais disponíveis para utilização quando o sistema está em funcionamento. Esse trabalho apresenta um conjunto de modelos analíticos para avaliação de disponibilidade orientada a capacidade considerando ambientes de nuvem privada. Para verificar diferentes situações, esse trabalho apresenta seis diferentes arquiteturas de nuvem privada. Os componentes fundamentais de cada arquitetura são Front-End, PM e VMs. O conjunto de resultados apresentados compreende a avaliação de disponibilidade, avaliação de disponibilidade orientada a capacidade e análise de sensibilidade dos dos parâmetros utilizados nos modelos. A partir dos resultados é possível inferir quais componentes são mais importantes para cada uma das métricas estudadas.",W100464641; W1545198945; W1971220134; W1986755980; W1987541289; W1990792964; W2017459520; W2034851424; W2044282558; W2045287414; W2055631879; W2062529482; W2088588939; W2115023685; W2119127526; W2140919237; W2141740699; W2160948313; W2548904940; W2612246451; W2613415266; W2624133308; W2743635440; W2763508887; W2783070990; W6604109044; W6646781758; W6659266202; W6680736406; W6805403146,0.0,2018.0,Federal University of Rio Grande do Sul,Physics; Humanities; Computer science; Philosophy,"Instituto Federal de Educação, Ciência e Tecnologia de Alagoas; Szent János Kórház; Universidade Federal de Pernambuco",BR; HU,Article,PT,True,,Physics; Humanities; Computer science; Philosophy,articles-RITA-20260617-dointext.csv,0,0.5,3.0
10.22456/2175-2745.79310,Video Conferencing Evaluation Considering Scalable Video Coding and SDN Network,"Francisco Kelsen de Oliveira, Eduardo Tavares, Erica Sousa, Bruno Nogueira",W2885476750,"Video conferencing is very common nowadays, and it may contemplate heterogenous devices (e.g., smartphones, notebooks, game consoles) and networks in the same session. Developing video conferencing systems for this myriad of devices with different capabilities requires special attention from system designer. Scalable video coding (SVC) is a prominent option to mitigate this heterogeneity issue, but traditional Internet protocol (IP) networks may not fully benefit from such a technology. In contrast, software-defined networking (SDN) may allow better utilization of SVC and improvements on video conferencing components. This paper evaluates the performance of video conferencing systems adopting SVC, SDN and ordinary IP networks, taking into account throughput, delay and peak signal-to-noise ratio (PSNR) as the metrics of interest. The experiments are based on Mininet framework and distinct network infrastructures are also considered. Results indicate SDN with SVC may deliver better video quality with reduced delay and increased throughput.",W1554229566; W1640544344; W1809034209; W2036652793; W2040340473; W2050308556; W2055063659; W2057702450; W2130776173; W2131188110; W2133453443; W2146029364; W2157895134; W2164663558; W2172073677; W2476216960; W2539074066; W2596463967; W2753105308; W3163893550; W6683990947,0.0,2018.0,Federal University of Rio Grande do Sul,Computer science; Videoconferencing; Scalability; Scalable Video Coding; Computer network; Video quality; Multimedia; Voice over IP; Teleconference; Throughput; The Internet; Telecommunications; Wireless; Operating system,Universidade Federal Rural de Pernambuco; Universidade Federal de Pernambuco,BR,Article,EN,True,,Computer science; Videoconferencing; Scalability; Scalable Video Coding; Computer network; Video quality; Multimedia; Voice over IP; Teleconference; Throughput; The Internet; Telecommunications; Wireless; Operating system; Metric (unit); Economics; Operations management,articles-RITA-20260617-dointext.csv,3,1.0,
10.22456/2175-2745.79333,A Genetic Programming Model for Association Studies to Detect Epistasis in Low Heritability Data,"Igor Magalhães Ribeiro, Carlos Cristiano Hasenclever Borges, Bruno Zonovelli Silva, Wagner Arbex",W2885432890,"The genome-wide associations studies (GWAS) aims to identify the most influential markers in relation to the phenotype values. One of the substantial challenges is to find a non-linear mapping between genotype and phenotype, also known as epistasis, that usually becomes the process of searching and identifying functional SNPs more complex. Some diseases such as cervical cancer, leukemia and type 2 diabetes have low heritability. The heritability of the sample is directly related to the explanation defined by the genotype, so the lower the heritability the greater the influence of the environmental factors and the less the genotypic explanation. In this work, an algorithm capable of identifying epistatic associations at different levels of heritability is proposed. The developing model is a aplication of genetic programming with a specialized initialization for the initial population consisting of a random forest strategy. The initialization process aims to rank the most important SNPs increasing the probability of their insertion in the initial population of the genetic programming model. The expected behavior of the presented model for the obtainment of the causal markers intends to be robust in relation to the heritability level. The simulated experiments are case-control type with heritability level of 0.4, 0.3, 0.2 and 0.1 considering scenarios with 100 and 1000 markers. Our approach was compared with the GPAS software and a genetic programming algorithm without the initialization step. The results show that the use of an efficient population initialization method based on ranking strategy is very promising compared to other models.",W89836143; W273955616; W1048393574; W1532551225; W1583700199; W1927597696; W2002881120; W2034132675; W2055869166; W2057473493; W2085971795; W2104093114; W2170524303; W2187181884; W2396506816; W2582743722; W6992044497,0.0,2018.0,Federal University of Rio Grande do Sul,Heritability; Epistasis; Genetic association; Population; Initialization; Genome-wide association study; Biology; Genetics; Statistics; Genotype; Computer science; Single-nucleotide polymorphism; Mathematics; Medicine; Gene,Brazilian Agricultural Research Corporation; Universidade Federal de Juiz de Fora,BR,Article,EN,True,,Heritability; Epistasis; Genetic association; Population; Initialization; Genome-wide association study; Biology; Genetics; Statistics; Genotype; Computer science; Single-nucleotide polymorphism; Mathematics; Medicine; Gene; Programming language; Environmental health,articles-RITA-20260617-dointext.csv,1,0.5,3.0
10.22456/2175-2745.79334,Relative Scalability of NoSQL Databases for Genotype Data Manipulation,"Arthur Lorenzi Almeida, Vinícius Junqueira Schettino, Thiago Jesus Rodrigues Barbosa, Pedro Fernandes Freitas, Pedro Gabriel Silva Guimarães, Wagner Arbex",W2883719857,"Genotype data manipulation is one of the greatest challenges in bioinformatics and genomics mainly because of high dimensionality and unbalancing characteristics. These peculiarities explains why Relational Database Management Systems (RDBMSs), the ""de facto"" standard storage solution, have not been presented as the best tools for this kind of data. However, Big Data has been pushing the development of modern database systems that might be able to overcome RDBMSs deficiencies. In this context, we extended our previous works on the evaluation of relative performance among NoSQLs engines from different families, adapting the schema design in order to achieve better performance based on its conclusions, thus being able to store more SNP markers for each individual. Using Yahoo! Cloud Serving Benchmark (YCSB) benchmark framework, we assessed each database system over hypothetical SNP sequences. Results indicate that although Tarantool has the best overall throughput, MongoDB is less impacted by the increase of SNP markers per individual.",W1966764836; W1985229168; W2084568010; W2104549677; W2164628101; W2295365537; W2326976533; W2410507634; W2470646405; W2496793544; W2572279935; W2729028004; W6646430562; W6697048974; W6723438316,1.0,2018.0,Federal University of Rio Grande do Sul,NoSQL; Computer science; Scalability; Database; Benchmark (surveying); Big data; Context (archaeology); Cloud computing; Relational database; Schema (genetic algorithms); Data mining; Information retrieval; Operating system,Brazilian Agricultural Research Corporation; Universidade Federal de Juiz de Fora,BR,Article,EN,True,,NoSQL; Computer science; Scalability; Database; Benchmark (surveying); Big data; Context (archaeology); Cloud computing; Relational database; Schema (genetic algorithms); Data mining; Information retrieval; Operating system; Geodesy; Paleontology; Geography; Biology,articles-RITA-20260617-dointext.csv,3,0.8,
10.22456/2175-2745.79885,Can the Use of nonlinear Color Metrics systematically improve Segmentation?,"L. E. Carvalho, Sylvio Luiz Mantelli Neto, Eros Comunello, Antonio Carlos Sobieranski, Aldo von Wangenheim",W2891659499,"Image segmentation is a procedure where an image is split into its constituent parts, according to some criterion. In the literature, there are different well-known approaches for segmentation, such as clustering, thresholding, graph theory and region growing. Such approaches, additionally, can be combined with color distance metrics, playing an important role for color similarity computation. Aiming to investigate general approaches able to enhance the performance of segmentation methods, this work presents an empirical study of the effect of a nonlinear color metric on segmentation procedures. For this purpose, three algorithms were chosen: Mumford-Shah, Color Structure Code and Felzenszwalb and Huttenlocher Segmentation. The color similarity metric employed by these algorithms (L2-norm) was replaced by the Polynomial Mahalanobis Distance. This metric is an extension of the statistical Mahalanobis Distance used to measure the distance between coordinates and distribution centers. An evaluation based upon automated comparison of segmentation results against ground truths from the Berkeley Dataset was performed. All three segmentation approaches were compared to their traditional implementations, against each other and also to a large set of other segmentation methods. The statistical analysis performed has indicated a systematic improvement of segmentation results for all three segmentation approaches when the nonlinear metric was employed.",W1590580724; W1874349580; W1947738257; W1987967950; W1997830184; W1999345637; W1999478155; W2055745859; W2087797753; W2100435576; W2101211008; W2104019579; W2104238584; W2108818231; W2114487471; W2124260943; W2152144380; W2752719613; W3151922143; W4244030505; W4251348903,0.0,2018.0,Federal University of Rio Grande do Sul,Scale-space segmentation; Segmentation; Mahalanobis distance; Artificial intelligence; Segmentation-based object categorization; Image segmentation; Pattern recognition (psychology); Metric (unit); Computer science; Thresholding; Cluster analysis; Region growing; Computer vision; Mathematics; Image (mathematics),"Instituto Federal de Educação, Ciência e Tecnologia de Santa Catarina; Instituto Nacional de Pesquisas Espaciais; Universidade Federal de Santa Catarina; Universidade do Vale do Itajaí",BR,Article,EN,True,,Scale-space segmentation; Segmentation; Mahalanobis distance; Artificial intelligence; Segmentation-based object categorization; Image segmentation; Pattern recognition (psychology); Metric (unit); Computer science; Thresholding; Cluster analysis; Region growing; Computer vision; Mathematics; Image (mathematics); Economics; Operations management,articles-RITA-20260617-dointext.csv,2,0.5,3.0
10.22456/2175-2745.79994,Algoritmos de Escalonamento Gangue com Estratégias de Migracão em um Ambiente MCMCA,"Francisca Aparecida Prado Pinto, Henrique Jorge Amorim Holanda, Giovanni Cordeiro Barroso, Carla Katarina Marques",W2883638343,"Ao longo da última década, o rápido avanço das tecnologias de rede, hardware e middleware, bem como a sofisticação dos recursos de software contribuíram para o surgimento de novos modelos computacionais. Consequentemente, houve uma capacidade crescente para o uso eficiente e efetivo de recursos distribuídos visando integrá-los, de modo a fornecer um ambiente amplamente distribuído, cuja capacidade computacional podendo ser utilizada para resolver problemas complexos. Os dois aspectos mais desafiadores dos sistemas distribuídos, são o gerenciamento de recursos e o escalonamento de tarefas. Este trabalho contribui para minimizar tais problemáticas: (i) através do uso de técnicas de migração; (ii) a implementação de um ambiente de simulação multicore multicluster com mecanismo de balanceamento de carga, a fim de analisar o sistema em diversos contextos; (iii) implementação e análise dos escalonadores de gangues através de métricas com intuito de medir o desempenho em diferentes situações. Assim, os resultados mostraram um melhor uso dos recursos, implicando na redução de custos operacionais",W39062071; W124810260; W606877085; W1493147916; W1585314083; W1588195313; W1589576271; W1681230169; W1775326573; W1854989529; W1893716868; W1903036498; W1956328060; W1965013299; W1965218064; W1984734282; W2001265733; W2001674899; W2010041938; W2020724176; W2021430027; W2025397485; W2036265926; W2057392949; W2059543161; W2071463852; W2072304601; W2074316594; W2074348505; W2093591327; W2114839123; W2119541875; W2123142365; W2125998068; W2149294210; W2152408640; W2156962573; W2162214087; W2169805268; W2219413783; W2257835037; W2276754229; W2316339787; W2328433745; W2341965470; W2367657917; W2463693746; W2473383291; W2503800592; W2528309414; W2596706004; W2693411020; W2771828627; W2914322182; W3159335831; W4251390107; W6701666871,0.0,2018.0,Federal University of Rio Grande do Sul,Computer science; Physics; Operating system; Humanities; Philosophy,Universidade Estadual do Rio Grande do Sul; Universidade Federal Rural do Semi-Árido; Universidade Federal do Ceará,BR,Article,ES,True,,Computer science; Physics; Operating system; Humanities; Philosophy,articles-RITA-20260617-dointext.csv,0,0.5,3.0
10.22456/2175-2745.8046,Desenvolvimento de uma rede neuro-fuzzy para predição da temperatura retal de frangos de corte,"Leandro Ferreira, Tadayuki Yanagi, Alison Zille Lopes, Wilian Soares Lacerda",W886496334,"Objetivou-se com o presente trabalho desenvolver e validar uma rede neuro-fuzzy, baseada no algoritmo LOLIMOT, para a predição da temperatura retal de frangos de corte. A rede neuro-fuzzy foi desenvolvida com base em três variáveis de entrada: temperatura do ar (T), umidade relativa (UR) e velocidade do ar (V), tendo como variável de saída, a temperatura retal (TR). Para a confecção da rede foram utilizadas funções de pertinência do tipo gaussiana (funções peso) com desvio padrão de 0,33. O número de partições do espaço de entrada adotado pelo modelo foi igual a 10. A rede neuro-fuzzy foi desenvolvida no ambiente computacional SCILAB 4.1. Resultados experimentais mostraram que o desvio padrão médio entre os valores simulados e medidos foi de 0,11 °C. A rede neuro-fuzzy se apresenta como um sistema inteligente híbrido satisfatório para a predição da temperatura retal de frangos de corte, agregando características da lógica fuzzy baseada na teoria dos conjuntos fuzzy, às redes neurais artificiais.",W70176981; W207047362; W291290323; W1490488263; W1518257554; W1555195839; W1562919956; W1566513405; W1967435239; W2019207321; W2032521963; W2043814505; W2276207781; W2496338429; W2912565176; W4292901645,7.0,2011.0,Federal University of Rio Grande do Sul,Physics; Humanities; Mathematics; Art,Universidade Federal de Lavras,BR,Article,PT,True,,Physics; Humanities; Mathematics; Art,articles-RITA-20260617-dointext.csv,0,0.5,3.0
10.22456/2175-2745.80478,Investigation of Archiving Techniques for Evolutionary Multi-objective Optimizers,"Hudson Geovane de Medeiros, Elizabeth Ferreira Gouvêa Goldbarg, Marco C. Goldbarg",W2901708483,"The optimization of multi-objective problems from the Pareto dominance viewpoint can lead to huge sets of incomparable solutions. Many heuristic techniques proposed to these problems have to deal with approximation sets that can be limited or not. Usually, a new solution generated by a heuristic is compared with other archived non-dominated solutions generated previously. Many techniques deal with limited size archives, since comparisons within unlimited archives may require significant computational effort. To maintain limited archives, solutions need to be discarded. Several techniques were proposed to deal with the problem of deciding which solutions remain in the archive and which are discarded. Previous investigations showed that those techniques might not prevent deterioration of the archives. In this study, we propose to store discarded solutions in a secondary archive and, periodically, recycle them, bringing them back to the optimization process. Three recycling techniques were investigated for three known methods. The datasets for the experiments consisted of 91 instances of discrete and continuous problems with 2, 3 and 4 objectives. The results showed that the recycling method can benefit the tested optimizers on many problem classes.",W2074371; W90390084; W1484287363; W1522860708; W1532399581; W1584555100; W1585939719; W1586364417; W1588375755; W1608317386; W1766172370; W1846834309; W1957430778; W1971893679; W1975847492; W1980272771; W2015549289; W2022991372; W2098907614; W2121365620; W2125899728; W2126105956; W2150046657; W2165626989; W3102715269; W3121235808; W4236030988; W4247128285; W4297917482; W6636368751,1.0,2018.0,Federal University of Rio Grande do Sul,Computer science; Heuristic; Pareto principle; Process (computing); Mathematical optimization; Multi-objective optimization; Machine learning; Artificial intelligence; Mathematics,Universidade Federal do Rio Grande do Norte,BR,Article,ES,True,,Computer science; Heuristic; Pareto principle; Process (computing); Mathematical optimization; Multi-objective optimization; Machine learning; Artificial intelligence; Mathematics; Operating system,articles-RITA-20260617-dointext.csv,5,0.5,3.0
10.22456/2175-2745.80525,Algorithms for the power-p Steiner tree problem in the Euclidean plane,"Christina N. Burt, Alysson M. Costa, Charl Ras",W2556526414,"We study the problem of constructing minimum power-$p$ Euclidean $k$-Steiner trees in the plane. The problem is to find a tree of minimum cost spanning a set of given terminals where, as opposed to the minimum spanning tree problem, at most $k$ additional nodes (Steiner points) may be introduced anywhere in the plane. The cost of an edge is its length to the power of $p$ (where $p\geq 1$), and the cost of a network is the sum of all edge costs. We propose two heuristics: a ``beaded"" minimum spanning tree heuristic; and a heuristic which alternates between minimum spanning tree construction and a local fixed topology minimisation procedure for locating the Steiner points. We show that the performance ratio $\kappa$ of the beaded-MST heuristic satisfies $\sqrt{3}^{p-1}(1+2^{1-p})\leq \kappa\leq 3(2^{p-1})$. We then provide two mixed-integer nonlinear programming formulations for the problem, and extend several important geometric properties into valid inequalities. Finally, we combine the valid inequalities with warm-starting and preprocessing to obtain computational improvements for the $p=2$ case.",W87173683; W1508240458; W1805238283; W1975290397; W1995356291; W1999963479; W2014328192; W2016885155; W2019488781; W2063473778; W2070308700; W2074472645; W2076265641; W2086709935; W2088767615; W2095603736; W2105062799; W2148678019; W2465331854; W2611709461; W2938513360; W3121748795; W4231953510; W4297688559; W6842074573,0.0,2018.0,Federal University of Rio Grande do Sul,Steiner tree problem; Mathematics; Spanning tree; Minimum spanning tree; Combinatorics; Euclidean minimum spanning tree; Heuristics; Euclidean geometry; Heuristic; Mathematical optimization; Discrete mathematics; Minimum degree spanning tree; Geometry,The University of Melbourne,AU,Article,EN,True,,Steiner tree problem; Mathematics; Spanning tree; Minimum spanning tree; Combinatorics; Euclidean minimum spanning tree; Heuristics; Euclidean geometry; Heuristic; Mathematical optimization; Discrete mathematics; Minimum degree spanning tree; Geometry,articles-RITA-20260617-dointext.csv,5,0.5,3.0
10.22456/2175-2745.80557,Um modelo computacional para a simulação de sistemas de transporte urbano,"Daniel Marques Gomes de Morais, Luciano Antônio Digiampietri",W4243435031,"Atualmente, as dificuldades enfrentadas no deslocamento urbano são consideradas um problema extremamente importante, especialmente nas grandes cidades. O planejamento adequado do sistema de transporte urbano é essencial para minimizar o tempo e os custos de viagem, melhorar a qualidade de vida e melhorar o ambiente urbano.Esta trabalho parte da premissa de que os sistemas de simulação podem ser utilizados para estudar diferentes alternativas para melhorar o sistema de transporte, de modo que a tomada de decisão pode ser melhor justificada, podendo otimizar o deslocamento urbano. Portanto, este trabalho apresenta a proposta e o desenvolvimento de um modelo computacional para simulação de sistemas de transporte urbano. O modelo proposto visa a simular modelos mesoscópicos e microscópicos, incluindo os comportamentos dos usuários no planejamento de rotas. Uma estrutura para o desenvolvimento de aplicações de simulação é descrita, com uma implementação usando como cenário o Metropolitano de São Paulo (Metrô), considerando os dados da pesquisa Origem-Destino para teste e validação do modelo aqui proposto.",W600444827; W1481361735; W1598409554; W1936929171; W1977276876; W1992794875; W1999873708; W2032227970; W2038561777; W2042030737; W2044043243; W2072253187; W2073533122; W2095092439; W2101073446; W2115856517; W2133032562; W2145790759; W2146290141; W2313563931; W2327340691; W3105668660; W4206252321; W4214928630; W4231320057; W4242866185; W4299655203; W6644424415; W6786305261,0.0,2018.0,Federal University of Rio Grande do Sul,Simula; Computer science; Humanities; Physics; Philosophy,Federal Institute of São Paulo; Universidade de São Paulo,BR,Article,PT,True,,Simula; Computer science; Humanities; Physics; Philosophy; Programming language,articles-RITA-20260617-dointext.csv,0,0.5,3.0
10.22456/2175-2745.80598,Use of cytomorphometry for classification of subcellular patterns in 3D images,"Eduardo Henrique Silva, Jefferson R. Souza, Bruno Augusto Nassif Travençolo",W2882975122,"This paper presents a methodology for the classification of subcellular patterns by the extraction of cytomorphometric features in 3D isosurfaces. In order to validate the proposal, we used a database of 3D images of HeLa cells with nine classes. For each cell, several morphological attributes were extracted based on its isosurface. Using the Quadratic Discriminant Analysis (QDA) classifier with the hybrid attribute selector, we achieved 97.59 of accuracy and F1-score of 0.9757 when classifying the subcellular patterns.",W1378570; W160857080; W1480376833; W1500034700; W1890677866; W1976234190; W1993846072; W2007176121; W2012758140; W2041322722; W2056132907; W2068258779; W2082675709; W2088483605; W2113846729; W2124040105; W2130695501; W2138037047; W2149497729; W2160857194; W2161681217; W2162619882; W2172034390; W2276906576; W2559756885; W2616487990; W2891197287; W2950695830; W3140817226; W4233857083; W4256671197; W6652226953; W6682073222; W6730558429; W6750171640; W6758898516,1.0,2018.0,Federal University of Rio Grande do Sul,Isosurface; Pattern recognition (psychology); Artificial intelligence; Discriminant; Classifier (UML); Quadratic classifier; Computer science; Linear discriminant analysis; Mathematics; Visualization,Centro Universitário de Patos de Minas; Universidade Federal de Uberlândia,BR,Article,EN,True,,Isosurface; Pattern recognition (psychology); Artificial intelligence; Discriminant; Classifier (UML); Quadratic classifier; Computer science; Linear discriminant analysis; Mathematics; Visualization,articles-RITA-20260617-dointext.csv,1,0.5,2.0
10.22456/2175-2745.80702,Extreme Learning Machine combined with a Differential Evolution algorithm for lithology identification,"Camila Martins Saporetti, Grasiele Regina Duarte, Tales Lima Fonseca, Leonardo Goliatt, Egberto Pereira",W2901648289,"Lithology identification, obtained through the analysis of several geophysical properties, has an important role in the process of characterization of oil reservoirs. The identification can be accomplished by direct and indirect methods, but these methods are not always feasible because of the cost or imprecision of the results generated. Consequently, there is a need to automate the procedure of reservoir characterization and, in this context, computational intelligence techniques appear as an alternative to lithology identification. However, to acquire proper performance, usually some parameters should be adjusted and this can become a hard task depending on the complexity of the underlying problem. This paper aims to apply an Extreme Learning Machine (ELM) adjusted with a Differential Evolution (DE) to classify data from the South Provence Basin, using a previously published paper as a baseline reference. The paper contributions include the use of an evolutionary algorithm as a tool for search on the hyperparameters of the ELM. In addition, an activation function recently proposed in the literature is implemented and tested. The computational approach developed here has the potential to assist in petrographic data classification and helps to improve the process of reservoir characterization and the production development planning.",W429766147; W1087007263; W1504954800; W1520795727; W1879678483; W1994770477; W1995364338; W2027442956; W2040097781; W2040604977; W2040633299; W2040964486; W2047289725; W2060173047; W2074120853; W2080189009; W2082097559; W2083876416; W2098290011; W2101234009; W2102201073; W2121971770; W2129709937; W2134603844; W2140404878; W2141119792; W2144308102; W2162726894; W2164777277; W2171033594; W2280289566; W2282312309; W2288784232; W2344503701; W2411017694; W2476526216; W2724478117; W2732163119; W2740311783; W2750668757; W2766259095; W2809231292; W2963916349; W3005347330; W4253215736; W4320930577; W6660562041; W6675354045; W6678445659; W6851878772,25.0,2018.0,Federal University of Rio Grande do Sul,Computer science; Identification (biology); Context (archaeology); Extreme learning machine; Differential evolution; Process (computing); Data mining; Machine learning; Artificial intelligence; Algorithm; Computational intelligence; Artificial neural network; Geology,Universidade Federal de Juiz de Fora; Universidade do Estado do Rio de Janeiro,BR,Article,EN,True,,Computer science; Identification (biology); Context (archaeology); Extreme learning machine; Differential evolution; Process (computing); Data mining; Machine learning; Artificial intelligence; Algorithm; Computational intelligence; Artificial neural network; Geology; Biology; Botany; Paleontology; Operating system,articles-RITA-20260617-dointext.csv,3,0.8,
10.22456/2175-2745.80721,Exact Algorithms for the Graph Coloring Problem,"Alane M. de Lima, Renato Carmo",W2901068701,"The graph coloring problem is the problem of partitioning the vertices of a graph into the smallest possible set of independent sets. Since it is a well-known NP-Hard problem, it is of great interest of the computer science finding results over exact algorithms that solve it. The main algorithms of this kind, though, are scattered through the literature. In this paper, we group and contextualize some of these algorithms, which are based in Dynamic Programming, Branch-and-Bound and Integer Linear Programming. The algorithms for the first group are based in the work of Lawler, which searches maximal independent sets on each subset of vertices of a graph as the base of his algorithm. In the second group, the algorithms are based in the work of Brelaz, which adapted the DSATUR procedure to an exact version, and in the work of Zykov, which introduced the definition of Zykov trees. The third group contains the algorithms based in the work of Mehrotra and Trick, which uses the Column Generation method.",W287611495; W1602078796; W1991496278; W2007200873; W2013946649; W2021781365; W2024527820; W2035072380; W2046610653; W2053913299; W2077229887; W2079473728; W2082242399; W2089417393; W2091593479; W2122639972; W2124240997; W2145570573; W2167036627; W2167580124; W2181005956; W2259868009; W2340841397; W2465188231; W2551867551; W3035851332; W4246219036; W4301216918; W7029321148,15.0,2018.0,Federal University of Rio Grande do Sul,Graph coloring; Algorithm; Integer programming; Computer science; Graph; Graph algorithms; Linear programming; Mathematics; Theoretical computer science,Universidade Federal do Paraná,BR,Article,EN,True,,Graph coloring; Algorithm; Integer programming; Computer science; Graph; Graph algorithms; Linear programming; Mathematics; Theoretical computer science,articles-RITA-20260617-dointext.csv,5,0.5,1.0
10.22456/2175-2745.80912,Formal Semantics for Java-like Languages and Research Opportunities,"Samuel da Silva Feitosa, Rodrigo Ribeiro, André Rauber Du Bois",W2889864945,"The objective of this paper is twofold: first, we discuss the state of art on Java-like semantics, focusing on those that provide formal specification using operational semantics (big-step or small-step), studying in detail the most cited projects and presenting some derivative works that extend the originals aggregating useful features. Also, we filter our research for those that provide some insights in type-safety proofs. Furthermore, we provide a comparison between the most used projects in order to show which functionalities are covered in such projects. Second, our effort is focused towards the research opportunities in this area, showing some important works that can be applied to the previously presented projects to study features of object-oriented languages, and pointing for some possibilities to explore in future researches.",W37314665; W157065520; W250432737; W744696454; W1482412090; W1500418543; W1510692643; W1521880507; W1546727036; W1553537175; W1557561422; W1569794958; W1570258731; W1604045087; W1644882639; W1966342467; W2016226915; W2023237006; W2033348393; W2052735108; W2065141544; W2080648611; W2082036516; W2097304805; W2108254799; W2109875364; W2111029998; W2116128461; W2133206580; W2145816242; W2155617664; W2156876717; W2160456755; W2167710134; W2295923951; W2520948016; W2587889086; W2594818804; W2733882185; W2914993518; W3010249406; W4235062881; W4241124529; W4248101598,1.0,2018.0,Federal University of Rio Grande do Sul,Computer science; Java; Programming language; Semantics (computer science); Formal semantics (linguistics); Mathematical proof; Formal methods; Operational semantics; Software engineering; Mathematics,Universidade Federal de Ouro Preto; Universidade Federal de Pelotas,BR,Article,EN,True,,Computer science; Java; Programming language; Semantics (computer science); Formal semantics (linguistics); Mathematical proof; Formal methods; Operational semantics; Software engineering; Mathematics; Geometry,articles-RITA-20260617-dointext.csv,1,1.0,
10.22456/2175-2745.8168,Introdução à Programação de Propósito Geral em Hardware Gráfico,"Cristina Nader Vasconcelos, Paulo Cezar Pinto Carvalho, Marcelo Gattass",W2276746873,"A Unidade de Processamento Gráfico – do inglês “Graphics Processing Unit""(GPU) foi desenvolvida inicialmente como um hardware destinado a aumentar a eficiência e o poder de processamento gráfico para tarefas de renderização. Hoje, a GPU apresenta-se como um hardware de processamento versátil e de alto poder de computação. Tornou-se uma possibilidade real na busca por soluções para processamento em grandes volumes de dados, seja como complemento, seja como alternativa ao uso de CPUs multicore ou de sistemas distribuídos. A utilização da GPU em computações de propósito geral é de especial interesse, uma vez que para diversas aplicações, ainda não existem formulações sequenciais suficientemente rápidas de serem computadas. Este tutorial tem como objetivo permitir ao leitor a identificação de algoritmos e aplicações candidatas à abordagens paralelas em GPU. Com tal finalidade, apresentamos os fundamentos e conceitos envolvidos na programação de propósito genérico utilizando hardware gráfico sem que seja indispensável ao leitor, o conhecimento a priori de sistemas gráficos 3D ou de sistemas paralelos.",W1548638602; W1597508330; W2072768743; W2128022558,0.0,2011.0,Federal University of Rio Grande do Sul,Computer science; Humanities; Philosophy,Instituto Nacional de Matemática Pura e Aplicada; Pontifícia Universidade Católica do Rio de Janeiro,BR,Article,PT,True,,Computer science; Humanities; Philosophy,articles-RITA-20260617-dointext.csv,0,0.5,3.0
10.22456/2175-2745.82043,Performance Analysis of the Segment Transfer Rate of TCP-UEM,"Airton Orlandini, Luciana Andréia Fondazzi Martimiano",W2966859953,"UsingTCP(TransmissionControlProtocol)inwirelessnetworkscanaffectitsperformanceduetoits lack of ability to identify packets losses properly, causing the triggering of its congestion control mechanism. Some TCP variants were proposed to improve this control, being TCP-UEM one of them. This variant allows the evaluation of the link reliability in wireless networks in time intervals, keeping the end-to-end semantics. TCP-UEM was implemented in FreeBSD OS and its performance with relation to segment transfer rate (in Mbps) was compared to two other variants, TCP-NEWRENO and TCP-CUBIC. This paper describes TCP-UEM, discusses results of the tests and the statistical analysis that were carried out using two scenarios. For each scenario, 30 samples of 30 seconds of execution time with different loss rates were collected. The results showed that TCP-UEM presented a good performance, achieving a performance higher than the other two variants in the majority of the tests, with different loss rates.",W1504771965; W2101182788; W2118572615; W2157843396; W2480111655; W4230895955; W4241645694; W6636440945,0.0,2019.0,Federal University of Rio Grande do Sul,Computer science; TCP global synchronization; Zeta-TCP; Reliability (semiconductor); Computer network; Network packet; Transmission Control Protocol; Physics,Universidade Estadual de Maringá,BR,Article,EN,True,,Computer science; TCP global synchronization; Zeta-TCP; Reliability (semiconductor); Computer network; Network packet; Transmission Control Protocol; Physics; Quantum mechanics; Power (physics),articles-RITA-20260617-dointext.csv,3,0.5,2.0
10.22456/2175-2745.82079,Vulnerability Identification on GNU/Linux Operating Systems through Case-Based Reasoning,"Douglas Santos, Jéferson Campos Nobre",W2990022234,"Operating system security has been steadily evolving over the years. Several mechanisms, softwares and guides of best practices of configuration have been developed to contribute with the security of such systems. The process that makes an operating system safer by considering the default level obtained at the installation is known as hardening. Experience and technical knowledge are important attributes for the professional performing this process. In this context, automated rule-based tools are often used to assist professionals with little experience in vulnerability identification activities. However, the use of rules establishes a dependency on developers for the development of new rules as well as to keep them updated. Failure to update rules can significantly compromise the integrity of vulnerability identification results. In this paper, the Case-Based Reasoning (CBR) technique is used to improve tools that assist inexperienced professionals in conducting vulnerability identification activities. The purpose of using CBR is to make inexperienced professionals obtain similar results as experienced professionals. In addition, the dependence on rule developers is diminished. A prototype was developed considering the GNU/Linux system in order to carry out an experimental evaluation. This evaluation demonstrated that the application of CBR improves the performance of inexperienced professionals in terms of the number of identified vulnerabilities.",W6385438; W20817258; W132142631; W138170435; W146402216; W201766245; W652762116; W1485124666; W1565774589; W1598923322; W2002217674; W2036242406; W2044200531; W2049357384; W2053236806; W2074641559; W2080019998; W2109540106; W2125772252; W2126385963; W2137452788; W2142383816; W2150858564; W2151306939; W2152962213; W2165237096; W2170371481; W2171553064; W2303917895; W2347105927; W2405158777; W2497071297; W2623293810; W2697529200; W2911915580; W2913130920; W3144708829; W4231498119; W4246467802; W6676554961; W6678087030; W6682451830,0.0,2019.0,Federal University of Rio Grande do Sul,Computer science; Identification (biology); SAFER; Vulnerability (computing); Process (computing); Software engineering; Context (archaeology); Vulnerability assessment; Risk analysis (engineering); Process management; Computer security; Engineering; Operating system,Universidade do Vale do Rio dos Sinos,BR,Article,EN,True,,Computer science; Identification (biology); SAFER; Vulnerability (computing); Process (computing); Software engineering; Context (archaeology); Vulnerability assessment; Risk analysis (engineering); Process management; Computer security; Engineering; Operating system; Biology; Paleontology; Medicine; Psychotherapist; Psychology; Botany; Psychological resilience,articles-RITA-20260617-dointext.csv,7,0.5,3.0
10.22456/2175-2745.82395,Haskell Type System Analysis,"Rafael Castro G. Silva, Karina Girardi Roggia, Cristiano Vasconcellos",W2892327928,"Types systems of programming languages are becoming more and more sophisticated and, in some cases, they are based on concepts from Logic, Type Theory and Category Theory. Haskell is a language with a modern type system and it is often singled out as an example using such theories. This work presents a small formalization of the Haskell type system and an analysis based on the mentioned theories, including its relation with the Intuitionist Propositional Second Order Logic and its logical characteristics, if there is a category in its type system and how monads are just monoids in the category of Haskell's endofunctors.",W326743114; W1535521146; W1556536463; W1557561422; W1595372275; W2059895047; W2120713972; W2125357395; W2136202785; W2156876717; W2163976959; W2324455841; W2913922927; W4210927669,0.0,2018.0,Federal University of Rio Grande do Sul,Haskell; Programming language; Computer science; Type theory; Type (biology); Functional programming; Dependent type; Generic programming; Lambda calculus,Universidade do Estado de Santa Catarina,BR,Article,EN,True,,Haskell; Programming language; Computer science; Type theory; Type (biology); Functional programming; Dependent type; Generic programming; Lambda calculus; Ecology; Biology,articles-RITA-20260617-dointext.csv,1,1.0,
10.22456/2175-2745.82412,Evolutionary Models applied to Multiprocessor TaskScheduling: Serial and Multipopulation Genetic Algorithm,"Bruno Well Dantas Morais, Gina M. B. Oliveira, Tiago Ismailer Carvalho",W2938856703,"This work presents the development of a multipopulation genetic algorithm for the task schedulingproblem with communication costs, aiming to compare its performance with the serial genetic algorithm. For thispurpose, a set of instances was developed and different approaches for genetic operations were compared.Experiments were conducted varying the number of populations and the number of processors available forscheduling. Solution quality and execution time were analyzed, and results show that the AGMP with adjustedparameters generally produces better solutions while requiring less execution time.",W1556569240; W1983261011; W2004058992; W2010868970; W2027197113; W2031103608; W2040466547; W2055929337; W2077840787; W2099956623; W2110443565; W2116400650; W2124903056; W2134954564; W2144482271; W2151038512; W2155404110; W2165687335; W2171103562; W2172250608; W2367400773; W2509064609; W2997776631; W3023540311; W4230798657; W4289694552; W4361867942; W6651327545; W6685254540,1.0,2019.0,Federal University of Rio Grande do Sul,Multiprocessing; Genetic algorithm; Computer science; Task (project management); Parallel computing; Set (abstract data type); Execution time; Algorithm; Machine learning; Programming language; Engineering,Universidade Federal de Uberlândia,BR,Article,EN,True,,Multiprocessing; Genetic algorithm; Computer science; Task (project management); Parallel computing; Set (abstract data type); Execution time; Algorithm; Machine learning; Programming language; Engineering; Systems engineering,articles-RITA-20260617-dointext.csv,5,0.5,2.0
10.22456/2175-2745.8260,A Journey through Virtual and Augmented Reality - Reviewing the SVR Symposia from 2004 to 2008,"Alberto Raposo, Luciano Soares, Judith Kelner, Verônica Teichrieb",W2282180871,"This article intends to provide a panorama of the BrazilianSymposium on Virtual and Augmented Reality (SVR) based on the analysis of its last four editions (2004, 2006, 2007, and 2008). We had reviewed the 124 full papers published in these four editions of the symposium and had analyzed them according to different criteria. These criteria include research topics, technologies used, and research approaches. The goal of this document is to draw an accurate picture of the research in this area in Brazil and try to provide insights about trends, deficiencies, and opportunities that may help guiding future efforts of the Brazilian research community in virtual and augmented reality.",W2002763011; W2074995448; W2113992499; W2163851162; W2164222795; W6684006297,4.0,2009.0,Federal University of Rio Grande do Sul,Panorama; Augmented reality; Virtual reality; Computer science; Data science; Human–computer interaction; Artificial intelligence,Universidade Federal de Pernambuco,BR,Article,EN,True,,Panorama; Augmented reality; Virtual reality; Computer science; Data science; Human–computer interaction; Artificial intelligence,articles-RITA-20260617-dointext.csv,3,0.8,
10.22456/2175-2745.8261,The Design of a Graphics Engine for the Development of Virtual Reality Applications,"Silvano Maneck Malfatti, Selan Rodrigues dos Santos, Lucas Fraga, Cláudia Marcela Justel, Paulo Fernando Ferreira Rosa, Jauvane Cavalvante de Oliveira",W2237721944,"This work presents the design and the features of a flexible realtime 3D graphics engine aimed at the development of multimedia applications and collaborative virtual environments. The engine, called EnCIMA (Engine for Collaborative andImmersive Multimedia Applications), enables a fast development process of applications by providing a high level interface, which has been implemented using the C++object-oriented programming paradigm. The main features of the proposed engine are the support to scene management, ability to load static and animated 3D models, particle system effects, network connection management to support collaboration, and collision detection. In addition, the engine supports several specialized interaction devices such as 3D mice, haptic devices, 3D motion trackers, data-gloves, and joystickswith and without force feedback. The engine also enables the developer to choose the way the scene should be rendered to, i.e. using standard display devices, stereoscopy, or even several simultaneous projection for spatially immersive devices. As part of the evaluation process, we have compared the performance of EnCIMA to a game engine and two scene graph toolkits, through the use of a testbed application. The performanceresults and the wide variety of non-conventional interaction devices supported are evidences that EnCIMA can be considered a real time virtual reality engine.",W1566875927; W2030315736; W2068046596; W2175394904,4.0,2009.0,Federal University of Rio Grande do Sul,Computer science; Collision detection; Game engine; Virtual reality; Testbed; Graphics; Process (computing); Stereoscopy; Human–computer interaction; Multimedia; Computer graphics (images); Collision; Operating system; World Wide Web; Artificial intelligence,Laboratório Nacional de Computação Científica; Military Institute of Engineering; Universidade Federal do Rio Grande do Norte,BR,Article,EN,True,,Computer science; Collision detection; Game engine; Virtual reality; Testbed; Graphics; Process (computing); Stereoscopy; Human–computer interaction; Multimedia; Computer graphics (images); Collision; Operating system; World Wide Web; Artificial intelligence; Computer security,articles-RITA-20260617-dointext.csv,4,0.5,3.0
10.22456/2175-2745.8263,Designing and implementing an Spatial Augmented Reality X-Ray,"F. R. de Miranda, Romero Tori, Cláudio E. S. Bueno, Lucas P. Trias",W2252495536,"Casting digital-controlled light over real object surfaces, thus creating new textures and special effects, brings to designers and engineers an endless spectrum of possibilities and innovation for their projects. This technology, called SpatialAugmented Reality, can be considered as a kind of ""virtual material"" that can be manipulated by designers in augmented environments. In order to achieve more knowledge on the use of this technology, we have developed AR X-Ray, a spatialaugmented reality tool. Through the use of a portable projector a Virtual X-Ray is emitted over real walls, allowing visual exploration of internal details of buildings (such as pipes and ducts). This paper presents the design, implementaion and results of this project. Some details regarding solutions for technical problems are also discussed, as following: projector tracking, proper registration of synthetic information over realobjects and the development of a shader that manipulates the transparency of textures to allow the user to view what is behind objects.",W1482795035; W1969529609; W1970760696; W2008985334; W2028310195; W2048307734; W2101102258; W2101630196; W2107770994; W2107917930; W2111698289; W2114448792; W2118326209; W2124583607; W2131377179; W2150874632; W2161322496; W2164139712; W2167667767; W2485038428; W2729161127; W3133891495,4.0,2009.0,Federal University of Rio Grande do Sul,Projector; Augmented reality; Computer science; Transparency (behavior); Computer graphics (images); Virtual reality; Human–computer interaction; Object (grammar); Engineering drawing; Engineering; Artificial intelligence,Senac University Center,BR,Article,ES,True,,Projector; Augmented reality; Computer science; Transparency (behavior); Computer graphics (images); Virtual reality; Human–computer interaction; Object (grammar); Engineering drawing; Engineering; Artificial intelligence; Computer security,articles-RITA-20260617-dointext.csv,4,0.5,3.0
10.22456/2175-2745.8265,A Conceptual Image-Based Data Glove for Computer-Human Interaction,"Leandro A. F. Fernandes, Vitor F. Pamplona, João Luis Prauchner, Luciana Nedel, Manuel M. Oliveira",W1948744800,"Data gloves are devices equipped with sensors that capture the movements of the hand of the user in order to select or manipulate objects in a virtual world. Data gloves were introduced three decades ago and since then have been used in many 3D interaction techniques. However, good data gloves are too expensive and only a few of them can perceive the full set of hand movements. In this paper we describe the design of an image-based data glove (IBDG) prototype suitable for finger sensible applications, like virtual objects manipulation and interaction approaches. The proposed device uses a camera to track visual markers at finger tips, and a software module tocompute the position of each finger tip and its joints in real-time. To evaluate our concept, we have built a prototype and tested it with 15 volunteers. We also discuss how to improve the engineering of the prototype, how to turn it into a low cost interaction device, as well as other relevant issues about this original concept.",W30094857; W139180289; W1533513539; W2084876374; W2113123816; W2139670260; W2156124296; W2167622026; W2729161127; W3021409525; W4231206500; W4246372070,8.0,2009.0,Federal University of Rio Grande do Sul,Wired glove; Computer science; Software; Set (abstract data type); Human–computer interaction; Computer vision; Artificial intelligence; Computer graphics (images); Virtual reality,Universidade Federal do Rio Grande do Sul,BR,Article,ES,True,,Wired glove; Computer science; Software; Set (abstract data type); Human–computer interaction; Computer vision; Artificial intelligence; Computer graphics (images); Virtual reality; Programming language,articles-RITA-20260617-dointext.csv,4,0.5,3.0
10.22456/2175-2745.8266,A Software Framework to Create 3D Browser-Based Speech Enabled Applications,"Ednaldo Brigante Pizzolato, D.D. Duarte, Márcio Merino Fernandes",W1804494363,"The advances in automatic speech recognition have pushed the humancomputer interface researchers to adopt speech as one mean of input data. It is natural to humans, and complements very well other input interfaces. However, integrating an automatic speech recognizer into a complex system (such as a 3D visualization system or a Virtual Reality system) can be a difficult and time consuming task. In this paper we present our approach to the problem, a software framework requiringminimum additional coding from the application developer. The framework combines voice commands with existing interaction code, automating the task of creating a new speech grammar (to be used by the recognizer). A new listener component for theXj3D was created, which makes transparent to the user the integration between the 3D browser and the recognizer. We believe this is a desirable feature for virtual reality system developers, and also to be used as a rapid prototyping tool when experimenting with speech technology.",W78382278; W137129775; W1618163275; W2001944686; W2010875749; W2021151230; W2030614999; W2031216062; W2031816638; W2089790989; W2105512798; W2117488952; W2135643110; W2138635570; W2143486421; W2154146813; W2155490897; W2158791054; W2158996610; W2622928986; W2998245691; W4235245715,0.0,2009.0,Federal University of Rio Grande do Sul,Computer science; Human–computer interaction; Task (project management); Software; Visualization; Coding (social sciences); Component (thermodynamics); User interface; Virtual reality; Grammar; Artificial intelligence; Programming language,Universidade Federal de São Carlos,BR,Article,ES,True,,Computer science; Human–computer interaction; Task (project management); Software; Visualization; Coding (social sciences); Component (thermodynamics); User interface; Virtual reality; Grammar; Artificial intelligence; Programming language; Thermodynamics; Linguistics; Physics; Philosophy; Statistics; Economics; Mathematics; Management,articles-RITA-20260617-dointext.csv,4,0.5,1.0
10.22456/2175-2745.82772,V: a language with extensible record accessors and a trait-based type system,"Arthur Giesel Vedana, Rodrigo Machado, Álvaro Moreira",W2891472450,"This article introduces the V language, a purely functional programming language with a novel approach to records.Based on a system of type traits, V attempts to solve issues commonly found when manipulating records in purely functional programming languages.",W27540423; W179084290; W1557561422; W1644882639; W1985223393; W1997739296; W2020784851; W2059895047; W2101225843; W2114980032; W2165258104; W3006529926; W3027723509; W6634508966; W6684527266; W7055485528; W7074550634,0.0,2018.0,Federal University of Rio Grande do Sul,Programming language; Computer science; Trait; Extensibility; Type (biology); Functional programming; Data type; Biology; Ecology,Universidade Federal do Rio Grande do Sul,BR,Article,EN,True,,Programming language; Computer science; Trait; Extensibility; Type (biology); Functional programming; Data type; Biology; Ecology,articles-RITA-20260617-dointext.csv,1,1.0,
10.22456/2175-2745.83498,"Stochastic Models for Optimizing Availability, Cost and Sustainability of Data Center Power Architectures through Genetic Algorithm","Márcio Sergio Soares Austregésilo, Gustavo Callou",W2965073643,"In recent years, the growth of information technology has required higher reliability, accessibility, collaboration, availability, and a reduction of costs on data centers due to factors such as social network, cloud computing, and e-commerce. These systems require redundant mechanisms on the data center infrastrucutre to achieve high availability, which may increase the electric energy consumption, impacting in both the sustainability and cost. This work proposes a multi-objective optimization approach, based on Genetic Algorithms, to optimize cost, sustainability and availability of data center power infrastructures. The main goal is to maximize availability and minimize cost and exergy consumed (adopted to estimate the environmental impacts). In order to compute such metrics, this work adopts the energy flow model (EFM), reliability block diagrams (RBD) and stochastic petri nets (SPN). Two case studies are conducted to show the applicability of the proposed strategy: (i) takes into account 5 typical data center architectures that were optimized to conduct the validation process of the proposed strategy; (ii) uses the optimization strategy in two architectures classified by ANSI / TIA-942 (TIER I and II). In both case studies, significant improvements were achieved in the results, which were very close to the optimum one that was obtained by a brute force algorithm that analyzes all the possibilities and returns the optimal solution. It is worth mentioning that the time used to obtain the results using the genetic algorithm approach was significantly lower (6,763,260 times), in comparison with the strategy which combines all the possible combinations to obtain the optimal result.",W105657482; W586494090; W1494374840; W1500893261; W1573592400; W1589512102; W1986755980; W1994554996; W1996109622; W2014230935; W2017406207; W2033976726; W2079105068; W2092401895; W2144142038; W2145071552; W2506006338; W2523731219; W2544537295; W2558819609; W2562217256; W2741041622; W2885524153; W3023540311; W4205588927; W4206442552; W4230145556; W6646781758; W6648858847,2.0,2019.0,Federal University of Rio Grande do Sul,Computer science; Data center; Genetic algorithm; Reliability (semiconductor); Cloud computing; Sustainability; Mathematical optimization; Energy consumption; Reliability engineering; Power (physics); Engineering; Machine learning; Mathematics,Universidade Federal Rural de Pernambuco,BR,Article,EN,True,,Computer science; Data center; Genetic algorithm; Reliability (semiconductor); Cloud computing; Sustainability; Mathematical optimization; Energy consumption; Reliability engineering; Power (physics); Engineering; Machine learning; Mathematics; Operating system; Physics; Electrical engineering; Ecology; Quantum mechanics; Biology,articles-RITA-20260617-dointext.csv,3,1.0,
10.22456/2175-2745.83581,Use of text mining techniques for unsupervised organization of digital procedural acts,"Alfredo Silveira Araújo Neto, Marcos Negreiros",W2900958139,"The rapid advances in technologies related to the capture and storage of data in digital format have allowed to organizations the accumulation of a volume of information extremely high, constituted a higher proportion of data in unstructured format, represented by texts. However, it is noted that the retrieval of useful information from these large repositories has been a very challenging activity. In this context, data mining is presented as a self-discovery process that acts on large databases and enables the knowledge extraction from raw text documents. Among the many sources of textual documents are electronic diaries of justice, which are intended to make public officially all the acts of the Judiciary. Despite the publication in digital form has provided improvements represented by the removal of imperfections related to divulgation at printed format, it is observed that the application of data mining methods could render more rapid analysis of its contents. In this sense, this article establishes a tool capable of automatically grouping and categorizing digital procedural acts, based on the evaluation of text mining techniques applied to groups determination activity. In addition, the strategy of defining the descriptors of the groups, that is usually conducted based on the most frequent words in the documents, was evaluated and remodeled in order to use, instead of words, the most regularly identified concepts in the texts.",W105107704; W609767957; W1134568704; W1532325895; W1553682320; W1576849326; W1647136737; W1969351518; W1971784203; W1976795412; W1979162120; W1990368529; W2004791924; W2005556282; W2011430131; W2022699427; W2029811272; W2032021788; W2034662403; W2039752655; W2040810008; W2040943505; W2052811446; W2059123013; W2060711029; W2063904635; W2070589943; W2073414385; W2094053777; W2100815643; W2107131706; W2113855231; W2121605237; W2127218421; W2130737807; W2130837522; W2140190241; W2162713973; W2166781174; W2183157053; W2192107189; W2482589566; W2581203914; W2582522682; W2614154707; W2635535303; W2734621727; W2740887992; W2743671341; W2753434909; W2788828894; W4250843460; W6742780786,2.0,2018.0,Federal University of Rio Grande do Sul,Computer science; Context (archaeology); Process (computing); Information retrieval; Information extraction; Raw data; Knowledge extraction; Unstructured data; Data science; Volume (thermodynamics); Order (exchange); World Wide Web; Data mining; Big data,"Centro Tecnológico de Investigación, Desarrollo e Innovación en tecnologías de la Información y las Comunicaciones (TIC); Universidade Estadual do Ceará",BR; ES,Article,EN,True,,Computer science; Context (archaeology); Process (computing); Information retrieval; Information extraction; Raw data; Knowledge extraction; Unstructured data; Data science; Volume (thermodynamics); Order (exchange); World Wide Web; Data mining; Big data; Economics; Paleontology; Biology; Finance; Quantum mechanics; Physics; Programming language; Operating system,articles-RITA-20260617-dointext.csv,1,0.5,3.0
10.22456/2175-2745.84330,An Analysis of a Real Mobility Trace Based on Standard Mobility Metrics,"Marco Aurélio Spohn, Matheus Henrique Trichez",W2939817354,"Better understanding mobility, being it from pedestrians or any other moving object, is practical and insightful. Practical due to its applications to the fundamentals of communication, with special attention to wireless communication. Insightful because it might pinpoint the pros and cons of how we are moving, or being moved, around. There are plenty of studies focused on mobility in mobile wireless networks, including the proposals of several synthetic mobility models. Getting real mobility traces is not an easy task, but there has been some efforts to provide traces to the public through repositories. Synthetic mobility models are usually analyzed through mobility metrics, which are designed to capture mobility subtleties. This work research on the applicability of some representative mobility metrics for real traces analysis. To achieve that goal, a case study is accomplished with a dataset of mobility traces of taxi cabs in the city of Rome/Italy. The results suggest that the mobility metrics under consideration are capable of capturing mobility properties which would otherwise require more sophisticated analytical approaches.",W1646722544; W1680503020; W1832567871; W1933856690; W1966136065; W1974832938; W1982904338; W1989331329; W1995243666; W1999377004; W2013276706; W2018798792; W2050218995; W2053694592; W2078415236; W2081802922; W2091169407; W2135503893; W2137688035; W2142151816; W2162201103; W4229609257; W6604646200; W6640593155; W6664138149; W6670961144; W6680494442,2.0,2019.0,Federal University of Rio Grande do Sul,Mobility model; Computer science; TRACE (psycholinguistics); Mobility management; Wireless; Individual mobility; Task (project management); Telecommunications; Data science; Systems engineering; Engineering,Universidade Federal da Fronteira Sul,BR,Article,EN,True,,Mobility model; Computer science; TRACE (psycholinguistics); Mobility management; Wireless; Individual mobility; Task (project management); Telecommunications; Data science; Systems engineering; Engineering; Linguistics; Philosophy; Mathematics; Statistics,articles-RITA-20260617-dointext.csv,5,0.5,3.0
10.22456/2175-2745.8441,SWEETS: um Sistema de Recomendação de Especialistas aplicado a uma plataforma de Gestão de Conhecimento,"Edeilson Milhomem Silva, Ricardo A. Costa, Lucas R. B. Schmitz, Sílvio R. L. Meira",W2292991869,"As organizações, com o intuito de aumentarem o seu grau de competitividade no mercado, vêm a cada instante buscando novas formas de evoluir a produtividade e a qualidade dos produtos desenvolvidos, além da diminuição de custos – que está diretamente relacionada ao aumento do faturamento líquido. Para que tais objetivos possam ser alcançados é primordial explorar ao máximo o potencial de seus colaboradores e os possíveis relacionamentos que esses colaboradores têm uns com os outros, ou seja, encontrar e partilhar conhecimento tácito. Como o conhecimento tático está na mente das pessoas, é difícil de ser formalizado e documentado, por isso, o ideal seria identificar e recomendar a pessoa que detém o conhecimento. Diante disso, a presente dissertação apresenta o Sistema de Recomendação de Especialistas SWEETS e a sua implantação no ambiente a.m.i.g.o.s., uma plataforma de gestão de conhecimento baseada em conceitos voltados às redes sociais. O SWEETS foi desenvolvido em duas versões, 1.0 e 2.0. A versão 1.0, de forma pró-ativa, aproxima pessoas com especialidades em comum, ora pelos seus conhecimentos (perfil de escrita), ora pelos seus interesses (perfil de leitura). Já a versão 2.0 do SWEETS não atua de forma pró-ativa, ou seja, é necessário que haja a requisição de um usuário especialista em determinada área, e é baseada em folksonomia para extração de uma ontologia, fundamental para identificar as especialidades das pessoas de forma mais eficaz. Esta ontologia é refletida pela co-ocorrência das tags (conceitos) em relação aos itens (instâncias) e é independente de domínio – principal contribuição dessa dissertação. A implantação do SWEETS no a.m.i.g.o.s. visa trazer benefícios como: minimizar o problema de comunicação na corporação, prover um incentivo ao conhecimento social e partilhar conhecimento; proporcionando, assim, à empresa, a utilização mais eficaz dos conhecimentos de seus colaboradores.Palavras Chave: Sistemas de Recomendação, Redes Sociais Web, folsonomia e ontologia.",W95422035; W1557112969; W1604803281; W1630954580; W1660390307; W1939407039; W1975330620; W1986413159; W1992165979; W1992324015; W1993670904; W2055486713; W2064568327; W2065670231; W2157975775; W2167699886; W2171651124; W2208275658; W3006996547; W3123487730; W4241122026; W4247290977; W4385788960,1.0,2011.0,Federal University of Rio Grande do Sul,Humanities; Philosophy,Centro de Estudos e Sistemas Avançados do Recife; Universidade Federal de Pernambuco,BR,Article,PT,True,,Humanities; Philosophy,articles-RITA-20260617-dointext.csv,0,0.5,3.0
10.22456/2175-2745.84814,A gene based bacterial whole genome comparison toolkit,"Luciano Antônio Digiampietri, Vivian Mayumi Yamassaki Pereira, Geraldo José Santos-Júnior, Giovani Sousa-Leite, Priscilla Koch Wagner, Leandro Márcio Moreira, Caio Rafael do Nascimento Santiago",W2936484601,"Most of the computational biology analysis is made comparing genomic features. The nucleotide and amino acid sequence alignments are frequently used in gene function identification and genome comparison. Despite its widespread use, there are limitations in their analysis capabilities that need to be considered but are often overlooked or unknown by many researchers. This paper presents a gene based whole genome comparison toolkit which can be used not only as an alternative and more robust way to compare a set of whole genomes, but, also, to understand the tradeoff of the use of sequence local alignment in this kind of comparison. A study case was performed considering fifteen whole genomes of the Xanthomonas genus. The results were compared with the 16S rRNA-processing protein RimM phylogeny and some thresholds for the use of sequence alignments in this kind of analysis were discussed.",W1800595138; W1981791726; W1988981743; W1990453950; W2000705873; W2009234149; W2016605860; W2017733245; W2020324273; W2027549089; W2047128430; W2048063734; W2064100312; W2098816661; W2107302432; W2107844324; W2121297744; W2122673596; W2124166542; W2124985265; W2129621613; W2133828198; W2134650310; W2138270253; W2142182104; W2160679365; W2168909179; W2340958225; W2752841748; W2769382069; W2885500849; W2949588467; W4236236547; W6654467335; W6664387049; W6679914179; W6684463743; W6743992653; W7073632346,2.0,2019.0,Federal University of Rio Grande do Sul,Genome; Computational biology; Biology; Identification (biology); Gene; Sequence alignment; Genetics; Multiple sequence alignment; Sequence (biology); Gene prediction; Function (biology); Whole genome sequencing; Sequence analysis; Peptide sequence,Universidade Federal de Ouro Preto; Universidade de São Paulo,BR,Article,EN,True,,Genome; Computational biology; Biology; Identification (biology); Gene; Sequence alignment; Genetics; Multiple sequence alignment; Sequence (biology); Gene prediction; Function (biology); Whole genome sequencing; Sequence analysis; Peptide sequence; Botany,articles-RITA-20260617-dointext.csv,1,1.0,
10.22456/2175-2745.85091,Analysis of the Performance of Genetic Algorithm Parallelized with OpenMP Through Execution Traces,"Gabriella Andrade, Márcia Cristina",W2965194130,"Run tracing allows you to identify issues affecting the performance of parallel applications. This work consists in evaluating the parallelization of a Genetic Algorithm applied to the Vehicle Routing Problem with OpenMP, where the performance obtained was not ideally expected. Being that it was possible to obtain a performance increase of 1.4 times in the architecture used, however, but still below ideal. Therefore, the general objective of this work is to investigate the causes of the low performance obtained by the Genetic Algorithm, performing an analysis from the execution traces. Our results showed that the parallelization of the Genetic Algorithm is according to the model in which it was implemented and to the set of instances of the target Vehicle Routing Problem used.",W133371706; W585542723; W598785207; W1600301286; W2136434791; W4232262529; W4246219036; W4300129394; W6980625503; W7029321148,0.0,2019.0,Federal University of Rio Grande do Sul,Computer science; Parallel computing; Tracing; Genetic algorithm; Set (abstract data type); Routing (electronic design automation); Execution time; Ideal (ethics); Algorithm; Embedded system; Machine learning; Operating system; Programming language,Universidade Federal do Pampa,BR,Article,EN,True,,Computer science; Parallel computing; Tracing; Genetic algorithm; Set (abstract data type); Routing (electronic design automation); Execution time; Ideal (ethics); Algorithm; Embedded system; Machine learning; Operating system; Programming language; Philosophy; Epistemology,articles-RITA-20260617-dointext.csv,5,0.5,3.0
10.22456/2175-2745.8522,Uma Revisão Sobre Combinação de Agrupamentos,"Murilo Coelho Naldi, Katti Faceli, André F. Carvalho",W2767532893,"Vários algoritmos de agrupamentos foram propostos na literatura. O uso de diferentes algoritmos de agrupamento, ou até mesmo de um único algoritmo, pode obter diferentes resultados quando aplicados em um mesmo conjunto de dados. A combinação de resultados, obtidos de uma técnica de classificação ou de técnicas distintas, é utilizada com sucesso para melhorar a estabilidade ou desempenho dessas técnicas. Por isto, nos últimos anos houve um aumento crescente no interesse do uso de combinação de agrupamentos de dados. Neste trabalho, é feita uma revisão sobre os principais métodos de combinação de agrupamentos encontrados na literatura. Para isso, a revisão começa com uma descrição do problema de combinação e uma análise dos objetivos comumente adotados por métodos de combinação. Em seguida, discorre-se sobre a necessidade da diversidade nos agrupamentos a serem combinados e métodos para medi-la. Também é definido um critério para medir a informação mútua entre agrupamentos e são apresentados exemplos de seu uso. O desempenho dos métodos foi comparado por vários autores na literatura e uma análise dessas comparações é realizada neste trabalho.",W100104462; W104924940; W179374575; W195502668; W1480708938; W1481269173; W1498183065; W1508865182; W1523856491; W1542134689; W1546786437; W1547480755; W1547897486; W1548779692; W1560265110; W1570587793; W1800579536; W1965059951; W1967761844; W1978970913; W1980099474; W1987019289; W1989631760; W1991755688; W1992419399; W1994830145; W2011435951; W2011853463; W2024228866; W2031574473; W2036083737; W2046803845; W2070232376; W2070333970; W2078174680; W2097238706; W2098234936; W2101739970; W2103704311; W2107276215; W2108031918; W2108343180; W2111171370; W2111596024; W2115629999; W2121947440; W2122046760; W2122644269; W2125372659; W2126045901; W2128073546; W2132763547; W2133249310; W2134511197; W2138582437; W2139280638; W2139580617; W2142920513; W2151153628; W2165874743; W2183765645; W2222512263; W2284330674; W2487087946; W2782509404; W2914959486; W2999729612; W3083270358; W4213299189; W4232396098; W4249190976; W4254475986; W4285719527; W4289255343; W4292692470; W4298882835; W6603996763; W6604192635; W6607806481; W6632618067; W6638965238; W6674692646; W6679270891; W6680043046; W6680831833; W6681143694; W6682330964; W6684578312; W6686200799; W6689029123; W6759150888; W7046137266,0.0,2010.0,Federal University of Rio Grande do Sul,Physics; Humanities; Philosophy,Fundação de Apoio à Escola Técnica; Instituto Superior de Ciências da Informação e da Administração; Ordem dos Médicos,BR; PT,Article,PT,True,,Physics; Humanities; Philosophy,articles-RITA-20260617-dointext.csv,0,1.0,
10.22456/2175-2745.8611,Combinando Modelos de Interação para Melhorar a Coordenação em Sistemas Multiagente,"Richardson Ribeiro, André Pinz Borges, Adriano F. Ronszcka, Edson Emílio Scalabrin, Bráulio C. Ávila, Fabrício Enembreck",W1528101223,"A contribuição principal deste artigo é a implementação de um método híbrido de coordenação a partir da combinação de modelos de interação desenvolvidos anteriormente. Os modelos de interação são baseados no compartilhamento de recompensas para aprendizagem com múltiplos agentes, no intuito de descobrir de maneira interativa políticas de boa qualidade. A troca de recompensas entre os agentes durante a interação é uma tarefa complexa e se realizada de forma inadequada pode ocasionar atrasos no aprendizado ou até mesmo causar comportamentos inesperados, tornando a cooperação ineficiente e convergindo para uma política não-satisfatória. A partir desses conceitos, o método híbrido utiliza as particularidades de cada modelo, reduzindo possíveis conflitos entre ações com recompensas de políticas diferentes, melhorando a coordenação dos agentes em problemas de aprendizagem por reforço. Resultados experimentais mostram que o método híbrido é capaz de acelerar a convergência, conquistando rapidamente políticas ótimas mesmo em grandes espaços de estados, superando os resultados de abordagens clássicas de aprendizagem por reforço.",W171723243; W189510620; W590183655; W1480944602; W1515308897; W1540725368; W1570469988; W1759988108; W1964839117; W1994083592; W2008134955; W2012527337; W2036389743; W2056768847; W2085946266; W2100370041; W2107726111; W2116157560; W2116901014; W2121863487; W2122500383; W2145790759; W2147967802; W2152576222; W2162536458; W2290134019; W2295665692; W2787259794; W3151176405; W4232094925; W4235564931; W4248921615; W6629426653; W6868677351,1.0,2011.0,Federal University of Rio Grande do Sul,Humanities; Physics; Philosophy,Pontifícia Universidade Católica do Paraná; Universidade Tecnológica Federal do Paraná,BR,Article,PT,True,,Humanities; Physics; Philosophy,articles-RITA-20260617-dointext.csv,0,0.5,3.0
10.22456/2175-2745.86196,A Taxonomy of container security on computational clouds: concerns and solutions,"Guilherme Panizzon, João Henrique Faes Battisti, Guilherme Koslovski, Maurício A. Pillon, Charles C. Miers",W2939813780,"VirtualizationincloudcomputinghasbeenusedincombinationwithenvironmentsPlatformas a Service (PaaS) and Infrastructure as a Service (IaaS) in order to provide performance, isolation, and scalability. However, containers and virtual machines (VMs) are susceptible to the vulnerabilities present in the core of operating system as well as container solutions, which are a risk for information and service operation of all entities sharing a same host. The safety recommendation guides aims to mitigate the security in this scenario, but the selection of containerization solutions taking into account security requirements is a complex task. Thus, we propose a security taxonomy focused on containers to cloud computing in order to assist the classification and evaluation containers security mechanisms and solutions.",W1805474074; W1818180064; W2016752183; W2023953679; W2040340473; W2112967367; W2182584490; W2242758788; W2476171248; W2483297248; W2512503597; W2519564115; W2550874390; W2561955909; W2607102504; W2754836603; W3158361138; W4232931688; W4233649059; W4298235322; W6730426483,4.0,2019.0,Federal University of Rio Grande do Sul,Computer science; Cloud computing; Computer security; Container (type theory); Scalability; Containerization; Cloud computing security; Task (project management); Security service; Information security; Database; Operating system; Engineering; Systems engineering,Universidade do Estado de Santa Catarina,BR,Article,EN,True,,Computer science; Cloud computing; Computer security; Container (type theory); Scalability; Containerization; Cloud computing security; Task (project management); Security service; Information security; Database; Operating system; Engineering; Systems engineering; Mechanical engineering; Process (computing),articles-RITA-20260617-dointext.csv,3,1.0,
10.22456/2175-2745.86380,OLSR Fuzzy Cost (OLSR-FC): an extension to OLSR protocol based on fuzzy logic and applied to avoid selfish nodes,"Diógenes Antônio Marques José, Renato F. Bulcão-Neto, Vinícius Sebba Patto, Iwens G. Sene",W2938735832,"The mobile ad-hoc networks (MANET) are those whose nodes have mobility, energy restriction and operate simultaneously as end systems and router. One of the main problems found in MANETs is the occurrence of selfish nodes, which are those that refuse to route packets for other nodes. To address the issue of selfish nodes in MANETs and improve the flow of traffic in these networks, this paper proposes an extension to the OLSR protocol, based on Fuzzy logic, called OLSR Fuzzy Cost (OLSR -FC). Using the NS-2 simulator, the OLSR-FC proposal was compared to other extensions of OLSR protocol (e.g., OLSR-ETX, OLSR-ML e OLSR-MD) concerning the performance metrics: packet loss, end-to-end delay, Jitter, power consumption, routing overhead and throughput. The results showed that OLSR-FC obtains better performance than the evaluated extensions, avoiding selfish nodes and selecting routes whose links have little packet losses.",W1517411378; W1592665746; W1722538085; W1726571582; W1976178518; W2004502640; W2041248965; W2047692096; W2048524709; W2083719968; W2112741435; W2124408176; W2149667406; W2290655074; W2484215240; W2487284278; W2544547399; W4230216842; W4236269498; W4237165986; W4297873922; W6600041127; W6637690740; W6637740498; W6671355703; W6677392087,3.0,2019.0,Federal University of Rio Grande do Sul,Optimized Link State Routing Protocol; Computer network; Computer science; Ad hoc wireless distribution service; Mobile ad hoc network; Routing protocol; Wireless ad hoc network; Network packet; Distributed computing; Wireless; Telecommunications,Universidade Federal de Goiás; Universidade do Estado de Mato Grosso,BR,Article,EN,True,,Optimized Link State Routing Protocol; Computer network; Computer science; Ad hoc wireless distribution service; Mobile ad hoc network; Routing protocol; Wireless ad hoc network; Network packet; Distributed computing; Wireless; Telecommunications,articles-RITA-20260617-dointext.csv,3,1.0,
10.22456/2175-2745.86439,A Model for the Diffusive Filling-In Algorithm Operating in Spike Mode,"Genildo Nonato Santos, José Gabriel R. C. Gomes",W2990995554,"To run cortical circuit simulations in spike mode, i.e. taking into account the neural representation of information in terms of sequences of electrical pulses (also known as spikes), the use of customized hardware, which is specific for this purpose, is recommended. Simulations using more traditional hardware can be prohibitive. In this context, theoretical predictions are important for customized hardware design. For example, theoretical predictions lead to an adequate neuron model choice. To make such theoretical predictions, the cortical circuit simulations are carried out in amplitude mode. Differently from the spike mode, in amplitude mode information is represented by sequences of scalar values that describe neural input and output spike rates. In this paper, it was proposed amplitude and spike mode simulations of a cortical algorithm, namely the diffusive filling-in algorithm, to investigate whether predictions based on the amplitude-mode results approximate well the behavior of the customized hardware (spike mode results). The diffusive filling-in algorithm was chosen because it is simple enough for spike-mode simulation in a conventional computer, but the proposed amplitude-mode prediction method is the same for more complex algorithms or circuits. We provide a highly realistic comparison between amplitude-mode and spike-mode in the diffusive filling-in case, which suggests that the amplitude mode is reliable for theoretical predictions useful for customized hardware design for cortical circuit simulation. The goal of this paper is not to bring closure to these discussions but to suggest a way of avoiding possible issues that could compromise the success of the customized device design.",W1763874547; W1821468701; W1946266772; W1989475960; W2010315297; W2060686750; W2078302067; W2089778057; W2103452702; W2106901830; W2130360162; W2132631291; W2148008242; W2150843617; W2155377787; W2212333328; W2326588846; W2406553090; W2798690537,0.0,2019.0,Federal University of Rio Grande do Sul,Spike (software development); Amplitude; Mode (computer interface); Computer science; Algorithm; Context (archaeology); Representation (politics); Electronic circuit; Physics; Engineering; Electrical engineering,Instituto Federal do Rio de Janeiro; Universidade Federal do Rio de Janeiro,BR,Article,EN,True,,Spike (software development); Amplitude; Mode (computer interface); Computer science; Algorithm; Context (archaeology); Representation (politics); Electronic circuit; Physics; Engineering; Electrical engineering; Biology; Politics; Software engineering; Paleontology; Operating system; Quantum mechanics; Political science; Law,articles-RITA-20260617-dointext.csv,0,0.5,3.0
10.22456/2175-2745.86478,Virtual Reality-based Training for the Motor Developmentof People With Intellectual and Multiple Disabilities,"Rian Dutra da Cunha, Frâncila Weidt Neiva, Rodrigo Luis de Souza da Silva",W2990058070,"This study investigated the potential of using a virtual reality-based motor coordination and cognitivetraining for people with intellectual and multiple disabilities, focusing on their autonomy and communityparticipation. A low-cost innovative interaction interface between the user and the virtual environment wasproposed to provide a more realistic and intuitive interaction experience. Nine people with disabilities wereselected from an institutional care for people with disabilities and they were enrolled in a four-week experiment,which consisted in going through three challenges. The results show that the patients demonstrated statisticallysignificant improvements regarding the task gave, also based on the observational analysis of the instructorand physiotherapist. Thus, the analysis indicates that the VR-based method can be effective in the motordevelopment of those patients, improving their autonomy and cognitive skills.",W1487992973; W1975119953; W2000516996; W2046201394; W2073689270; W2077329297; W2090292248; W2099840283; W2142996855; W2144346257; W2400430986; W2418487347; W2767740325; W2787983642; W2789498053; W4230235971; W4238847847; W4253033319,6.0,2019.0,Federal University of Rio Grande do Sul,Autonomy; Virtual reality; Intellectual disability; Task (project management); Observational study; Psychology; Cognition; Cognitive disabilities; Interface (matter); Human–computer interaction; Learning disability; Applied psychology; Computer science; Developmental psychology; Medicine; Engineering; Psychiatry,Universidade Federal de Juiz de Fora; Universidade Federal do Rio de Janeiro,BR,Article,EN,True,,Autonomy; Virtual reality; Intellectual disability; Task (project management); Observational study; Psychology; Cognition; Cognitive disabilities; Interface (matter); Human–computer interaction; Learning disability; Applied psychology; Computer science; Developmental psychology; Medicine; Engineering; Psychiatry; Law; Maximum bubble pressure method; Systems engineering; Bubble; Parallel computing; Political science; Pathology,articles-RITA-20260617-dointext.csv,4,0.8,
10.22456/2175-2745.86534,Elementary Economic Systems in Material Agent Societies,Antônio Carlos da Rocha Costa,W2965336263,"This paper formally characterizes the elementary economic systems of material agent societies, on the bases of the notions of (individual and group) elementary economic behavior, elementary economic exchange and elementary economic process. The equilibrium of an elementary economic system is defined in terms of the equilibrium of the set of group elementary economic processes that constitute such system. A case study illustrates the proposed concepts.",W1996847178; W2326526489; W2332589502; W2342750150; W2565438963; W2774256697,1.0,2019.0,Federal University of Rio Grande do Sul,Set (abstract data type); Elementary theory; Economic model; Group (periodic table); Mathematical economics; Process (computing); Mathematics; Economics; Economic system; Computer science; Microeconomics; Chemistry,Universidade Federal do Rio Grande,BR,Article,EN,True,,Set (abstract data type); Elementary theory; Economic model; Group (periodic table); Mathematical economics; Process (computing); Mathematics; Economics; Economic system; Computer science; Microeconomics; Chemistry; Operating system; Programming language; Organic chemistry,articles-RITA-20260617-dointext.csv,6,1.0,
10.22456/2175-2745.87085,Data Fusion through Fuzzy-Bayesian Networks for Belief Generation in Cognitive Agents,"Munyque Mittelmann, Jerusa Marchi, Aldo von Wangenheim",W2965854637,"Situation Awareness provides a theory for agents decision making to allow perception and comprehension of his environment. However, the transformation of the sensory stimulus in beliefs to favor the BDI reasoning cycle is still an unexplored subject. Autonomous agent projects often require the use of multiple sensors to capture environmental aspects. The natural variability of the physical world and the imprecision contained in linguistic concepts used by humans mean that sensory data contain different types of uncertainty in their measurements. Thus, to obtain the Situational Awareness for Agents with physical sensors, it is necessary to define a data fusion process to perform uncertainty treatment. This paper presents a model to beliefs generation using fuzzy-bayesian inference. An example in robotics navigation and location is used to illustrate the proposal.",W93722762; W152152015; W167355132; W349635554; W575976088; W1511986666; W1869215669; W1984464190; W1988729192; W2021431525; W2030797983; W2030839008; W2037146600; W2038420319; W2057880019; W2076346018; W2105013736; W2114141730; W2118680859; W2122709759; W2131987862; W2136682550; W2170514440; W2180070948; W2181722812; W2208729174; W2238394955; W2496396630; W2546311139; W2617655309; W2754637803; W4229572971; W4239895564; W4240613930; W6600007113; W6660194423; W6679952440,0.0,2019.0,Federal University of Rio Grande do Sul,Artificial intelligence; Computer science; Sensor fusion; Fuzzy logic; Bayesian inference; Machine learning; Inference; Bayesian probability; Perception; Psychology,Universidade Federal de Santa Catarina,BR,Article,EN,True,,Artificial intelligence; Computer science; Sensor fusion; Fuzzy logic; Bayesian inference; Machine learning; Inference; Bayesian probability; Perception; Psychology; Neuroscience,articles-RITA-20260617-dointext.csv,5,0.5,1.0
10.22456/2175-2745.87511,A Strategy for Performance Evaluation and Modeling of Cloud Computing Services,"Rajeev Yadav, Gleidson A. S. Campos, Érica Sousa, Fernando Lins",W2937736182,"On-demand services and reduced costs made cloud computing a popular mechanism to provide scalable resources according to the user’s expectations. This paradigm is an important role in business and academic organizations, supporting applications and services deployed based on virtual machines and containers, two different technologies for virtualization. Cloud environments can support workloads generated by several numbers of users, that request the cloud environment to execute transactions and its performance should be evaluated and estimated in order to achieve clients satisfactions when cloud services are offered. This work proposes a performance evaluation strategy composed of a performance model and a methodology for evaluating the performance of services configured in virtual machines and containers in cloud infrastructures. The performance model for the evaluation of virtual machines and containers in cloud infrastructures is based on stochastic Petri nets. A case study in a real public cloud is presented to illustrate the feasibility of the performance evaluation strategy. The case study experiments were performed with virtual machines and containers supporting workloads related to social networks transactions.",W354363643; W655508245; W1553057651; W1569469665; W1575746526; W2131629857; W2208783789; W2523336103; W2577302916; W2613345295; W2786128551; W4231540666; W4255160795; W6679408652; W6737745109,1.0,2019.0,Federal University of Rio Grande do Sul,Cloud computing; Computer science; Virtual machine; Virtualization; Scalability; Distributed computing; Cloud testing; Cloud computing security; Database; Operating system,Universidade Federal Rural de Pernambuco,BR,Article,EN,True,,Cloud computing; Computer science; Virtual machine; Virtualization; Scalability; Distributed computing; Cloud testing; Cloud computing security; Database; Operating system,articles-RITA-20260617-dointext.csv,3,1.0,
10.22456/2175-2745.88822,Evaluating the impact of maintenance policies associated to SLA contracts on the dependability of data centers electrical infrastructures,"Felipe Fernandes de Lima Melo, João Ferreira, Gustavo Callou",W3000610061,"Due to the growth of cloud computing, data center environment has grown in importance and in use. Data centers are responsible for maintaining and processing several critical-value applications. Therefore, data center infrastructures must be evaluated in order to improve the high availability and reliability demanded for such environments. This work adopts Stochastic Petri Nets (SPN) to evaluate the impact of maintenance policies on the data center dependability. The main goal is to analyze maintenance policies, associated to SLA contracts, and to propose improvements. In order to accomplish this, an optimization strategy that uses Euclidean distance is adopted to indicate the most appropriate solution assuming conflicting requirements (e.g., cost and availability). To illustrate the applicability of the proposed models and approach, this work presents case studies comparing different SLA contracts and maintenance policies (preventive and corrective) applied on data center electrical infrastructures.",W28796308; W1522278537; W1608789218; W1965994767; W2001851020; W2004989744; W2039985256; W2096613631; W2280309208; W2340761181; W2537751005; W2754212707; W6605238567; W7067898782,2.0,2020.0,Federal University of Rio Grande do Sul,Dependability; Data center; Computer science; Reliability engineering; Reliability (semiconductor); Cloud computing; Work (physics); Order (exchange); Petri net; High availability; Stochastic Petri net; Risk analysis (engineering); Operations research; Distributed computing; Engineering; Business; Computer network; Software engineering,Universidade Federal Rural de Pernambuco,BR,Article,EN,True,,Dependability; Data center; Computer science; Reliability engineering; Reliability (semiconductor); Cloud computing; Work (physics); Order (exchange); Petri net; High availability; Stochastic Petri net; Risk analysis (engineering); Operations research; Distributed computing; Engineering; Business; Computer network; Software engineering; Power (physics); Finance; Quantum mechanics; Physics; Operating system; Mechanical engineering,articles-RITA-20260617-dointext.csv,3,1.0,
10.22456/2175-2745.88911,Hybrid Neural Networks Applied to Brazilian Stock Market,"Wilson Castello Branco Neto, Andrey de Aguiar Salvi, William Passig de Souza",W3023530306,"The stock market is a stochastic, dynamic environment and is in constant evolution, and its prediction represents a big challenge. Many studies presented in the state of the art are facing this challenge, by making use of Artificial Neural Networks (ANN) as a tool to make such prediction. In this paper a comparative study is made with different methods in order to predict the Brazilian stock market through the Bovespa Index. An ANN was developed and its performance was compared against a hybrid model, in which a Genetic Algorithm (GA) is proposed as an alternative to improve the performance of this ANN. The results obtained were an average accuracy of 55.04% and 55.73% respectively, demonstrating that algorithms such as a GA have the capability of improving the performance of ANN for the stock market prediciton.",W1834484028; W1874549213; W1980458013; W1995141167; W2012928973; W2057082825; W2068601787; W2079747853; W2097571405; W2335740526; W2417420127; W2549882901; W2996621489,2.0,2020.0,Federal University of Rio Grande do Sul,Stock market; Artificial neural network; Stock market prediction; Computer science; Stock market index; Econometrics; Genetic algorithm; Stock (firearms); Artificial intelligence; Machine learning; Economics; Engineering; Geography,"Instituto Federal de Educação, Ciência e Tecnologia de Santa Catarina",BR,Article,EN,True,,Stock market; Artificial neural network; Stock market prediction; Computer science; Stock market index; Econometrics; Genetic algorithm; Stock (firearms); Artificial intelligence; Machine learning; Economics; Engineering; Geography; Archaeology; Mechanical engineering; Context (archaeology),articles-RITA-20260617-dointext.csv,1,0.5,2.0
10.22456/2175-2745.89063,"Biclustering and coclustering: concepts, algorithms and viability for text mining","Alexandra Katiuska Ramos Diaz, Sarajane Marques Peres",W2965205195,"Biclustering and coclustering are data mining tasks capable of extracting relevant information from data by applying similarity criteria simultaneously to rows and columns of data matrices. Algorithms used to accomplish these tasks simultaneously cluster objects and attributes, enabling the discovery of biclusters or coclusters. Although similar, the natures and aims of these tasks are different, and coclustering can be seen as a generalization of biclustering. An accurate study on algorithms related to biclustering and coclustering is essential to achieve effectiveness when solving real-world problems. Determining the values appropriate for the parameters of these algorithms is even more difficult when complex real-world data are analyzed. For example, when biclustering or coclustering is applied to textual data (i.e., in text mining), a representation through a vector space model is required. Such representation usually generates vector spaces with a high number of dimensions and high sparsity, which influences the performance of many algorithms. This tutorial aims to didactically present concepts related to the biclustering and coclustering tasks and how two basic algorithms address these concepts. In addition, experiments are presented in data contexts with a high number of dimensions and high sparsity, represented by both a synthetic dataset and a corpus of real-world news. In general and comparative terms, the results obtained show the algorithm used for coclustering (i.e., NBVD) as the most appropriate for the experiments’ context. Although the biclustering algorithm (i.e., Cheng and Church) was responsible for producing less relevant results in textual data than NBVD, its application in data with a high number of dimensions and high sparsity provided a suitable study environment to understand its operation.",W5405742; W20696413; W37503237; W49942714; W96974262; W140354800; W1483313504; W1489772970; W1493217831; W1588091815; W1612003148; W1891744697; W1902027874; W1929593512; W1967578884; W1992918752; W1999365490; W2011914104; W2017063234; W2019564823; W2024228866; W2026505375; W2031822662; W2043545458; W2051224630; W2053450734; W2084026949; W2091807570; W2101111945; W2119432555; W2127164716; W2134077116; W2136897707; W2138072998; W2144544802; W2144602362; W2159839388; W2232845837; W2293006371; W2295738909; W2342417672; W2472863357; W2488068782; W2504829889; W2513888130; W2518417797; W2537558649; W2550857612; W2586149740; W2597328883; W2606849927; W2624730619; W2784031861; W2789635684; W3083106321; W4242399520; W4255387915; W4293389630; W6603123915; W6680230730; W6697200750,6.0,2019.0,Federal University of Rio Grande do Sul,Biclustering; Computer science; Context (archaeology); Data mining; Cluster analysis; Similarity (geometry); Representation (politics); Generalization; Algorithm; Row and column spaces; Pattern recognition (psychology); Row; Artificial intelligence; Mathematics; Database,Universidade de São Paulo,BR,Article,EN,True,,Biclustering; Computer science; Context (archaeology); Data mining; Cluster analysis; Similarity (geometry); Representation (politics); Generalization; Algorithm; Row and column spaces; Pattern recognition (psychology); Row; Artificial intelligence; Mathematics; Database; Political science; Biology; Mathematical analysis; Politics; Correlation clustering; Image (mathematics); CURE data clustering algorithm; Paleontology; Law,articles-RITA-20260617-dointext.csv,1,0.5,3.0
10.22456/2175-2745.89115,PHOC Descriptor Applied for Mammography Classification,"Gilmário Barbosa dos Santos, André Tragancin Filho",W2998905625,"This paper describes experiments with PHOC (Pyramid Histogram of Color) features descriptor in terms of capacity for representing features presented in breast radiograph (also known as mammography). Patches were taken from regions in digital mammographies, representing benign, cancerous, normal tissues and image’s background. The motivation is to evaluate the proposal in perspective of using it for execution in an inexpensive ordinary desktop computer in places located far from medical experts. The images were obtained from DDSM database and processed producing the feature-dataset used for training an Artificial Neural Network, the results were evaluated by analysis of the learning rate curve and ROC curves, besides these graphical analytical tools the confusion matrix and other quantitative metrics (TPR, FPR and Accuracy) were also extracted and analyzed. The average accuracy ≈ 0.8 and the other metrics extracted from results demonstrate that the proposal presents potential for further developments. At the best effort, PHOC was not found in literature for applications in mammographies such as it is proposed here.",W1975142646; W1978167298; W2032024895; W2052828511; W2095150349; W2106756786; W2120194796; W2125574651; W2137304315; W2148596671; W2154683974; W2162915993; W2226985206; W2514575318; W2604319603; W2607388523; W2751351669; W2770397194; W2771583293; W2884745705; W2919733445; W2965014579; W2980367889; W4205893808; W4234552385; W4288601955,3.0,2020.0,Federal University of Rio Grande do Sul,Confusion matrix; Mammography; Computer science; Artificial intelligence; Digital mammography; Histogram; Pattern recognition (psychology); Confusion; Feature (linguistics); Artificial neural network; Perspective (graphical); Pyramid (geometry); Image (mathematics); Mathematics; Breast cancer,Universidade do Estado de Santa Catarina,BR,Article,EN,True,,Confusion matrix; Mammography; Computer science; Artificial intelligence; Digital mammography; Histogram; Pattern recognition (psychology); Confusion; Feature (linguistics); Artificial neural network; Perspective (graphical); Pyramid (geometry); Image (mathematics); Mathematics; Breast cancer; Psychology; Philosophy; Geometry; Psychoanalysis; Medicine; Linguistics; Internal medicine; Cancer,articles-RITA-20260617-dointext.csv,1,0.5,3.0
10.22456/2175-2745.9009,Uma abordagem estrutural para calcular similaridade entre conceitos de ontologias,"Jairo Francisco de Souza, Rubens N. Melo, Jonice Oliveira, Jano Moreira de Souza",W2287281176,"O problema da compatibilização entre ontologias ainda é um problema aberto. Para tratar esse problema, apresentamos o algoritmo implementado no sistema GNoSIS. Nossa solução faz uso tanto de técnicas sintáticas quanto semânticas numa abordagem estrutural, facilitando o mapeamento ou alinhamento entre ontologias de diferentes domínios. Esse algoritmo se utiliza de diferentes funções de similaridade e calcula o grau de similaridade entre os conceitos de forma recursiva, calculando o resultado da função de similaridade entre dois conceitos com base no grau de similaridade total entre os conceitos que possuem parentesco próximo. Uma validação da abordagem é apresentada neste artigo.",W200052371; W1228064353; W1482102309; W1493691328; W1531281096; W1550800027; W1579989682; W1772209851; W2007278710; W2067912408; W2096538598; W2156510574; W2611894836,1.0,2011.0,Federal University of Rio Grande do Sul,Humanities; Philosophy; Computer science,Pontifícia Universidade Católica do Rio de Janeiro; Universidade Federal de Juiz de Fora; Universidade Federal do Rio de Janeiro,BR,Article,PT,True,,Humanities; Philosophy; Computer science,articles-RITA-20260617-dointext.csv,0,1.0,
10.22456/2175-2745.90724,BeeNotified! A Notification System of Physical Quantities for Beehives Remote Monitoring,"Antonio Rafael Braga, Juliana De Castro Rabelo, Arthur de Castro Callado, Atslands R. da Rocha, Breno Magalhães Freitas, Danielo G. Gomes",W3036269698,"One of the ways to reduce inappropriate management of hives and monitor bee health is to send notifications/alerts about the data collected through sensors. This study presents BeeNotified!, a solution for sending notifications through Telegram, e-mail, and SMS. The notifications warn about the level of temperature, humidity, sound, carbon dioxide, oxygen, hive weight and delay in data gathering. From this data, researchers and beekeepers can be informed and make changes in the locations of the hives, avoiding catastrophes and possible diseases. The results obtained with the processing time in the sending of messages showed that the messages sent via SMS and Telegram have a shorter processing time compared to the sending via e-mail. In regards to sending notifications according to user preferences, all notifications were sent correctly.",W1970192773; W2012043266; W2041796782; W2244166631; W2469210572; W2612400592; W2733539899; W2740574481; W2742511087; W2774378831; W2786942152; W2793606640; W2998924450; W4238579029; W4253772831; W6720031363; W6747541052,1.0,2020.0,Federal University of Rio Grande do Sul,Computer science; Notification system; World Wide Web; Computer security,Universidade Federal do Ceará,BR,Article,EN,True,,Computer science; Notification system; World Wide Web; Computer security,articles-RITA-20260617-dointext.csv,3,0.5,4.0
10.22456/2175-2745.90822,An Online Tree-Based Approach for Mining Non-Stationary High-Speed Data Streams,"Agustín Alejandro Ortiz Díaz, Isvani Inocencio Frías Blanco, Laura María Palomino Mariño, Fabiano Baldo",W3000361438,"This paper presents a new learning algorithm for inducing decision trees from data streams. In these domains, large amounts of data are constantly arriving over time, possibly at high speed. The proposed algorithm uses a top-down induction method for building trees, splitting leaf nodes recursively, until none of them can be expanded. The new algorithm combines two split methods in the tree induction. The first method is able to guarantee, with statistical significance, that each split chosen would be the same as that chosen using infinite examples. By doing so, it aims at ensuring that the tree induced online is close to the optimal model. However, this split method often needs too many examples to make a decision about the best split, which delays the accuracy improvement of the online predictive learning model. Therefore, the second method is used to split nodes more quickly, speeding up the tree growth. The second split method is based on the observation that larger trees are able to store more information about the training examples and to represent more complex concepts. The first split method is also used to correct splits previously suggested by the second one, when it has sufficient evidence. Finally, an additional procedure rebuilds the tree model according to the suggestions made with an adequate level of statistical significance. The proposed algorithm is empirically compared with several well-known induction algorithms for learning decision trees from data streams. In the tests it is possible to observe that the proposed algorithm is more competitive in terms of accuracy and model size using various synthetic and real world datasets.",W74439177; W161970714; W1485124666; W1554351953; W1652467813; W1677912466; W1921457292; W2010657328; W2049151032; W2050880745; W2068714596; W2073256825; W2081988057; W2084689094; W2099419573; W2100406636; W2124357902; W2132012226; W2140164381; W2998768810; W3003253354; W3017877075; W4241336979; W4246555646; W4296443830; W4300942247; W6675040714; W6680192438,1.0,2020.0,Federal University of Rio Grande do Sul,Computer science; Decision tree; Data stream mining; Tree (set theory); Data mining; Incremental decision tree; Decision tree learning; ID3 algorithm; Machine learning; Online algorithm; Algorithm; Artificial intelligence; Mathematics,Universidade Federal de Pernambuco; Universidade do Estado de Santa Catarina,BR,Article,EN,True,,Computer science; Decision tree; Data stream mining; Tree (set theory); Data mining; Incremental decision tree; Decision tree learning; ID3 algorithm; Machine learning; Online algorithm; Algorithm; Artificial intelligence; Mathematics; Mathematical analysis,articles-RITA-20260617-dointext.csv,1,0.5,3.0
10.22456/2175-2745.91414,Group Labeling Methodology Using Distance-based Data Grouping Algorithms,"Francisco Imperes Filho, Vinícius Ponte Machado, Rodrigo Veras, Kelson Aires, Aline Montenegro Leal Silva",W3000649470,"Clustering algorithms are often used to form groups based on the similarity of their members. In this context, understanding a group is just as important as its composition. Identifying, or labeling groups can assist with their interpretation and, consequently, guide decision-making efforts by taking into account the features from each group. Interpreting groups can be beneficial when it is necessary to know what makes an element a part of a given group, what are the main features of a group, and what are the differences and similarities among them. This work describes a method for finding relevant features and generate labels for the elements of each group, uniquely identifying them. This way, our approach solves the problem of finding relevant definitions that can identify groups. The proposed method transforms the standard output of an unsupervised distance-based clustering algorithm into a Pertinence Degree (GP), where each element of the database receives a GP concerning each formed group. The elements with their GPs are used to formulate ranges of values for their attributes. Such ranges can identify the groups uniquely. The labels produced by this approach averaged 94.83% of correct answers for the analyzed databases, allowing a natural interpretation of the generated definitions.",W54893182; W2087184777; W2127218421; W2163598528; W2342408547; W2399683001; W2521883249; W2560228589; W2593765440; W2610074850; W2734804095; W2736340677; W2738578407; W2739598002; W2740648740; W2765161747; W2891520185; W2896691302; W2897366887; W2897476639; W2901832254; W2920914495; W2943438861; W2963762300; W2982465580; W3165241807; W6777372045,3.0,2020.0,Federal University of Rio Grande do Sul,Cluster analysis; Group (periodic table); Interpretation (philosophy); Similarity (geometry); Computer science; Element (criminal law); Context (archaeology); Data mining; Artificial intelligence; Algorithm; Geography; Image (mathematics),Universidade Federal do Piauí,BR,Article,EN,True,,Cluster analysis; Group (periodic table); Interpretation (philosophy); Similarity (geometry); Computer science; Element (criminal law); Context (archaeology); Data mining; Artificial intelligence; Algorithm; Geography; Image (mathematics); Chemistry; Organic chemistry; Programming language; Political science; Archaeology; Law,articles-RITA-20260617-dointext.csv,1,0.5,3.0
10.22456/2175-2745.91522,Road Surface Classification with Images Captured From Low-cost Camera - Road Traversing Knowledge (RTK) Dataset,"Thiago Rateke, Karla Aparecida Justen, Aldo von Wangenheim",W2991580653,"The type of road pavement directly influences the way vehicles are driven. It’s common to find papers that deal with path detection but don’t take into account major changes in road surface patterns. The quality of the road surface has a direct impact on the comfort and especially on the safety of road users. In emerging countries it’s common to find unpaved roads or roads with no maintenance. Unpaved or damaged roads also impact in higher fuel costs and vehicle maintenance. This kind of analysis can be useful for both road maintenance departments as well as for autonomous vehicle navigation systems to verify potential critical points. For the experiments accomplishment upon the surface types and quality classification, we present a new dataset, collected with a low-cost camera. This dataset has examples of good and bad asphalt (with potholes and other damages) other types of pavement and also many examples of unpaved roads (with and without potholes). We also provide several frames from our dataset manually sorted in surface types for tests accuracy verification. Our road type and quality classifier was done through a simple Convolutional Neural Network with few steps and presents promising results in different datasets.",W2032070084; W2069182664; W2078706275; W2080191943; W2115579991; W2168463792; W2171943915; W2187822754; W2195180028; W2216863212; W2300934957; W2340897893; W2424901732; W2553807688; W2562137921; W2565354498; W2567482195; W2741078848; W2741920276; W2745248471; W2769625233; W2770687010; W2798810333; W2802455291; W2807416982; W2891686515; W2896942768; W2920895572; W3124942917; W4206164985; W4245122528; W4255590728; W6718062673; W6754684753,76.0,2019.0,Federal University of Rio Grande do Sul,Road surface; Traverse; Computer science; Convolutional neural network; Damages; Classifier (UML); Transport engineering; Artificial intelligence; Highway maintenance; Engineering; Cartography; Civil engineering; Geography,"Instituto Federal de Educação, Ciência e Tecnologia de Santa Catarina; Universidade Federal de Santa Catarina",BR,Article,EN,True,,Road surface; Traverse; Computer science; Convolutional neural network; Damages; Classifier (UML); Transport engineering; Artificial intelligence; Highway maintenance; Engineering; Cartography; Civil engineering; Geography; Political science; Law,articles-RITA-20260617-dointext.csv,2,0.5,3.0
10.22456/2175-2745.91814,Models to evaluate service Provisioning over Cloud Computing Environments - A Blockchain-As-A-Service case study,"Carlos Melo, Jamilson Dantas, Ronierison Maciel, Paulo Silva, Paulo Maciel",W2990178034,"ThestrictnessoftheServiceLevelAgreements(SLAs)ismainlyduetoasetofconstraintsrelated to performance and dependability attributes, such as availability. This paper shows that system’s availability values may be improved by deploying services over a private environment, which may obtain better availability values with improved management, security, and control. However, how much a company needs to afford to keep this improved availability? As an additional activity, this paper compares the obtained availability values with the infrastructure deployment expenses and establishes a cost × benefit relationship. As for the system’s evaluation technique, we choose modeling; while for the service used to demonstrate the models’ feasibility, the blockchain-as-a-service was the selected one. This paper proposes and evaluate four different infrastructures hosting blockchains: (i) baseline; (ii) double redundant; (iii) triple redundant, and (iv) hyper-converged. The obtained results pointed out that the hyper-converged architecture had an advantage over a full triple redundant environment regarding availability and deployment cost.",W1559136758; W1573592400; W1874259713; W2048700204; W2088945478; W2122140467; W2285938394; W2392113277; W2510337656; W2517744317; W2526317427; W2548904940; W2594298891; W2744411490; W2765860591; W2791157649; W4253349762; W6745754463; W6835588227,6.0,2019.0,Federal University of Rio Grande do Sul,Dependability; Software deployment; Provisioning; Computer science; Cloud computing; Blockchain; Service (business); Baseline (sea); Service level; High availability; Computer security; Distributed computing; Computer network; Business; Operating system; Software engineering,Universidade Federal de Pernambuco,BR,Article,EN,True,,Dependability; Software deployment; Provisioning; Computer science; Cloud computing; Blockchain; Service (business); Baseline (sea); Service level; High availability; Computer security; Distributed computing; Computer network; Business; Operating system; Software engineering; Marketing; Geology; Oceanography,articles-RITA-20260617-dointext.csv,3,1.0,
10.22456/2175-2745.92117,SafeFollowing: A collaborative model for public security agents to assist people with disabilities and the elderly,"Christian Moreira Matos, Vítor Kehl Matter, Fábio Viegas, Márcio Garcia Martins, João Elison da Rosa Tavares, Jorge Luís Victória Barbosa",W2990636846,"In the last survey about the Brazilian population conducted by IBGE, more than 45.6 million of Brazilians declared that they have some kind of disability. Besides that, the same survey revealed that the number of elderly people has been increasing over the years and at that time it already represented 12.1 \% of the total. In this scenario, public policies that can efficiently ensure the rights of this share of the population became even more necessary. In the same manner, with the popularization of mobile devices, opportunities to develop new solutions are arising, offering more independence and quality of life to them. Ubiquitous accessibility support solutions have been proposed, such as the MASC model, which resorts to the concept of smart assistive city; and more recently the AccompCare, which predicts the monitoring of people with disabilities and the elderly. This article proposes the SafeFollowing, a model that enables integrated and collaborative acting of the community aiming to assist people with some kind of disability or elderly people. The SafeFollowing predicts the use of police cars mapping, in order to provide a specific follow-up in adverse daily situations. The validation of the model is also presented in the article, which was performed through experiments in real test scenarios.",W95758929; W1496544472; W1791587663; W1970350881; W1979930801; W2039646543; W2086477155; W2098746772; W2102913531; W2110923780; W2116015365; W2159694746; W2220613480; W2345419426; W2518596688; W2588490222; W2795374022; W2905997187; W4240770890,2.0,2019.0,Federal University of Rio Grande do Sul,Elderly people; Independence (probability theory); Population; Order (exchange); Disabled people; Quality of life (healthcare); Internet privacy; Test (biology); Computer science; Computer security; Gerontology; Business; Psychology; Applied psychology; Medicine; Nursing; Environmental health,,,Article,EN,True,,Elderly people; Independence (probability theory); Population; Order (exchange); Disabled people; Quality of life (healthcare); Internet privacy; Test (biology); Computer science; Computer security; Gerontology; Business; Psychology; Applied psychology; Medicine; Nursing; Environmental health; Biology; Finance; Mathematics; Life style; Statistics; Paleontology,articles-RITA-20260617-dointext.csv,0,0.5,3.0
10.22456/2175-2745.92406,A Computational Strategy for Classification of Enem Issues Based on Item Response Theory,"Gustavo Henrique Nunes, Bruno Alberto Soares Oliveira, Ciniro Aparecido Leite Nametala",W3001980637,"The National High School Examination (ENEM) gains each year more importance, as it gradually, replacing traditional vestibular. Many simulations are done almost randomly by teachers or systems, with questions chosen without discretion. With this methodology, if a test needs to be reapplied, it is not possible to recreate it with questions that have the same difficulty as those used in the first evaluation. In this context, the present work presents the development of an ENEM Intelligent Simulation Generation System that calculates the parameters of Item Response Theory (TRI) of questions that have already been applied in ENEM and, based on them, classifies them. in groups of difficulty, thus enabling the generation of balanced tests. For this, the K-means algorithm was used to group the questions into three difficulty groups: easy, medium and difficult. To verify the functioning of the system, a simulation with 180 questions was generated along the ENEM model. It could be seen that in 37.7% of cases this happened. This hit rate was not greater because the algorithm confounded the difficulty of issues that are in close classes. However, the system has a hit rate of 92.8% in the classification of questions that are in distant groups.",W180578187; W1526941025; W1859532902; W1972532068; W1977556410; W1981276685; W2009086942; W2028276885; W2058117181; W2101234009; W2158535911; W2161160262; W2974195420; W3023807737; W3194566165; W4293417080; W6675354045,1.0,2020.0,Federal University of Rio Grande do Sul,Item response theory; Context (archaeology); Computer science; Discretion; Test (biology); Artificial intelligence; Machine learning; Mathematics education; Psychology; Statistics; Mathematics; Psychometrics,"Faculdade de Agudos; Instituto Federal de Educação, Ciência e Tecnologia de Minas Gerais; Universidad San Pedro; Universidade Federal de Minas Gerais",BR; PE,Article,EN,True,,Item response theory; Context (archaeology); Computer science; Discretion; Test (biology); Artificial intelligence; Machine learning; Mathematics education; Psychology; Statistics; Mathematics; Psychometrics; Biology; Paleontology; Political science; Law,articles-RITA-20260617-dointext.csv,0,0.5,3.0
10.22456/2175-2745.92486,HICOLM: High-Performance Platform of Physical Simulations by Using Low Computational Cost Methods,Flaviano Williams Fernandes,W2991025065,"For decades, computational simulation models have been used by scientists in search for new materials with technological applications in several areas of knowledge. For this, software based on several theoretical-computational models were developed in order to obtain an analysis of the physical properties at atomic levels. The objective of this work is proposing a widely functional software to analyze the physical properties of nanostructures based on carbon and condensed systems using theories of low computational cost. Therefore, a Fortran language computational program called HICOLM was developed, whose theoretical bases are based on two commonly known models (Tight-binding and Molecular Dynamics). The physical properties of condensed systems can be obtained in the thermodynamic equilibrium in several statistical ensembles, and possible to obtain an analysis of the properties of the material and its evolution in the time-dependent on its thermodynamic conditions like temperature and pressure. Moreover, from the tight-binding model, the HICOLM program is also capable of performing a physical analysis of carbon-based nanostructures from the calculation of the material band structure.",W1031578623; W1964168980; W1968666708; W2001073578; W2001676859; W2015917682; W2025712818; W2033025488; W2035266068; W2036537322; W2056081735; W2068644111; W2095541858; W2128325025; W2178666194; W2317327296; W2325148341; W2415374455; W2492622470; W2576790882; W2735846587; W2771029038; W3021598679; W3102154997; W3124361461; W3136174891; W4234347480; W4300106797; W6654100575; W6658918077; W6674384273,0.0,2019.0,Federal University of Rio Grande do Sul,Fortran; Computer science; Software; Computational science; Work (physics); Tight binding; Molecular dynamics; Statistical physics; Theoretical computer science; Electronic structure; Mechanical engineering; Physics; Computational chemistry; Chemistry; Engineering; Programming language,Instituto Federal do Paraná,BR,Article,EN,True,,Fortran; Computer science; Software; Computational science; Work (physics); Tight binding; Molecular dynamics; Statistical physics; Theoretical computer science; Electronic structure; Mechanical engineering; Physics; Computational chemistry; Chemistry; Engineering; Programming language,articles-RITA-20260617-dointext.csv,3,0.8,
10.22456/2175-2745.93733,"Traveling Salesman Problem with Optional Bonus Collection, Pickup Time and Passengers","José Gomes Lopes Filho, Marco C. Goldbarg, Elizabeth Ferreira Gouvêa Goldbarg, Vinícius Araújo Petch",W3000980562,"This study introduces a variant of the Traveling Salesman Problem, named Traveling Salesman Problem with Optional Bonus Collection, Pickup Time and Passengers (PCVP-BoTc). It is a variant that incorporates elements of the Prize Collecting Traveling Salesman Problem and Ridesharing into the PCV. The objective is to optimize the revenue of the driver, which selectively defines which delivery or collection tasks to perform along the route. The economic effect of the collection is modeled by a bonus. The model can be applied to the solution of hybrid routing systems with route tasks and solidary transport. The driver, while performing the selected tasks, can give rides to persons who share route costs with him. Passengers are protected by restrictions concerning the maximum value they agree to pay for a ride and maximum travel duration. The activity of collecting the bonus in each locality demands a specific amount of time, affects the route duration, and is interconnected with the embarkment of passengers. Two mathematical formulations are presented for the problem and validated by a computational experiment using a solver. We propose four heuristic algorithms; three of them are hybrid metaheuristics. We tested the mathematical formulation implementations for 24 instances and the heuristic algorithms for 48.",W1504684182; W1571087346; W1575299154; W1595652668; W1963504979; W1972731897; W1980402561; W1982052569; W1984451472; W1986056047; W1987027200; W1988403041; W1991149726; W1993912146; W2017893044; W2031128290; W2031236641; W2035201919; W2059705871; W2069657950; W2118716311; W2139059344; W2141119792; W2144161334; W2153955817; W2295467568; W2331159541; W2565919573; W2581872474; W2584267730; W2724877676; W2735520899; W2752899829; W2795310026; W2795444186; W2802971719; W2809316509; W2997776631; W3121728793; W4205902690; W4233511552; W4234325526; W4241727697; W4248841288,2.0,2020.0,Federal University of Rio Grande do Sul,Travelling salesman problem; Pickup; Mathematical optimization; Computer science; 2-opt; Heuristic; Solver; Traveling purchaser problem; Vehicle routing problem; Bottleneck traveling salesman problem; Operations research; Revenue; Metaheuristic; Heuristics; Routing (electronic design automation); Mathematics; Artificial intelligence; Economics; Computer network,"Hospital Oncológico Docente ""Conrado Benítez García""; Universidade Federal do Rio Grande do Norte",BR; CU,Article,EN,True,,Travelling salesman problem; Pickup; Mathematical optimization; Computer science; 2-opt; Heuristic; Solver; Traveling purchaser problem; Vehicle routing problem; Bottleneck traveling salesman problem; Operations research; Revenue; Metaheuristic; Heuristics; Routing (electronic design automation); Mathematics; Artificial intelligence; Economics; Computer network; Image (mathematics); Accounting,articles-RITA-20260617-dointext.csv,5,0.5,3.0
10.22456/2175-2745.94016,Performability Evaluation of Voice Services in Converged Networks,"Almir Pereira Guimarães, Dênis Da Silva Rodrigues, Bruno Nogueira",W3115280665,"In the last years, the transmission of voice services in converged networks has experienced a huge growth. However, there are still some questions considering the ability of these networks to deliver voice services with acceptable quality. In this paper, we applied analytical modeling and simulation to analyze the quality of voice services using a new index, called MOS a , which considers jointly the MOS index and the availability of the subjacent infrastructure. We consider the influence of different CODECs (G.711 and G.729), queuing policies (Priority Queuing and Custom Queuing), and the warm standby redundancy mechanism. Our goal is to analyze the quality of these services by taking into account overloading conditions in different architectures/scenarios. These scenarios were constructed using the modeling mechanisms Reliability Block Diagram and Stochastic Petri Nets in addition to a discrete event simulator. Experimental results indicate that the G.711 CODEC has a higher sensitivity both in terms of data traffic volume and allocated network resources in relation to the G.729 CODEC.",W153405511; W645730693; W1574570499; W1984617117; W1985199256; W1996781919; W2055631879; W2061887142; W2064189853; W2078078544; W2092928245; W2117903179; W2131493074; W2145071552; W2159854031; W2538576716; W2592586851; W2737310112; W2988762164; W4236084702; W4245320787; W6646389153; W6835588227; W6980714786,0.0,2020.0,Federal University of Rio Grande do Sul,Computer science; Codec; Queueing theory; Stochastic Petri net; Redundancy (engineering); Discrete event simulation; Reliability block diagram; Computer network; Quality of service; Real-time computing; Reliability (semiconductor); Petri net; Reliability engineering; Distributed computing; Telecommunications; Simulation; Engineering,Universidade Federal de Alagoas,BR,Article,EN,True,,Computer science; Codec; Queueing theory; Stochastic Petri net; Redundancy (engineering); Discrete event simulation; Reliability block diagram; Computer network; Quality of service; Real-time computing; Reliability (semiconductor); Petri net; Reliability engineering; Distributed computing; Telecommunications; Simulation; Engineering; Operating system; Power (physics); Fault tree analysis; Physics; Quantum mechanics,articles-RITA-20260617-dointext.csv,3,1.0,
10.22456/2175-2745.94082,Prize Collecting Traveling Salesman Problem with Ridesharing,"Ygor Alcântara de Medeiros, Marco C. Goldbarg, Elizabeth Ferreira Gouvêa Goldbarg",W3021630734,"The Prize Collecting Traveling Salesman Problem with Ridesharing is a model that joins elements from the Prize Collecting Traveling Salesman and the collaborative transport. The salesman is the driver of a capacitated vehicle and uses a ridesharing system to minimize travel costs. There are a penalty and a bonus associated with each vertex of a graph, G, that represents the problem. There is also a cost associated with each edge of G. The salesman must choose a subset of vertices to be visited so that the total bonus collection is at least a given a parameter. The length of the tour plus the sum of penalties of all vertices not visited is as small as possible. There is a set of persons demanding rides. The ride request consists of a pickup and a drop off location, a maximum travel duration, and the maximum amount the person agrees to pay. The driver shares the cost associated with each arc in the tour with the passengers in the vehicle. Constraints from ride requests, as well as the capacity of the car, must be satisfied. We present a mathematical formulation for the problem investigated in this study and solve it in an optimization tool. We also present three heuristics that hybridize exact and heuristic methods. These algorithms use a decomposition strategy that other enriched vehicle routing problems can utilize.",W1575299154; W1965969360; W1986056047; W2000702178; W2010334716; W2017708378; W2028438572; W2049287714; W2141119792; W2564833931; W2795310026; W4241727697; W4248841288; W6995831674,3.0,2020.0,Federal University of Rio Grande do Sul,Travelling salesman problem; Heuristics; 2-opt; Bottleneck traveling salesman problem; Traveling purchaser problem; Mathematical optimization; Vehicle routing problem; Heuristic; Vertex (graph theory); Lin–Kernighan heuristic; Computer science; Joins; Combinatorial optimization; Set (abstract data type); Graph; Mathematics; Routing (electronic design automation); Theoretical computer science,Universidade Federal do Rio Grande do Norte,BR,Article,EN,True,,Travelling salesman problem; Heuristics; 2-opt; Bottleneck traveling salesman problem; Traveling purchaser problem; Mathematical optimization; Vehicle routing problem; Heuristic; Vertex (graph theory); Lin–Kernighan heuristic; Computer science; Joins; Combinatorial optimization; Set (abstract data type); Graph; Mathematics; Routing (electronic design automation); Theoretical computer science; Computer network; Programming language,articles-RITA-20260617-dointext.csv,5,0.5,3.0
10.22456/2175-2745.94235,WebGIS development for base flow separation and recharge estimation,"Taison Anderson Bortolin, Lucas Moraes dos Santos, Adriano Gomes da Silva, Vânia Elisabete Schneider",W3036176338,"The basic flow rate is characterized by an important hydrological component being responsible for the estimation of the water recharge. Due to the difficulty of measurement, mathematical methods are used to calculate the flow separation. However, when hydrographic analysis is based on long historical series, the use of these methods becomes impracticable, making it necessary to use computational resources. A WebGIS (Web Geographical Information System) was developed for data selection and calculation of base flow separation, based on hydrological data from fluviometric stations located in the Taquari-Antas basin, located in the state of Rio Grande do Sul. A modified version of the Unified Process was used as a software development methodology. We used the MVC software architecture standard and the programming languages PHP 7.0, HTML5, JS and CSS3 for programmatic development of the constituent layers of the system. The hydrological data comes from the HIDROWEB portal, part of the National Information System on Water Resources (SNIRH), with hydrological information collected by the National Hydrometeorological Network (RHN) coordinated by the National Water Agency (ANA). The system facilitates the use of remote and distributed hydrological data, shared over the Internet, for various hydrological analyzes.",W595082816; W1512692177; W1526370981; W1536328341; W1973260976; W1991768272; W1993096134; W2009063205; W2122131170; W2146558288; W2147442934; W2160908538; W2480640361; W2753439427; W2886173553; W3145999704; W4254732145; W4256062675; W4399452770; W6630619543,0.0,2020.0,Federal University of Rio Grande do Sul,Hydrometeorology; Computer science; Groundwater recharge; Software; Hydrology (agriculture); Database; Data mining; Geography; Geology; Meteorology; Operating system; Aquifer; Precipitation,Universidade de Caxias do Sul,BR,Article,EN,True,,Hydrometeorology; Computer science; Groundwater recharge; Software; Hydrology (agriculture); Database; Data mining; Geography; Geology; Meteorology; Operating system; Aquifer; Precipitation; Geotechnical engineering; Groundwater,articles-RITA-20260617-dointext.csv,6,0.5,3.0
10.22456/2175-2745.94319,Water Resources Analysis: An Approach based on Agent-Based Modeling,"Giovani Farias, Bruna Leitzke, Míriam Blank Born, Marílton Sanchotene de Aguiar, Diana F. Adamatti",W3022804788,"The paper aims to present a river basin modeling using GAMA platform for water resources analysis. Currently, several models based on multi-agent systems are used for natural resources management and they present satisfactory results for this type of scenario. GAMA is agents based and widely used in this context with several studies already published. In this study, the Sa ̃o Gonc ̧alo and Lagoa Mirim basins were considered from georeferenced data. In the modeling, regions, and rivers are agents on the system where rivers water can flow among neighbors regions.",W52655122; W117678717; W117994012; W1414394768; W1497120980; W1499824367; W1528048877; W1572904659; W1600833791; W1603667173; W1750045059; W1967419588; W1991609163; W2001879045; W2067278765; W2077563974; W2077686680; W2087068397; W2100454210; W2108837077; W2128522753; W2152962869; W2164718470; W2167508872; W2261585122; W2507772901; W2770883845; W2774531572; W2905771342; W2950880696; W4403142356; W6629883159; W6648367431; W6681287048; W6746635223,11.0,2020.0,Federal University of Rio Grande do Sul,Georeference; Context (archaeology); Water resources; Structural basin; Computer science; Water resource management; Hydrology (agriculture); Environmental science; Geography; Geology; Ecology; Physical geography; Geomorphology; Archaeology; Geotechnical engineering,Universidade Federal do Rio Grande,BR,Article,EN,True,,Georeference; Context (archaeology); Water resources; Structural basin; Computer science; Water resource management; Hydrology (agriculture); Environmental science; Geography; Geology; Ecology; Physical geography; Geomorphology; Archaeology; Geotechnical engineering; Biology,articles-RITA-20260617-dointext.csv,6,0.5,1.0
10.22456/2175-2745.94845,Effects of reward distribution strategies and perseverance profiles on agent-based coalitions dynamics,"Luís Gustavo Ludescher, Jaime Simão Sichman",W3022451680,"In a conventional political system, leaders decide how to distribute benefits to the population and coalitions can emerge when other individuals support the candidates. This work intends to analyze how different leader strategies and individual profiles affect the way coalitions are formed and rewards are shared. Using agent-based simulation, we simulated a model in which individuals of three different perseverance profiles (patient, intermediate and impatient) eventually decide to be part of coalitions by supporting certain leaders when aiming to maximize their own earnings. Leaders can follow one of three different strategies to share rewards: altruistic, intermediate and egoistic. The results show that egoistic leaders stimulate the competition for rewards and the formation of coalitions, causing greater inequalities, while impatient individuals also promote more instability and lead to a higher concentration of rewards.",W1552970376; W1579822257; W1705684658; W2124637492; W2126518631; W2140622227; W2151166906; W2152090562; W2153373747; W2490632683; W2525280888; W3125314754; W4205767591; W4248736635; W6631489798; W6678454441; W6983526010,1.0,2020.0,Federal University of Rio Grande do Sul,Competition (biology); Earnings; Affect (linguistics); Distribution (mathematics); Microeconomics; Population; Dynamics (music); Work (physics); Politics; Economics; Social psychology; Psychology; Political science; Sociology; Biology; Mathematics; Engineering; Ecology,Universidade Politecnica; Universidade de São Paulo,BR; MZ,Article,EN,True,,Competition (biology); Earnings; Affect (linguistics); Distribution (mathematics); Microeconomics; Population; Dynamics (music); Work (physics); Politics; Economics; Social psychology; Psychology; Political science; Sociology; Biology; Mathematics; Engineering; Ecology; Law; Accounting; Communication; Pedagogy; Mechanical engineering; Demography; Mathematical analysis,articles-RITA-20260617-dointext.csv,6,1.0,
10.22456/2175-2745.95095,Mosaik and PADE: Multiagents and Co-simulation for smart grids modeling,"Lucas Silveira Melo, Filipe Saraiva, Ruth Pastôra Saraiva Leão, Raimundo Furtado Sampaio, Giovanni Cordeiro Barroso",W3023367885,"This paper describes the integration process between two tools in order to perform co-simulation for representation and analysis of dynamic environments in the context of smart grids. The integrated tools are Mosaik, a software to co-simulation management, and PADE, a software to multi-agent systems development. As a study case for demonstrate the integration, a scenary was utilized composed of a low voltage electricity distribution grid with 37 load bus, 20 photo-voltaic distributed generations, randomly connected to load bus, as well as, 20 PADE agents associated to distributed generation, modeling the behavior of electricity storage systems. The simulation results show the integration happening and demonstrate how useful is to model the dynamics of distributed electric resources with multi-agent systems.",W1856071389; W1969153628; W1973517010; W2023500683; W2552860134; W2587698602; W2796336776; W2936126445; W4254563405; W4288400169; W4360993244,0.0,2020.0,Federal University of Rio Grande do Sul,Padé approximant; Context (archaeology); Smart grid; Grid; Software; Representation (politics); Computer science; Process (computing); Distributed computing; Distributed generation; Electricity; Control engineering; Engineering; Electrical engineering; Mathematics; Applied mathematics,Universidade Federal do Ceará; Universidade Federal do Pará,BR,Article,EN,True,,Padé approximant; Context (archaeology); Smart grid; Grid; Software; Representation (politics); Computer science; Process (computing); Distributed computing; Distributed generation; Electricity; Control engineering; Engineering; Electrical engineering; Mathematics; Applied mathematics; Paleontology; Politics; Political science; Law; Renewable energy; Geometry; Programming language; Operating system; Biology,articles-RITA-20260617-dointext.csv,6,0.5,1.0
10.22456/2175-2745.96081,Unsupervised Feature Selection Methodology for Clustering in High Dimensionality Datasets,"Marcos de Oliveira, Sergio Queiroz",W3020963207,"Feature selection is an important research area that seeks to eliminate unwanted features from datasets. Many feature selection methods are suggested in the literature, but the evaluation of the best set of features is usually performed using supervised metrics, where labels are required. In this work we propose a methodology that tries to aid data specialists to answer simple but important questions, such as: (1) do current feature selection methods give similar results? (2) is there is a consistently better method ? (3) how to select the m-best features? (4) as the methods are not parameter-free, how to choose the best parameters in the unsupervised scenario? and (5) given different options of selection, could we get better results if we fusion the results of the methods? If yes, how can we combine the results? We analyze these issues and propose a methodology that, based on some unsupervised methods, will make feature selection using strategies that turn the execution of the process fully automatic and unsupervised, in high-dimensional datasets. After, we evaluate the obtained results, when we see that they are better than those obtained by using the selection methods at standard configurations. In the end, we also list some further improvements that can be made in future works.",W140777655; W605727707; W1836741323; W1981276685; W2009501510; W2019271078; W2041785029; W2048178552; W2053186076; W2071949631; W2073161435; W2073459066; W2094909687; W2128873747; W2135046866; W2149620660; W2154872931; W2158933803; W2164117960; W2168901348; W2323784209; W2395729379; W2398147772; W4232436772; W4289236186; W6692628530; W6712754916,3.0,2020.0,Federal University of Rio Grande do Sul,Computer science; Feature selection; Cluster analysis; Selection (genetic algorithm); Artificial intelligence; Curse of dimensionality; Machine learning; Data mining; Set (abstract data type); Feature (linguistics); Process (computing); Unsupervised learning; Pattern recognition (psychology),Universidade Federal de Pernambuco,BR,Article,EN,True,,Computer science; Feature selection; Cluster analysis; Selection (genetic algorithm); Artificial intelligence; Curse of dimensionality; Machine learning; Data mining; Set (abstract data type); Feature (linguistics); Process (computing); Unsupervised learning; Pattern recognition (psychology); Operating system; Philosophy; Linguistics; Programming language,articles-RITA-20260617-dointext.csv,1,0.5,3.0
10.22456/2175-2745.96181,Studying the Performance of Cognitive Models in Time Series Forecasting,"Ademir Batista Santos Neto, Tiago Alessandro Espindola Ferreira, Maria C. M. Batista, Paulo Renato Alves Firmino",W3000666692,"Cognitive models have been paramount for modeling phenomena for which empirical data are unavailable, scarce, or only partially relevant. These approaches are based on methods dedicated to preparing experts and then to elicit their opinions about the variables that describe the phenomena under study. In time series forecasting exercises, elicitation processes seek to obtain accurate estimates, overcoming human heuristic biases, while being less time consuming. This paper aims to compare the performance of cognitive and mathematical time series predictors, regarding accuracy. The results are based on the comparison of predictors of the cognitive and mathematical models for several time series from the M3-Competition. From the results, one can see that cognitive models are, at least, as accurate as ARIMA models predictions.",W192883702; W1581609803; W1931568288; W1957989960; W1964214655; W1965085799; W1990088822; W2008442094; W2012079387; W2048665112; W2050440709; W2051510616; W2064394490; W2073241381; W2079025608; W2079893871; W2083022762; W2098677607; W2101064224; W2106438008; W2132811257; W2166864322; W2168175751; W2345320247; W2586095906; W2811507150; W2917443388; W4229539396; W4230314700; W4255056999; W4293204865; W6677096361; W6681987720,2.0,2020.0,Federal University of Rio Grande do Sul,Autoregressive integrated moving average; Series (stratigraphy); Cognition; Computer science; Time series; Heuristic; Artificial intelligence; Machine learning; Econometrics; Psychology; Mathematics,Universidade Federal Rural de Pernambuco; Universidade Federal do Cariri,BR,Article,EN,True,,Autoregressive integrated moving average; Series (stratigraphy); Cognition; Computer science; Time series; Heuristic; Artificial intelligence; Machine learning; Econometrics; Psychology; Mathematics; Neuroscience; Paleontology; Biology,articles-RITA-20260617-dointext.csv,3,0.8,
10.22456/2175-2745.9644,Aplicação de redes neurais ART e análise de textura para a classificação do estado de alteração de agregados minerais,"Luciano José Senger, Lilian Tais de Gouveia",W2235941193,"Uma nova abordagem para identificação do estado de alteração de agregados minerais destinados à obras de construção civil é apresentada. Tal identificação é de fundamental importância para evitar insucessos e ocorrência de defeitos prematuros na realização de obras que podem ser atribuídos à qualidade do agregado utilizado quanto ao seu estado de alteração. Técnicas de processamento de imagens são empregadas para aquisição dos histogramas dos canais de cor das imagens, seguidos do cálculo da entropia dos histogramas que fornece as características principais para a classificação. Finalmente, um modelo de aquisição de conhecimento incremental e de classificação que emprega redes neurais ART (Adaptive Resonance Theory) é construído para automatizar o processo de classificação. O modelo de classificação é organizado em duas etapas. Na primeira etapa, os agregados são classificados como alterados e não alterados, e em uma segunda etapa, o grupo deagregados alterados é classificado quanto ao grau de alteração. O modelo proposto apresenta resultados de classificação melhores quando comparados com aqueles obtidos através de outros algoritmos de classificação.",W23149702; W56793145; W184522978; W567490081; W1479701899; W1481701290; W1505353324; W1517993545; W1546877403; W1553171952; W1570448133; W1597173708; W1833977909; W1912123407; W1968730897; W1969679257; W1971131789; W1991770581; W1995875735; W2019969346; W2022326937; W2025048384; W2106304233; W2114337577; W2117587504; W2144120083; W2152477898; W2166389639; W2170112109; W2175126254; W2247003183; W2275171545; W2292279516; W2797598069; W2894257070; W2951006138; W2993383518; W4241649586; W4250621041; W6633377530; W6643049226,1.0,2011.0,Federal University of Rio Grande do Sul,Humanities; Physics; Art,Universidade Estadual de Ponta Grossa,BR,Article,PT,True,,Humanities; Physics; Art,articles-RITA-20260617-dointext.csv,0,0.5,3.0
10.22456/2175-2745.97411,Arisa Nest – A Cloud-Based Platform for Development of Virtual Assistant,"Saulo Popov Zambiasi, Ricardo J. Rabelo",W3022100792,"The use of virtual assistants has become popularized by their adhesion by large companies. This is because they have brought benefits to a certain extent in people’s daily activities or in their tasks in organizations, with reminders, automation of repetitive tasks, proposing solutions for various situations, etc.. To meet this demand, several tools have been developed to create this type of agent. Following the same trends, this paper presents the Arisa Nest platform, under the Platform as a Service model, as a tool to create virtual assistants with resources to manage information about users, create algorithms to give more effective answers, consume web services to the interoperability with other systems and with proactivity behaviors. Finally, some cases are presented using the platform in real scenarios and tests.",W1990684527; W2220303852; W2888530561; W4236521339,1.0,2020.0,Federal University of Rio Grande do Sul,Proactivity; Interoperability; Cloud computing; Computer science; Automation; Virtual machine; Service (business); World Wide Web; Human–computer interaction; Software engineering; Engineering; Business; Operating system,Polydoro Ernani de São Thiago University Hospital; Universidade Federal de Santa Catarina; Universidade do Sul de Santa Catarina,BR,Article,EN,True,,Proactivity; Interoperability; Cloud computing; Computer science; Automation; Virtual machine; Service (business); World Wide Web; Human–computer interaction; Software engineering; Engineering; Business; Operating system; Management; Mechanical engineering; Marketing; Economics,articles-RITA-20260617-dointext.csv,1,0.8,
10.22456/2175-2745.97479,Reactive multi-agent system applied to self-healing in Smart Grids,"Ítalo Ramon da Costa Campos, Filipe Saraiva",W3021945300,"This paper presents a decentralized algorithm for application in the smart grids self-healing problem, at the distribution level. The algorithm implementation is made using a reactive multi-agent system, which models the electrical grid in terms of autonomous agents which perform the algorithm operations in a distributed and parallel way. To validate this algorithm, two distribution network test models are used: a 15 bus model and a 33 bus model — standardized by IEEE. The results are obtained by means of computational simulation and shown in this paper, to each one of the network models. The results show that the proposed approach is able to recover all the nodes of the grid, within the simulation conditions. Moreover, it is seen that the multi-agent system directs the work load exactly to the failure point, preventing the involvement of the entire grid to the self-healing process.",W1903683453; W1975404935; W2016166216; W2030846484; W2049576365; W2206956117; W2536211479; W2588292517; W2606571620; W2761879687; W2799405369; W2805195451; W2906161081; W2943125317; W4230429583; W4233157176; W4241079583; W4250665531; W4250887560; W4289555440; W4292404994; W7065713570,1.0,2020.0,Federal University of Rio Grande do Sul,Smart grid; Computer science; Self-healing; Grid; Distributed computing; Process (computing); Multi-agent system; Point (geometry); Algorithm; Artificial intelligence; Engineering; Mathematics,Universidade Federal do Pará,BR,Article,EN,True,,Smart grid; Computer science; Self-healing; Grid; Distributed computing; Process (computing); Multi-agent system; Point (geometry); Algorithm; Artificial intelligence; Engineering; Mathematics; Operating system; Medicine; Pathology; Electrical engineering; Geometry; Alternative medicine,articles-RITA-20260617-dointext.csv,6,0.5,1.0
10.22456/2175-2745.97835,Comparison of Classical Computer Vision vs. Convolutional Neural Networks for Weed Mapping in Aerial Images,"Paulo César Pereira Júnior, Alexandre Monteiro, Rafael Ribeiro, Antonio Carlos Sobieranski, Aldo von Wangenheim",W3114338853,"In this paper, we present a comparison between convolutional neural networks and classicalcomputer vision approaches, for the specific precision agriculture problem of weed mapping on sugarcane fields aerial images. A systematic literature review was conducted to find which computer vision methods are being used on this specific problem. The most cited methods were implemented, as well as four models of convolutional neural networks. All implemented approaches were tested using the same dataset, and their results were quantitatively and qualitatively analyzed. The obtained results were compared to a human expert made ground truth, for validation. The results indicate that the convolutional neural networks present better precision and generalize better than the classical models",W21556450; W114704086; W1590580724; W1645840676; W1686810756; W1874349580; W1932624639; W1948751323; W1981276685; W1987967950; W2024212834; W2031489346; W2041137640; W2044465660; W2049694710; W2055745859; W2058679530; W2097117768; W2102372511; W2108818231; W2112796928; W2168894761; W2178852775; W2194775991; W2216125271; W2305425931; W2395611524; W2485880874; W2507296351; W2511052313; W2526468814; W2557406251; W2560023338; W2560311620; W2565639579; W2587770641; W2605658613; W2618530766; W2737250466; W2755766995; W2767767563; W2773589087; W2782347622; W2793809663; W2803969185; W2899268189; W2913227116; W2963542991; W4234552385; W4291497790; W4301329587; W6652937047; W6658049321; W6660647976; W6674914833; W6687483927; W6730342312; W6730903564,5.0,2020.0,Federal University of Rio Grande do Sul,Convolutional neural network; Computer science; Artificial intelligence; Ground truth; Aerial image; Precision agriculture; Weed; Artificial neural network; Pattern recognition (psychology); Computer vision; Machine learning; Image (mathematics); Agriculture; Geography,Universidade Federal de Santa Catarina,BR,Article,EN,True,,Convolutional neural network; Computer science; Artificial intelligence; Ground truth; Aerial image; Precision agriculture; Weed; Artificial neural network; Pattern recognition (psychology); Computer vision; Machine learning; Image (mathematics); Agriculture; Geography; Archaeology; Biology; Agronomy,articles-RITA-20260617-dointext.csv,2,1.0,
10.22456/2175-2745.98203,Scrumie: Scrum Teaching Agent Oriented Game,"Leonardo Lima Marinho, Suelen Regina C. dos Santos, Leonardo Andrade, Bruna Cons, Marcelo Schots, Vera Maria B. Werneck",W3022064615,"The use of agile methods has become essential in software development at the present time. Among the existing methods, Scrum is one of the major ones, and is used to manage projects in companies, even outside of the scope of software systems development. Considering the relevance of this subject and the success usually obtained in learning through educational games, Scrumie was proposed to teach the management of Scrum projects. Scrumie applies intelligence in multiagent architecture being developed with Agile Passi an agent oriented methodology. This paper contains a proposal, modeling, implementation and evaluation of the Scrumie game.",W19399978; W172711948; W1529465401; W1578882515; W1591543451; W2062461473; W2808881243; W4250324149; W6600808634; W6631767708; W6635359452,0.0,2020.0,Federal University of Rio Grande do Sul,Scrum; Agile software development; Scope (computer science); Computer science; Agile Unified Process; Relevance (law); Software engineering; Engineering management; Video game development; Knowledge management; Software development; Software; Process management; Software development process; Engineering; Game design; Artificial intelligence,Universidade do Estado do Rio de Janeiro,BR,Article,EN,True,,Scrum; Agile software development; Scope (computer science); Computer science; Agile Unified Process; Relevance (law); Software engineering; Engineering management; Video game development; Knowledge management; Software development; Software; Process management; Software development process; Engineering; Game design; Artificial intelligence; Law; Programming language; Political science,articles-RITA-20260617-dointext.csv,6,0.5,1.0
10.22456/2175-2745.98362,Int-FLBCC: Model for Load Balancing in Cloud Computing using Fuzzy Logic Type-2 and Admissible Orders.,"Guilherme Bayer Schneider, Bruno Moura, Adenauer Yamin, Renata Reiser",W3036644978,"Dynamic consolidation of virtual machines (VMs) is an effective way to improve resource utilization and power efficiency in cloud computing, directly affecting Quality of Service aspects. This paper presents Int-FLBCC, a new proposal with exploring a Type-2 Fuzzy Logic approach to address the uncertainties and inaccuracies in determining resource usage, aiming at energy savings with minimal performance degradation. Validation results in a simulated cloud computing environment showed improvements in energy efficiency of 8.83% with IQR_XY and 22.43% with MAD_XY. For fulfillment of Service Level Agreements (SLA), the best values achieved were 9.06% with MAD_XY and 25% of THR_Lex1.",W4819873; W61921658; W638697221; W1629414293; W1965855882; W1971889990; W1981107087; W1988053196; W1998876997; W2031748519; W2032014060; W2034609836; W2045287414; W2084643922; W2094018187; W2099197225; W2110374615; W2111361149; W2122605917; W2126491373; W2130915832; W2131646073; W2141178894; W2144809281; W2153059487; W2165396372; W2188927112; W2253601941; W2275530856; W2290508272; W2294321382; W2556297603; W2587499654; W2619675819; W2745047326; W2789493100; W2896715415; W2902468556; W2913093132; W3011015532; W4214894150; W4233555971; W4237110569; W4241395593; W4245152641; W4249962476; W4250976217; W4251091605; W4252134603; W6694821995; W6741345145,2.0,2020.0,Federal University of Rio Grande do Sul,Cloud computing; Fuzzy logic; Computer science; Virtual machine; Distributed computing; Quality of service; Efficient energy use; Resource (disambiguation); Real-time computing; Engineering; Operating system; Computer network; Artificial intelligence; Electrical engineering,Universidade Federal de Pelotas,BR,Article,EN,True,,Cloud computing; Fuzzy logic; Computer science; Virtual machine; Distributed computing; Quality of service; Efficient energy use; Resource (disambiguation); Real-time computing; Engineering; Operating system; Computer network; Artificial intelligence; Electrical engineering,articles-RITA-20260617-dointext.csv,3,1.0,
10.22456/2175-2745.98367,"Similar Yet Different: the Structure of Social Networks of Characters in Seinfeld, Friends, How I met Your Mother, and The Big Bang Theory",Ana L. C. Bazzan,W3018314978,"Networktheoryhasbeenusedtoanalyzestructuresofnarrativesinworksoffiction.Indeed,previous works have shed light on issues related to role detection, for instance. However, few comparative works exist that deal with TV shows. Since these shows are very popular, there are several Internet forums that suggest how similar some of them are, mostly by comparing roles or importance of core characters. Is this popular intuition backed by an objective, numerical analysis using tools from network theory? The goal of this paper is to compare four situation comedies (Seinfeld, Friends, How I Met Your Mother, and The Big Bang Theory) that share a lot in common since their characters are friends living in similar, urban, environments, struggling with their daily lives, careers, and so on. Using tools for analyzing social networks, these shows were compared, showing that their structures and the roles of the core characters are fundamentally different. The only measure that proved to be similar among the four shows is entropy of their graphs, especially when computed over the degree distribution.",W132386933; W229097380; W345384358; W1485878830; W1996223396; W2002774075; W2029173860; W2288687984; W2737445288; W2798221854; W2800902112; W2801736147; W2899061284; W2950895393; W3106446430; W3121652883; W4286899755; W4289305444,2.0,2020.0,Federal University of Rio Grande do Sul,Intuition; The Internet; Sociology; Core (optical fiber); Entropy (arrow of time); Computer science; Social psychology; Psychology; World Wide Web; Cognitive science,Universidade Federal do Rio Grande do Sul,BR,Article,EN,True,,Intuition; The Internet; Sociology; Core (optical fiber); Entropy (arrow of time); Computer science; Social psychology; Psychology; World Wide Web; Cognitive science; Telecommunications; Quantum mechanics; Physics,articles-RITA-20260617-dointext.csv,1,0.5,3.0
10.22456/2175-2745.98369,DenseNet-DC: Optimizing DenseNet Parameters Through Feature Map Generation Control,"André Tavares da Silva, Cristiano Roberto Siebert",W3035775238,"Convolutional Neural Networks still suffer from the need for great computational power, oftenrestricting their use on various platforms. Therefore, we propose a new optimization method made for DenseNet, a convolutional neural network that has the characteristic of being completely connected. The objective of the method is to control the generation of the characteristic maps in relation to the moment the network is in, aiming to reduce the size of the network with the minimum of loss in accuracy. This control occurs reducing the number of feature maps through the addition of a new parameter called the Decrease Control or dc value, where the decrease occurs from half of the layers. In order to validate the behavior of the proposed model, experiments were performed using different image bases: MNIST, Fashion-MNIST, CIFAR-10, CIFAR-100, CALTECH-101, Cats vs Dogs and TinyImageNet. Some of the results achieved were: for the MNIST and Fashion-MNIST base, there was 43% parameter reduction. For the CIFAR-10 base achieved a 44% reduction in network parameters, while in base CIFAR-100 the parameter reduction are 43%. In the CALTECH-101 base the parameter optimization was 35%, while the Cats vs Dogs optimized 30% of model parameters. Finally, the TinyImageNet base was reduced 31% of the parameters.",W1565746575; W1919191429; W1980264541; W1981276685; W1994616650; W1996901117; W2007339694; W2058641082; W2084413241; W2112796928; W2155904486; W2156749117; W2163605009; W2167277498; W2168231600; W2194775991; W2551176409; W2622826443; W2750384547; W2780089907; W2884675507; W2894135384; W2952899695; W2962965870; W2963446712; W3035775238; W3104393472; W3118608800; W4252684946; W6600679772; W6645328661; W6683826617; W6684859321; W6687483927; W6725739302; W6747255454; W6910690987,4.0,2020.0,Federal University of Rio Grande do Sul,MNIST database; Convolutional neural network; Reduction (mathematics); Base (topology); Computer science; Feature (linguistics); Moment (physics); Artificial neural network; Pattern recognition (psychology); Artificial intelligence; Control theory (sociology); Algorithm; Mathematics; Control (management); Physics; Geometry,,,Article,EN,True,,MNIST database; Convolutional neural network; Reduction (mathematics); Base (topology); Computer science; Feature (linguistics); Moment (physics); Artificial neural network; Pattern recognition (psychology); Artificial intelligence; Control theory (sociology); Algorithm; Mathematics; Control (management); Physics; Geometry; Classical mechanics; Mathematical analysis; Linguistics; Philosophy,articles-RITA-20260617-dointext.csv,2,0.5,3.0
10.22456/2175-2745.98483,Reasoning about Partial Correctness Assertions in Isabelle/HOL,Alfio Martini,W3036611088,"Hoare Logic has a long tradition in formal verification and has been continuously developed and used to verify a broad class of programs, including sequential, object-oriented and concurrent programs. The purpose of this work is to provide a detailed and accessible exposition of the several ways the user can conduct, explore and write proofs of correctness of sequential imperative programs with Hoare logic and the ISABELLE proof assistant. With the proof language Isar, it is possible to write structured, readable proofs that are suitable for human understanding and communication.",W1781094; W266135116; W564762911; W564852913; W1481018260; W1487472891; W1508641834; W1511668635; W1527654363; W1548553457; W1568666816; W1596865963; W2911384001; W2914795292; W2987907651; W3126578424; W4251912342; W4296415990; W6615687519; W6630794770; W6828535928,1.0,2020.0,Federal University of Rio Grande do Sul,HOL; Correctness; Mathematical proof; Computer science; Hoare logic; Programming language; Proof assistant; Separation logic; Exposition (narrative); Class (philosophy); Axiomatic semantics; Semantics (computer science); Operational semantics; Artificial intelligence; Mathematics,,,Article,EN,True,,HOL; Correctness; Mathematical proof; Computer science; Hoare logic; Programming language; Proof assistant; Separation logic; Exposition (narrative); Class (philosophy); Axiomatic semantics; Semantics (computer science); Operational semantics; Artificial intelligence; Mathematics; Art; Literature; Geometry; Denotational semantics,articles-RITA-20260617-dointext.csv,1,1.0,
10.22456/2175-2745.98904,Experiments on Model-Based Software Energy Consumption Analysis Involving Sorting Algorithms,"Danilo Silva Alves, Oseias Ayres Ferreira, Lúcio Mauro Duarte, Davi Silva, Paulo Henrique M. Maia",W3036207301,"Although energy has become an important aspect in software development, little support exists for creating energy-efficient programs. One reason for that is the lack of abstractions and tools to enable the analysis of relevant properties involving energy consumption. This paper presents the results of some experiments involving the gathering, modelling, and analysis of energy-related information, in particular, the costs of executing certain parts of a software. We combine some existing free and open-source tools to carry out the experiments, extending one of them to handle energy information. Our experiments consider a comparison of energy consumption of Java implementations of the Bubble Sort, Insertion Sort and Selection Sort algorithms using different data structures. We show how to combine an energy measurement tool and a model analysis tool to carry such a comparison. Based on this support and on our experiments, we believe this is a first step to allow developers to start creating more energy-efficient software.",W97060201; W103082649; W175636070; W336684904; W1565737137; W1577665009; W1859105143; W1963894531; W1964684961; W1966533006; W1968248903; W1983885898; W1994350081; W2011781116; W2014008637; W2033406822; W2037439076; W2063535228; W2080946064; W2096121945; W2101487261; W2103273159; W2106296728; W2118151275; W2126399635; W2126841099; W2134991157; W2140217039; W2148450411; W2149212714; W2153887189; W2154030621; W2166726564; W2252626969; W2293868092; W2344496621; W2344540174; W2402119011; W2495052143; W2608579592; W2621009913; W2621081692; W2728956140; W2730972217; W2765082293; W2768116780; W2954215843; W2974470161; W3011457960; W3036207301; W3141699076; W4229730107; W4232648333; W4251303317; W4255946369; W6641234517; W6670620656; W6681969235; W6704134869; W7005332792,2.0,2020.0,Federal University of Rio Grande do Sul,Computer science; sort; Energy consumption; Sorting; Software; Sorting algorithm; Energy (signal processing); Carry (investment); Java; Energy modeling; Implementation; Algorithm; Software engineering; Database; Programming language; Engineering,Universidade Estadual do Ceará; Universidade Federal do Rio Grande do Sul,BR,Article,EN,True,,Computer science; sort; Energy consumption; Sorting; Software; Sorting algorithm; Energy (signal processing); Carry (investment); Java; Energy modeling; Implementation; Algorithm; Software engineering; Database; Programming language; Engineering; Finance; Statistics; Electrical engineering; Mathematics; Economics,articles-RITA-20260617-dointext.csv,3,0.5,1.0
10.22456/2175-2745.99849,Automatic identification of knowledge related to dengue cases in the state of Piauí in public databases using Filtered-Association Rules Networks,"Joan Davi Santos Silva, Jâina Carolina Meneses Calçada, Solange Oliveira Rezende, Dário Brito Calçada",W3036344299,"Dengue is an endemic disease in Brazil since the 1980s and since 1996 in Piau ́ı. The number of cases increases each year, with the incidence of more severe symptoms. This research aimed to evaluate the use of an automatic knowledge identification technique in factors related to the number of dengue occurrences. We built a dataset formed by data available in the Information System for Notifiable Diseases (SINAN) and meteorological data of the municipalities of the coastal plain of Piau ́ı. The technique used was that of Filtered Association Rules Networks, which allows visual analysis of knowledge through the use of network structures and rules filtering. As a main result, we confirmed the understanding that the most significant number of cases occurs in May, as it is the moment when the rainfall indexes are decreasing, besides that socio-cultural and race factors do not interfere in the identification of the population of higher risk. This research presents the innovation of the use of a computational technique of automatic knowledge discovery that can assist in the elaboration of prevention actions by epidemiological surveillance.",W1484413656; W1484896536; W1923665401; W1974519824; W2024133593; W2043678222; W2056530754; W2125910575; W2161106265; W2163598528; W2164998467; W2165179376; W2185950787; W2194629029; W2404992310; W2886155224; W2962885372; W2966130038; W2967836450; W3083333420; W6628750762,1.0,2020.0,Federal University of Rio Grande do Sul,Identification (biology); Dengue fever; Incidence (geometry); Computer science; Geography; Population; Epidemiologic Surveillance; Data mining; Data science; Epidemiology; Environmental health; Database; Medicine; Pathology; Mathematics,State University of Vale do Acaraú; Universidade Estadual do Piauí; Universidade de São Paulo,BR,Article,EN,True,,Identification (biology); Dengue fever; Incidence (geometry); Computer science; Geography; Population; Epidemiologic Surveillance; Data mining; Data science; Epidemiology; Environmental health; Database; Medicine; Pathology; Mathematics; Botany; Geometry; Biology,articles-RITA-20260617-dointext.csv,1,0.5,3.0
